make,model,vehicle_year,chassis,extra,vehicle_class,origin_country,built_in,made_for,movie_title,movie_type,movie_year,movie_year_end,vehicle_url,movie_url
Acura,NSX,1991,NA1,NA,Coupé,Japan,NA,United States of America,爆走NSX かっとびブギ,Movie,1992,NA,https://www.imcdb.org/vehicle_2071834-Acura-NSX-NA1-1991.html,https://www.imcdb.org/movie_1004526262-%E7%88%86%E8%B5%B0NSX-%E3%81%8B%E3%81%A3%E3%81%A8%E3%81%B3%E3%83%96%E3%82%AE.html
AdiPutro,Jetbus 2 HD,2014,NA,NA,Single-deck,Indonesia,NA,NA,Dunia Loko,Animation Series,2019,2026,https://www.imcdb.org/vehicle_2043690-AdiPutro-Jetbus-2-HD-2014.html,https://www.imcdb.org/movie_1004526086-Dunia-Loko.html
AdiPutro,Jetbus 2 SHD,2014,NA,NA,Single-deck,Indonesia,NA,NA,Dunia Loko,Animation Series,2019,2026,https://www.imcdb.org/vehicle_2043680-AdiPutro-Jetbus-2-SHD-2014.html,https://www.imcdb.org/movie_1004526086-Dunia-Loko.html
AdiPutro,Jetbus 3,2017,NA,NA,Single-deck,Indonesia,NA,NA,Dunia Loko,Animation Series,2019,2026,https://www.imcdb.org/vehicle_2043745-AdiPutro-Jetbus-3-2017.html,https://www.imcdb.org/movie_1004526086-Dunia-Loko.html
AdiPutro,Jetbus HD,2011,NA,NA,Single-deck,Indonesia,NA,NA,Dunia Loko,Animation Series,2019,2026,https://www.imcdb.org/vehicle_2043679-AdiPutro-Jetbus-HD-2011.html,https://www.imcdb.org/movie_1004526086-Dunia-Loko.html
AEC,Regal IV,1953,NA,Alexander,Single-deck,United Kingdom,NA,NA,Busman's Holiday,Documentary,1959,NA,https://www.imcdb.org/vehicle_714178-AEC-Regal-IV-1953.html,https://www.imcdb.org/movie_4723988-Busman-s-Holiday.html
AEC,Regent III,1949,NA,RT,Double-deck,United Kingdom,NA,NA,Summer Holiday,Movie,1963,NA,https://www.imcdb.org/vehicle_71267-AEC-Regent-III-1949.html,https://www.imcdb.org/movie_57541-Summer-Holiday.html
AEC,Regent III,1952,NA,Park Royal 'Roofbox' RT2884,Double-deck,United Kingdom,NA,NA,L'or du duc,Movie,1965,NA,https://www.imcdb.org/vehicle_2040011-AEC-Regent-III-1952.html,https://www.imcdb.org/movie_59551-L-or-du-duc.html
AEC,Routemaster,NA,NA,NA,Double-deck,United Kingdom,NA,NA,Perpetual Motion: The Routemaster Bus,Documentary,1992,NA,https://www.imcdb.org/vehicle_500942-AEC-Routemaster.html,https://www.imcdb.org/movie_3962612-Perpetual-Motion--The-Routemaster-Bus.html
Aero,500 10HP,NA,NA,'Klingeling',Convertible,Czechia,NA,NA,Klaun Ferdinand a raketa,Movie,1963,NA,https://www.imcdb.org/vehicle_1469894-Aero-500-10HP.html,https://www.imcdb.org/movie_57228-Klaun-Ferdinand-a-raketa.html
Alan Mann,Chitty Chitty Bang Bang,1967,NA,Created for movie,Convertible,United Kingdom,NA,NA,Chitty Chitty Bang Bang,Movie,1968,NA,https://www.imcdb.org/vehicle_45860-Alan-Mann-Chitty-Chitty-Bang-Bang-1967.html,https://www.imcdb.org/movie_62803-Chitty-Chitty-Bang-Bang.html
Albar,Sonic,NA,NA,GT,Coupé,Switzerland,NA,NA,Killing Cars,Movie,1986,NA,https://www.imcdb.org/vehicle_124013-Albar-Sonic.html,https://www.imcdb.org/movie_89416-Killing-Cars.html
Alexander Dennis,Enviro400,2013,NA,NA,Double-deck,United Kingdom,NA,Hong Kong (1932+),阿索的故事 (The Calling of a Bus Driver),Movie,2020,NA,https://www.imcdb.org/vehicle_1514374-Alexander-Dennis-Enviro400-2013.html,https://www.imcdb.org/movie_30516468-A-sok-dik-gu-si.html
Alfa Romeo,2000 Spider Veloce,1981,115.38,NA,Convertible,Italy,NA,NA,Yello: I Love You,Music Video,1983,NA,https://www.imcdb.org/vehicle_1602328-Alfa-Romeo-2000-Spider-Veloce-11538-1981.html,https://www.imcdb.org/movie_10760266-Yello--I-Love-You.html
Alfa Romeo,Giulia TI,1962,105.14,NA,Sedan,Italy,NA,NA,Morire gratis,Movie,1969,NA,https://www.imcdb.org/vehicle_920774-Alfa-Romeo-Giulia-TI-10514-1962.html,https://www.imcdb.org/movie_188068-Morire-gratis.html
Alfa Romeo,Spider,1988,115.41,2.0 Graduate,Convertible,Italy,NA,United States of America,Francesco's Italy: Top to Toe,Non-fiction TV,2006,NA,https://www.imcdb.org/vehicle_41782-Alfa-Romeo-Spider-11541-1988.html,https://www.imcdb.org/movie_770536-Francesco-s-Italy--Top-to-Toe.html
Allis-Chalmers,M8 High-Speed Tractor,NA,NA,as 'MBT-90 Thunderblast',Military armored vehicle,USA (United States of America),NA,NA,Bulletproof,Movie,1988,NA,https://www.imcdb.org/vehicle_354684-Allis-Chalmers-M8-High-Speed-Tractor.html,https://www.imcdb.org/movie_94813-Bulletproof.html
AM General,FJ-8,NA,NA,'Sweet Tooth',Van / MPV,USA (United States of America),NA,NA,Twisted Metal,TV Series,2023,NA,https://www.imcdb.org/vehicle_1832843-AM-General-FJ-8.html,https://www.imcdb.org/movie_14261112-Twisted-Metal.html
AMC,Javelin,1968,NA,Custom (NMC) 'Hawk' by Curt Brubaker,Custom,USA (United States of America),NA,NA,Wheels,Mini-Series,1978,NA,https://www.imcdb.org/vehicle_236792-AMC-Javelin-1968.html,https://www.imcdb.org/movie_77099-Wheels.html
Amphicar,Model 770,1962,NA,NA,Convertible,Germany,NA,NA,Jungle Erotic,Movie,1970,NA,https://www.imcdb.org/vehicle_265019-Amphicar-Model-770-1962.html,https://www.imcdb.org/movie_189634-Jungle-Erotic.html
Amphicar,Model 770,1962,NA,NA,Convertible,Germany,NA,NA,Kapitein Zeppos,TV Series,1964,1968,https://www.imcdb.org/vehicle_410531-Amphicar-Model-770-1962.html,https://www.imcdb.org/movie_231873-Kapitein-Zeppos.html
Anadol,STC-16,1973,NA,NA,Coupé,Türkiye,NA,NA,Zaman Makinesi 1973,Movie,2014,NA,https://www.imcdb.org/vehicle_1300463-Anadol-STC-16-1973.html,https://www.imcdb.org/movie_3475504-Zaman-Makinesi-1973.html
Argosy,26,1975,NA,NA,Class A Motorhome,USA (United States of America),NA,NA,Motor Home Massacre,Movie made for TV,2005,NA,https://www.imcdb.org/vehicle_44720-Argosy-26-1975.html,https://www.imcdb.org/movie_491063-Motor-Home-Massacre.html
Aston Martin,DB5,1963,DP216/1,Pre-production,Coupé,United Kingdom,NA,NA,Goldfinger,Movie,1964,NA,https://www.imcdb.org/vehicle_1820-Aston-Martin-DB5-DP216-1-1963.html,https://www.imcdb.org/movie_58150-Goldfinger.html
Aston Martin,DBS Volante,2009,NA,NA,Convertible,United Kingdom,NA,United States of America,Rick Ross Feat. Drake & Chrisette Michele: Aston Martin Music,Music Video,2010,NA,https://www.imcdb.org/vehicle_349415-Aston-Martin-DBS-Volante-2009.html,https://www.imcdb.org/movie_15106848-Rick-Ross-Feat-Drake-%26-Chrisette-Michele--Aston-Martin-Music.html
Atkinson,L746,1940,NA,British Road Services,Simple truck,United Kingdom,NA,NA,Journey to the Sea,Short Movie,1952,NA,https://www.imcdb.org/vehicle_1126992-Atkinson-L746-1940.html,https://www.imcdb.org/movie_1373153-Journey-to-the-Sea.html
Audi,80 B3,1988,Typ 89,Turbo D,Sedan,Germany,NA,NA,"Czterdziestolatek, dwadziescia lat pózniej",TV Series,1993,NA,https://www.imcdb.org/vehicle_147850-Audi-80-Typ-89-1988.html,https://www.imcdb.org/movie_294048-Czterdziestolatek%2C-dwadziescia-lat-p%C3%B3zniej.html
Audi,A1,2011,Typ 8X,NA,Hatchback,Germany,Belgium,NA,The Next Big Thing,Mini-Series,2010,NA,https://www.imcdb.org/vehicle_300287-Audi-A1-Typ-8X-2011.html,https://www.imcdb.org/movie_3406906-The-Next-Big-Thing.html
Audi,A3,2004,Typ 8P,3.2 quattro,Hatchback,Germany,NA,NA,The Other Side of the Road,Short Movie,2003,NA,https://www.imcdb.org/vehicle_110572-Audi-A3-Typ-8P-2004.html,https://www.imcdb.org/movie_1073506-The-Other-Side-of-the-Road.html
Audi,A4 B5,1998,Typ 8D,2.8 quattro,Sedan,Germany,NA,United States of America,P.1,Short Movie,1999,NA,https://www.imcdb.org/vehicle_580661-Audi-A4-Typ-8D-1998.html,https://www.imcdb.org/movie_361999-P1.html
Audi,A6 C7,2013,Typ 4G,2.0 TDI,Sedan,Germany,NA,NA,Allnighter,Short Movie,2013,NA,https://www.imcdb.org/vehicle_981342-Audi-A6-Typ-4G-2013.html,https://www.imcdb.org/movie_3753482-Allnighter.html
Audi,A8 D3,2008,Typ 4E,(as 6.0 W12 quattro),Sedan,Germany,NA,NA,Transporter 3,Movie,2008,NA,https://www.imcdb.org/vehicle_174447-Audi-A8-Typ-4E-2008.html,https://www.imcdb.org/movie_1129442-Transporter-3.html
Audi,A8 D4,2010,Typ 4H,TDI quattro,Sedan,Germany,NA,NA,Transporter: The Series,TV Series,2012,2014,https://www.imcdb.org/vehicle_539177-Audi-A8-Typ-4H-2010.html,https://www.imcdb.org/movie_1885102-Transporter--The-Series.html
Audi,A8 L D3,2004,Typ 4E,4.2 quattro (with 6.0 W12 front),Sedan,Germany,NA,United States of America,Transporter 2,Movie,2005,NA,https://www.imcdb.org/vehicle_9694-Audi-A8-L-Typ-4E-2004.html,https://www.imcdb.org/movie_388482-Transporter-2.html
Audi,A8 L D3,2004,Typ 4E,4.2 quattro,Sedan,Germany,NA,United States of America,"J. Futuristic: Rari, Audi, Bently",Music Video,2010,NA,https://www.imcdb.org/vehicle_294008-Audi-A8-L-Typ-4E-2004.html,https://www.imcdb.org/movie_1004510397-J-Futuristic--Rari%2C-Audi%2C-Bently.html
Audi,A8 L D4,2010,Typ 4H,TDI quattro,Sedan,Germany,NA,NA,Transporter: The Series,TV Series,2012,2014,https://www.imcdb.org/vehicle_762350-Audi-A8-L-Typ-4H-2010.html,https://www.imcdb.org/movie_1885102-Transporter--The-Series.html
Audi,R10 TDI,2008,NA,LMP1,Racecar,Germany,NA,NA,Truth in 24,Documentary,2008,NA,https://www.imcdb.org/vehicle_216858-Audi-R10-TDI-2008.html,https://www.imcdb.org/movie_1320302-Truth-in-24.html
Audi,R18 TDI,2011,NA,LMP1,Racecar,Germany,NA,NA,Truth in 24 II: Every Second Counts,Documentary,2012,NA,https://www.imcdb.org/vehicle_523207-Audi-R18-TDI-2011.html,https://www.imcdb.org/movie_2200022-Truth-in-24-II--Every-Second-Counts.html
Audi,R8,2007,Typ 42,4.2 FSI quattro,Coupé,Germany,NA,NA,Génétiquement avancée,Short Movie,2007,NA,https://www.imcdb.org/vehicle_217227-Audi-R8-Typ-42-2007.html,https://www.imcdb.org/movie_1004509583-G%C3%A9n%C3%A9tiquement-avanc%C3%A9e.html
AUSA,PTV 250,1958,NA,NA,Microcar,Spain,NA,NA,La boda era a las doce,Movie,1964,NA,https://www.imcdb.org/vehicle_289065-AUSA-PTV-250-1958.html,https://www.imcdb.org/movie_55806-La-boda-era-a-las-doce.html
Austin,A125 Sheerline,1951,DS1,NA,Limousine,United Kingdom,NA,NA,The Man in the Back Seat,Movie,1961,NA,https://www.imcdb.org/vehicle_503964-Austin-A125-Sheerline-DS1-1951.html,https://www.imcdb.org/movie_244055-The-Man-in-the-Back-Seat.html
Austin,A35,1956,A2S5,NA,Sedan,United Kingdom,NA,NA,Making The Most Of It,Documentary,1957,NA,https://www.imcdb.org/vehicle_821384-Austin-A35-A2S5-1956.html,https://www.imcdb.org/movie_1004516486-Making-The-Most-Of-It.html
Austin,A50 Cambridge,1954,HS5,Pre-production,Sedan,United Kingdom,NA,NA,I Am A Car,Documentary,1954,NA,https://www.imcdb.org/vehicle_821181-Austin-A50-Cambridge-HS5-1954.html,https://www.imcdb.org/movie_1004516487-I-Am-A-Car.html
Austin,A55 Cambridge MkI,1959,HS6,NA,Sedan,United Kingdom,NA,NA,Britain's Best Drives,Non-fiction TV,2009,NA,https://www.imcdb.org/vehicle_1138730-Austin-A55-Cambridge-HS6-1959.html,https://www.imcdb.org/movie_1445537-Britain-s-Best-Drives.html
Austin,A95 Westminster,1956,BS6,NA,Sedan,United Kingdom,NA,NA,Return Journey,Documentary,1957,NA,https://www.imcdb.org/vehicle_822234-Austin-A95-Westminster-BS6-1956.html,https://www.imcdb.org/movie_1004516485-Return-Journey.html
Austin,K2/Y,NA,NA,on CMP 4x4 Chassis,Ambulance,United Kingdom,NA,NA,Ice Cold in Alex,Movie,1958,NA,https://www.imcdb.org/vehicle_196101-Austin-K2-Y.html,https://www.imcdb.org/movie_53935-Ice-Cold-in-Alex.html
Austin,Mini Cooper S 1275 MkI,1967,ADO50,NA,Supermini,United Kingdom,NA,NA,The Italian Job,Movie,1969,NA,https://www.imcdb.org/vehicle_1839-Austin-Mini-Cooper-S-1275-ADO50-1967.html,https://www.imcdb.org/movie_64505-The-Italian-Job.html
Austin,Mini Cooper S 1275 MkII,1967,ADO50,NA,Supermini,United Kingdom,NA,NA,Vive le sport,Short Movie,1969,NA,https://www.imcdb.org/vehicle_244518-Austin-Mini-Cooper-S-1275-ADO50-1967.html,https://www.imcdb.org/movie_1471289-Vive-le-sport.html
Austin,Mini Van,1961,NA,NA,Van / MPV,United Kingdom,NA,NA,Confessions of a Window Cleaner,Movie,1974,NA,https://www.imcdb.org/vehicle_412095-Austin-Mini-Van-1961.html,https://www.imcdb.org/movie_71357-Confessions-of-a-Window-Cleaner.html
Austin,Seven Tourer,1927,AD,NA,Convertible,United Kingdom,NA,NA,The Adventures of Hal 5,Movie,1958,NA,https://www.imcdb.org/vehicle_733932-Austin-Seven-Tourer-AD-1927.html,https://www.imcdb.org/movie_165076-The-Adventures-of-Hal-5.html
Autosan,H6-10.02 ZK,1997,NA,NA,Prison / Police,Poland,NA,NA,Konwój,Movie,2016,NA,https://www.imcdb.org/vehicle_1967595-Autosan-H6-1002-ZK-1997.html,https://www.imcdb.org/movie_6421366-Konw%C3%B3j.html
Bajaj,NA,NA,NA,NA,Three-wheeler,India,NA,Indonesia (1955+),Si Bajaj,TV Series,2004,2005,https://www.imcdb.org/vehicle_2040560-Bajaj.html,https://www.imcdb.org/movie_1004526069-Si-Bajaj.html
Barris Kustom Industries,Munsters Koach,NA,NA,NA,Custom,USA (United States of America),NA,NA,The Munsters,TV Series,1964,1966,https://www.imcdb.org/vehicle_92403-Barris-Kustom-Industries-Munsters-Koach.html,https://www.imcdb.org/movie_57773-The-Munsters.html
Barris Kustom Industries,Supervan,NA,NA,based on Dodge Sportsman,Custom,USA (United States of America),NA,NA,Supervan,Movie,1977,NA,https://www.imcdb.org/vehicle_179043-Barris-Kustom-Industries-Supervan.html,https://www.imcdb.org/movie_70756-Supervan.html
Batavus,Go Go,1978,NA,NA,Moped,Netherlands,NA,NA,Les petites fugues,Movie,1979,NA,https://www.imcdb.org/vehicle_448361-Batavus-Go-Go-1978.html,https://www.imcdb.org/movie_78080-Les-petites-fugues.html
Beaumont,Custom,1966,NA,Convertible w Sports Option,Convertible,Canada,NA,NA,For Today I Do,Movie,2018,NA,https://www.imcdb.org/vehicle_1267403-Beaumont-Custom-1966.html,https://www.imcdb.org/movie_8319098-For-Today-I-Do.html
Bedford,CA Mk1,1955,NA,NA,Van / MPV,United Kingdom,NA,NA,A Weekend With Lulu,Movie,1961,NA,https://www.imcdb.org/vehicle_801892-Bedford-CA-1955.html,https://www.imcdb.org/movie_56683-A-Weekend-With-Lulu.html
Bedford,OWL,1943,NA,NA,Simple truck,United Kingdom,NA,NA,A Ride With Uncle Joe,Short Movie,1943,NA,https://www.imcdb.org/vehicle_1360841-Bedford-OWL-1943.html,https://www.imcdb.org/movie_6027050-A-Ride-With-Uncle-Joe.html
Bedford,TK,1975,NA,NA,Simple truck,United Kingdom,NA,NA,The Chain,Movie,1984,NA,https://www.imcdb.org/vehicle_1543795-Bedford-TK-1975.html,https://www.imcdb.org/movie_88898-The-Chain.html
Beijing-Hyundai,Lafesta,2019,DN8,NA,Sedan,South Korea,China,China (People's Republic of China),Turbowin: I do it for my La Festa,Music Video,2019,NA,https://www.imcdb.org/vehicle_1808726-Beijing-Hyundai-Lafesta-DN8-2019.html,https://www.imcdb.org/movie_1004523960-Turbowin--I-do-it-for-my-La-Festa.html
Bentley,3/4½,1927,ML1505,NA,Convertible,United Kingdom,NA,NA,The Fast Lady,Movie,1962,NA,https://www.imcdb.org/vehicle_124184-Bentley-3-4%C2%BD-ML1505-1927.html,https://www.imcdb.org/movie_55977-The-Fast-Lady.html
Bentley,Mk.VI,1952,B263PU,NA,Sedan,United Kingdom,NA,NA,Britain's Best Drives,Non-fiction TV,2009,NA,https://www.imcdb.org/vehicle_1138748-Bentley-MkVI-B263PU-1952.html,https://www.imcdb.org/movie_1445537-Britain-s-Best-Drives.html
Bentley,R-Type,1952,NA,Standard Steel Saloon,Sedan,United Kingdom,NA,NA,The Candy Tangerine Man,Movie,1975,NA,https://www.imcdb.org/vehicle_1071826-Bentley-R-Type-1952.html,https://www.imcdb.org/movie_72759-The-Candy-Tangerine-Man.html
Benz,Patent-Motorwagen Nummer 1,1886,NA,NA,Three-wheeler,Germany,NA,NA,Carl & Bertha,Movie made for TV,2011,NA,https://www.imcdb.org/vehicle_430378-Benz-Patent-Motorwagen-Nummer-1-1886.html,https://www.imcdb.org/movie_1753569-Carl-%26-Bertha.html
Berliet,CBOE,1924,NA,Skabo 'Gamla',Single-deck,France,Norway,NA,Bussen,Movie,1961,NA,https://www.imcdb.org/vehicle_327590-Berliet-CBOE-1924.html,https://www.imcdb.org/movie_54708-Bussen.html
Berliet,GBC 8 M Gazelle,1958,NA,NA,Simple truck,France,NA,NA,Cent mille dollars au soleil,Movie,1964,NA,https://www.imcdb.org/vehicle_11121-Berliet-GBC-8-M-Gazelle-1958.html,https://www.imcdb.org/movie_56917-Cent-mille-dollars-au-soleil.html
Berliet,TLM 10 M2,1961,NA,NA,Trailer truck (tractor),France,NA,NA,Cent mille dollars au soleil,Movie,1964,NA,https://www.imcdb.org/vehicle_11122-Berliet-TLM-10-M2-1961.html,https://www.imcdb.org/movie_56917-Cent-mille-dollars-au-soleil.html
Berliet,TR 250,NA,NA,NA,Trailer truck (tractor),France,NA,NA,"Nako, Dako i Cako - Shofiori",Movie,1976,NA,https://www.imcdb.org/vehicle_628913-Berliet-TR-250.html,https://www.imcdb.org/movie_1004514566-Nako%2C-Dako-i-Cako-Shofiori.html
Bernard,120 MC,NA,NA,NA,Simple truck,France,NA,NA,La Route,TV Series,1963,NA,https://www.imcdb.org/vehicle_281089-Bernard-120-MC.html,https://www.imcdb.org/movie_171007-La-Route.html
Bernard,19 TDA,NA,NA,Pelpel 'Cabine Télévision',Simple truck,France,NA,NA,La Route,TV Series,1963,NA,https://www.imcdb.org/vehicle_281090-Bernard-19-TDA.html,https://www.imcdb.org/movie_171007-La-Route.html
BJC,Jeep 2500,2003,XJ,BJ6420EC,Off-road / SUV,USA (United States of America),China,China (People's Republic of China),野马分鬃 (Striding Into the Wind),Movie,2020,NA,https://www.imcdb.org/vehicle_1767750-BJC-Jeep-2500-XJ-2003.html,https://www.imcdb.org/movie_11090178-Ye-ma-fen-zong.html
BMW,2000 C,1967,NA,Automatic,Coupé,Germany,NA,Thailand (1955+),Wan sudthay..Kxn bay thex (One for the Road),Movie,2021,NA,https://www.imcdb.org/vehicle_1648001-BMW-2000-C-1967.html,https://www.imcdb.org/movie_11508438-Wan-sudthayKxn-bay-thex.html
BMW,2002,1972,NA,NA,Sedan,Germany,NA,United States of America,Neutral,Short Movie,2017,NA,https://www.imcdb.org/vehicle_1288914-BMW-2002-1972.html,https://www.imcdb.org/movie_7448724-Neutral.html
BMW,2002,1974,NA,NA,Sedan,Germany,NA,United States of America,Try Seventeen,Movie,2002,NA,https://www.imcdb.org/vehicle_42164-BMW-2002-1974.html,https://www.imcdb.org/movie_311941-Try-Seventeen.html
BMW,2002 tii,1974,NA,NA,Sedan,Germany,NA,NA,Autobahnraser,Movie,2004,NA,https://www.imcdb.org/vehicle_51-BMW-2002-tii-1974.html,https://www.imcdb.org/movie_391774-Autobahnraser.html
BMW,3,NA,E30,NA,Sedan,Germany,NA,NA,Balkanika,Mini-Series,2021,NA,https://www.imcdb.org/vehicle_1915782-BMW-3-E30.html,https://www.imcdb.org/movie_19499900-Balkanika.html
BMW,3,1984,E30,NA,Sedan,Germany,NA,NA,Drifter,Documentary,2014,NA,https://www.imcdb.org/vehicle_1014072-BMW-3-E30-1984.html,https://www.imcdb.org/movie_4277250-Drifter.html
BMW,3,1991,E36,NA,Sedan,Germany,NA,NA,BMW Vermelho,Short Movie,2000,NA,https://www.imcdb.org/vehicle_345106-BMW-3-E36-1991.html,https://www.imcdb.org/movie_275950-BMW-Vermelho.html
BMW,320i,1980,E21,1.8 Automatic,Sedan,Germany,NA,United States of America,Penny Dreadful,Movie,2006,NA,https://www.imcdb.org/vehicle_219752-BMW-320i-E21-1980.html,https://www.imcdb.org/movie_454224-Penny-Dreadful.html
BMW,325iS Coupé,1993,E36,NA,Coupé,Germany,NA,United States of America,The Chase,Movie,1994,NA,https://www.imcdb.org/vehicle_10851-BMW-325iS-Coup%C3%A9-E36-1993.html,https://www.imcdb.org/movie_109402-The-Chase.html
BMW,328i Cabrio,1996,E36,NA,Convertible,Germany,NA,United States of America,Interstate 60: Episodes of the Road,Movie,2002,NA,https://www.imcdb.org/vehicle_1864-BMW-328i-Cabrio-E36-1996.html,https://www.imcdb.org/movie_165832-Interstate-60--Episodes-of-the-Road.html
BMW,330Ci,2001,E46,NA,Coupé,Germany,NA,United States of America,The Follow,Short Movie,2001,NA,https://www.imcdb.org/vehicle_1466-BMW-330Ci-E46-2001.html,https://www.imcdb.org/movie_285104-The-Follow.html
BMW,420i,2014,F32,M Sport,Coupé,Germany,NA,NA,The Driver,Movie,2019,NA,https://www.imcdb.org/vehicle_1325950-BMW-420i-F32-2014.html,https://www.imcdb.org/movie_9272568-The-Driver.html
BMW,501,1952,NA,'Isar 12',Sedan,Germany,NA,NA,Funkstreife Isar 12,TV Series,1961,1963,https://www.imcdb.org/vehicle_43054-BMW-501-1952.html,https://www.imcdb.org/movie_54541-Funkstreife-Isar-12.html
BMW,503,1957,NA,Cabriolet Baur,Convertible,Germany,NA,NA,The Last Run,Movie,1971,NA,https://www.imcdb.org/vehicle_1553-BMW-503-1957.html,https://www.imcdb.org/movie_67329-The-Last-Run.html
BMW,525e,1987,E28,Lux,Sedan,Germany,NA,United Kingdom of Great Britain and Northern Ireland,The Fly,Short Movie,2015,NA,https://www.imcdb.org/vehicle_1663180-BMW-525e-E28-1987.html,https://www.imcdb.org/movie_3670330-The-Fly.html
BMW,525i,1985,E28,NA,Sedan,Germany,NA,NA,Tatort - Nachtsicht,Movie made for TV,2017,NA,https://www.imcdb.org/vehicle_1014297-BMW-525i-E28-1985.html,https://www.imcdb.org/movie_6574894-Tatort-Nachtsicht.html
BMW,528i,1978,E12,NA,Sedan,Germany,NA,France,Les compères,Movie,1983,NA,https://www.imcdb.org/vehicle_1868-BMW-528i-E12-1978.html,https://www.imcdb.org/movie_85354-Les-comp%C3%A8res.html
BMW,540i,2001,E39,NA,Sedan,Germany,NA,United States of America,Chosen,Short Movie,2001,NA,https://www.imcdb.org/vehicle_4288-BMW-540i-E39-2001.html,https://www.imcdb.org/movie_283994-Chosen.html
BMW,540i,2017,G30,Pre-production,Sedan,Germany,NA,Canada,The Escape,Short Movie,2016,NA,https://www.imcdb.org/vehicle_970374-BMW-540i-G30-2017.html,https://www.imcdb.org/movie_6078822-The-Escape.html
BMW,635 CSi,1978,E24,NA,Coupé,Germany,NA,NA,KBV - Keine besonderen Vorkommnisse,TV Series,2021,NA,https://www.imcdb.org/vehicle_1496486-BMW-635-CSi-E24-1978.html,https://www.imcdb.org/movie_13959642-KBV-Keine-besonderen-Vorkommnisse.html
BMW,7,1989,E32,NA,Sedan,Germany,NA,NA,Gladbeck,Mini-Series,2018,NA,https://www.imcdb.org/vehicle_1124474-BMW-7-E32-1989.html,https://www.imcdb.org/movie_5760392-Gladbeck.html
BMW,7,2002,E65,NA,Sedan,Germany,NA,NA,Серёга: Чёрный Бумер (Seryoga: Black Beamer),Music Video,2004,NA,https://www.imcdb.org/vehicle_950483-BMW-7-E65-2002.html,https://www.imcdb.org/movie_1004517484-Seryoga--Chyornyi-bumer.html
BMW,740i,2001,E38,NA,Sedan,Germany,NA,United States of America,Ambush,Short Movie,2001,NA,https://www.imcdb.org/vehicle_4287-BMW-740i-E38-2001.html,https://www.imcdb.org/movie_283875-Ambush.html
BMW,750iL,1995,E38,NA,Sedan,Germany,NA,NA,Бумер (Bummer),Movie,2003,NA,https://www.imcdb.org/vehicle_25038-BMW-750iL-E38-1995.html,https://www.imcdb.org/movie_381936-Bumer.html
BMW,840Ci,1993,E31,NA,Coupé,Germany,NA,NA,Chauffeur de maître,Movie made for TV,1996,NA,https://www.imcdb.org/vehicle_81985-BMW-840Ci-E31-1993.html,https://www.imcdb.org/movie_259925-Chauffeur-de-ma%C3%AEtre.html
BMW,Isetta,1957,NA,NA,Microcar,Germany,NA,NA,The Small Escape,Short Movie,2019,NA,https://www.imcdb.org/vehicle_1493797-BMW-Isetta-1957.html,https://www.imcdb.org/movie_11959732-The-Small-Escape.html
BMW,M5,2001,E39,NA,Sedan,Germany,NA,United States of America,Star,Short Movie,2001,NA,https://www.imcdb.org/vehicle_1356-BMW-M5-E39-2001.html,https://www.imcdb.org/movie_286151-Star.html
BMW,M5,2001,E39,NA,Sedan,Germany,NA,NA,보호자 (A Man of Reason),Movie,2022,NA,https://www.imcdb.org/vehicle_1837032-BMW-M5-E39-2001.html,https://www.imcdb.org/movie_21387514-Bohoja.html
BMW,R 1150 GS,2004,NA,NA,Trail bike,Germany,NA,NA,Long Way Round,Non-fiction TV,2004,NA,https://www.imcdb.org/vehicle_69248-BMW-R-1150-GS-2004.html,https://www.imcdb.org/movie_403778-Long-Way-Round.html
BMW,R 60/2,1960,NA,NA,Sidecar,Germany,NA,NA,The Best Bar in America,Movie,2009,NA,https://www.imcdb.org/vehicle_940137-BMW-R-60-2-1960.html,https://www.imcdb.org/movie_1388390-The-Best-Bar-in-America.html
BMW,X3,2007,E83,NA,Off-road / SUV,Germany,Austria,NA,Am Ende des Tages,Movie,2011,NA,https://www.imcdb.org/vehicle_1388012-BMW-X3-E83-2007.html,https://www.imcdb.org/movie_2044739-Am-Ende-des-Tages.html
BMW,X5,2001,E53,3.0i,Off-road / SUV,Germany,USA (United States of America),NA,Powder Keg,Short Movie,2001,NA,https://www.imcdb.org/vehicle_4290-BMW-X5-E53-2001.html,https://www.imcdb.org/movie_285930-Powder-Keg.html
BMW,X5,2004,E53,NA,Off-road / SUV,Germany,USA (United States of America),NA,Маршрут построен (Paranormal Drive),Movie,2016,NA,https://www.imcdb.org/vehicle_946479-BMW-X5-E53-2004.html,https://www.imcdb.org/movie_5644006-Marshrut-postroen.html
BMW,X5,2012,E70,M50d,Off-road / SUV,Germany,USA (United States of America),NA,Locke,Movie,2013,NA,https://www.imcdb.org/vehicle_701647-BMW-X5-E70-2012.html,https://www.imcdb.org/movie_2692904-Locke.html
BMW,Z3,2001,E36/7,3.0i,Convertible,Germany,USA (United States of America),United States of America,The Follow,Short Movie,2001,NA,https://www.imcdb.org/vehicle_4289-BMW-Z3-E36-7-2001.html,https://www.imcdb.org/movie_285104-The-Follow.html
BMW,Z4,2003,E85,3.0i,Convertible,Germany,USA (United States of America),United States of America,Beat the Devil,Short Movie,2002,NA,https://www.imcdb.org/vehicle_4130-BMW-Z4-E85-2003.html,https://www.imcdb.org/movie_338768-Beat-the-Devil.html
BMW,Z4,2003,E85,3.0i,Convertible,Germany,USA (United States of America),United States of America,Ticker,Short Movie,2002,NA,https://www.imcdb.org/vehicle_4286-BMW-Z4-E85-2003.html,https://www.imcdb.org/movie_340398-Ticker.html
BMW,Z4,2003,E85,3.0i,Convertible,Germany,USA (United States of America),United States of America,Hostage,Short Movie,2002,NA,https://www.imcdb.org/vehicle_8032-BMW-Z4-E85-2003.html,https://www.imcdb.org/movie_338111-Hostage.html
Borgward-Iso,Isocarro,1960,NA,'Motocarro',Three-wheeler,Italy,Spain,Spain,Plácido,Movie,1961,NA,https://www.imcdb.org/vehicle_220612-Borgward-Iso-Isocarro-1960.html,https://www.imcdb.org/movie_55310-Pl%C3%A1cido.html
Brabus,G-Klasse,NA,W463,NA,Off-road / SUV,Austria,Germany,NA,Larson - от чистого сердца,Music Video,2008,NA,https://www.imcdb.org/vehicle_1997654-Brabus-G-Klasse-W463.html,https://www.imcdb.org/movie_1004525578-Larson-%D0%BE%D1%82-%D1%87%D0%B8%D1%81%D1%82%D0%BE%D0%B3%D0%BE-%D1%81%D0%B5%D1%80%D0%B4%D1%86%D0%B0.html
Bristol,KSW6G,1957,NA,Eastern Coachworks,Double-deck,United Kingdom,NA,Hong Kong (1932+),巴士奇遇結良緣 (Romance on the Bus),Movie,1978,NA,https://www.imcdb.org/vehicle_1261375-Bristol-KSW6G-1957.html,https://www.imcdb.org/movie_1004520435-Ba-si-kei-yu-git-leung-yun.html
Bristol,Lodekka FLF,1968,NA,Eastern Coachworks,Double-deck,United Kingdom,NA,NA,On the Buses,TV Series,1969,1973,https://www.imcdb.org/vehicle_478871-Bristol-Lodekka-FLF-1968.html,https://www.imcdb.org/movie_63936-On-the-Buses.html
Brough Superior,SS100,NA,NA,'Hermes',Road,United Kingdom,NA,NA,キノの旅 -the Beautiful World- the Animated Series (Kino no tabi : The Beautiful World: the Animated Series),Animation Series,2017,NA,https://www.imcdb.org/vehicle_1647533-Brough-Superior-SS100.html,https://www.imcdb.org/movie_6638842-%E3%82%AD%E3%83%8E%E3%81%AE%E6%97%85--the-Beautiful-World--the-Animated-Series.html
Brubaker,ARK II,NA,NA,Made for Movie,Simple truck,USA (United States of America),NA,NA,Ark II,TV Series,1976,1979,https://www.imcdb.org/vehicle_1541968-Brubaker-ARK-II.html,https://www.imcdb.org/movie_127989-Ark-II.html
Brush,Runabout,1910,NA,NA,Convertible,USA (United States of America),NA,NA,Ham and the Jitney Bus,Short Movie,1915,NA,https://www.imcdb.org/vehicle_1634968-Brush-Runabout-1910.html,https://www.imcdb.org/movie_243945-Ham-and-the-Jitney-Bus.html
Bugatti,EB 110 GT,1991,39005,Pre-production,Coupé,Italy,NA,NA,The Blue Factory,Documentary,2016,NA,https://www.imcdb.org/vehicle_1241720-Bugatti-EB-110-GT-39005-1991.html,https://www.imcdb.org/movie_6301490-The-Blue-Factory.html
Bugatti,Type 35 B,1927,NA,NA,Racecar,France,NA,NA,Prends la route,Movie,1936,NA,https://www.imcdb.org/vehicle_176801-Bugatti-Type-35-B-1927.html,https://www.imcdb.org/movie_194276-Prends-la-route.html
Bugatti,Veyron EB,2005,NA,16.4,Coupé,France,NA,NA,Gjiko feat. Skerdi: Si Bugatti,Music Video,2018,NA,https://www.imcdb.org/vehicle_1338144-Bugatti-Veyron-EB-2005.html,https://www.imcdb.org/movie_1004521062-Gjiko-feat-Skerdi--Si-Bugatti.html
Bugatti,Veyron EB,2006,NA,16.4,Coupé,France,NA,United States of America,National Lampoon's The Great American Run,Documentary,2008,NA,https://www.imcdb.org/vehicle_257218-Bugatti-Veyron-EB-2006.html,https://www.imcdb.org/movie_5895360-National-Lampoon-s-The-Great-American-Run.html
Buick,NA,1927,NA,as Jordan Playboy Roadster,Convertible,USA (United States of America),NA,NA,Dead of Night,Movie made for TV,1977,NA,https://www.imcdb.org/vehicle_429114-Buick-1927.html,https://www.imcdb.org/movie_75917-Dead-of-Night.html
Buick,Centurion,1973,NA,455 convertible,Convertible,USA (United States of America),NA,NA,Enid Is Sleeping,Movie,1990,NA,https://www.imcdb.org/vehicle_30460-Buick-Centurion-1973.html,https://www.imcdb.org/movie_99506-Enid-Is-Sleeping.html
Buick,Century,1955,68,Two-Door Tourback Sedan,Sedan,USA (United States of America),NA,NA,Highway Patrol,TV Series,1955,1959,https://www.imcdb.org/vehicle_281342-Buick-Century-68-1955.html,https://www.imcdb.org/movie_47739-Highway-Patrol.html
Buick,Century,1958,68,Two-Door Sedan,Sedan,USA (United States of America),NA,NA,Highway Patrol,TV Series,1955,1959,https://www.imcdb.org/vehicle_335373-Buick-Century-68-1958.html,https://www.imcdb.org/movie_47739-Highway-Patrol.html
Buick,Century,2003,NA,NA,Sedan,USA (United States of America),Canada,NA,Pouya: Energy,Music Video,2015,NA,https://www.imcdb.org/vehicle_1180640-Buick-Century-2003.html,https://www.imcdb.org/movie_1004519648-Pouya--Energy.html
Buick,Electra 225,1960,4829,Riviera,Sedan,USA (United States of America),NA,NA,Benoît Brisefer: Les taxis rouges,Movie,2014,NA,https://www.imcdb.org/vehicle_766200-Buick-Electra-225-4829-1960.html,https://www.imcdb.org/movie_2800356-Beno%C3%AEt-Brisefer--Les-taxis-rouges.html
Buick,Electra 225,1966,NA,Custom 4 door hardtop,Sedan,USA (United States of America),NA,NA,Crossing the Bridge,Movie,1992,NA,https://www.imcdb.org/vehicle_79693-Buick-Electra-225-1966.html,https://www.imcdb.org/movie_104030-Crossing-the-Bridge.html
Buick,Electra 225,1969,NA,Four-Door Hardtop,Sedan,USA (United States of America),NA,NA,Sir Mix-A-Lot: My Hooptie,Music Video,1990,NA,https://www.imcdb.org/vehicle_76338-Buick-Electra-225-1969.html,https://www.imcdb.org/movie_1003117805-Sir-Mix-A-Lot--My-Hooptie.html
Buick,Grand National,1987,NA,NA,Coupé,USA (United States of America),NA,NA,Juice WRLD Feat. Young Thug: Bad Boy,Music Video,2021,NA,https://www.imcdb.org/vehicle_1960612-Buick-Grand-National-1987.html,https://www.imcdb.org/movie_13847982-Juice-WRLD-Feat-Young-Thug--Bad-Boy.html
Buick,Master Six,1928,NA,NA,Convertible,USA (United States of America),NA,NA,Naš avto,Movie,1962,NA,https://www.imcdb.org/vehicle_1223294-Buick-Master-Six-1928.html,https://www.imcdb.org/movie_56272-Na%C5%A1-avto.html
Buick,Riviera,1965,NA,NA,Coupé,USA (United States of America),NA,NA,Buick Riviera,Movie,2008,NA,https://www.imcdb.org/vehicle_1174816-Buick-Riviera-1965.html,https://www.imcdb.org/movie_995712-Buick-Riviera.html
Buick,Roadmaster,1949,76-C,NA,Convertible,USA (United States of America),NA,NA,Rain Man,Movie,1988,NA,https://www.imcdb.org/vehicle_1934-Buick-Roadmaster-76-C-1949.html,https://www.imcdb.org/movie_95953-Rain-Man.html
Buick,Series 40,1935,46-C,Convertible Coupe,Convertible,USA (United States of America),NA,NA,The Big Steal,Movie,1949,NA,https://www.imcdb.org/vehicle_772821-Buick-Series-40-46-C-1935.html,https://www.imcdb.org/movie_41178-The-Big-Steal.html
Buick,Skylark,1972,NA,'Medusa',Coupé,USA (United States of America),NA,NA,Bellflower,Movie,2011,NA,https://www.imcdb.org/vehicle_590780-Buick-Skylark-1972.html,https://www.imcdb.org/movie_1242599-Bellflower.html
Buick,Special,1956,48,Two-Door Sedan,Sedan,USA (United States of America),NA,NA,Highway Patrol,TV Series,1955,1959,https://www.imcdb.org/vehicle_317533-Buick-Special-48-1956.html,https://www.imcdb.org/movie_47739-Highway-Patrol.html
Buick,Special,1957,48,Two-Door Sedan,Sedan,USA (United States of America),NA,NA,Highway Patrol,TV Series,1955,1959,https://www.imcdb.org/vehicle_317598-Buick-Special-48-1957.html,https://www.imcdb.org/movie_47739-Highway-Patrol.html
Buick,Special Deluxe,1969,43369,NA,Sedan,USA (United States of America),NA,NA,Them & Theirs: Annie's Skylark,Short Movie,2015,NA,https://www.imcdb.org/vehicle_1241753-Buick-Special-Deluxe-43369-1969.html,https://www.imcdb.org/movie_9578356-Them-%26-Theirs--Annie-s-Skylark.html
Büssing,8000,1950,NA,Schwalbennest,Simple truck,Germany,NA,NA,Fernfahrer,TV Series,1963,1967,https://www.imcdb.org/vehicle_35434-B%C3%BCssing-8000-1950.html,https://www.imcdb.org/movie_242199-Fernfahrer.html
Cadillac,Ambulance,1959,NA,Miller-Meteor Sentinel 'Ecto-1',Ambulance,USA (United States of America),NA,NA,Ghostbusters,Movie,1984,NA,https://www.imcdb.org/vehicle_1936-Cadillac-Ambulance-1959.html,https://www.imcdb.org/movie_87332-Ghostbusters.html
Cadillac,Ambulance,1959,NA,Miller-Meteor Sentinel 'Ecto-1A',Ambulance,USA (United States of America),NA,NA,Ghostbusters II,Movie,1989,NA,https://www.imcdb.org/vehicle_24706-Cadillac-Ambulance-1959.html,https://www.imcdb.org/movie_97428-Ghostbusters-II.html
Cadillac,Ambulance,1959,NA,Miller-Meteor Sentinel 'Ecto-1A',Ambulance,USA (United States of America),NA,NA,Ghostbusters: Afterlife,Movie,2021,NA,https://www.imcdb.org/vehicle_1226464-Cadillac-Ambulance-1959.html,https://www.imcdb.org/movie_4513678-Ghostbusters--Afterlife.html
Cadillac,Ambulance,1959,6890Z,Miller-Meteor Sentinel 'Ecto-1A',Ambulance,USA (United States of America),NA,NA,Ghostbusters: Frozen Empire,Movie,2024,NA,https://www.imcdb.org/vehicle_1840316-Cadillac-Ambulance-6890Z-1959.html,https://www.imcdb.org/movie_21235248-Ghostbusters--Frozen-Empire.html
Cadillac,Ambulance,1973,NA,Miller-Meteor Lifeliner,Ambulance,USA (United States of America),NA,NA,The Ambulance,Movie,1990,NA,https://www.imcdb.org/vehicle_381148-Cadillac-Ambulance-1973.html,https://www.imcdb.org/movie_99026-The-Ambulance.html
Cadillac,Coupe DeVille,1970,NA,NA,Coupé,USA (United States of America),NA,NA,Babas bilar,Movie,2006,NA,https://www.imcdb.org/vehicle_137974-Cadillac-Coupe-DeVille-1970.html,https://www.imcdb.org/movie_473609-Babas-bilar.html
Cadillac,CT6,NA,NA,Platinum 3.0TT,Sedan,USA (United States of America),NA,NA,4960 - The Flow of Life,Short Movie,2020,NA,https://www.imcdb.org/vehicle_1994391-Cadillac-CT6.html,https://www.imcdb.org/movie_15559538-4960-The-Flow-of-Life.html
Cadillac,DeVille Concours,1997,NA,NA,Sedan,USA (United States of America),NA,NA,드라이브 (Drive),Movie,2024,NA,https://www.imcdb.org/vehicle_1914325-Cadillac-DeVille-Concours-1997.html,https://www.imcdb.org/movie_32322546-Deulaibeu.html
Cadillac,DeVille Convertible,1964,6267F,NA,Convertible,USA (United States of America),NA,NA,Le corniaud,Movie,1965,NA,https://www.imcdb.org/vehicle_1948-Cadillac-DeVille-Convertible-6267F-1964.html,https://www.imcdb.org/movie_57967-Le-corniaud.html
Cadillac,DeVille Convertible,1968,68367F,NA,Convertible,USA (United States of America),NA,NA,Cadillac Girls,Movie,1993,NA,https://www.imcdb.org/vehicle_1747383-Cadillac-DeVille-Convertible-68367F-1968.html,https://www.imcdb.org/movie_106502-Cadillac-Girls.html
Cadillac,DeVille Convertible,1969,68367F,NA,Convertible,USA (United States of America),NA,NA,Joyride,Movie,2005,NA,https://www.imcdb.org/vehicle_147671-Cadillac-DeVille-Convertible-68367F-1969.html,https://www.imcdb.org/movie_430257-Joyride.html
Cadillac,DeVille Convertible,1970,68367F,NA,Convertible,USA (United States of America),NA,NA,Eskimo Callboy: MC Thunder,Music Video,2017,NA,https://www.imcdb.org/vehicle_1159334-Cadillac-DeVille-Convertible-68367F-1970.html,https://www.imcdb.org/movie_1004519473-Eskimo-Callboy--MC-Thunder.html
Cadillac,Eldorado,1954,NA,NA,Convertible,USA (United States of America),NA,NA,Non sono più Guaglione,Movie,1958,NA,https://www.imcdb.org/vehicle_1709431-Cadillac-Eldorado-1954.html,https://www.imcdb.org/movie_52009-Non-sono-pi%C3%B9-Guaglione.html
Cadillac,Electric Drive,1912,NA,1/3-scale Car J. Lockwood Co,Microcar,United Kingdom,NA,NA,The Smallest Car in the Largest City in the World,Short Movie,1913,NA,https://www.imcdb.org/vehicle_279779-Cadillac-Electric-Drive-1912.html,https://www.imcdb.org/movie_1530511-The-Smallest-Car-in-the-Largest-City-in-the-World.html
Cadillac,Escalade,2007,GMT926,NA,Off-road / SUV,USA (United States of America),NA,NA,Dolan's Cadillac,Movie,2009,NA,https://www.imcdb.org/vehicle_240213-Cadillac-Escalade-GMT926-2007.html,https://www.imcdb.org/movie_963965-Dolan-s-Cadillac.html
Cadillac,Escalade,2021,GMT1XL,NA,Off-road / SUV,USA (United States of America),NA,NA,Chromeo: Real Breezy,Music Video,2021,NA,https://www.imcdb.org/vehicle_1933720-Cadillac-Escalade-GMT1XL-2021.html,https://www.imcdb.org/movie_1004524826-Chromeo--Real-Breezy.html
Cadillac,Fleetwood 75,1957,NA,NA,Limousine,USA (United States of America),NA,NA,Black Cadillac,Movie,2003,NA,https://www.imcdb.org/vehicle_20175-Cadillac-Fleetwood-75-1957.html,https://www.imcdb.org/movie_313285-Black-Cadillac.html
Cadillac,Fleetwood 75,1969,NA,NA,Limousine,USA (United States of America),NA,NA,Payday,Movie,1973,NA,https://www.imcdb.org/vehicle_584234-Cadillac-Fleetwood-75-1969.html,https://www.imcdb.org/movie_69067-Payday.html
Cadillac,Fleetwood Eldorado,1972,NA,NA,Coupé,USA (United States of America),NA,NA,Highwaymen,Movie,2004,NA,https://www.imcdb.org/vehicle_5918-Cadillac-Fleetwood-Eldorado-1972.html,https://www.imcdb.org/movie_339147-Highwaymen.html
Cadillac,Funeral Coach,1968,NA,Superior Sovereign Landaulet,Funeral,USA (United States of America),NA,NA,Grand Theft Parsons,Movie,2003,NA,https://www.imcdb.org/vehicle_39103-Cadillac-Funeral-Coach-1968.html,https://www.imcdb.org/movie_338075-Grand-Theft-Parsons.html
Cadillac,Funeral Coach,1984,NA,S&S Victoria 'Ecto-1',Funeral,USA (United States of America),NA,NA,Ghostbusters,Movie,2016,NA,https://www.imcdb.org/vehicle_893685-Cadillac-Funeral-Coach-1984.html,https://www.imcdb.org/movie_1289401-Ghostbusters.html
Cadillac,M5 A1 Stuart,1942,NA,NA,Military armored vehicle,USA (United States of America),NA,NA,Tank Girl,Movie,1995,NA,https://www.imcdb.org/vehicle_930213-Cadillac-M5-A1-Stuart-1942.html,https://www.imcdb.org/movie_114614-Tank-Girl.html
Cadillac,Sedan DeVille,1972,NA,NA,Sedan,USA (United States of America),NA,NA,License to Drive,Movie,1988,NA,https://www.imcdb.org/vehicle_1224-Cadillac-Sedan-DeVille-1972.html,https://www.imcdb.org/movie_95519-License-to-Drive.html
Cadillac,Sedan DeVille Stretched Limousine,1982,NA,O'Gara Coachworks 'St. Moritz',Limousine,USA (United States of America),NA,NA,Sunset Limousine,Movie made for TV,1983,NA,https://www.imcdb.org/vehicle_1292825-Cadillac-Sedan-DeVille-Stretched-Limousine-1982.html,https://www.imcdb.org/movie_86389-Sunset-Limousine.html
Cadillac,Series 62,1959,NA,NA,Sedan,USA (United States of America),NA,NA,Wacky Taxi,Movie,1972,NA,https://www.imcdb.org/vehicle_830915-Cadillac-Series-62-1959.html,https://www.imcdb.org/movie_153620-Wacky-Taxi.html
Cadillac,Series 62 Convertible,1951,6267X,NA,Convertible,USA (United States of America),NA,NA,Coltrane in a Cadillac,TV Series,1993,NA,https://www.imcdb.org/vehicle_1718516-Cadillac-Series-62-Convertible-6267X-1951.html,https://www.imcdb.org/movie_105974-Coltrane-in-a-Cadillac.html
Cadillac,Series 62 Convertible,1953,6267X,NA,Convertible,USA (United States of America),NA,NA,Das Traumauto,Movie made for TV,1988,NA,https://www.imcdb.org/vehicle_1789812-Cadillac-Series-62-Convertible-6267X-1953.html,https://www.imcdb.org/movie_96300-Das-Traumauto.html
Cadillac,Series 62 Convertible,1954,NA,NA,Convertible,USA (United States of America),NA,NA,Coupe de Ville,Movie,1990,NA,https://www.imcdb.org/vehicle_10145-Cadillac-Series-62-Convertible-1954.html,https://www.imcdb.org/movie_99310-Coupe-de-Ville.html
Cadillac,Series 62 Convertible,1959,6267F,NA,Convertible,USA (United States of America),NA,NA,Pink Cadillac,Movie,1989,NA,https://www.imcdb.org/vehicle_1939-Cadillac-Series-62-Convertible-6267F-1959.html,https://www.imcdb.org/movie_98097-Pink-Cadillac.html
Cadillac,Series 62 Convertible,1959,6267F,NA,Convertible,USA (United States of America),NA,NA,Blue De Ville,Movie made for TV,1986,NA,https://www.imcdb.org/vehicle_61802-Cadillac-Series-62-Convertible-6267F-1959.html,https://www.imcdb.org/movie_90757-Blue-De-Ville.html
Cadillac,Series 62 Convertible,1959,6267F,NA,Convertible,USA (United States of America),NA,NA,Alfred Hitchcock Presents,TV Series,1985,1989,https://www.imcdb.org/vehicle_511195-Cadillac-Series-62-Convertible-6267F-1959.html,https://www.imcdb.org/movie_88476-Alfred-Hitchcock-Presents.html
Cadillac,Series 62 Convertible,1959,6267F,NA,Convertible,USA (United States of America),NA,NA,Sonny Spoon,TV Series,1988,NA,https://www.imcdb.org/vehicle_1935365-Cadillac-Series-62-Convertible-6267F-1959.html,https://www.imcdb.org/movie_94552-Sonny-Spoon.html
Cadillac,Series 62 Convertible,1960,6267F,NA,Convertible,USA (United States of America),NA,NA,Annie's Point,Movie made for TV,2005,NA,https://www.imcdb.org/vehicle_1702748-Cadillac-Series-62-Convertible-6267F-1960.html,https://www.imcdb.org/movie_441733-Annie-s-Point.html
Cadillac,Seville,1977,NA,NA,Sedan,USA (United States of America),NA,NA,Devin The Dude: Lacville '79,Music Video,2002,NA,https://www.imcdb.org/vehicle_338145-Cadillac-Seville-1977.html,https://www.imcdb.org/movie_1004511288-Devin-The-Dude--Lacville--79.html
Cadillac,Type 61,1922,NA,NA,Limousine,USA (United States of America),NA,NA,Limousine Love,Short Movie,1928,NA,https://www.imcdb.org/vehicle_30266-Cadillac-Type-61-1922.html,https://www.imcdb.org/movie_178706-Limousine-Love.html
CAIO,Alpha,1997,NA,Mercedes-Benz OF 1620,Single-deck,Brazil,NA,NA,Ônibus 174,Documentary,2002,NA,https://www.imcdb.org/vehicle_94809-CAIO-Alpha-1997.html,https://www.imcdb.org/movie_340468-%C3%94nibus-174.html
Camber,Patinho Feio,1967,NA,NA,Racecar,Brazil,NA,NA,O Fantástico Patinho Feio,Documentary,2018,NA,https://www.imcdb.org/vehicle_1262828-Camber-Patinho-Feio-1967.html,https://www.imcdb.org/movie_1004520453-O-Fant%C3%A1stico-Patinho-Feio.html
Caterpillar,D9,NA,NA,'Killdozer',Construction & Engineering vehicle,USA (United States of America),NA,NA,Killdozer,Movie made for TV,1974,NA,https://www.imcdb.org/vehicle_204029-Caterpillar-D9.html,https://www.imcdb.org/movie_71717-Killdozer.html
Caterpillar,RD-8,1935,NA,NA,Construction & Engineering vehicle,USA (United States of America),NA,NA,Earthworm Tractors,Movie,1936,NA,https://www.imcdb.org/vehicle_71335-Caterpillar-RD-8-1935.html,https://www.imcdb.org/movie_27562-Earthworm-Tractors.html
Chaju,64,NA,NA,NA,Simple truck,North Korea,NA,NA,억센나무 (Tough Tree),Movie,1991,NA,https://www.imcdb.org/vehicle_1139638-Chaju-64.html,https://www.imcdb.org/movie_1004519236-%C5%8Eksennamu.html
Chausson,APH 2-50,1949,AP 48,NA,Single-deck,France,NA,NA,Niedzielny poranek,Short Movie,1955,NA,https://www.imcdb.org/vehicle_216013-Chausson-APH-2-50-AP-48-1949.html,https://www.imcdb.org/movie_172877-Niedzielny-poranek.html
Chausson,APH 2-50,1949,AP 48,NA,Single-deck,France,NA,NA,Strachy na Lachy: Czerwony autobus,Music Video,2007,NA,https://www.imcdb.org/vehicle_629571-Chausson-APH-2-50-AP-48-1949.html,https://www.imcdb.org/movie_1004514586-Strachy-na-Lachy--Czerwony-autobus.html
Chausson,APH 47,1947,AP 3,NA,Single-deck,France,NA,NA,Niedzielny poranek,Short Movie,1955,NA,https://www.imcdb.org/vehicle_216023-Chausson-APH-47-AP-3-1947.html,https://www.imcdb.org/movie_172877-Niedzielny-poranek.html
Checker,Marathon,1964,A12-E,NA,Sedan,USA (United States of America),NA,NA,Der Checker,Non-fiction TV,2006,2012,https://www.imcdb.org/vehicle_372503-Checker-Marathon-A12-E-1964.html,https://www.imcdb.org/movie_1328943-Der-Checker.html
Checker,Taxicab,1962,A11,NA,Sedan,USA (United States of America),NA,NA,D.C. Cab,Movie,1983,NA,https://www.imcdb.org/vehicle_58703-Checker-Taxicab-A11-1962.html,https://www.imcdb.org/movie_85387-DC-Cab.html
Checker,Taxicab,1962,A11,NA,Sedan,USA (United States of America),NA,NA,Graveyard Shift,Movie,1987,NA,https://www.imcdb.org/vehicle_281902-Checker-Taxicab-A11-1962.html,https://www.imcdb.org/movie_93115-Graveyard-Shift.html
Checker,Taxicab,1970,A11,NA,Sedan,USA (United States of America),NA,NA,Maire Brennan: Big Yellow Taxi,Music Video,1994,NA,https://www.imcdb.org/vehicle_1277841-Checker-Taxicab-A11-1970.html,https://www.imcdb.org/movie_1004520559-Maire-Brennan--Big-Yellow-Taxi.html
Checker,Taxicab,1978,A11,NA,Sedan,USA (United States of America),NA,NA,Nattpass,Short Movie,1982,NA,https://www.imcdb.org/vehicle_1655811-Checker-Taxicab-A11-1978.html,https://www.imcdb.org/movie_11663838-Nattpass.html
Chevrolet,'Art Deco',1946,NA,NA,Single-deck,USA (United States of America),NA,NA,The Wayward Bus,Movie,1957,NA,https://www.imcdb.org/vehicle_1493289-Chevrolet--Art-Deco--1946.html,https://www.imcdb.org/movie_51182-The-Wayward-Bus.html
Chevrolet,Advance-Design,1952,NA,NA,Pick-up,USA (United States of America),NA,NA,Pieces of Easter,Movie,2013,NA,https://www.imcdb.org/vehicle_1464617-Chevrolet-Advance-Design-1952.html,https://www.imcdb.org/movie_2379460-Pieces-of-Easter.html
Chevrolet,B-Series,1980,NA,Blue Bird,School,USA (United States of America),NA,NA,Niwemang,Movie,2006,NA,https://www.imcdb.org/vehicle_120435-Chevrolet-B-Series-1980.html,https://www.imcdb.org/movie_847050-Niwemang.html
Chevrolet,Bel Air,1953,2434,Convertible,Convertible,USA (United States of America),NA,NA,The Talking Car,Short Movie,1953,NA,https://www.imcdb.org/vehicle_980666-Chevrolet-Bel-Air-2434-1953.html,https://www.imcdb.org/movie_260415-The-Talking-Car.html
Chevrolet,Bel Air,1955,NA,Custom-made Convertible,Convertible,USA (United States of America),NA,NA,El carro,Movie,2003,NA,https://www.imcdb.org/vehicle_579284-Chevrolet-Bel-Air-1955.html,https://www.imcdb.org/movie_387913-El-carro.html
Chevrolet,Bel Air,1959,1519,NA,Sedan,USA (United States of America),NA,Denmark,Olsen-banden overgiver sig aldrig,Movie,1979,NA,https://www.imcdb.org/vehicle_58209-Chevrolet-Bel-Air-1519-1959.html,https://www.imcdb.org/movie_79662-Olsen-banden-overgiver-sig-aldrig.html
Chevrolet,Bel Air,1959,1519,NA,Sedan,USA (United States of America),NA,NA,Olsen-banden går i krig,Movie,1978,NA,https://www.imcdb.org/vehicle_81875-Chevrolet-Bel-Air-1519-1959.html,https://www.imcdb.org/movie_78026-Olsen-banden-g%C3%A5r-i-krig.html
Chevrolet,Bel Air,1959,1519,NA,Sedan,USA (United States of America),NA,Denmark,Olsen-banden over alle bjerge,Movie,1981,NA,https://www.imcdb.org/vehicle_85481-Chevrolet-Bel-Air-1519-1959.html,https://www.imcdb.org/movie_82842-Olsen-banden-over-alle-bjerge.html
Chevrolet,Bel Air,1959,1519,NA,Sedan,USA (United States of America),NA,Denmark,Olsen-bandens flugt over plankeværket,Movie,1981,NA,https://www.imcdb.org/vehicle_91726-Chevrolet-Bel-Air-1519-1959.html,https://www.imcdb.org/movie_82843-Olsen-bandens-flugt-over-plankev%C3%A6rket.html
Chevrolet,Bel Air,1959,1619,4-door Sedan,Sedan,USA (United States of America),Australia,Australia (1954+),Over the Hill,Movie,1992,NA,https://www.imcdb.org/vehicle_1826048-Chevrolet-Bel-Air-1619-1959.html,https://www.imcdb.org/movie_105080-Over-the-Hill.html
Chevrolet,Bel Air,1970,15669,4-door Sedan,Sedan,USA (United States of America),NA,NA,The Sheriff,Movie made for TV,1971,NA,https://www.imcdb.org/vehicle_2072999-Chevrolet-Bel-Air-15669-1970.html,https://www.imcdb.org/movie_67746-The-Sheriff.html
Chevrolet,Biscayne,1959,NA,NA,Sedan,USA (United States of America),NA,Denmark,Olsen-banden på spanden,Movie,1969,NA,https://www.imcdb.org/vehicle_132090-Chevrolet-Biscayne-1959.html,https://www.imcdb.org/movie_64755-Olsen-banden-p%C3%A5-spanden.html
Chevrolet,Blazer,1979,K-5,NA,Off-road / SUV,USA (United States of America),NA,NA,Throttle,Movie,2005,NA,https://www.imcdb.org/vehicle_18985-Chevrolet-Blazer-K-5-1979.html,https://www.imcdb.org/movie_398033-Throttle.html
Chevrolet,C-10,1964,C1534,Fleetside,Pick-up,USA (United States of America),NA,NA,Yelawolf: Box Chevy V,Music Video,2015,NA,https://www.imcdb.org/vehicle_848544-Chevrolet-C-10-C1534-1964.html,https://www.imcdb.org/movie_1004516750-Yelawolf--Box-Chevy-V.html
Chevrolet,C-10,1973,NA,Stepside,Pick-up,USA (United States of America),NA,NA,Our House,TV Series,1986,1988,https://www.imcdb.org/vehicle_1934781-Chevrolet-C-10-1973.html,https://www.imcdb.org/movie_90496-Our-House.html
Chevrolet,C-20,1979,NA,Fleetside,Pick-up,USA (United States of America),NA,NA,Nightmares,Movie,1983,NA,https://www.imcdb.org/vehicle_1148-Chevrolet-C-20-1979.html,https://www.imcdb.org/movie_86014-Nightmares.html
Chevrolet,C-20,1979,NA,Scottsdale Fleetside,Pick-up,USA (United States of America),NA,NA,The Gladiator,Movie made for TV,1986,NA,https://www.imcdb.org/vehicle_391505-Chevrolet-C-20-1979.html,https://www.imcdb.org/movie_91121-The-Gladiator.html
Chevrolet,Camaro,1967,NA,NA,Convertible,USA (United States of America),NA,NA,Crash!,Movie,1976,NA,https://www.imcdb.org/vehicle_583036-Chevrolet-Camaro-1967.html,https://www.imcdb.org/movie_75887-Crash%21.html
Chevrolet,Camaro,1968,NA,NA,Coupé,USA (United States of America),NA,NA,Eat My Dust,Movie,1976,NA,https://www.imcdb.org/vehicle_289570-Chevrolet-Camaro-1968.html,https://www.imcdb.org/movie_74454-Eat-My-Dust.html
Chevrolet,Camaro,1968,NA,'Aloha',Coupé,USA (United States of America),NA,NA,Aloha Bobby and Rose,Movie,1975,NA,https://www.imcdb.org/vehicle_365950-Chevrolet-Camaro-1968.html,https://www.imcdb.org/movie_73941-Aloha-Bobby-and-Rose.html
Chevrolet,Camaro,1977,NA,'Bumblebee',Coupé,USA (United States of America),NA,NA,Transformers,Movie,2007,NA,https://www.imcdb.org/vehicle_109092-Chevrolet-Camaro-1977.html,https://www.imcdb.org/movie_418279-Transformers.html
Chevrolet,Camaro,1982,NA,Z28 'Thunderhawk',Coupé,USA (United States of America),NA,NA,MASK,Animation Series,1985,1986,https://www.imcdb.org/vehicle_1947101-Chevrolet-Camaro-1982.html,https://www.imcdb.org/movie_88563-MASK.html
Chevrolet,Camaro,1991,NA,NA,Coupé,USA (United States of America),NA,NA,Twisted Metal,TV Series,2023,NA,https://www.imcdb.org/vehicle_1813094-Chevrolet-Camaro-1991.html,https://www.imcdb.org/movie_14261112-Twisted-Metal.html
Chevrolet,Camaro,1991,NA,Z28,Convertible,USA (United States of America),NA,NA,京都カマロ探偵 失踪の男を探せ (Detective Camaro from Kyoto),Movie,2023,NA,https://www.imcdb.org/vehicle_1960522-Chevrolet-Camaro-1991.html,https://www.imcdb.org/movie_35556391-Kyoto-Kamaro-Tantei-Shisso-no-Otoko-o-Sagase.html
Chevrolet,Camaro,2010,NA,SS,Coupé,USA (United States of America),Canada,NA,Transformers: Dark of the Moon,Movie,2011,NA,https://www.imcdb.org/vehicle_415365-Chevrolet-Camaro-2010.html,https://www.imcdb.org/movie_1399103-Transformers--Dark-of-the-Moon.html
Chevrolet,Camaro,2010,NA,NA,Coupé,USA (United States of America),Canada,NA,Death Race 4: Beyond Anarchy,Movie,2018,NA,https://www.imcdb.org/vehicle_1148939-Chevrolet-Camaro-2010.html,https://www.imcdb.org/movie_3807900-Death-Race-4--Beyond-Anarchy.html
Chevrolet,Camaro,2012,NA,ZL1,Coupé,USA (United States of America),Canada,NA,토이캅 (Toy Cop),Animation Series,2017,NA,https://www.imcdb.org/vehicle_2030160-Chevrolet-Camaro-2012.html,https://www.imcdb.org/movie_1004525962-Toikap.html
Chevrolet,Camaro,2016,NA,'Bumblebee',Coupé,USA (United States of America),NA,NA,Transformers: The Last Knight,Movie,2017,NA,https://www.imcdb.org/vehicle_1035670-Chevrolet-Camaro-2016.html,https://www.imcdb.org/movie_3371366-Transformers--The-Last-Knight.html
Chevrolet,Camaro Concept,2007,NA,ZL1,Proto / Concept,USA (United States of America),Canada,NA,Transformers: Revenge of the Fallen,Movie,2009,NA,https://www.imcdb.org/vehicle_226399-Chevrolet-Camaro-Concept-2007.html,https://www.imcdb.org/movie_1055369-Transformers--Revenge-of-the-Fallen.html
Chevrolet,Camaro Concept,2014,NA,NA,Proto / Concept,USA (United States of America),NA,NA,Transformers: Age of Extinction,Movie,2014,NA,https://www.imcdb.org/vehicle_701388-Chevrolet-Camaro-Concept-2014.html,https://www.imcdb.org/movie_2109248-Transformers--Age-of-Extinction.html
Chevrolet,Camaro Replica,2007,NA,'Bumblebee',Proto / Concept,USA (United States of America),NA,NA,Transformers,Movie,2007,NA,https://www.imcdb.org/vehicle_128969-Chevrolet-Camaro-Replica-2007.html,https://www.imcdb.org/movie_418279-Transformers.html
Chevrolet,Caprice,1986,NA,NA,Sedan,USA (United States of America),NA,NA,Blue Caprice,Movie,2013,NA,https://www.imcdb.org/vehicle_588183-Chevrolet-Caprice-1986.html,https://www.imcdb.org/movie_2027064-Blue-Caprice.html
Chevrolet,Caprice,1987,NA,NA,Sedan,USA (United States of America),NA,NA,Drowning on Dry Land,Movie,1999,NA,https://www.imcdb.org/vehicle_1575196-Chevrolet-Caprice-1987.html,https://www.imcdb.org/movie_187820-Drowning-on-Dry-Land.html
Chevrolet,Caprice,1990,NA,NA,Sedan,USA (United States of America),NA,NA,D.C. Sniper: 23 Days of Fear,Movie made for TV,2003,NA,https://www.imcdb.org/vehicle_603392-Chevrolet-Caprice-1990.html,https://www.imcdb.org/movie_381116-DC-Sniper--23-Days-of-Fear.html
Chevrolet,Caprice Estate,1973,NA,NA,Wagon,USA (United States of America),NA,France,Le plein de super,Movie,1976,NA,https://www.imcdb.org/vehicle_794478-Chevrolet-Caprice-Estate-1973.html,https://www.imcdb.org/movie_75076-Le-plein-de-super.html
Chevrolet,Cavalier,2005,GM-J,NA,Sedan,USA (United States of America),NA,NA,Red Car,Short Movie,2013,NA,https://www.imcdb.org/vehicle_2100674-Chevrolet-Cavalier-GM-J-2005.html,https://www.imcdb.org/movie_3104360-Red-Car.html
Chevrolet,Chevelle,1969,NA,NA,Coupé,USA (United States of America),NA,NA,Two-Fisted Tales,Movie made for TV,1992,NA,https://www.imcdb.org/vehicle_289449-Chevrolet-Chevelle-1969.html,https://www.imcdb.org/movie_166002-Two-Fisted-Tales.html
Chevrolet,Chevelle Malibu,1964,NA,NA,Sedan,USA (United States of America),NA,NA,Repo Man,Movie,1984,NA,https://www.imcdb.org/vehicle_1995-Chevrolet-Chevelle-Malibu-1964.html,https://www.imcdb.org/movie_87995-Repo-Man.html
Chevrolet,Chevelle Malibu,1966,NA,Sport Coupe,Coupé,USA (United States of America),NA,NA,Dan Balan: Hold On Love,Music Video,2017,NA,https://www.imcdb.org/vehicle_1060530-Chevrolet-Chevelle-Malibu-1966.html,https://www.imcdb.org/movie_6964590-Dan-Balan--Hold-On-Love.html
Chevrolet,Chevy II,1965,NA,Nova,Coupé,USA (United States of America),NA,NA,Rancid: Honor Is All We Know (Full Album Stream-Drive Along),Music Video,2014,NA,https://www.imcdb.org/vehicle_1611026-Chevrolet-Chevy-II-1965.html,https://www.imcdb.org/movie_1004522660-Rancid--Honor-Is-All-We-Know-%28Full-Album-Stream-Drive-Along%29.html
Chevrolet,Chevy Van,1964,G-10,'Mystery Machine',Van / MPV,USA (United States of America),NA,NA,Scooby-Doo! Meets Courage the Cowardly Dog,Animation Movie,2021,NA,https://www.imcdb.org/vehicle_1946946-Chevrolet-Chevy-Van-G-10-1964.html,https://www.imcdb.org/movie_14903892-Scooby-Doo%21-Meets-Courage-the-Cowardly-Dog.html
Chevrolet,Chevy Van,1978,NA,NA,Ambulance,USA (United States of America),NA,NA,Broken Vessels,Movie,1998,NA,https://www.imcdb.org/vehicle_1996373-Chevrolet-Chevy-Van-1978.html,https://www.imcdb.org/movie_149964-Broken-Vessels.html
Chevrolet,Chevy Van,1980,NA,NA,Van / MPV,USA (United States of America),NA,NA,Piratensender Powerplay,Movie,1982,NA,https://www.imcdb.org/vehicle_504189-Chevrolet-Chevy-Van-1980.html,https://www.imcdb.org/movie_82911-Piratensender-Powerplay.html
Chevrolet,Corvair,1960,769,700,Sedan,USA (United States of America),NA,NA,The Corvair in Action!,Documentary,1960,NA,https://www.imcdb.org/vehicle_1123301-Chevrolet-Corvair-769-1960.html,https://www.imcdb.org/movie_5910646-The-Corvair-in-Action%21.html
Chevrolet,Corvette C1,1956,NA,NA,Convertible,USA (United States of America),NA,NA,Dragstrip Riot,Movie,1958,NA,https://www.imcdb.org/vehicle_141826-Chevrolet-Corvette-1956.html,https://www.imcdb.org/movie_51555-Dragstrip-Riot.html
Chevrolet,Corvette C1,1961,NA,NA,Convertible,USA (United States of America),NA,NA,Route 66,TV Series,1960,1964,https://www.imcdb.org/vehicle_264757-Chevrolet-Corvette-1961.html,https://www.imcdb.org/movie_53534-Route-66.html
Chevrolet,Corvette C1,1962,NA,NA,Convertible,USA (United States of America),NA,NA,Route 66,TV Series,1960,1964,https://www.imcdb.org/vehicle_282191-Chevrolet-Corvette-1962.html,https://www.imcdb.org/movie_53534-Route-66.html
Chevrolet,Corvette C3,NA,NA,Neufeld Special Cars,Coupé,USA (United States of America),Switzerland,NA,Los Violadores,Movie,1981,NA,https://www.imcdb.org/vehicle_425746-Chevrolet-Corvette.html,https://www.imcdb.org/movie_83291-Los-Violadores.html
Chevrolet,Corvette Sting Ray C2,1963,NA,NA,Convertible,USA (United States of America),NA,NA,Route 66,TV Series,1960,1964,https://www.imcdb.org/vehicle_286898-Chevrolet-Corvette-Sting-Ray-1963.html,https://www.imcdb.org/movie_53534-Route-66.html
Chevrolet,Corvette Sting Ray C2,1964,NA,NA,Convertible,USA (United States of America),NA,NA,Stingray,Movie,1978,NA,https://www.imcdb.org/vehicle_167976-Chevrolet-Corvette-Sting-Ray-1964.html,https://www.imcdb.org/movie_78323-Stingray.html
Chevrolet,Corvette Sting Ray C2,1965,NA,NA,Convertible,USA (United States of America),NA,NA,Stingray,TV Series,1985,1987,https://www.imcdb.org/vehicle_1993-Chevrolet-Corvette-Sting-Ray-1965.html,https://www.imcdb.org/movie_90528-Stingray.html
Chevrolet,Corvette Stingray C3,1969,NA,NA,Coupé,USA (United States of America),NA,NA,Rioda,Movie made for TV,1981,NA,https://www.imcdb.org/vehicle_1550599-Chevrolet-Corvette-Stingray-1969.html,https://www.imcdb.org/movie_475872-Rioda.html
Chevrolet,Corvette Stingray C3,1973,NA,NA,Convertible,USA (United States of America),NA,NA,Green Day: Corvette Summer,Music Video,2024,NA,https://www.imcdb.org/vehicle_1912564-Chevrolet-Corvette-Stingray-1973.html,https://www.imcdb.org/movie_33030310-Green-Day--Corvette-Summer.html
Chevrolet,Corvette Stingray C3,1973,NA,Korky's Kustom Studios,Custom,USA (United States of America),NA,NA,Corvette Summer,Movie,1978,NA,https://www.imcdb.org/vehicle_3236-Chevrolet-Corvette-Stingray-1973.html,https://www.imcdb.org/movie_77372-Corvette-Summer.html
Chevrolet,Cruze,2017,J400,LT,Hatchback,South Korea,Mexico,United States of America,The Greatest Gift Ever Given,Movie,2020,NA,https://www.imcdb.org/vehicle_1523979-Chevrolet-Cruze-J400-2017.html,https://www.imcdb.org/movie_11051562-The-Greatest-Gift-Ever-Given.html
Chevrolet,El Camino,1981,W80,NA,Pick-up,USA (United States of America),NA,NA,El Camino: A Breaking Bad Movie,Movie,2019,NA,https://www.imcdb.org/vehicle_1301163-Chevrolet-El-Camino-W80-1981.html,https://www.imcdb.org/movie_9243946-El-Camino--A-Breaking-Bad-Movie.html
Chevrolet,Fleetmaster,1946,2103,Sport Sedan,Sedan,USA (United States of America),NA,NA,Vägen till körkortet,Short Movie,1954,NA,https://www.imcdb.org/vehicle_954898-Chevrolet-Fleetmaster-2103-1946.html,https://www.imcdb.org/movie_1004517529-V%C3%A4gen-till-k%C3%B6rkortet.html
Chevrolet,Heavy-Duty COE,1941,NA,NA,Simple truck,USA (United States of America),NA,NA,Jeepers Creepers,Movie,2001,NA,https://www.imcdb.org/vehicle_5326-Chevrolet-Heavy-Duty-COE-1941.html,https://www.imcdb.org/movie_263488-Jeepers-Creepers.html
Chevrolet,Impala,1967,16387,Sport Sedan,Sedan,USA (United States of America),NA,NA,Supernatural,TV Series,2005,2020,https://www.imcdb.org/vehicle_58758-Chevrolet-Impala-16387-1967.html,https://www.imcdb.org/movie_460681-Supernatural.html
Chevrolet,Impala,1967,16387,Sport Sedan,Sedan,USA (United States of America),NA,NA,Supernatural: The Animation,Animation Series,2011,NA,https://www.imcdb.org/vehicle_885907-Chevrolet-Impala-16387-1967.html,https://www.imcdb.org/movie_1679482-Supernatural--The-Animation.html
Chevrolet,Impala,1972,1M-39,Sport Sedan,Sedan,USA (United States of America),NA,NA,Slither,Movie,1973,NA,https://www.imcdb.org/vehicle_596113-Chevrolet-Impala-1M-39-1972.html,https://www.imcdb.org/movie_69282-Slither.html
Chevrolet,Impala,1975,NA,4-Door Sedan,Sedan,USA (United States of America),NA,NA,Da Yoopers: Rusty Chevrolet,Music Video,1987,NA,https://www.imcdb.org/vehicle_1331300-Chevrolet-Impala-1975.html,https://www.imcdb.org/movie_1004520997-Da-Yoopers--Rusty-Chevrolet.html
Chevrolet,Impala,1979,NA,NA,Sedan,USA (United States of America),NA,NA,Wrecked,Movie,2011,NA,https://www.imcdb.org/vehicle_386377-Chevrolet-Impala-1979.html,https://www.imcdb.org/movie_1316622-Wrecked.html
Chevrolet,Impala Super Sport,1965,16667,Convertible,Convertible,USA (United States of America),NA,France,Sur un arbre perché,Movie,1971,NA,https://www.imcdb.org/vehicle_2985-Chevrolet-Impala-Super-Sport-16667-1965.html,https://www.imcdb.org/movie_66423-Sur-un-arbre-perch%C3%A9.html
Chevrolet,Lumina NASCAR,1990,NA,NA,Racecar,USA (United States of America),NA,NA,Days of Thunder,Movie,1990,NA,https://www.imcdb.org/vehicle_3833-Chevrolet-Lumina-NASCAR-1990.html,https://www.imcdb.org/movie_99371-Days-of-Thunder.html
Chevrolet,Monte Carlo,1972,NA,NA,Coupé,USA (United States of America),NA,NA,Highway,Movie,2002,NA,https://www.imcdb.org/vehicle_197972-Chevrolet-Monte-Carlo-1972.html,https://www.imcdb.org/movie_165361-Highway.html
Chevrolet,Monte Carlo NASCAR,NA,NA,NA,Racecar,USA (United States of America),NA,NA,Phantom Racer,Movie made for TV,2009,NA,https://www.imcdb.org/vehicle_288061-Chevrolet-Monte-Carlo-NASCAR.html,https://www.imcdb.org/movie_1320354-Phantom-Racer.html
Chevrolet,National,NA,AB,NA,Sedan,USA (United States of America),NA,NA,Chofer de Praça,Movie,1959,NA,https://www.imcdb.org/vehicle_347999-Chevrolet-National-AB.html,https://www.imcdb.org/movie_178332-Chofer-de-Pra%C3%A7a.html
Chevrolet,Nova,1970,NA,NA,Sedan,USA (United States of America),NA,NA,Road Test,Short Movie,2020,NA,https://www.imcdb.org/vehicle_1499183-Chevrolet-Nova-1970.html,https://www.imcdb.org/movie_11997638-Road-Test.html
Chevrolet,One-Fifty,1955,1502,Two-Door Sedan,Sedan,USA (United States of America),NA,NA,Two-Lane Blacktop,Movie,1971,NA,https://www.imcdb.org/vehicle_888-Chevrolet-One-Fifty-1502-1955.html,https://www.imcdb.org/movie_67893-Two-Lane-Blacktop.html
Chevrolet,Opala,1988,GM-V,NA,Sedan,Brazil,NA,NA,Os Aspones,TV Series,2004,NA,https://www.imcdb.org/vehicle_1293271-Chevrolet-Opala-GM-V-1988.html,https://www.imcdb.org/movie_447580-Os-Aspones.html
Chevrolet,Step-Van,NA,P-30,Nekomaru,Van / MPV,USA (United States of America),NA,NA,忍者戦隊カクレンジャー (Ninja Sentai Kakuranger),TV Series,1994,1995,https://www.imcdb.org/vehicle_1778698-Chevrolet-Step-Van-P-30.html,https://www.imcdb.org/movie_108880-Ninja-Sentai-Kakurenj%C3%A2.html
Chevrolet,Step-Van P-30,1968,NA,NA,Van / MPV,USA (United States of America),NA,NA,The White River Kid,Movie,1999,NA,https://www.imcdb.org/vehicle_124680-Chevrolet-Step-Van-P-30-1968.html,https://www.imcdb.org/movie_162766-The-White-River-Kid.html
Chevrolet,Tahoe,1997,GMT420,NA,Off-road / SUV,USA (United States of America),NA,NA,96 Minutes,Movie,2011,NA,https://www.imcdb.org/vehicle_591187-Chevrolet-Tahoe-GMT420-1997.html,https://www.imcdb.org/movie_1641385-96-Minutes.html
Chevrolet,Tahoe,2000,GMT820,LT,Off-road / SUV,USA (United States of America),NA,NA,Dag och natt,Movie,2004,NA,https://www.imcdb.org/vehicle_203887-Chevrolet-Tahoe-GMT820-2000.html,https://www.imcdb.org/movie_387151-Dag-och-natt.html
Chevrolet,Task-Force,1957,NA,NA,Simple truck,USA (United States of America),NA,Argentina,El ayudante,Movie,1971,NA,https://www.imcdb.org/vehicle_1244543-Chevrolet-Task-Force-1957.html,https://www.imcdb.org/movie_185169-El-ayudante.html
Chevrolet,Task-Force 3800,1955,3803,'Mater',Tow-truck,USA (United States of America),NA,NA,Mater and the Ghostlight,Short Movie,2006,NA,https://www.imcdb.org/vehicle_65525-Chevrolet-Task-Force-3800-3803-1955.html,https://www.imcdb.org/movie_901686-Mater-and-the-Ghostlight.html
Chevrolet,Task-Force 3800,1955,3803,'Mater',Tow-truck,USA (United States of America),NA,NA,Mater's Tall Tales,Animation Series,2008,2012,https://www.imcdb.org/vehicle_235435-Chevrolet-Task-Force-3800-3803-1955.html,https://www.imcdb.org/movie_1384816-Mater-s-Tall-Tales.html
Chevrolet,Task-Force 3800,1955,3803,'Mater',Tow-truck,USA (United States of America),NA,NA,Cars 2,Animation Movie,2011,NA,https://www.imcdb.org/vehicle_350288-Chevrolet-Task-Force-3800-3803-1955.html,https://www.imcdb.org/movie_1216475-Cars-2.html
Chevrolet,Task-Force 3800,1955,3803,Mater,Tow-truck,USA (United States of America),NA,NA,Cars on the Road,Animation Series,2022,NA,https://www.imcdb.org/vehicle_1705913-Chevrolet-Task-Force-3800-3803-1955.html,https://www.imcdb.org/movie_11981568-Cars-on-the-Road.html
Chevrolet,Task-Force 6800,1955,6802,Superior,School,USA (United States of America),NA,NA,The Partridge Family,TV Series,1970,1974,https://www.imcdb.org/vehicle_136423-Chevrolet-Task-Force-6800-6802-1955.html,https://www.imcdb.org/movie_65333-The-Partridge-Family.html
Chevrolet,Two-Ten,1957,2154,Sport Coupe,Coupé,USA (United States of America),NA,NA,Return to Macon County,Movie,1975,NA,https://www.imcdb.org/vehicle_109691-Chevrolet-Two-Ten-2154-1957.html,https://www.imcdb.org/movie_73624-Return-to-Macon-County.html
Chevrolet,Volt,2011,NA,NA,Hatchback,USA (United States of America),NA,NA,Revenge of the Electric Car,Documentary,2011,NA,https://www.imcdb.org/vehicle_355993-Chevrolet-Volt-2011.html,https://www.imcdb.org/movie_1413496-Revenge-of-the-Electric-Car.html
ChKZ,IS-2,NA,NA,as Henschel Pz.Kpfw.VI Tiger,Military armored vehicle,USSR,NA,NA,Belyy tigr,Movie,2012,NA,https://www.imcdb.org/vehicle_555278-ChKZ-IS-2.html,https://www.imcdb.org/movie_2318405-Belyy-tigr.html
Chollima,091,2010,NA,NA,Trolley-bus,North Korea,NA,NA,인민을 위한 참된 복무정신을 안고 (Inminŭl wihan ch'amdoen pongmujŏngshinŭl an'go),Documentary,2015,NA,https://www.imcdb.org/vehicle_1282448-Chollima-091-2010.html,https://www.imcdb.org/movie_1004520596-Inmin%C5%ADl-wihan-ch-amdoen-pongmuj%C5%8Fngshin%C5%ADl-an-go.html
Chollima,28,1958,NA,NA,Farming vehicle,North Korea,NA,NA,녀자뜨락또르운전수 (Woman Tractor Driver),Movie,1970,NA,https://www.imcdb.org/vehicle_1204687-Chollima-28-1958.html,https://www.imcdb.org/movie_1004519830-Ny%C5%8Fjatt%C5%ADrakttor%C5%ADunj%C5%8Fnsu.html
Chollima,316,2018,NA,NA,Trolley-bus,North Korea,NA,NA,Inminsarangŭi segye noraesoge saegimyŏ,Documentary,2018,NA,https://www.imcdb.org/vehicle_1297553-Chollima-316-2018.html,https://www.imcdb.org/movie_1004520730-Inminsarang%C5%ADi-segye-noraesoge-saegimy%C5%8F.html
Chrysler,300 C SRT-8,2008,LX,'Lazarus One',Sedan,USA (United States of America),Canada,NA,The Car: Road to Revenge,Movie,2019,NA,https://www.imcdb.org/vehicle_1224214-Chrysler-300-C-SRT-8-LX-2008.html,https://www.imcdb.org/movie_9382596-The-Car--Road-to-Revenge.html
Chrysler,75,1929,NA,NA,Convertible,USA (United States of America),NA,NA,Abhijaan,Movie,1962,NA,https://www.imcdb.org/vehicle_853334-Chrysler-75-1929.html,https://www.imcdb.org/movie_55724-Abhijaan.html
Chrysler,City Coupe,2002,NA,George Barris design; built by Jerry Kinds,Custom,USA (United States of America),NA,NA,Devil's Knight,Movie,2003,NA,https://www.imcdb.org/vehicle_1803419-Chrysler-City-Coupe-2002.html,https://www.imcdb.org/movie_337976-Devil-s-Knight.html
Chrysler,Cordoba,1976,NA,NA,Coupé,USA (United States of America),Canada,NA,Cordoba Nights,Movie,2007,NA,https://www.imcdb.org/vehicle_385587-Chrysler-Cordoba-1976.html,https://www.imcdb.org/movie_970527-Cordoba-Nights.html
Chrysler,Grand Voyager,2001,RS,NA,Van / MPV,USA (United States of America),NA,South Africa (1936+),Vehicle 19,Movie,2013,NA,https://www.imcdb.org/vehicle_565389-Chrysler-Grand-Voyager-RS-2001.html,https://www.imcdb.org/movie_1911662-Vehicle-19.html
Chrysler,LeBaron Convertible,1985,CP27,Turbo,Convertible,USA (United States of America),NA,NA,Sacramento,Movie,2024,NA,https://www.imcdb.org/vehicle_1982572-Chrysler-LeBaron-Convertible-CP27-1985.html,https://www.imcdb.org/movie_13491834-Sacramento.html
Chrysler,M3 'Lee',1941,NA,'Lulubelle',Military armored vehicle,USA (United States of America),NA,NA,Sahara,Movie,1943,NA,https://www.imcdb.org/vehicle_579591-Chrysler-M3--Lee--1941.html,https://www.imcdb.org/movie_36323-Sahara.html
Chrysler,M3 'Lee',1941,NA,'Lulubelle',Military armored vehicle,USA (United States of America),NA,Australia (1954+),Sahara,Movie made for TV,1995,NA,https://www.imcdb.org/vehicle_581903-Chrysler-M3--Lee--1941.html,https://www.imcdb.org/movie_114324-Sahara.html
Chrysler,M60 A1 Magach 6B,NA,NA,as 'XM-10 Annihilator',Military armored vehicle,USA (United States of America),Israel,NA,Best Defense,Movie,1984,NA,https://www.imcdb.org/vehicle_157862-Chrysler-M60-A1-Magach-6B.html,https://www.imcdb.org/movie_86955-Best-Defense.html
Chrysler,M60 A3 TTS,NA,NA,NA,Military armored vehicle,USA (United States of America),NA,NA,Cul de Sac: A Suburban War Story,Documentary,2002,NA,https://www.imcdb.org/vehicle_377429-Chrysler-M60-A3-TTS.html,https://www.imcdb.org/movie_317273-Cul-de-Sac--A-Suburban-War-Story.html
Chrysler,New Yorker,1956,C-72,Convertible Coupe,Convertible,USA (United States of America),NA,NA,Hollywood or Bust,Movie,1956,NA,https://www.imcdb.org/vehicle_570588-Chrysler-New-Yorker-C-72-1956.html,https://www.imcdb.org/movie_49322-Hollywood-or-Bust.html
Chrysler,Royal,1937,C-16,Convertible,Convertible,USA (United States of America),NA,NA,Dédée d'Anvers,Movie,1948,NA,https://www.imcdb.org/vehicle_41719-Chrysler-Royal-C-16-1937.html,https://www.imcdb.org/movie_39344-D%C3%A9d%C3%A9e-d-Anvers.html
Chrysler,Town & Country,1949,NA,NA,Convertible,USA (United States of America),NA,NA,Macon County Line,Movie,1974,NA,https://www.imcdb.org/vehicle_323696-Chrysler-Town-%26-Country-1949.html,https://www.imcdb.org/movie_71788-Macon-County-Line.html
Chrysler,Town & Country,1998,NS,LXi,Van / MPV,USA (United States of America),NA,NA,Bear,Movie,2010,NA,https://www.imcdb.org/vehicle_400463-Chrysler-Town-%26-Country-NS-1998.html,https://www.imcdb.org/movie_1468703-Bear.html
Chrysler,Town & Country,1999,NS,NA,Van / MPV,USA (United States of America),NA,NA,Five Across the Eyes,Movie,2006,NA,https://www.imcdb.org/vehicle_429616-Chrysler-Town-%26-Country-NS-1999.html,https://www.imcdb.org/movie_888019-Five-Across-the-Eyes.html
ChTZ,T-34/76,NA,NA,NA,Military armored vehicle,USSR,NA,NA,Жаворонок (The Lark),Movie,1964,NA,https://www.imcdb.org/vehicle_350340-ChTZ-T-34-76.html,https://www.imcdb.org/movie_314947-Zhavoronok.html
Citroën,11 Sport,1938,11 BL,'Traction',Sedan,France,NA,Norway,Et lite grøss? - Inntrengeren,Movie made for TV,1974,NA,https://www.imcdb.org/vehicle_966237-Citro%C3%ABn-11-Sport-11-BL-1938.html,https://www.imcdb.org/movie_7972492-Et-lite-gr%C3%B8ss-Inntrengeren.html
Citroën,2CV,NA,NA,NA,Sedan,France,Yugoslavia,Yugoslavia (1954..2003),Rani radovi,Movie,1969,NA,https://www.imcdb.org/vehicle_1274094-Citro%C3%ABn-2CV.html,https://www.imcdb.org/movie_64874-Rani-radovi.html
Citroën,2CV,1966,NA,NA,Sedan,France,Spain,Spain,Sor Citroen,Movie,1967,NA,https://www.imcdb.org/vehicle_137641-Citro%C3%ABn-2CV-1966.html,https://www.imcdb.org/movie_62290-Sor-Citroen.html
Citroën,2CV,1979,NA,Spécial,Sedan,France,NA,NA,Alla rivoluzione sulla due cavalli,Movie,2001,NA,https://www.imcdb.org/vehicle_201301-Citro%C3%ABn-2CV-1979.html,https://www.imcdb.org/movie_274323-Alla-rivoluzione-sulla-due-cavalli.html
Citroën,2CV 6 Special,1986,NA,NA,Sedan,France,NA,NA,If You Go,Short Movie,2020,NA,https://www.imcdb.org/vehicle_1524380-Citro%C3%ABn-2CV-6-Special-1986.html,https://www.imcdb.org/movie_9897476-If-You-Go.html
Citroën,2CV AK 350,1963,NA,NA,Van / MPV,France,NA,NA,Cocorico monsieur Poulet,Movie,1974,NA,https://www.imcdb.org/vehicle_16148-Citro%C3%ABn-2CV-AK-350-1963.html,https://www.imcdb.org/movie_209976-Cocorico-monsieur-Poulet.html
Citroën,2CV AZLM,1958,NA,NA,Sedan,France,NA,NA,Le tracassin ou les plaisirs de la ville,Movie,1961,NA,https://www.imcdb.org/vehicle_65007-Citro%C3%ABn-2CV-AZLM-1958.html,https://www.imcdb.org/movie_187553-Le-tracassin-ou-les-plaisirs-de-la-ville.html
Citroën,Break 20,1973,NA,NA,Wagon,France,NA,NA,Adrénaline,Movie,1990,NA,https://www.imcdb.org/vehicle_451254-Citro%C3%ABn-Break-20-1973.html,https://www.imcdb.org/movie_98986-Adr%C3%A9naline.html
Citroën,C3 Série 2,2010,NA,1.4,Hatchback,France,NA,NA,Tre giorni dopo,Movie,2013,NA,https://www.imcdb.org/vehicle_1208088-Citro%C3%ABn-C3-2010.html,https://www.imcdb.org/movie_3889652-Tre-giorni-dopo.html
Citroën,C4 F Large Taxi Décapotable,1931,NA,NA,Sedan,France,NA,NA,Monsieur Taxi,Movie,1952,NA,https://www.imcdb.org/vehicle_18973-Citro%C3%ABn-C4-F-Large-Taxi-D%C3%A9capotable-1931.html,https://www.imcdb.org/movie_44918-Monsieur-Taxi.html
Citroën,DS 19,1962,NA,Administration,Sedan,France,NA,NA,La bonne occase,Movie,1965,NA,https://www.imcdb.org/vehicle_1696631-Citro%C3%ABn-DS-19-1962.html,https://www.imcdb.org/movie_207349-La-bonne-occase.html
Citroën,DS 20,1970,NA,Pallas,Sedan,France,NA,NA,Pas de problème!,Movie,1975,NA,https://www.imcdb.org/vehicle_283912-Citro%C3%ABn-DS-20-1970.html,https://www.imcdb.org/movie_73516-Pas-de-probl%C3%A8me%21.html
Citroën,DS 21,1967,NA,Pallas,Sedan,France,NA,NA,The Goddess of 1967,Movie,2000,NA,https://www.imcdb.org/vehicle_7171-Citro%C3%ABn-DS-21-1967.html,https://www.imcdb.org/movie_255195-The-Goddess-of-1967.html
Citroën,DS 21,1972,NA,NA,Sedan,France,NA,NA,Á köldum klaka,Movie,1995,NA,https://www.imcdb.org/vehicle_7172-Citro%C3%ABn-DS-21-1972.html,https://www.imcdb.org/movie_109028-%C3%81-k%C3%B6ldum-klaka.html
Citroën,DSuper,1974,NA,NA,Sedan,France,NA,Italy,Un foro nel parabrezza,Movie,1983,NA,https://www.imcdb.org/vehicle_1564531-Citro%C3%ABn-DSuper-1974.html,https://www.imcdb.org/movie_174650-Un-foro-nel-parabrezza.html
Citroën-Kégresse,C4 P.17,1930,NA,NA,Tracked vehicle,France,NA,NA,La cloche tibétaine,Mini-Series,1975,NA,https://www.imcdb.org/vehicle_628996-Citro%C3%ABn-K%C3%A9gresse-C4-P17-1930.html,https://www.imcdb.org/movie_217922-La-cloche-tib%C3%A9taine.html
ČKD,T-34/85,1952,NA,NA,Military armored vehicle,USSR,Czechia,NA,Operace Dunaj,Movie,2009,NA,https://www.imcdb.org/vehicle_487026-%C4%8CKD-T-34-85-1952.html,https://www.imcdb.org/movie_1261051-Operace-Dunaj.html
CMC,Classic Speedster,NA,NA,NA,Convertible,USA (United States of America),NA,NA,Nelly: Hey Porsche,Music Video,2013,NA,https://www.imcdb.org/vehicle_578898-CMC-Classic-Speedster.html,https://www.imcdb.org/movie_11339128-Nelly--Hey-Porsche.html
Crossley,Q Type,1940,NA,4x4 with Tag Axle,Simple truck,United Kingdom,NA,NA,The Big Gamble,Movie,1961,NA,https://www.imcdb.org/vehicle_1058127-Crossley-Q-Type-1940.html,https://www.imcdb.org/movie_54679-The-Big-Gamble.html
Custom Made,NA,NA,NA,NA,Simple truck,USA (United States of America),NA,NA,6 Wheels from Hell!,Movie,2022,NA,https://www.imcdb.org/vehicle_1901228-Custom-Made.html,https://www.imcdb.org/movie_12730580-6-Wheels-from-Hell%21.html
Custom Made,'Raketa',NA,NA,based on GAZ 24 Volga,Sedan,USSR,Armenia,NA,Փախիր կամ ամուսնացիր (Run Away or Get Married),Movie,2016,NA,https://www.imcdb.org/vehicle_1631578-Custom-Made--Raketa-.html,https://www.imcdb.org/movie_5497822-P%E2%80%99akhir-kam-amusnats%E2%80%99ir.html
Custom Made,BioBike,2007,NA,'Betty' Yanmar LP Bio-Diesel,All-Terrain Sports,Australia,NA,NA,Is That Thing Diesel?,Documentary,2011,NA,https://www.imcdb.org/vehicle_445958-Custom-Made-BioBike-2007.html,https://www.imcdb.org/movie_1004512652-Is-That-Thing-Diesel.html
Custom Made,BMW,NA,NA,NA,Road,Germany,NA,NA,Warrior of the Lost World,Movie,1983,NA,https://www.imcdb.org/vehicle_270414-Custom-Made-BMW.html,https://www.imcdb.org/movie_88380-Warrior-of-the-Lost-World.html
Custom Made,Dune Buggy,1968,NA,'Man Buggy',Custom,Germany,USA (United States of America),United States of America,Danger Force,TV Series,2021,2022,https://www.imcdb.org/vehicle_2023728-Custom-Made-Dune-Buggy-1968.html,https://www.imcdb.org/movie_11833388-Danger-Force.html
Custom Made,Ikhtiandr,1979,NA,NA,Custom,USSR,NA,NA,Путешествие будет приятным (The trip will be pleasant),Movie,1982,NA,https://www.imcdb.org/vehicle_285339-Custom-Made-Ikhtiandr-1979.html,https://www.imcdb.org/movie_251960-%D0%9F%D1%83%D1%82%D0%B5%D1%88%D0%B5%D1%81%D1%82%D0%B2%D0%B8%D0%B5-%D0%B1%D1%83%D0%B4%D0%B5%D1%82-%D0%BF%D1%80%D0%B8%D1%8F%D1%82%D0%BD%D1%8B%D0%BC.html
Custom Made,Laura,1985,NA,NA,Custom,USSR,NA,NA,Секрет 'Лауры' (Laura's Secret),Documentary,1985,NA,https://www.imcdb.org/vehicle_796138-Custom-Made-Laura-1985.html,https://www.imcdb.org/movie_29434086-Sekret--Laury-.html
Daewoo,Lacetti Premiere,2009,J300,1.8 CDX With Chevrolet Logo/Grille,Sedan,South Korea,NA,NA,주차금지 (No Parking),Movie,2025,NA,https://www.imcdb.org/vehicle_2098299-Daewoo-Lacetti-Premiere-J300-2009.html,https://www.imcdb.org/movie_34573458-Juchageumji.html
Daewoo,Tico,1997,KLY3,SX,Supermini,Japan,Poland,Poland,Kabaret Czwarta Fala: Wieśka Tico,Music Video,2017,NA,https://www.imcdb.org/vehicle_2061491-Daewoo-Tico-KLY3-1997.html,https://www.imcdb.org/movie_1004526223-Kabaret-Czwarta-Fala--Wie%C5%9Bka-Tico.html
DAF,2800,1980,FT,NA,Trailer truck (tractor),Netherlands,NA,NA,Transport,TV Series,1983,NA,https://www.imcdb.org/vehicle_831115-DAF-2800-FT-1980.html,https://www.imcdb.org/movie_252793-Transport.html
DAF,75 CF,1998,FAT,Sleeper Cab,Simple truck,Netherlands,NA,NA,Manolito Gafotas,Movie,1999,NA,https://www.imcdb.org/vehicle_29257-DAF-75-CF-FAT-1998.html,https://www.imcdb.org/movie_206117-Manolito-Gafotas.html
DAF,95,1988,FT,ATi Space Cab,Trailer truck (tractor),Netherlands,NA,NA,Le grand ruban,Movie,1990,NA,https://www.imcdb.org/vehicle_730558-DAF-95-FT-1988.html,https://www.imcdb.org/movie_476241-Le-grand-ruban.html
DAF,SB,NA,NA,NA,Single-deck,Netherlands,NA,NA,Peter en de vliegende autobus,Movie,1976,NA,https://www.imcdb.org/vehicle_238869-DAF-SB.html,https://www.imcdb.org/movie_128405-Peter-en-de-vliegende-autobus.html
Daihatsu,Mira Gino,1998,L700,NA,Supermini,Japan,NA,Japan,九個女仔一隻鬼 (Nine Girls and a Ghost),Movie,2002,NA,https://www.imcdb.org/vehicle_1835693-Daihatsu-Mira-Gino-L700-1998.html,https://www.imcdb.org/movie_390305-Gau-goh-lui-zai-yat-jek-gwai.html
Daimler,12 hp,NA,NA,Wagonette Hooper & Co.,Sedan,United Kingdom,NA,NA,Kong Edward gaar til vogns,Documentary,1901,NA,https://www.imcdb.org/vehicle_2061578-Daimler-12-hp.html,https://www.imcdb.org/movie_1693003-Kong-Edward-gaar-til-vogns.html
Daimler,DE27,1947,NA,NA,Limousine,United Kingdom,NA,NA,Limo,Short Movie,2023,NA,https://www.imcdb.org/vehicle_2006969-Daimler-DE27-1947.html,https://www.imcdb.org/movie_28478966-Limo.html
Damon,Daybreak,1997,NA,3210,Class A Motorhome,USA (United States of America),NA,NA,Katie Fforde: Familie auf Bewährung,Movie made for TV,2018,NA,https://www.imcdb.org/vehicle_1202845-Damon-Daybreak-1997.html,https://www.imcdb.org/movie_7271858-Katie-Fforde--Familie-auf-Bew%C3%A4hrung.html
Darracq,10/12 Type O,1904,NA,Roadster,Convertible,France,NA,NA,Genevieve,Movie,1953,NA,https://www.imcdb.org/vehicle_65612-Darracq-10-12-Type-O-1904.html,https://www.imcdb.org/movie_45808-Genevieve.html
Datsun,220C,1971,Q230,Diesel Taxi,Sedan,Japan,NA,Hong Kong (1932+),不准掉頭 (No U-Turn),Movie,1981,NA,https://www.imcdb.org/vehicle_1563209-Datsun-220C-Q230-1971.html,https://www.imcdb.org/movie_185205-But-jun-diu-tau.html
DC Design,Taarzan,2004,NA,NA,Proto / Concept,India,NA,NA,Taarzan: The Wonder Car,Movie,2004,NA,https://www.imcdb.org/vehicle_1353479-DC-Design-Taarzan-2004.html,https://www.imcdb.org/movie_435437-Taarzan--The-Wonder-Car.html
De Lorean,DMC 12,1981,NA,Customized as 'Coyote X',Coupé,USA (United States of America),United Kingdom,NA,Hardcastle and McCormick,TV Series,1983,1986,https://www.imcdb.org/vehicle_345587-De-Lorean-DMC-12-1981.html,https://www.imcdb.org/movie_85029-Hardcastle-and-McCormick.html
De Lorean,DMC 12,1981,NA,NA,Coupé,USA (United States of America),United Kingdom,NA,DeLorean,Documentary,1981,NA,https://www.imcdb.org/vehicle_583436-De-Lorean-DMC-12-1981.html,https://www.imcdb.org/movie_352278-DeLorean.html
De Lorean,DMC 12,1981,NA,NA,Coupé,USA (United States of America),United Kingdom,NA,Back to the Future,Animation Series,1991,1992,https://www.imcdb.org/vehicle_856028-De-Lorean-DMC-12-1981.html,https://www.imcdb.org/movie_101042-Back-to-the-Future.html
De Lorean,DMC 12,1982,NA,NA,Coupé,USA (United States of America),United Kingdom,NA,Back to the Future,Movie,1985,NA,https://www.imcdb.org/vehicle_2059-De-Lorean-DMC-12-1982.html,https://www.imcdb.org/movie_88763-Back-to-the-Future.html
De Lorean,DMC 12,1982,NA,NA,Coupé,USA (United States of America),United Kingdom,NA,Back to the Future Part II,Movie,1989,NA,https://www.imcdb.org/vehicle_2966-De-Lorean-DMC-12-1982.html,https://www.imcdb.org/movie_96874-Back-to-the-Future-Part-II.html
De Lorean,DMC 12,1982,NA,NA,Coupé,USA (United States of America),United Kingdom,NA,Back to the Future Part III,Movie,1990,NA,https://www.imcdb.org/vehicle_2967-De-Lorean-DMC-12-1982.html,https://www.imcdb.org/movie_99088-Back-to-the-Future-Part-III.html
De Soto,Diplomat,1951,SP-23,Four-Door Sedan,Sedan,USA (United States of America),NA,NA,Şoför Nebahat,Movie,1970,NA,https://www.imcdb.org/vehicle_1522263-De-Soto-Diplomat-SP-23-1951.html,https://www.imcdb.org/movie_460000-%C5%9Eof%C3%B6r-Nebahat.html
Delahaye,135 M,1937,NA,Compétition Court Roadster Guillore,Convertible,France,NA,NA,Maigret,TV Series,1960,1963,https://www.imcdb.org/vehicle_2019091-Delahaye-135-M-1937.html,https://www.imcdb.org/movie_159178-Maigret.html
Delahaye,135 S,1936,47188,Roadster,Racecar,France,NA,United Kingdom of Great Britain and Northern Ireland,The Gentleman's Wager II,Short Movie,2015,NA,https://www.imcdb.org/vehicle_1241734-Delahaye-135-S-47188-1936.html,https://www.imcdb.org/movie_6314246-The-Gentleman-s-Wager-II.html
Dennis,Dart SLF,1996,NA,NA,Single-deck,United Kingdom,NA,NA,Gibberish,Short Movie,2011,NA,https://www.imcdb.org/vehicle_1652608-Dennis-Dart-SLF-1996.html,https://www.imcdb.org/movie_2099621-Gibberish.html
Dennis,Trident III,2001,NA,10.6M Alexander ALX500,Double-deck,United Kingdom,NA,Hong Kong (1932+),8號巴士站站情 (No.8 Bus),TV Series,2004,NA,https://www.imcdb.org/vehicle_1666317-Dennis-Trident-III-2001.html,https://www.imcdb.org/movie_1004523036-Baat-hou-ba-si-jaam-jaam-ching.html
Devrim,Replica,2008,NA,NA,Sedan,Türkiye,NA,NA,Devrim arabalari,Movie,2008,NA,https://www.imcdb.org/vehicle_368008-Devrim-Replica-2008.html,https://www.imcdb.org/movie_1282139-Devrim-arabalari.html
DINA,682 T,NA,NA,NA,Trailer truck (tractor),Italy,Mexico,Mexico (1952+),Los Desenfrenados,Movie,1960,NA,https://www.imcdb.org/vehicle_830219-DINA-682-T.html,https://www.imcdb.org/movie_235338-Los-Desenfrenados.html
Divco,15,NA,NA,NA,Van / MPV,USA (United States of America),NA,NA,The Milkman,Movie,1950,NA,https://www.imcdb.org/vehicle_275950-Divco-15.html,https://www.imcdb.org/movie_42733-The-Milkman.html
Dodge,100 Series,1955,NA,'Parrot Nose',Simple truck,United Kingdom,NA,NA,Hell Drivers,Movie,1957,NA,https://www.imcdb.org/vehicle_98689-Dodge-100-Series-1955.html,https://www.imcdb.org/movie_51713-Hell-Drivers.html
Dodge,Alpine,1979,C6,NA,Hatchback,France,Colombia,Colombia (1952+),El taxista millonario,Movie,1979,NA,https://www.imcdb.org/vehicle_929833-Dodge-Alpine-C6-1979.html,https://www.imcdb.org/movie_196144-El-taxista-millonario.html
Dodge,Aries K,1988,NA,NA,Sedan,USA (United States of America),NA,NA,'88 Dodge Aries,Short Movie,2002,NA,https://www.imcdb.org/vehicle_567656-Dodge-Aries-K-1988.html,https://www.imcdb.org/movie_412259--88-Dodge-Aries.html
Dodge,Aspen,1980,NA,NA,Coupé,USA (United States of America),NA,NA,Metronomy: Hang Me Out To Dry (with Robyn),Music Video,2016,NA,https://www.imcdb.org/vehicle_1307800-Dodge-Aspen-1980.html,https://www.imcdb.org/movie_1004520814-Metronomy--Hang-Me-Out-To-Dry-%28with-Robyn%29.html
Dodge,C-3,1955,NA,NA,Custom,USA (United States of America),NA,NA,Monster Trucks,Movie,2016,NA,https://www.imcdb.org/vehicle_920524-Dodge-C-3-1955.html,https://www.imcdb.org/movie_3095734-Monster-Trucks.html
Dodge,Challenger,1972,NA,NA,Coupé,USA (United States of America),NA,NA,Fast & Furious: Spy Racers,Animation Series,2019,2021,https://www.imcdb.org/vehicle_1272700-Dodge-Challenger-1972.html,https://www.imcdb.org/movie_8322592-Fast-%26-Furious--Spy-Racers.html
Dodge,Challenger,1972,NA,NA,Coupé,USA (United States of America),NA,NA,Primal Scream: Kowalski,Music Video,1997,NA,https://www.imcdb.org/vehicle_2002782-Dodge-Challenger-1972.html,https://www.imcdb.org/movie_15709890-Primal-Scream--Kowalski.html
Dodge,Challenger R/T,1970,NA,NA,Coupé,USA (United States of America),NA,NA,Vanishing Point,Movie,1971,NA,https://www.imcdb.org/vehicle_2067-Dodge-Challenger-R-T-1970.html,https://www.imcdb.org/movie_67927-Vanishing-Point.html
Dodge,Charger,1969,NA,NA,Coupé,USA (United States of America),NA,NA,The Dukes of Hazzard,Movie,2005,NA,https://www.imcdb.org/vehicle_10539-Dodge-Charger-1969.html,https://www.imcdb.org/movie_377818-The-Dukes-of-Hazzard.html
Dodge,Charger,1969,NA,NA,Coupé,USA (United States of America),NA,NA,The Dukes of Hazzard: The Beginning,Movie made for TV,2007,NA,https://www.imcdb.org/vehicle_91619-Dodge-Charger-1969.html,https://www.imcdb.org/movie_800328-The-Dukes-of-Hazzard--The-Beginning.html
Dodge,Charger,1969,NA,NA,Coupé,USA (United States of America),NA,NA,The Dukes of Hazzard: Hazzard in Hollywood,Movie made for TV,2000,NA,https://www.imcdb.org/vehicle_93302-Dodge-Charger-1969.html,https://www.imcdb.org/movie_225573-The-Dukes-of-Hazzard--Hazzard-in-Hollywood.html
Dodge,Charger,1969,NA,NA,Coupé,USA (United States of America),NA,NA,The Gladiator,Movie made for TV,1986,NA,https://www.imcdb.org/vehicle_386081-Dodge-Charger-1969.html,https://www.imcdb.org/movie_91121-The-Gladiator.html
Dodge,Charger,1971,NA,NA,Coupé,USA (United States of America),NA,NA,Super Bitchin' Muscle Car,Short Movie,2004,NA,https://www.imcdb.org/vehicle_1737044-Dodge-Charger-1971.html,https://www.imcdb.org/movie_406244-Super-Bitchin--Muscle-Car.html
Dodge,Charger,1974,NA,NA,Custom,USA (United States of America),NA,NA,Wheels of Terror,Movie made for TV,1990,NA,https://www.imcdb.org/vehicle_14167-Dodge-Charger-1974.html,https://www.imcdb.org/movie_100917-Wheels-of-Terror.html
Dodge,Charger R/T,1968,NA,NA,Coupé,USA (United States of America),NA,NA,Tamino - Fascination,Music Video,2022,NA,https://www.imcdb.org/vehicle_1785800-Dodge-Charger-R-T-1968.html,https://www.imcdb.org/movie_1004523832-Tamino-Fascination.html
Dodge,Charger R/T,1969,NA,'General Lee',Coupé,USA (United States of America),NA,NA,The Dukes of Hazzard,TV Series,1979,1985,https://www.imcdb.org/vehicle_2071-Dodge-Charger-R-T-1969.html,https://www.imcdb.org/movie_78607-The-Dukes-of-Hazzard.html
Dodge,Charger R/T,1969,NA,NA,Coupé,USA (United States of America),NA,NA,The Dukes of Hazzard: Reunion!,Movie made for TV,1997,NA,https://www.imcdb.org/vehicle_598123-Dodge-Charger-R-T-1969.html,https://www.imcdb.org/movie_119025-The-Dukes-of-Hazzard--Reunion%21.html
Dodge,Charger R/T,1969,NA,NA,Coupé,USA (United States of America),NA,NA,The Dukes,Animation Series,1983,NA,https://www.imcdb.org/vehicle_754566-Dodge-Charger-R-T-1969.html,https://www.imcdb.org/movie_85010-The-Dukes.html
Dodge,Charger R/T,1971,NA,NA,Coupé,USA (United States of America),Brazil,Brazil,Roberto Carlos a 300 Quilômetros Por Hora,Movie,1971,NA,https://www.imcdb.org/vehicle_295757-Dodge-Charger-R-T-1971.html,https://www.imcdb.org/movie_254060-Roberto-Carlos-a-300-Quil%C3%B4metros-Por-Hora.html
Dodge,Charger SRT Hellcat,2021,LD,Redeye Widebody,Sedan,USA (United States of America),Canada,NA,Sexyy Red: Hellcats SRTs,Music Video,2023,NA,https://www.imcdb.org/vehicle_2050570-Dodge-Charger-SRT-Hellcat-LD-2021.html,https://www.imcdb.org/movie_29225015-Sexyy-Red--Hellcats-SRTs.html
Dodge,Coronet,1957,NA,NA,Sedan,USA (United States of America),NA,NA,Highway Patrol,TV Series,1955,1959,https://www.imcdb.org/vehicle_335324-Dodge-Coronet-1957.html,https://www.imcdb.org/movie_47739-Highway-Patrol.html
Dodge,Coronet,1958,NA,NA,Sedan,USA (United States of America),NA,NA,Highway Patrol,TV Series,1955,1959,https://www.imcdb.org/vehicle_335371-Dodge-Coronet-1958.html,https://www.imcdb.org/movie_47739-Highway-Patrol.html
Dodge,Coronet,1959,NA,NA,Sedan,USA (United States of America),NA,NA,Highway Patrol,TV Series,1955,1959,https://www.imcdb.org/vehicle_335419-Dodge-Coronet-1959.html,https://www.imcdb.org/movie_47739-Highway-Patrol.html
Dodge,D-300,1972,AD,Conventional Cab,Fire truck,USA (United States of America),NA,NA,Emergency!,TV Series,1972,1978,https://www.imcdb.org/vehicle_132446-Dodge-D-300-AD-1972.html,https://www.imcdb.org/movie_68067-Emergency%21.html
Dodge,D-400,1968,NA,Armored Truck,Simple truck,USA (United States of America),NA,NA,My Boys Are Good Boys,Movie,1978,NA,https://www.imcdb.org/vehicle_1246724-Dodge-D-400-1968.html,https://www.imcdb.org/movie_77962-My-Boys-Are-Good-Boys.html
Dodge,D-60 L 12,1943,T-110,GS,Simple truck,USA (United States of America),Canada,France,Le salaire de la peur,Movie,1953,NA,https://www.imcdb.org/vehicle_6554-Dodge-D-60-L-12-T-110-1943.html,https://www.imcdb.org/movie_46268-Le-salaire-de-la-peur.html
Dodge,Dodge Van,1980,B-300,Maxivan,Van / MPV,USA (United States of America),Canada,Norway,Lange flate ballær,Movie,2006,NA,https://www.imcdb.org/vehicle_227667-Dodge-Dodge-Van-B-300-1980.html,https://www.imcdb.org/movie_807716-Lange-flate-ball%C3%A6r.html
Dodge,Kingsway,1951,D-40,Four-Door Sedan,Sedan,USA (United States of America),NA,NA,Soför Nebahat,Movie,1960,NA,https://www.imcdb.org/vehicle_1522258-Dodge-Kingsway-D-40-1951.html,https://www.imcdb.org/movie_369948-Sof%C3%B6r-Nebahat.html
Dodge,M4S Turbo Interceptor,1981,NA,NA,Proto / Concept,USA (United States of America),NA,NA,The Wraith,Movie,1986,NA,https://www.imcdb.org/vehicle_4113-Dodge-M4S-Turbo-Interceptor-1981.html,https://www.imcdb.org/movie_92240-The-Wraith.html
Dodge,Monaco,1974,NA,NA,Sedan,USA (United States of America),NA,NA,The Blues Brothers,Movie,1980,NA,https://www.imcdb.org/vehicle_2078-Dodge-Monaco-1974.html,https://www.imcdb.org/movie_80455-The-Blues-Brothers.html
Dodge,Neon,2005,PL,SXT,Sedan,USA (United States of America),NA,NA,Rising Fear,Movie,2016,NA,https://www.imcdb.org/vehicle_1260687-Dodge-Neon-PL-2005.html,https://www.imcdb.org/movie_3006588-Rising-Fear.html
Dodge,Polara,1973,NA,NA,Sedan,USA (United States of America),NA,NA,The Sugarland Express,Movie,1974,NA,https://www.imcdb.org/vehicle_78136-Dodge-Polara-1973.html,https://www.imcdb.org/movie_72226-The-Sugarland-Express.html
Dodge,Polara,1974,NA,RT,Coupé,Argentina,NA,NA,Babasónicos: Desfachatados,Music Video,1999,NA,https://www.imcdb.org/vehicle_928936-Dodge-Polara-1974.html,https://www.imcdb.org/movie_1004517303-Babas%C3%B3nicos--Desfachatados.html
Dodge,Ram,1981,NA,NA,Pick-up,USA (United States of America),NA,NA,Ruby Jean and Joe,Movie made for TV,1996,NA,https://www.imcdb.org/vehicle_756809-Dodge-Ram-1981.html,https://www.imcdb.org/movie_117522-Ruby-Jean-and-Joe.html
Dodge,Ram,1981,D-350,Dually,Pick-up,USA (United States of America),NA,NA,A Friday Night Date,Movie made for TV,2000,NA,https://www.imcdb.org/vehicle_4911-Dodge-Ram-D-350-1981.html,https://www.imcdb.org/movie_250390-A-Friday-Night-Date.html
Dodge,Ram,1995,BE,Club Cab SLT Laramie 4x4,Pick-up,USA (United States of America),NA,NA,Twister,Movie,1996,NA,https://www.imcdb.org/vehicle_2082-Dodge-Ram-BE-1995.html,https://www.imcdb.org/movie_117998-Twister.html
Dodge,Ram,2002,NA,1500 Quad Cab,Pick-up,USA (United States of America),NA,NA,Death Race,Movie,2008,NA,https://www.imcdb.org/vehicle_183298-Dodge-Ram-2002.html,https://www.imcdb.org/movie_452608-Death-Race.html
Dodge,Ram Van,1983,NA,Bob's Van Shop Inc.,Van / MPV,USA (United States of America),Canada,NA,KBV - Keine besonderen Vorkommnisse,TV Series,2021,NA,https://www.imcdb.org/vehicle_1720376-Dodge-Ram-Van-1983.html,https://www.imcdb.org/movie_13959642-KBV-Keine-besonderen-Vorkommnisse.html
Dodge,Tradesman,1974,NA,NA,Van / MPV,USA (United States of America),NA,NA,The Van,Movie,1977,NA,https://www.imcdb.org/vehicle_141807-Dodge-Tradesman-1974.html,https://www.imcdb.org/movie_75378-The-Van.html
Dodge,Tradesman,1974,NA,NA,Van / MPV,USA (United States of America),NA,NA,Death Car on the Freeway,Movie made for TV,1979,NA,https://www.imcdb.org/vehicle_311155-Dodge-Tradesman-1974.html,https://www.imcdb.org/movie_80601-Death-Car-on-the-Freeway.html
Dodge,Viper GTS,1996,SR II,NA,Coupé,USA (United States of America),NA,NA,Viper,TV Series,1994,1999,https://www.imcdb.org/vehicle_748828-Dodge-Viper-GTS-SR-II-1996.html,https://www.imcdb.org/movie_108983-Viper.html
Dodge,Viper RT/10,1992,SR I,NA,Convertible,USA (United States of America),NA,NA,Viper,TV Series,1994,1999,https://www.imcdb.org/vehicle_275183-Dodge-Viper-RT-10-SR-I-1992.html,https://www.imcdb.org/movie_108983-Viper.html
Dodge,Viper RT/10,1993,SR I,'Defender',Coupé,USA (United States of America),NA,NA,Viper,TV Series,1994,1999,https://www.imcdb.org/vehicle_2829-Dodge-Viper-RT-10-SR-I-1993.html,https://www.imcdb.org/movie_108983-Viper.html
Dodge Brothers,NA,NA,NA,NA,Single-deck,USA (United States of America),NA,NA,Gai dimanche!,Short Movie,1935,NA,https://www.imcdb.org/vehicle_790474-Dodge-Brothers.html,https://www.imcdb.org/movie_26394-Gai-dimanche%21.html
Dome,F110,NA,NA,NA,Racecar,Japan,NA,NA,オーバーテイク！ (Overtake!),Animation Series,2023,NA,https://www.imcdb.org/vehicle_1831520-Dome-F110.html,https://www.imcdb.org/movie_27679458-%C3%94b%C3%A2teiku%21.html
Dresser,TD-20 E,NA,NA,NA,Construction & Engineering vehicle,USA (United States of America),NA,NA,Crawler,Movie,2009,NA,https://www.imcdb.org/vehicle_2106250-Dresser-TD-20-E.html,https://www.imcdb.org/movie_1471153-Crawler.html
Ducati,900 SS,1976,NA,NA,Road,Italy,NA,NA,The Italian Machine,Movie made for TV,1976,NA,https://www.imcdb.org/vehicle_497003-Ducati-900-SS-1976.html,https://www.imcdb.org/movie_1154746-The-Italian-Machine.html
Elleham,330 cc,1908,NA,NA,Road,Denmark,NA,NA,Motorcyklisten (The Non-stop Motor Bicycle),Short Movie,1908,NA,https://www.imcdb.org/vehicle_1891965-Elleham-330-cc-1908.html,https://www.imcdb.org/movie_2311452-Motorcycle.html
Elswick,Envoy,1986,NA,NA,Microcar,United Kingdom,NA,NA,Elegy for the Elswick Envoy,Documentary,2007,NA,https://www.imcdb.org/vehicle_1519681-Elswick-Envoy-1986.html,https://www.imcdb.org/movie_1020764-Elegy-for-the-Elswick-Envoy.html
Eltramco,Ramses III,NA,NA,NA,Sedan,Egypt,NA,NA,Ramses the Car,Documentary,2008,NA,https://www.imcdb.org/vehicle_1344493-Eltramco-Ramses-III.html,https://www.imcdb.org/movie_5602808-Ramses-the-Car.html
Elva,Mk.6 Maserati,1962,NA,NA,Racecar,United Kingdom,NA,NA,Viva Las Vegas,Movie,1964,NA,https://www.imcdb.org/vehicle_11461-Elva-Mk6-Maserati-1962.html,https://www.imcdb.org/movie_58725-Viva-Las-Vegas.html
ERF,B-Series,1983,NA,with Jennings Coachworks sleeper conversion,Trailer truck (tractor),United Kingdom,NA,NA,Truckers,TV Series,1987,NA,https://www.imcdb.org/vehicle_871979-ERF-B-Series-1983.html,https://www.imcdb.org/movie_272416-Truckers.html
Essex,Terraplane,1932,NA,Four Door Sedan,Sedan,USA (United States of America),NA,NA,Let's Go Terraplaning,Short Movie,1932,NA,https://www.imcdb.org/vehicle_611707-Essex-Terraplane-1932.html,https://www.imcdb.org/movie_1004514396-Let-s-Go-Terraplaning.html
Evans,S3,NA,NA,Kit car,Coupé,United Kingdom,NA,NA,Bandit: Bandit Bandit,Movie made for TV,1994,NA,https://www.imcdb.org/vehicle_176839-Evans-S3.html,https://www.imcdb.org/movie_109207-Bandit--Bandit-Bandit.html
Fageol,Safety Coach,1928,NA,NA,Single-deck,USA (United States of America),NA,NA,In Search of America,Movie made for TV,1971,NA,https://www.imcdb.org/vehicle_2021759-Fageol-Safety-Coach-1928.html,https://www.imcdb.org/movie_65885-In-Search-of-America.html
FAMSA,Serie SF,NA,NA,NA,Trailer truck (tractor),USA (United States of America),Mexico,NA,El cafre,Movie,1986,NA,https://www.imcdb.org/vehicle_685762-FAMSA-Serie-SF.html,https://www.imcdb.org/movie_88872-El-cafre.html
FAW,Dongfeng CA71,1958,NA,NA,Sedan,China,NA,NA,Dongfeng,Movie,1958,NA,https://www.imcdb.org/vehicle_1778692-FAW-Dongfeng-CA71-1958.html,https://www.imcdb.org/movie_27522176-Dongfeng.html
FAW-Audi,A6 C5,2002,Typ 4B,NA,Sedan,Germany,China,China (People's Republic of China),Jiang cheng xia ri,Movie,2006,NA,https://www.imcdb.org/vehicle_585121-FAW-Audi-A6-Typ-4B-2002.html,https://www.imcdb.org/movie_810954-Jiang-cheng-xia-ri.html
Ferrari,250 GT Berlinetta,1956,0539GT,LWB Scaglietti 'Tour de France',Racecar,Italy,NA,NA,Délit de fuite,Movie,1959,NA,https://www.imcdb.org/vehicle_1680272-Ferrari-250-GT-Berlinetta-0539GT-1956.html,https://www.imcdb.org/movie_136787-D%C3%A9lit-de-fuite.html
Ferrari,250 GTO Replica,1965,NA,NA,Coupé,Italy,NA,NA,ラスト・ラン　愛と裏切りの百億円　疾走!フェラーリ250GTO (Rasuto ran: Ai to uragiri no hyaku-oku en - shissô Ferrari 250 GTO),Movie made for TV,1992,NA,https://www.imcdb.org/vehicle_1710083-Ferrari-250-GTO-Replica-1965.html,https://www.imcdb.org/movie_304318-Rasuto-ran--Ai-to-uragiri-no-hyaku-oku-en-shiss%C3%B4-Ferrari-250-GTO.html
Ferrari,308 GTS,1979,NA,NA,Convertible,Italy,NA,United States of America,"Magnum, P.I.",TV Series,1980,1988,https://www.imcdb.org/vehicle_279743-Ferrari-308-GTS-1979.html,https://www.imcdb.org/movie_80240-Magnum%2C-PI.html
Ferrari,308 GTSi,1981,NA,NA,Coupé,Italy,NA,United States of America,"Magnum, P.I.",TV Series,1980,1988,https://www.imcdb.org/vehicle_2093-Ferrari-308-GTSi-1981.html,https://www.imcdb.org/movie_80240-Magnum%2C-PI.html
Ferrari,308 QV GTSi,1984,NA,NA,Convertible,Italy,NA,United States of America,"Magnum, P.I.",TV Series,1980,1988,https://www.imcdb.org/vehicle_496371-Ferrari-308-QV-GTSi-1984.html,https://www.imcdb.org/movie_80240-Magnum%2C-PI.html
Ferrari,335 S Replica,NA,NA,Spyder as 0646,Convertible,Italy,NA,NA,Ferrari,Movie,2023,NA,https://www.imcdb.org/vehicle_1834911-Ferrari-335-S-Replica.html,https://www.imcdb.org/movie_3758542-Ferrari.html
Ferrari,348 tb,1989,NA,NA,Coupé,Italy,NA,NA,Ferrari 348 tb,Documentary,1989,NA,https://www.imcdb.org/vehicle_553464-Ferrari-348-tb-1989.html,https://www.imcdb.org/movie_1004513748-Ferrari-348-tb.html
Ferrari,360 Modena,2000,NA,NA,Coupé,Italy,NA,NA,फेरारी की सवारी (Ferrari Ki Sawaari),Movie,2012,NA,https://www.imcdb.org/vehicle_2052921-Ferrari-360-Modena-2000.html,https://www.imcdb.org/movie_2122340-Ferrari-Ki-Sawaari.html
Ferrari,456 GT,1993,NA,NA,Coupé,Italy,NA,NA,Une Ferrari pour deux,Movie made for TV,2002,NA,https://www.imcdb.org/vehicle_10176-Ferrari-456-GT-1993.html,https://www.imcdb.org/movie_327214-Une-Ferrari-pour-deux.html
Ferrari,512 TR,1992,NA,NA,Coupé,Italy,NA,NA,Kavinsky: Testarossa Autodrive,Music Video,2006,NA,https://www.imcdb.org/vehicle_456992-Ferrari-512-TR-1992.html,https://www.imcdb.org/movie_15225658-Kavinsky--Testarossa-Autodrive.html
Ferrari,California,2011,F149,NA,Convertible,Italy,NA,NA,Una Ferrari per due,Movie made for TV,2014,NA,https://www.imcdb.org/vehicle_1008071-Ferrari-California-F149-2011.html,https://www.imcdb.org/movie_3242508-Una-Ferrari-per-due.html
Fiat,1100 BLT,1948,NA,NA,Sedan,Italy,NA,NA,Peccato che sia una canaglia,Movie,1954,NA,https://www.imcdb.org/vehicle_299709-Fiat-1100-BLT-1948.html,https://www.imcdb.org/movie_48475-Peccato-che-sia-una-canaglia.html
Fiat,1100 Super Select,1963,103D,'Basanti',Sedan,Italy,India,India (1947+),खुद्दार (Khuddar),Movie,1982,NA,https://www.imcdb.org/vehicle_1304102-Fiat-1100-Super-Select-103D-1963.html,https://www.imcdb.org/movie_84199-Khuddar.html
Fiat,316.8.13,1981,NA,Menarini C13,Single-deck,Italy,NA,NA,Innamorato pazzo,Movie,1981,NA,https://www.imcdb.org/vehicle_181099-Fiat-316813-1981.html,https://www.imcdb.org/movie_82562-Innamorato-pazzo.html
Fiat,500,2017,312,Anniversario,Supermini,Italy,Poland,NA,See you in the future,Short Movie,2017,NA,https://www.imcdb.org/vehicle_2013671-Fiat-500-312-2017.html,https://www.imcdb.org/movie_1004525798-See-you-in-the-future.html
Fiat,500 L,1970,110F/L,NA,Supermini,Italy,NA,NA,It's the life! - L'auto stop,Short Movie,1991,NA,https://www.imcdb.org/vehicle_1063172-Fiat-500-L-110F-L-1970.html,https://www.imcdb.org/movie_407897-It-s-the-life%21-L-auto-stop.html
Fiat,500 L,1972,110F/L,NA,Supermini,Italy,NA,United Kingdom of Great Britain and Northern Ireland,Lush: 500 (Shake Baby Shake),Music Video,1996,NA,https://www.imcdb.org/vehicle_149775-Fiat-500-L-110F-L-1972.html,https://www.imcdb.org/movie_1004509269-Lush--500-%28Shake-Baby-Shake%29.html
Fiat,500L,2013,330,1.3 Multijet Lounge,Van / MPV,Italy,Serbia,NA,Car Share,TV Series,2015,2018,https://www.imcdb.org/vehicle_1007014-Fiat-500L-330-2013.html,https://www.imcdb.org/movie_4635922-Car-Share.html
Fiat,600,1958,100,Custom-made Spider,Convertible,Italy,NA,NA,Calle P.,Movie,1965,NA,https://www.imcdb.org/vehicle_290655-Fiat-600-100-1958.html,https://www.imcdb.org/movie_59009-Calle-P.html
Fiat,682 N3,1962,NA,NA,Simple truck,Italy,NA,NA,La lepre e la tartaruga,Short Movie,1966,NA,https://www.imcdb.org/vehicle_1110577-Fiat-682-N3-1962.html,https://www.imcdb.org/movie_290897-La-lepre-e-la-tartaruga.html
Fiat,850 Sport Spider,1968,100GS,NA,Convertible,Italy,NA,NA,L'automobile,Movie made for TV,1971,NA,https://www.imcdb.org/vehicle_595541-Fiat-850-Sport-Spider-100GS-1968.html,https://www.imcdb.org/movie_237011-L-automobile.html
Fiat,Argenta 1a serie,1981,132C.3,2000 i.e.,Sedan,Italy,NA,NA,Il paramedico,Movie,1982,NA,https://www.imcdb.org/vehicle_392587-Fiat-Argenta-132C3-1981.html,https://www.imcdb.org/movie_84471-Il-paramedico.html
Fiat,Ducato 1a serie,1985,280,NA,Chassis Cab,Italy,NA,NA,Sve džaba,Movie,2006,NA,https://www.imcdb.org/vehicle_1184527-Fiat-Ducato-280-1985.html,https://www.imcdb.org/movie_833540-Sve-d%C5%BEaba.html
Fiat,Ducato 2a serie,1994,230,NA,Ambulance,Italy,NA,NA,Hitna pomoć,Movie,2009,NA,https://www.imcdb.org/vehicle_1197630-Fiat-Ducato-230-1994.html,https://www.imcdb.org/movie_1166101-Hitna-pomo%C4%87.html
Fiat,Ducato 3a serie,2006,250,Kabe Travel Master,Class B or C Motorhome,Italy,Sweden,NA,Vi hade i alla fall tur med vädret - Igen,Movie,2008,NA,https://www.imcdb.org/vehicle_178788-Fiat-Ducato-250-2006.html,https://www.imcdb.org/movie_1307466-Vi-hade-i-alla-fall-tur-med-v%C3%A4dret-Igen.html
Fiat,Ducato Maxi 3a serie,2010,250,3.0 JTD 40 MultiJet Power,Single-deck,Italy,United Kingdom,United Kingdom of Great Britain and Northern Ireland,Mobility,Short Movie,2023,NA,https://www.imcdb.org/vehicle_2073122-Fiat-Ducato-Maxi-250-2010.html,https://www.imcdb.org/movie_28053736-Mobility.html
Fiat,Mille,2005,158,'Carro Rei',Hatchback,Brazil,NA,NA,Carro Rei (King Car),Movie,2021,NA,https://www.imcdb.org/vehicle_1809160-Fiat-Mille-158-2005.html,https://www.imcdb.org/movie_13886712-Carro-Rei.html
Fiat,Panda,1980,141A,NA,Hatchback,Italy,NA,NA,Onu Bella: Minu sõber Fiat,Music Video,1994,NA,https://www.imcdb.org/vehicle_1008357-Fiat-Panda-141A-1980.html,https://www.imcdb.org/movie_1004517964-Onu-Bella--Minu-s%C3%B5ber-Fiat.html
Fiat,Panda,1997,141A,1.1 CLX Selecta,Hatchback,Italy,NA,Japan,旅猫リポート (The Travelling Cat Chronicles),Movie,2018,NA,https://www.imcdb.org/vehicle_1497647-Fiat-Panda-141A-1997.html,https://www.imcdb.org/movie_6622982-Tabineko-rip%C3%B4to.html
Fiat,Panda,1997,141A,1.1 CLX Selecta,Hatchback,Italy,NA,Japan,Uso wo aisuru onna,Movie,2017,NA,https://www.imcdb.org/vehicle_1655646-Fiat-Panda-141A-1997.html,https://www.imcdb.org/movie_6733368-Uso-wo-aisuru-onna.html
Fiat,Regatta,1985,149,'Assan',Sedan,Italy,Argentina,Argentina,Gung Ho,Movie,1986,NA,https://www.imcdb.org/vehicle_85412-Fiat-Regatta-149-1985.html,https://www.imcdb.org/movie_91159-Gung-Ho.html
Fiat,Ritmo 2a serie,1983,138A,NA,Hatchback,Italy,NA,NA,Il tassinaro,Movie,1983,NA,https://www.imcdb.org/vehicle_296010-Fiat-Ritmo-138A-1983.html,https://www.imcdb.org/movie_86412-Il-tassinaro.html
Fiat,Tempra,1990,159,1.6 SX,Sedan,Italy,NA,NA,Автостоп (Hitch-hiking),Movie,1990,NA,https://www.imcdb.org/vehicle_382721-Fiat-Tempra-159-1990.html,https://www.imcdb.org/movie_99075-%D0%90%D0%B2%D1%82%D0%BE%D1%81%D1%82%D0%BE%D0%BF.html
Fleetwood,Bounder,1988,NA,NA,Class A Motorhome,USA (United States of America),NA,NA,Rest Stop: Don't Look Back,Movie,2008,NA,https://www.imcdb.org/vehicle_410536-Fleetwood-Bounder-1988.html,https://www.imcdb.org/movie_995863-Rest-Stop--Don-t-Look-Back.html
Fleetwood,Bounder,1997,NA,NA,Class A Motorhome,USA (United States of America),NA,NA,Snowbirds,Short Movie,2007,NA,https://www.imcdb.org/vehicle_674063-Fleetwood-Bounder-1997.html,https://www.imcdb.org/movie_1112750-Snowbirds.html
Fleetwood,Cambria,1989,NA,on Chevrolet chassis,Class A Motorhome,USA (United States of America),NA,NA,Crowsnest,Movie,2012,NA,https://www.imcdb.org/vehicle_1555413-Fleetwood-Cambria-1989.html,https://www.imcdb.org/movie_2180333-Crowsnest.html
Fleetwood,Flair,1999,NA,NA,Class A Motorhome,USA (United States of America),NA,NA,What Alice Found,Movie,2003,NA,https://www.imcdb.org/vehicle_1903230-Fleetwood-Flair-1999.html,https://www.imcdb.org/movie_343172-What-Alice-Found.html
Fleetwood,Southwind,1997,NA,NA,Class A Motorhome,USA (United States of America),NA,NA,Tourist Trap,Movie made for TV,1998,NA,https://www.imcdb.org/vehicle_735772-Fleetwood-Southwind-1997.html,https://www.imcdb.org/movie_153219-Tourist-Trap.html
Fleetwood,Southwind 34',1989,NA,NA,Class A Motorhome,USA (United States of America),NA,NA,Roadkill,Movie made for TV,2011,NA,https://www.imcdb.org/vehicle_505785-Fleetwood-Southwind-34--1989.html,https://www.imcdb.org/movie_1637713-Roadkill.html
Force,Trax,NA,NA,Cruiser,Off-road / SUV,India,NA,NA,Baba kalyani,Movie,2006,NA,https://www.imcdb.org/vehicle_2035654-Force-Trax.html,https://www.imcdb.org/movie_896909-Baba-kalyani.html
Ford,1½-Ton,1942,NA,NA,Simple truck,USA (United States of America),NA,NA,"Road, Movie",Movie,2009,NA,https://www.imcdb.org/vehicle_367225-Ford-1%C2%BD-Ton-1942.html,https://www.imcdb.org/movie_1190894-Road%2C-Movie.html
Ford,Anglia,1960,105E,Deluxe,Sedan,United Kingdom,NA,NA,Weekend in Paris,Short Movie,1960,NA,https://www.imcdb.org/vehicle_841300-Ford-Anglia-105E-1960.html,https://www.imcdb.org/movie_1004516717-Weekend-in-Paris.html
Ford,B-Series,1985,NA,Blue Bird,Single-deck,USA (United States of America),NA,NA,Paranormal Highway,Movie,2017,NA,https://www.imcdb.org/vehicle_1276609-Ford-B-Series-1985.html,https://www.imcdb.org/movie_2898904-Paranormal-Highway.html
Ford,Bronco,1966,NA,NA,Off-road / SUV,USA (United States of America),NA,NA,John Bronco,Short Movie,2020,NA,https://www.imcdb.org/vehicle_1468674-Ford-Bronco-1966.html,https://www.imcdb.org/movie_11961700-John-Bronco.html
Ford,Bronco,1994,U15,XLT,Off-road / SUV,USA (United States of America),NA,NA,Longmire,TV Series,2012,2017,https://www.imcdb.org/vehicle_506733-Ford-Bronco-U15-1994.html,https://www.imcdb.org/movie_1836037-Longmire.html
Ford,Bronco,2021,U725,Badlands,Off-road / SUV,USA (United States of America),NA,NA,John Bronco Rides Again,Short Movie,2021,NA,https://www.imcdb.org/vehicle_1652162-Ford-Bronco-U725-2021.html,https://www.imcdb.org/movie_15386860-John-Bronco-Rides-Again.html
Ford,Bus,1942,NA,NA,Single-deck,USA (United States of America),NA,NA,Subida al cielo,Movie,1952,NA,https://www.imcdb.org/vehicle_1827832-Ford-Bus-1942.html,https://www.imcdb.org/movie_44084-Subida-al-cielo.html
Ford,Capri MkIII,1979,NA,3.0 S,Coupé,Germany,NA,United Kingdom of Great Britain and Northern Ireland,Getaway Driver,Short Movie,2017,NA,https://www.imcdb.org/vehicle_1732428-Ford-Capri-1979.html,https://www.imcdb.org/movie_6466734-Getaway-Driver.html
Ford,Club Wagon,1972,NA,Window Super Van,Van / MPV,USA (United States of America),NA,NA,The Bad News Bears in Breaking Training,Movie,1977,NA,https://www.imcdb.org/vehicle_1463582-Ford-Club-Wagon-1972.html,https://www.imcdb.org/movie_75718-The-Bad-News-Bears-in-Breaking-Training.html
Ford,CMP,NA,NA,NA,Simple truck,Canada,NA,NA,The Huggetts Abroad,Movie,1949,NA,https://www.imcdb.org/vehicle_1253450-Ford-CMP.html,https://www.imcdb.org/movie_41489-The-Huggetts-Abroad.html
Ford,Consul Cortina GT MkI,1964,NA,NA,Racecar,United Kingdom,NA,Kenya (1938+),Ford on Safari: East African Safari 1964 - Cortina Conquest,Documentary,1964,NA,https://www.imcdb.org/vehicle_789103-Ford-Consul-Cortina-GT-1964.html,https://www.imcdb.org/movie_1004516292-Ford-on-Safari--East-African-Safari-1964-Cortina-Conquest.html
Ford,Crown Victoria,1998,NA,NA,Sedan,USA (United States of America),Canada,NA,Take Me Home,Movie,2011,NA,https://www.imcdb.org/vehicle_505761-Ford-Crown-Victoria-1998.html,https://www.imcdb.org/movie_1261954-Take-Me-Home.html
Ford,Crown Victoria,1999,P71,Police Interceptor,Sedan,USA (United States of America),Canada,NA,Taxi,Movie,2004,NA,https://www.imcdb.org/vehicle_5913-Ford-Crown-Victoria-P71-1999.html,https://www.imcdb.org/movie_316732-Taxi.html
Ford,Crown Victoria,2000,P71,Police Interceptor,Sedan,USA (United States of America),Canada,NA,Goodbye Solo,Movie,2008,NA,https://www.imcdb.org/vehicle_266955-Ford-Crown-Victoria-P71-2000.html,https://www.imcdb.org/movie_1095442-Goodbye-Solo.html
Ford,Crown Victoria,2003,P71,Police Interceptor,Sedan,USA (United States of America),Canada,NA,Cop Car,Movie,2015,NA,https://www.imcdb.org/vehicle_836811-Ford-Crown-Victoria-P71-2003.html,https://www.imcdb.org/movie_3813310-Cop-Car.html
Ford,Crown Victoria,2003,P71,NA,Sedan,USA (United States of America),Canada,NA,Daddio,Movie,2023,NA,https://www.imcdb.org/vehicle_1915677-Ford-Crown-Victoria-P71-2003.html,https://www.imcdb.org/movie_7461686-Daddio.html
Ford,Crown Victoria,2005,P71,Police Interceptor,Sedan,USA (United States of America),Canada,NA,Taxi Brooklyn,TV Series,2014,NA,https://www.imcdb.org/vehicle_705310-Ford-Crown-Victoria-P71-2005.html,https://www.imcdb.org/movie_3027506-Taxi-Brooklyn.html
Ford,Crown Victoria,2009,P71,Police Interceptor,Sedan,USA (United States of America),Canada,NA,Crown Vic,Movie,2019,NA,https://www.imcdb.org/vehicle_1312693-Ford-Crown-Victoria-P71-2009.html,https://www.imcdb.org/movie_4558200-Crown-Vic.html
Ford,E-150,2003,NA,NA,Van / MPV,USA (United States of America),NA,NA,The Devil's Passenger,Short Movie,2018,NA,https://www.imcdb.org/vehicle_1923025-Ford-E-150-2003.html,https://www.imcdb.org/movie_8874362-The-Devil-s-Passenger.html
Ford,E-Series,2003,NA,NA,Van / MPV,USA (United States of America),NA,NA,Nomadland,Movie,2020,NA,https://www.imcdb.org/vehicle_1515641-Ford-E-Series-2003.html,https://www.imcdb.org/movie_9770150-Nomadland.html
Ford,E-Series,2009,NA,Super Duty,Ambulance,USA (United States of America),NA,NA,Ambulance,Movie,2022,NA,https://www.imcdb.org/vehicle_1629144-Ford-E-Series-2009.html,https://www.imcdb.org/movie_4998632-Ambulance.html
Ford,Econoline,1965,E-100,NA,Van / MPV,USA (United States of America),NA,NA,Honey West,TV Series,1965,1966,https://www.imcdb.org/vehicle_518118-Ford-Econoline-E-100-1965.html,https://www.imcdb.org/movie_58814-Honey-West.html
Ford,Econoline,1971,NA,NA,Van / MPV,USA (United States of America),NA,NA,The Man in the White Van,Movie,2023,NA,https://www.imcdb.org/vehicle_1959485-Ford-Econoline-1971.html,https://www.imcdb.org/movie_13232552-The-Man-in-the-White-Van.html
Ford,Econoline,1975,NA,NA,Van / MPV,USA (United States of America),NA,NA,Creep Van,Movie,2012,NA,https://www.imcdb.org/vehicle_518583-Ford-Econoline-1975.html,https://www.imcdb.org/movie_1844643-Creep-Van.html
Ford,Econoline,1983,NA,NA,Van / MPV,USA (United States of America),NA,NA,Return in Red,Movie,2007,NA,https://www.imcdb.org/vehicle_1526696-Ford-Econoline-1983.html,https://www.imcdb.org/movie_889218-Return-in-Red.html
Ford,Econoline,1992,E-350,NA,Ambulance,USA (United States of America),NA,NA,Ambulancen (The Ambulance),Movie,2005,NA,https://www.imcdb.org/vehicle_221385-Ford-Econoline-E-350-1992.html,https://www.imcdb.org/movie_400156-Ambulancen.html
Ford,Econoline,1993,E-350,Fleetwood Tioga Arrow,Class B or C Motorhome,USA (United States of America),NA,NA,"The Road to Emmaus, PA",Documentary,2008,NA,https://www.imcdb.org/vehicle_1702676-Ford-Econoline-E-350-1993.html,https://www.imcdb.org/movie_1310394-The-Road-to-Emmaus%2C-PA.html
Ford,Escort MkIII,1982,NA,Ghia,Hatchback,United Kingdom,NA,NA,Boy in the Back Seat,Short Movie,2022,NA,https://www.imcdb.org/vehicle_1897859-Ford-Escort-1982.html,https://www.imcdb.org/movie_21288404-Boy-in-the-Back-Seat.html
Ford,Escort RS Cosworth MkV,1992,NA,NA,Hatchback,United Kingdom,Germany,Hong Kong (1932+),馬路英雄 II：非法賽車 (Highway Man),Movie,1995,NA,https://www.imcdb.org/vehicle_1977066-Ford-Escort-RS-Cosworth-1992.html,https://www.imcdb.org/movie_113723-Ma-lou-ying-hung-yi--Fei-faat-choi-che.html
Ford,Expedition,1997,UN93,XLT,Off-road / SUV,USA (United States of America),NA,NA,Team Knight Rider,TV Series,1997,1998,https://www.imcdb.org/vehicle_281279-Ford-Expedition-UN93-1997.html,https://www.imcdb.org/movie_127398-Team-Knight-Rider.html
Ford,Explorer,2011,U502,as Monolith,Off-road / SUV,USA (United States of America),NA,NA,Monolith,Movie,2016,NA,https://www.imcdb.org/vehicle_1047230-Ford-Explorer-U502-2011.html,https://www.imcdb.org/movie_4711924-Monolith.html
Ford,F-100,1953,NA,NA,Pick-up,USA (United States of America),NA,NA,Christmas in Evergreen: Bells Are Ringing,Movie made for TV,2020,NA,https://www.imcdb.org/vehicle_1464813-Ford-F-100-1953.html,https://www.imcdb.org/movie_13194940-Christmas-in-Evergreen--Bells-Are-Ringing.html
Ford,F-100,1953,NA,NA,Pick-up,USA (United States of America),NA,NA,Christmas in Evergreen: Tidings of Joy,Movie made for TV,2019,NA,https://www.imcdb.org/vehicle_1464820-Ford-F-100-1953.html,https://www.imcdb.org/movie_10925460-Christmas-in-Evergreen--Tidings-of-Joy.html
Ford,F-100,1961,NA,NA,Pick-up,USA (United States of America),NA,NA,Mirage,Movie,1990,NA,https://www.imcdb.org/vehicle_383117-Ford-F-100-1961.html,https://www.imcdb.org/movie_121556-Mirage.html
Ford,F-150,1997,PN96,SuperCab Flareside,Pick-up,USA (United States of America),NA,NA,Team Knight Rider,TV Series,1997,1998,https://www.imcdb.org/vehicle_281278-Ford-F-150-PN96-1997.html,https://www.imcdb.org/movie_127398-Team-Knight-Rider.html
Ford,F-350,1979,NA,Regular Cab Custom Dually,Chassis Cab,USA (United States of America),NA,NA,Arrested Development,TV Series,2003,2019,https://www.imcdb.org/vehicle_243524-Ford-F-350-1979.html,https://www.imcdb.org/movie_367279-Arrested-Development.html
Ford,F-Series,1958,NA,Heavy/Extra Heavy Duty,Trailer truck (tractor),USA (United States of America),NA,NA,Kraft Suspense Theatre,TV Series,1963,1965,https://www.imcdb.org/vehicle_810010-Ford-F-Series-1958.html,https://www.imcdb.org/movie_56768-Kraft-Suspense-Theatre.html
Ford,F-Series,1976,NA,Regular Cab 'Mr. Twister',Pick-up,USA (United States of America),NA,NA,Twister's Revenge!,Movie,1988,NA,https://www.imcdb.org/vehicle_1225840-Ford-F-Series-1976.html,https://www.imcdb.org/movie_133246-Twister-s-Revenge%21.html
Ford,F-Series,1977,NA,Regular Cab,Pick-up,USA (United States of America),NA,NA,Rest Stop,Movie,2006,NA,https://www.imcdb.org/vehicle_310445-Ford-F-Series-1977.html,https://www.imcdb.org/movie_787505-Rest-Stop.html
Ford,F-Series Super Duty,2003,PHN131,Crew Cab,Pick-up,USA (United States of America),NA,NA,Unhinged,Movie,2020,NA,https://www.imcdb.org/vehicle_1387505-Ford-F-Series-Super-Duty-PHN131-2003.html,https://www.imcdb.org/movie_10059518-Unhinged.html
Ford,Fairlane Crown Victoria,1956,64A,NA,Coupé,USA (United States of America),NA,Sweden,Victoria-en kärlekshistoria,Documentary,2013,NA,https://www.imcdb.org/vehicle_567272-Ford-Fairlane-Crown-Victoria-64A-1956.html,https://www.imcdb.org/movie_2643688-Victoria-en-k%C3%A4rlekshistoria.html
Ford,Fairmont GT,1972,XA,NA,Sedan,Australia,NA,NA,Cactus,Movie,2008,NA,https://www.imcdb.org/vehicle_188143-Ford-Fairmont-GT-XA-1972.html,https://www.imcdb.org/movie_1039949-Cactus.html
Ford,Falcon,1973,XB,NA,Sedan,Australia,NA,NA,Taxi!,Movie made for TV,1979,NA,https://www.imcdb.org/vehicle_2085685-Ford-Falcon-XB-1973.html,https://www.imcdb.org/movie_1163322-Taxi%21.html
Ford,Falcon,1974,XB,NA,Coupé,Australia,NA,NA,Love The Beast,Documentary,2009,NA,https://www.imcdb.org/vehicle_211239-Ford-Falcon-XB-1974.html,https://www.imcdb.org/movie_1284028-Love-The-Beast.html
Ford,Falcon 500,1970,XY,NA,Sedan,Australia,NA,NA,Taxi,Documentary,1972,NA,https://www.imcdb.org/vehicle_1734627-Ford-Falcon-500-XY-1970.html,https://www.imcdb.org/movie_1004523498-Taxi.html
Ford,Falcon GT,1973,XB,351,Coupé,Australia,NA,NA,Mad Max,Movie,1979,NA,https://www.imcdb.org/vehicle_2138-Ford-Falcon-GT-XB-1973.html,https://www.imcdb.org/movie_79501-Mad-Max.html
Ford,Fiesta MkV,2006,B256,1.4 Ghia,Hatchback,Germany,NA,United Kingdom of Great Britain and Northern Ireland,The Big Day,Short Movie,2017,NA,https://www.imcdb.org/vehicle_1521561-Ford-Fiesta-B256-2006.html,https://www.imcdb.org/movie_6853944-The-Big-Day.html
Ford,Fiesta ST MkVI,2015,NA,RX43,Racecar,Germany,NA,NA,Gymkhana Eight: Ultimate Exotic Playground Dubai,Short Movie,2016,NA,https://www.imcdb.org/vehicle_1184294-Ford-Fiesta-ST-2015.html,https://www.imcdb.org/movie_5693852-Gymkhana-Eight--Ultimate-Exotic-Playground-Dubai.html
Ford,Focus,2015,NA,SE,Sedan,Germany,USA (United States of America),United States of America,What Lies Ahead,Movie,2019,NA,https://www.imcdb.org/vehicle_1329776-Ford-Focus-2015.html,https://www.imcdb.org/movie_6009582-What-Lies-Ahead.html
Ford,Fusion NASCAR,NA,NA,NA,Racecar,USA (United States of America),NA,NA,Desafío,Movie,2010,NA,https://www.imcdb.org/vehicle_1685104-Ford-Fusion-NASCAR.html,https://www.imcdb.org/movie_1392982-Desaf%C3%ADo.html
Ford,Galaxie 500,1965,NA,NA,Sedan,USA (United States of America),NA,NA,Der Springteufel,Movie made for TV,1974,NA,https://www.imcdb.org/vehicle_393990-Ford-Galaxie-500-1965.html,https://www.imcdb.org/movie_251411-Der-Springteufel.html
Ford,Galaxie 500,1968,NA,'Ford Timelord',Sedan,USA (United States of America),NA,United Kingdom of Great Britain and Northern Ireland,The Timelords: Doctorin' the Tardis,Music Video,1988,NA,https://www.imcdb.org/vehicle_422685-Ford-Galaxie-500-1968.html,https://www.imcdb.org/movie_27846832-The-Timelords--Doctorin--the-Tardis.html
Ford,Galaxie 500,1968,NA,'Ford Timelord',Sedan,USA (United States of America),NA,United Kingdom of Great Britain and Northern Ireland,The White Room,Movie,1989,NA,https://www.imcdb.org/vehicle_1799357-Ford-Galaxie-500-1968.html,https://www.imcdb.org/movie_98641-The-White-Room.html
Ford,Galaxie 500,1969,NA,NA,Sedan,USA (United States of America),NA,NA,Liebe durch die Autotür,Movie,1973,NA,https://www.imcdb.org/vehicle_610507-Ford-Galaxie-500-1969.html,https://www.imcdb.org/movie_68849-Liebe-durch-die-Autot%C3%BCr.html
Ford,Gran Torino,1976,NA,NA,Coupé,USA (United States of America),NA,NA,Starsky and Hutch,TV Series,1975,1979,https://www.imcdb.org/vehicle_2837-Ford-Gran-Torino-1976.html,https://www.imcdb.org/movie_72567-Starsky-and-Hutch.html
Ford,Gran Torino,1976,NA,NA,Coupé,USA (United States of America),NA,NA,Starsky & Hutch,Movie,2004,NA,https://www.imcdb.org/vehicle_6938-Ford-Gran-Torino-1976.html,https://www.imcdb.org/movie_335438-Starsky-%26-Hutch.html
Ford,Gran Torino Sport,1972,63R,SportsRoof,Coupé,USA (United States of America),NA,NA,Gran Torino,Movie,2008,NA,https://www.imcdb.org/vehicle_173552-Ford-Gran-Torino-Sport-63R-1972.html,https://www.imcdb.org/movie_1205489-Gran-Torino.html
Ford,Granada MkII,1981,NA,2.3 GL,Sedan,Germany,NA,NA,The Appointment,Movie,1982,NA,https://www.imcdb.org/vehicle_558931-Ford-Granada-1981.html,https://www.imcdb.org/movie_82025-The-Appointment.html
Ford,Granada MkIII,1985,NA,2.0i GL,Hatchback,Germany,NA,United Kingdom of Great Britain and Northern Ireland,Revolver,Short Movie,1991,NA,https://www.imcdb.org/vehicle_481746-Ford-Granada-1985.html,https://www.imcdb.org/movie_424389-Revolver.html
Ford,Granada Coupé MkI,1974,NA,GXL V8,Coupé,Germany,NA,NA,Absolute Giganten,Movie,1999,NA,https://www.imcdb.org/vehicle_97680-Ford-Granada-Coup%C3%A9-1974.html,https://www.imcdb.org/movie_177507-Absolute-Giganten.html
Ford,LNT-Series,1974,NA,NA,Simple truck,USA (United States of America),NA,NA,Neon City,Movie,1991,NA,https://www.imcdb.org/vehicle_369629-Ford-LNT-Series-1974.html,https://www.imcdb.org/movie_104981-Neon-City.html
Ford,LTD,1980,54H,NA,Sedan,USA (United States of America),NA,NA,Waterproof,Movie,1999,NA,https://www.imcdb.org/vehicle_103105-Ford-LTD-54H-1980.html,https://www.imcdb.org/movie_138927-Waterproof.html
Ford,LTD Country Squire,1980,NA,'Wagon Queen Family Truckster' by Barris Kustoms,Wagon,USA (United States of America),NA,NA,National Lampoon's Vacation,Movie,1983,NA,https://www.imcdb.org/vehicle_25982-Ford-LTD-Country-Squire-1980.html,https://www.imcdb.org/movie_85995-National-Lampoon-s-Vacation.html
Ford,LTD Country Squire,1983,NA,NA,Wagon,USA (United States of America),NA,NA,Mom and Dad Save the World,Movie,1992,NA,https://www.imcdb.org/vehicle_1519165-Ford-LTD-Country-Squire-1983.html,https://www.imcdb.org/movie_104905-Mom-and-Dad-Save-the-World.html
Ford,LTL-9000,1983,NA,NA,Trailer truck (tractor),USA (United States of America),Australia,Australia (1954+),Queen of the Road,Movie made for TV,1984,NA,https://www.imcdb.org/vehicle_1303918-Ford-LTL-9000-1983.html,https://www.imcdb.org/movie_87965-Queen-of-the-Road.html
Ford,M4 A3 Sherman,1942,NA,NA,Military armored vehicle,USA (United States of America),NA,NA,Tank,Movie,1984,NA,https://www.imcdb.org/vehicle_153558-Ford-M4-A3-Sherman-1942.html,https://www.imcdb.org/movie_88224-Tank.html
Ford,Maverick,1974,NA,NA,Sedan,USA (United States of America),NA,NA,Runaway Car,Movie made for TV,1997,NA,https://www.imcdb.org/vehicle_167410-Ford-Maverick-1974.html,https://www.imcdb.org/movie_120041-Runaway-Car.html
Ford,Maverick,1974,NA,Berta 'Haras Hollywood',Racecar,USA (United States of America),Brazil,NA,Maverick: Manhunt Brazil,Movie,2016,NA,https://www.imcdb.org/vehicle_1147000-Ford-Maverick-1974.html,https://www.imcdb.org/movie_4143066-Maverick--Manhunt-Brazil.html
Ford,Model A,1928,NA,NA,Convertible,USA (United States of America),NA,NA,Telefonul,Movie,1991,NA,https://www.imcdb.org/vehicle_1195123-Ford-Model-A-1928.html,https://www.imcdb.org/movie_103061-Telefonul.html
Ford,Model B,1932,NA,Roadster Custom Hotrod,Convertible,USA (United States of America),NA,NA,Hot Rod,Movie,1950,NA,https://www.imcdb.org/vehicle_1562730-Ford-Model-B-1932.html,https://www.imcdb.org/movie_42578-Hot-Rod.html
Ford,Model T,NA,NA,NA,Sedan,USA (United States of America),NA,NA,Free Wheeling,Short Movie,1932,NA,https://www.imcdb.org/vehicle_376386-Ford-Model-T.html,https://www.imcdb.org/movie_22916-Free-Wheeling.html
Ford,Model T,NA,NA,NA,Convertible,USA (United States of America),NA,NA,One Wild Ride,Short Movie,1925,NA,https://www.imcdb.org/vehicle_627175-Ford-Model-T.html,https://www.imcdb.org/movie_234392-One-Wild-Ride.html
Ford,Model T,NA,NA,NA,Convertible,USA (United States of America),NA,NA,Tenemos 18 años,Movie,1959,NA,https://www.imcdb.org/vehicle_1090795-Ford-Model-T.html,https://www.imcdb.org/movie_53342-Tenemos-18-a%C3%B1os.html
Ford,Model T,NA,NA,NA,Convertible,USA (United States of America),NA,NA,The Wages of Tin,Short Movie,1925,NA,https://www.imcdb.org/vehicle_1407038-Ford-Model-T.html,https://www.imcdb.org/movie_433146-The-Wages-of-Tin.html
Ford,Model T,NA,NA,NA,Convertible,USA (United States of America),NA,NA,Tough Luck and Tin Lizzies,Short Movie,1917,NA,https://www.imcdb.org/vehicle_1487558-Ford-Model-T.html,https://www.imcdb.org/movie_277391-Tough-Luck-and-Tin-Lizzies.html
Ford,Model T,NA,NA,NA,Convertible,USA (United States of America),NA,Hong Kong (1932+),行運老爺車 (The Fortunate Old Car),Movie,1964,NA,https://www.imcdb.org/vehicle_2071711-Ford-Model-T.html,https://www.imcdb.org/movie_2327653-Hang-wan-lou-ye-che.html
Ford,Model T,1919,NA,Runabout,Convertible,USA (United States of America),NA,NA,Get Out and Get Under,Short Movie,1920,NA,https://www.imcdb.org/vehicle_76108-Ford-Model-T-1919.html,https://www.imcdb.org/movie_11223-Get-Out-and-Get-Under.html
Ford,Model T,1923,NA,Touring,Convertible,USA (United States of America),NA,NA,Perfect Day,Short Movie,1929,NA,https://www.imcdb.org/vehicle_30004-Ford-Model-T-1923.html,https://www.imcdb.org/movie_20264-Perfect-Day.html
Ford,Model T,1923,NA,'T-Bucket' Hot Rod nicknamed 'Boddy II',Custom,USA (United States of America),NA,NA,Salve-se Quem Puder,Movie,1973,NA,https://www.imcdb.org/vehicle_1325648-Ford-Model-T-1923.html,https://www.imcdb.org/movie_201053-Salve-se-Quem-Puder.html
Ford,Model T,1924,NA,NA,Convertible,USA (United States of America),NA,NA,His First Car,Short Movie,1924,NA,https://www.imcdb.org/vehicle_526772-Ford-Model-T-1924.html,https://www.imcdb.org/movie_474148-His-First-Car.html
Ford,Mondeo MkIII,2005,CD132,2.0 TDCi Zetec,Hatchback,Germany,Belgium,United Kingdom of Great Britain and Northern Ireland,Informer,TV Series,2018,NA,https://www.imcdb.org/vehicle_1492606-Ford-Mondeo-CD132-2005.html,https://www.imcdb.org/movie_7161312-Informer.html
Ford,Mustang,1965,NA,NA,Coupé,USA (United States of America),NA,NA,Marketing the Mustang: An American Icon,Documentary,2011,NA,https://www.imcdb.org/vehicle_387498-Ford-Mustang-1965.html,https://www.imcdb.org/movie_6864582-Marketing-the-Mustang--An-American-Icon.html
Ford,Mustang,1965,NA,'Hoonicorn',Coupé,USA (United States of America),NA,NA,Gymkhana Seven: Wild In the Streets of Los Angeles,Short Movie,2014,NA,https://www.imcdb.org/vehicle_758667-Ford-Mustang-1965.html,https://www.imcdb.org/movie_4341714-Gymkhana-Seven--Wild-In-the-Streets-of-Los-Angeles.html
Ford,Mustang,1965,NA,Hoonicorn RTR V2,Coupé,USA (United States of America),NA,NA,Climbkhana: Pikes Peak,Short Movie,2017,NA,https://www.imcdb.org/vehicle_1184315-Ford-Mustang-1965.html,https://www.imcdb.org/movie_7578308-Climbkhana--Pikes-Peak.html
Ford,Mustang,1965,NA,2+2 Fastback,Coupé,USA (United States of America),NA,NA,Desafío,Movie,2010,NA,https://www.imcdb.org/vehicle_1678225-Ford-Mustang-1965.html,https://www.imcdb.org/movie_1392982-Desaf%C3%ADo.html
Ford,Mustang,1965,NA,Sportsroof,Coupé,USA (United States of America),NA,NA,Oldscool,Short Movie,2020,NA,https://www.imcdb.org/vehicle_1768718-Ford-Mustang-1965.html,https://www.imcdb.org/movie_11917918-Oldscool.html
Ford,Mustang,1965,NA,NA,Convertible,USA (United States of America),NA,NA,Marketing the Mustang: An American Icon,Documentary,2011,NA,https://www.imcdb.org/vehicle_387501-Ford-Mustang-1965.html,https://www.imcdb.org/movie_6864582-Marketing-the-Mustang--An-American-Icon.html
Ford,Mustang,1965,08,Convertible,Convertible,USA (United States of America),NA,NA,Woodstock Or Bust,Movie,2018,NA,https://www.imcdb.org/vehicle_1518375-Ford-Mustang-08-1965.html,https://www.imcdb.org/movie_6535838-Woodstock-Or-Bust.html
Ford,Mustang,1966,NA,NA,Coupé,USA (United States of America),NA,NA,Five for Fighting: 65 Mustang,Music Video,2006,NA,https://www.imcdb.org/vehicle_549439-Ford-Mustang-1966.html,https://www.imcdb.org/movie_1004513714-Five-for-Fighting--65-Mustang.html
Ford,Mustang,1966,NA,'Wheels',Coupé,USA (United States of America),NA,NA,Pole Position,Animation Series,1984,1985,https://www.imcdb.org/vehicle_1584693-Ford-Mustang-1966.html,https://www.imcdb.org/movie_86781-Pole-Position.html
Ford,Mustang,1967,02,289 2+2 Fastback,Coupé,USA (United States of America),NA,NA,Børning (Borning),Movie,2014,NA,https://www.imcdb.org/vehicle_820857-Ford-Mustang-02-1967.html,https://www.imcdb.org/movie_3102440-B%C3%B8rning.html
Ford,Mustang,1967,02,289 2+2 Fastback,Coupé,USA (United States of America),NA,NA,Børning 2,Movie,2016,NA,https://www.imcdb.org/vehicle_1083646-Ford-Mustang-02-1967.html,https://www.imcdb.org/movie_4956984-B%C3%B8rning-2.html
Ford,Mustang,1967,02,289 2+2 Fastback,Coupé,USA (United States of America),NA,NA,Børning 3,Movie,2020,NA,https://www.imcdb.org/vehicle_1465073-Ford-Mustang-02-1967.html,https://www.imcdb.org/movie_6527456-B%C3%B8rning-3.html
Ford,Mustang,1967,65A,Hardtop,Coupé,USA (United States of America),NA,NA,It Crawls Beneath,Movie,2022,NA,https://www.imcdb.org/vehicle_2063859-Ford-Mustang-65A-1967.html,https://www.imcdb.org/movie_12324092-It-Crawls-Beneath.html
Ford,Mustang,1968,NA,GT,Coupé,USA (United States of America),NA,NA,Alistair Griffin: Just Drive,Music Video,2010,NA,https://www.imcdb.org/vehicle_2048774-Ford-Mustang-1968.html,https://www.imcdb.org/movie_1004526141-Alistair-Griffin--Just-Drive.html
Ford,Mustang,1968,63A,390 GT 2+2 Fastback,Coupé,USA (United States of America),NA,NA,Bullitt,Movie,1968,NA,https://www.imcdb.org/vehicle_2159-Ford-Mustang-63A-1968.html,https://www.imcdb.org/movie_62765-Bullitt.html
Ford,Mustang,1971,63D,Sportsroof (modified as 1973),Coupé,USA (United States of America),NA,NA,Gone in 60 Seconds,Movie,1974,NA,https://www.imcdb.org/vehicle_4972-Ford-Mustang-63D-1971.html,https://www.imcdb.org/movie_71571-Gone-in-60-Seconds.html
Ford,Mustang,1988,NA,GT,Convertible,USA (United States of America),NA,NA,Dead Silence,Movie made for TV,1991,NA,https://www.imcdb.org/vehicle_1656713-Ford-Mustang-1988.html,https://www.imcdb.org/movie_101674-Dead-Silence.html
Ford,Mustang,2006,S197,GT,Coupé,USA (United States of America),NA,NA,Death Race,Movie,2008,NA,https://www.imcdb.org/vehicle_183297-Ford-Mustang-S197-2006.html,https://www.imcdb.org/movie_452608-Death-Race.html
Ford,Mustang,2013,S197,GT,Coupé,USA (United States of America),NA,NA,Wrecker,Movie,2016,NA,https://www.imcdb.org/vehicle_905876-Ford-Mustang-S197-2013.html,https://www.imcdb.org/movie_4227282-Wrecker.html
Ford,Mustang,2014,S197,GT,Coupé,USA (United States of America),NA,NA,Need For Speed,Movie,2014,NA,https://www.imcdb.org/vehicle_634916-Ford-Mustang-S197-2014.html,https://www.imcdb.org/movie_2369135-Need-For-Speed.html
Ford,Mustang,2015,S550,GT,Coupé,USA (United States of America),NA,NA,Diablo,Movie,2019,NA,https://www.imcdb.org/vehicle_1554457-Ford-Mustang-S550-2015.html,https://www.imcdb.org/movie_8857666-Diablo.html
Ford,Mustang Cobra,1996,SN95,SVT,Convertible,USA (United States of America),NA,NA,Team Knight Rider,TV Series,1997,1998,https://www.imcdb.org/vehicle_281280-Ford-Mustang-Cobra-SN95-1996.html,https://www.imcdb.org/movie_127398-Team-Knight-Rider.html
Ford,Mustang Mach 1,1973,63R,NA,Coupé,USA (United States of America),NA,United Kingdom of Great Britain and Northern Ireland,Saxondale,TV Series,2006,2007,https://www.imcdb.org/vehicle_51394-Ford-Mustang-Mach-1-63R-1973.html,https://www.imcdb.org/movie_760141-Saxondale.html
Ford,Sierra MkI,NA,NA,NA,Hatchback,Germany,NA,NA,Sierra,Animation Movie,2022,NA,https://www.imcdb.org/vehicle_1876353-Ford-Sierra.html,https://www.imcdb.org/movie_16755996-Sierra.html
Ford,Sierra MkI,1987,NA,NA,Sedan,Germany,NA,NA,Delivery Run,Movie,2025,NA,https://www.imcdb.org/vehicle_2054653-Ford-Sierra-1987.html,https://www.imcdb.org/movie_30219247-Delivery-Run.html
Ford,Sierra MkII,1990,NA,NA,Sedan,Germany,Belgium,NA,Marina Satti: Zari,Music Video,2024,NA,https://www.imcdb.org/vehicle_1881662-Ford-Sierra-1990.html,https://www.imcdb.org/movie_31624154-Marina-Satti--Zari.html
Ford,Super De Luxe,1946,69A,Likbil,Funeral,USA (United States of America),Sweden,NA,Den vilda jakten på likbilen,Movie,1969,NA,https://www.imcdb.org/vehicle_162250-Ford-Super-De-Luxe-69A-1946.html,https://www.imcdb.org/movie_63774-Den-vilda-jakten-p%C3%A5-likbilen.html
Ford,Taunus,1971,TC1,'Anka',Sedan,Germany,NA,NA,Anka,Movie,2022,NA,https://www.imcdb.org/vehicle_1736959-Ford-Taunus-TC1-1971.html,https://www.imcdb.org/movie_15520090-Anka.html
Ford,Taunus,1971,TC1,L,Sedan,Germany,NA,NA,Anka,Movie,2022,NA,https://www.imcdb.org/vehicle_1736966-Ford-Taunus-TC1-1971.html,https://www.imcdb.org/movie_15520090-Anka.html
Ford,Taunus,1977,TC2,2.0 L 'Fårrden',Sedan,Germany,NA,NA,Byhåla,TV Series,1991,1992,https://www.imcdb.org/vehicle_143664-Ford-Taunus-TC2-1977.html,https://www.imcdb.org/movie_446522-Byh%C3%A5la.html
Ford,Taunus,1979,TC2,2.0 L 'Fårrden',Sedan,Germany,NA,NA,Byhåla 2 - Tillbaka till Fårrden,TV Series,1992,NA,https://www.imcdb.org/vehicle_143674-Ford-Taunus-TC2-1979.html,https://www.imcdb.org/movie_123343-Byh%C3%A5la-2-Tillbaka-till-F%C3%A5rrden.html
Ford,Taunus,1980,TC3,2.0 L 'Fårrden',Sedan,Germany,NA,Sweden,Byhåla 3,TV Series,1993,NA,https://www.imcdb.org/vehicle_306959-Ford-Taunus-TC3-1980.html,https://www.imcdb.org/movie_480062-Byh%C3%A5la-3.html
Ford,Taunus 12M,1952,G13,NA,Sedan,Germany,NA,NA,Une histoire d'eau,Short Movie,1961,NA,https://www.imcdb.org/vehicle_90373-Ford-Taunus-12M-G13-1952.html,https://www.imcdb.org/movie_52338-Une-histoire-d-eau.html
Ford,Taurus,1999,DN101,LX,Sedan,USA (United States of America),NA,NA,Sexbruise?: Ford Taurus,Music Video,2023,NA,https://www.imcdb.org/vehicle_2003446-Ford-Taurus-DN101-1999.html,https://www.imcdb.org/movie_27636162-Sexbruise--Ford-Taurus.html
Ford,Telstar,1994,GE,1.8i GLX,Sedan,Japan,Taiwan,Taiwan (Republic of China),一路順風 (Godspeed),Movie,2016,NA,https://www.imcdb.org/vehicle_1009331-Ford-Telstar-GE-1994.html,https://www.imcdb.org/movie_5952306-Yi-lu-shun-feng.html
Ford,Thunderbird,1957,40,NA,Convertible,USA (United States of America),NA,NA,Vega$,TV Series,1978,1981,https://www.imcdb.org/vehicle_207-Ford-Thunderbird-40-1957.html,https://www.imcdb.org/movie_77093-Vega%24.html
Ford,Thunderbird,1963,76B,Sports Roadster,Convertible,USA (United States of America),NA,NA,Marc Cohn: Silver Thunderbird,Music Video,1991,NA,https://www.imcdb.org/vehicle_1711270-Ford-Thunderbird-76B-1963.html,https://www.imcdb.org/movie_14428532-Marc-Cohn--Silver-Thunderbird.html
Ford,Thunderbird,1966,76A,NA,Convertible,USA (United States of America),NA,NA,Thelma & Louise,Movie,1991,NA,https://www.imcdb.org/vehicle_748-Ford-Thunderbird-76A-1966.html,https://www.imcdb.org/movie_103074-Thelma-%26-Louise.html
Ford,Transit MkII,1984,NA,Dormobile Parcel Van,Van / MPV,United Kingdom,NA,NA,The Van,Movie,1996,NA,https://www.imcdb.org/vehicle_29370-Ford-Transit-1984.html,https://www.imcdb.org/movie_118064-The-Van.html
Ford,Transit MkIII,1995,NA,NA,Van / MPV,United Kingdom,NA,NA,Evropeiskiy convoy,Mini-Series,2003,NA,https://www.imcdb.org/vehicle_439651-Ford-Transit-1995.html,https://www.imcdb.org/movie_466511-Evropeiskiy-convoy.html
Ford,Transit MkIII,1997,VE83,2.5 D 80S,Van / MPV,United Kingdom,NA,NA,White Van Man,TV Series,2011,2012,https://www.imcdb.org/vehicle_2008951-Ford-Transit-VE83-1997.html,https://www.imcdb.org/movie_1711422-White-Van-Man.html
Ford,Transit MkIV,2000,V184/5,NA,Ambulance,Europe,NA,NA,Sirens,TV Series,2011,NA,https://www.imcdb.org/vehicle_1490385-Ford-Transit-V184-5-2000.html,https://www.imcdb.org/movie_1942147-Sirens.html
Ford,Transit MkIV,2001,V184,2.4 TDDi 330L High Roof RWD,Van / MPV,Europe,Belgium,United Kingdom of Great Britain and Northern Ireland,The Sparticle Mystery,TV Series,2011,2015,https://www.imcdb.org/vehicle_1259007-Ford-Transit-V184-2001.html,https://www.imcdb.org/movie_1781715-The-Sparticle-Mystery.html
Ford,Transit Camper MkI,1971,NA,CI Autohomes,Class B or C Motorhome,United Kingdom,NA,NA,Prázdniny s Brouckem (Holidays with Brouck),Movie,2024,NA,https://www.imcdb.org/vehicle_1907363-Ford-Transit-Camper-1971.html,https://www.imcdb.org/movie_32214153-Pr%C3%A1zdniny-s-Brouckem.html
Ford,V8,1932,18,Deuce Coupe,Coupé,USA (United States of America),NA,NA,American Graffiti,Movie,1973,NA,https://www.imcdb.org/vehicle_1042-Ford-V8-18-1932.html,https://www.imcdb.org/movie_69704-American-Graffiti.html
Ford,V8,1932,18,3-Window Coupe Hot Rod,Coupé,USA (United States of America),NA,NA,Deuce Coupe,Movie,1992,NA,https://www.imcdb.org/vehicle_510392-Ford-V8-18-1932.html,https://www.imcdb.org/movie_104094-Deuce-Coupe.html
Ford,V8,1932,18,Roadster Hot Rod 'Deuce of Spades',Convertible,USA (United States of America),NA,NA,Deuce of Spades,Movie,2010,NA,https://www.imcdb.org/vehicle_392117-Ford-V8-18-1932.html,https://www.imcdb.org/movie_1384586-Deuce-of-Spades.html
Ford,V8,1934,40,3-Window Coupe,Coupé,USA (United States of America),NA,NA,The California Kid,Movie made for TV,1974,NA,https://www.imcdb.org/vehicle_10444-Ford-V8-40-1934.html,https://www.imcdb.org/movie_71268-The-California-Kid.html
Ford,Windstar,2001,WIN126,LX,Van / MPV,USA (United States of America),Canada,NA,The Detour,TV Series,2016,2019,https://www.imcdb.org/vehicle_910184-Ford-Windstar-WIN126-2001.html,https://www.imcdb.org/movie_4903242-The-Detour.html
Ford,Zephyr MkII,1961,206E,NA,Sedan,United Kingdom,New Zealand,New Zealand (1958+),Mark II,Movie made for TV,1986,NA,https://www.imcdb.org/vehicle_2106649-Ford-Zephyr-206E-1961.html,https://www.imcdb.org/movie_1018745-Mark-II.html
Ford,Zephyr Six MkI,1956,EOTTA,NA,Sedan,United Kingdom,NA,NA,Pet Shop Boys: Always On My Mind,Music Video,1987,NA,https://www.imcdb.org/vehicle_665070-Ford-Zephyr-Six-EOTTA-1956.html,https://www.imcdb.org/movie_6786614-Pet-Shop-Boys--Always-On-My-Mind.html
Ford,Zodiac MkII,1957,206E,NA,Sedan,United Kingdom,NA,NA,Britain's Best Drives,Non-fiction TV,2009,NA,https://www.imcdb.org/vehicle_1138971-Ford-Zodiac-206E-1957.html,https://www.imcdb.org/movie_1445537-Britain-s-Best-Drives.html
Ford Shelby,GT 500 KR SVT,2008,S197,NA,Coupé,USA (United States of America),NA,NA,Knight Rider,Movie made for TV,2008,NA,https://www.imcdb.org/vehicle_156242-Ford-Shelby-GT-500-KR-SVT-S197-2008.html,https://www.imcdb.org/movie_1114258-Knight-Rider.html
Ford Shelby,GT 500 KR SVT,2008,S197,NA,Coupé,USA (United States of America),NA,NA,Knight Rider,TV Series,2008,2009,https://www.imcdb.org/vehicle_193032-Ford-Shelby-GT-500-KR-SVT-S197-2008.html,https://www.imcdb.org/movie_1213404-Knight-Rider.html
Ford Shelby,GT 500 SVT,2007,S197,NA,Coupé,USA (United States of America),NA,NA,Getaway,Movie,2013,NA,https://www.imcdb.org/vehicle_603254-Ford-Shelby-GT-500-SVT-S197-2007.html,https://www.imcdb.org/movie_2167202-Getaway.html
Fordson,Model F,1918,NA,NA,Farming vehicle,USA (United States of America),NA,NA,Green Acres,TV Series,1965,1971,https://www.imcdb.org/vehicle_234335-Fordson-Model-F-1918.html,https://www.imcdb.org/movie_58808-Green-Acres.html
Forest River,Georgetown,2005,NA,8359 Pre-production,Class A Motorhome,USA (United States of America),NA,NA,RV,Movie,2006,NA,https://www.imcdb.org/vehicle_45837-Forest-River-Georgetown-2005.html,https://www.imcdb.org/movie_449089-RV.html
Fowler,7 n.h.p. 18 ton,1920,No.15657,'The Iron Maiden',Steam engine,United Kingdom,NA,NA,The Iron Maiden,Movie,1963,NA,https://www.imcdb.org/vehicle_1353735-Fowler-7-nhp-18-ton-No15657-1920.html,https://www.imcdb.org/movie_56105-The-Iron-Maiden.html
Freightliner,Business Class M2,NA,NA,NA,Simple truck,USA (United States of America),NA,NA,Goodbye Honey,Movie,2021,NA,https://www.imcdb.org/vehicle_1517011-Freightliner-Business-Class-M2.html,https://www.imcdb.org/movie_7841954-Goodbye-Honey.html
Freightliner,FLC 112,1995,NA,NA,Trailer truck (tractor),USA (United States of America),NA,Australia (1954+),Road Train,Movie,2010,NA,https://www.imcdb.org/vehicle_324827-Freightliner-FLC-112-1995.html,https://www.imcdb.org/movie_1241330-Road-Train.html
Freightliner,FLT 86 64 T,NA,NA,NA,Trailer truck (tractor),USA (United States of America),NA,NA,Transformers: Rise of the Beasts,Movie,2023,NA,https://www.imcdb.org/vehicle_1729660-Freightliner-FLT-86-64-T.html,https://www.imcdb.org/movie_5090568-Transformers--Rise-of-the-Beasts.html
Freightliner,FS-65,NA,NA,Thomas Built,School,USA (United States of America),NA,NA,The Lost Bus,Movie,2025,NA,https://www.imcdb.org/vehicle_2030469-Freightliner-FS-65.html,https://www.imcdb.org/movie_21103218-The-Lost-Bus.html
FSO,Polonez,1978,B01.AA,1500,Hatchback,Poland,NA,NA,07 zgłoś się,TV Series,1976,1987,https://www.imcdb.org/vehicle_90635-FSO-Polonez-B01AA-1978.html,https://www.imcdb.org/movie_399943-07-zg%C5%82o%C5%9B-si%C4%99.html
FSO,Polonez,1978,B01.AA,1500,Hatchback,Poland,NA,NA,Narodziny Poloneza,Documentary,1978,NA,https://www.imcdb.org/vehicle_457077-FSO-Polonez-B01AA-1978.html,https://www.imcdb.org/movie_1004512777-Narodziny-Poloneza.html
FSO,Polonez,1980,B01,1500,Hatchback,Poland,NA,NA,07 zgłoś się,TV Series,1976,1987,https://www.imcdb.org/vehicle_93635-FSO-Polonez-B01-1980.html,https://www.imcdb.org/movie_399943-07-zg%C5%82o%C5%9B-si%C4%99.html
FSO,Polonez,1980,B01,1500,Hatchback,Poland,NA,NA,Aluminium Overcast: Polonez,Music Video,2016,NA,https://www.imcdb.org/vehicle_2033571-FSO-Polonez-B01-1980.html,https://www.imcdb.org/movie_1004526017-Aluminium-Overcast--Polonez.html
FSO,Polonez,1981,B01.AA,1500 Popular,Hatchback,Poland,NA,NA,Krótki film o zabijaniu,Movie,1987,NA,https://www.imcdb.org/vehicle_176444-FSO-Polonez-B01AA-1981.html,https://www.imcdb.org/movie_95468-Kr%C3%B3tki-film-o-zabijaniu.html
FSO,Polonez,1983,B01,1.5,Hatchback,Poland,NA,NA,07 zgłoś się,TV Series,1976,1987,https://www.imcdb.org/vehicle_350550-FSO-Polonez-B01-1983.html,https://www.imcdb.org/movie_399943-07-zg%C5%82o%C5%9B-si%C4%99.html
FSO,Syrena 103,1965,S-150,NA,Sedan,Poland,NA,NA,Kochajmy syrenki,Movie,1967,NA,https://www.imcdb.org/vehicle_146649-FSO-Syrena-103-S-150-1965.html,https://www.imcdb.org/movie_61873-Kochajmy-syrenki.html
FSO,Syrena Sport Replika,2012,NA,Bojar Tuning,Coupé,Poland,NA,NA,Legendy PRL,Non-fiction TV,2007,2015,https://www.imcdb.org/vehicle_634599-FSO-Syrena-Sport-Replika-2012.html,https://www.imcdb.org/movie_8297806-Legendy-PRL.html
GAZ,21 Volga,1966,NA,NA,Sedan,USSR,NA,NA,Чёрная молния (Black Lightning),Movie,2009,NA,https://www.imcdb.org/vehicle_275925-GAZ-21-Volga-1966.html,https://www.imcdb.org/movie_1569364-Chernaya-molniya.html
GAZ,66,1989,NA,NA,Simple truck,USSR,NA,NA,Северная диагональ (The Northern Diagonal),Documentary,2007,NA,https://www.imcdb.org/vehicle_306870-GAZ-66-1989.html,https://www.imcdb.org/movie_1004510623-Severnaya-Diagonal.html
GAZ,GAZelle 3221,2006,NA,NA,Van / MPV,Russia,NA,NA,Особенности национальной маршрутки (Peculiarities of the National Routed Taxicab),Mini-Series,2013,NA,https://www.imcdb.org/vehicle_831425-GAZ-GAZelle-3221-2006.html,https://www.imcdb.org/movie_3810058-Osobennosti-natsionalnoy-marshrutki.html
GAZ,M-12 ZIM,1950,NA,Custom-made Convertible,Convertible,USSR,NA,NA,Fu zi lao ye che,Movie,1990,NA,https://www.imcdb.org/vehicle_1106672-GAZ-M-12-ZIM-1950.html,https://www.imcdb.org/movie_350968-Fu-zi-lao-ye-che.html
GAZ,M-13 Chaika,1959,NA,NA,Limousine,USSR,NA,NA,Einfach Blumen aufs Dach,Movie,1979,NA,https://www.imcdb.org/vehicle_130562-GAZ-M-13-Chaika-1959.html,https://www.imcdb.org/movie_79096-Einfach-Blumen-aufs-Dach.html
GAZ,M-20A Pobeda,NA,NA,NA,Sedan,USSR,NA,NA,"Я, «Побєда» і Берлін (Rocky Road to Berlin)",Movie,2024,NA,https://www.imcdb.org/vehicle_2048993-GAZ-M-20A-Pobeda.html,https://www.imcdb.org/movie_13585362-Ya%2C-%C2%ABPobieda%C2%BB-i-Berlin.html
GAZ,MM,1944,NA,NA,Simple truck,USSR,NA,NA,Ехали два шофёра (Two Drivers),Movie,2002,NA,https://www.imcdb.org/vehicle_293419-GAZ-MM-1944.html,https://www.imcdb.org/movie_309088-Yekhali-dva-shofyora.html
Genesis,GV80,2020,JX1,NA,Off-road / SUV,South Korea,NA,NA,발신제한 (Hard Hit),Movie,2021,NA,https://www.imcdb.org/vehicle_1537967-Genesis-GV80-JX1-2020.html,https://www.imcdb.org/movie_14980972-Balsinjehan.html
GKN,FV 432,NA,NA,NA,Military armored vehicle,United Kingdom,NA,NA,Belly of the Bulldog,Movie,2015,NA,https://www.imcdb.org/vehicle_1420370-GKN-FV-432.html,https://www.imcdb.org/movie_4475992-Belly-of-the-Bulldog.html
Glas,Goggomobil T 700,1958,NA,'Schnüffelchen',Sedan,Germany,NA,NA,Traumreise zu Dritt,Documentary,1965,NA,https://www.imcdb.org/vehicle_100410-Glas-Goggomobil-T-700-1958.html,https://www.imcdb.org/movie_806093-Traumreise-zu-Dritt.html
GM,EV1,1997,NA,NA,Coupé,USA (United States of America),NA,NA,Who Killed the Electric Car?,Documentary,2006,NA,https://www.imcdb.org/vehicle_65607-GM-EV1-1997.html,https://www.imcdb.org/movie_489037-Who-Killed-the-Electric-Car.html
GMC,'Buffalo Bus',NA,NA,NA,Single-deck,USA (United States of America),NA,NA,Ride,Movie,1998,NA,https://www.imcdb.org/vehicle_604351-GMC--Buffalo-Bus-.html,https://www.imcdb.org/movie_120707-Ride.html
GMC,'Old Look',NA,NA,NA,Single-deck,USA (United States of America),NA,NA,Sky Heist,Movie made for TV,1975,NA,https://www.imcdb.org/vehicle_812243-GMC--Old-Look-.html,https://www.imcdb.org/movie_73718-Sky-Heist.html
GMC,General,1980,NA,NA,Trailer truck (tractor),USA (United States of America),NA,NA,Knight Rider,TV Series,1982,1986,https://www.imcdb.org/vehicle_6556-GMC-General-1980.html,https://www.imcdb.org/movie_83437-Knight-Rider.html
GMC,HF-Series,1951,NA,Cannonball,Trailer truck (tractor),USA (United States of America),NA,NA,Cannonball,TV Series,1958,1959,https://www.imcdb.org/vehicle_757283-GMC-HF-Series-1951.html,https://www.imcdb.org/movie_143030-Cannonball.html
GMC,K-2500,1981,NA,Sierra Grande Wideside,Pick-up,USA (United States of America),NA,NA,The Fall Guy,TV Series,1981,1986,https://www.imcdb.org/vehicle_329806-GMC-K-2500-1981.html,https://www.imcdb.org/movie_81859-The-Fall-Guy.html
GMC,M211,1951,NA,'Lazaro',Simple truck,USA (United States of America),NA,NA,Sorcerer,Movie,1977,NA,https://www.imcdb.org/vehicle_50749-GMC-M211-1951.html,https://www.imcdb.org/movie_76740-Sorcerer.html
GMC,M211,1951,NA,Modified 'Sorcerer',Simple truck,USA (United States of America),NA,NA,Sorcerer,Movie,1977,NA,https://www.imcdb.org/vehicle_81442-GMC-M211-1951.html,https://www.imcdb.org/movie_76740-Sorcerer.html
GMC,MotorHome,1973,ZE-06581,Modified,Class A Motorhome,USA (United States of America),NA,NA,The Aquabats! Super Show!,TV Series,2012,2013,https://www.imcdb.org/vehicle_612893-GMC-MotorHome-ZE-06581-1973.html,https://www.imcdb.org/movie_2228547-The-Aquabats%21-Super-Show%21.html
GMC,Sierra,2003,GMT880,1500HD Crew Cab,Pick-up,USA (United States of America),NA,NA,The Simple Life,Non-fiction TV,2003,2007,https://www.imcdb.org/vehicle_204007-GMC-Sierra-GMT880-2003.html,https://www.imcdb.org/movie_362153-The-Simple-Life.html
GMC,Steel Tilt Cab,1964,NA,Customized for TV,Simple truck,USA (United States of America),NA,NA,True Blue,TV Series,1989,1990,https://www.imcdb.org/vehicle_574270-GMC-Steel-Tilt-Cab-1964.html,https://www.imcdb.org/movie_96718-True-Blue.html
GMC,TDH 5303,1966,NA,'New Look',Single-deck,USA (United States of America),NA,NA,Speed,Movie,1994,NA,https://www.imcdb.org/vehicle_6501-GMC-TDH-5303-1966.html,https://www.imcdb.org/movie_111257-Speed.html
GMC,Vandura,1983,NA,NA,Van / MPV,USA (United States of America),NA,NA,The A-Team,TV Series,1983,1987,https://www.imcdb.org/vehicle_2229-GMC-Vandura-1983.html,https://www.imcdb.org/movie_84967-The-A-Team.html
Grumman-Olson,Kurbmaster,1982,NA,NA,Van / MPV,USA (United States of America),NA,NA,Chef,Movie,2014,NA,https://www.imcdb.org/vehicle_694050-Grumman-Olson-Kurbmaster-1982.html,https://www.imcdb.org/movie_2883512-Chef.html
Guangzhou-Toyota,Camry,2010,XV40,NA,Sedan,Japan,China,China (People's Republic of China),车在囧途 (The Unfortunate Car),Movie,2012,NA,https://www.imcdb.org/vehicle_1164663-Guangzhou-Toyota-Camry-XV40-2010.html,https://www.imcdb.org/movie_2357023-Che-zai-jiong-tu.html
Guangzhou-Toyota,Levin,2015,E180,NA,Sedan,Japan,China,China (People's Republic of China),Levin,Short Movie,2015,NA,https://www.imcdb.org/vehicle_1793730-Guangzhou-Toyota-Levin-E180-2015.html,https://www.imcdb.org/movie_1004523876-Levin.html
Hafei,Saibao III,2005,NA,1.6 Taxi,Sedan,China,NA,NA,极限救援 (Ultimate Rescue),Movie made for TV,2008,NA,https://www.imcdb.org/vehicle_1777492-Hafei-Saibao-III-2005.html,https://www.imcdb.org/movie_13005492-Ji-xian-jiu-yuan.html
Harley-Davidson,Electra Glide,NA,NA,Police,Road,USA (United States of America),NA,NA,Electra Glide in Blue,Movie,1973,NA,https://www.imcdb.org/vehicle_134266-Harley-Davidson-Electra-Glide.html,https://www.imcdb.org/movie_70022-Electra-Glide-in-Blue.html
Harley-Davidson,Electra Glide,1967,NA,NA,Road,USA (United States of America),NA,NA,The Girl on a Motorcycle,Movie,1968,NA,https://www.imcdb.org/vehicle_22063-Harley-Davidson-Electra-Glide-1967.html,https://www.imcdb.org/movie_63013-The-Girl-on-a-Motorcycle.html
Harley-Davidson,FL Hydra Glide,1957,NA,NA,Road,USA (United States of America),NA,NA,Roadside Prophets,Movie,1992,NA,https://www.imcdb.org/vehicle_334624-Harley-Davidson-FL-Hydra-Glide-1957.html,https://www.imcdb.org/movie_105267-Roadside-Prophets.html
Harley-Davidson,Flathead,NA,NA,NA,Road,USA (United States of America),NA,NA,Jak się pozbyć czarnego kota,Movie,1984,NA,https://www.imcdb.org/vehicle_705523-Harley-Davidson-Flathead.html,https://www.imcdb.org/movie_8546282-Jak-si%C4%99-pozby%C4%87-czarnego-kota.html
Harley-Davidson,FLSTN Softail Deluxe,2011,NA,NA,Road,USA (United States of America),NA,NA,My Name Is Thomas,Movie,2018,NA,https://www.imcdb.org/vehicle_1206392-Harley-Davidson-FLSTN-Softail-Deluxe-2011.html,https://www.imcdb.org/movie_6292090-My-Name-Is-Thomas.html
Harley-Davidson,Knucklehead Custom Chopper,NA,NA,NA,Custom,USA (United States of America),NA,NA,The Hard Ride,Movie,1971,NA,https://www.imcdb.org/vehicle_1298928-Harley-Davidson-Knucklehead-Custom-Chopper.html,https://www.imcdb.org/movie_65815-The-Hard-Ride.html
Harley-Davidson,LiveWire,2019,NA,NA,All-Terrain Sports,USA (United States of America),NA,NA,Long Way Up,Non-fiction TV,2020,NA,https://www.imcdb.org/vehicle_1803868-Harley-Davidson-LiveWire-2019.html,https://www.imcdb.org/movie_12824922-Long-Way-Up.html
Harley-Davidson,LiveWire,2019,NA,NA,All-Terrain Sports,USA (United States of America),NA,NA,Long Way Up,Non-fiction TV,2020,NA,https://www.imcdb.org/vehicle_1803872-Harley-Davidson-LiveWire-2019.html,https://www.imcdb.org/movie_12824922-Long-Way-Up.html
Harley-Davidson,Panhead,NA,NA,NA,Misc.,USA (United States of America),NA,NA,Ghost Rider,Movie,2007,NA,https://www.imcdb.org/vehicle_126150-Harley-Davidson-Panhead.html,https://www.imcdb.org/movie_259324-Ghost-Rider.html
Harley-Davidson,Panhead,NA,NA,NA,Road,USA (United States of America),NA,NA,Motor Patrol,Movie,1950,NA,https://www.imcdb.org/vehicle_732425-Harley-Davidson-Panhead.html,https://www.imcdb.org/movie_42751-Motor-Patrol.html
Harley-Davidson,Panhead,1951,NA,NA,Custom,USA (United States of America),NA,NA,Easy Rider,Movie,1969,NA,https://www.imcdb.org/vehicle_7349-Harley-Davidson-Panhead-1951.html,https://www.imcdb.org/movie_64276-Easy-Rider.html
Harley-Davidson,Panhead,1951,NA,NA,Custom,USA (United States of America),NA,NA,Easy Rider: the Ride Back,Movie,2012,NA,https://www.imcdb.org/vehicle_2093810-Harley-Davidson-Panhead-1951.html,https://www.imcdb.org/movie_1185838-Easy-Rider--the-Ride-Back.html
Harley-Davidson,Sportster,NA,NA,NA,Road,USA (United States of America),NA,NA,Heat Vision and Jack,TV Series,1999,NA,https://www.imcdb.org/vehicle_50549-Harley-Davidson-Sportster.html,https://www.imcdb.org/movie_363668-Heat-Vision-and-Jack.html
Harley-Davidson,ULH,NA,NA,Police,Road,USA (United States of America),NA,NA,Traffic with the Devil,Short Movie,1946,NA,https://www.imcdb.org/vehicle_1258754-Harley-Davidson-ULH.html,https://www.imcdb.org/movie_39043-Traffic-with-the-Devil.html
Harley-Davidson,XLH 900 Sportster,NA,NA,NA,Road,USA (United States of America),NA,NA,Then Came Bronson,TV Series,1969,1970,https://www.imcdb.org/vehicle_134768-Harley-Davidson-XLH-900-Sportster.html,https://www.imcdb.org/movie_63955-Then-Came-Bronson.html
Hillman,Minx Series II,1958,NA,NA,Sedan,United Kingdom,NA,NA,香車美人 (Our Dream Car),Movie,1959,NA,https://www.imcdb.org/vehicle_858297-Hillman-Minx-Series-II-1958.html,https://www.imcdb.org/movie_211750-Xiang-che-mei-ren.html
Hillman,Minx Series IIIc,1961,NA,NA,Sedan,United Kingdom,NA,NA,Flick,Movie,2008,NA,https://www.imcdb.org/vehicle_1686734-Hillman-Minx-Series-IIIc-1961.html,https://www.imcdb.org/movie_950749-Flick.html
Hillman,Super Imp,1968,NA,NA,Sedan,United Kingdom,NA,NA,Boy Racer,Short Movie,2018,NA,https://www.imcdb.org/vehicle_1696034-Hillman-Super-Imp-1968.html,https://www.imcdb.org/movie_9055502-Boy-Racer.html
Hino,AK 176,1991,NA,NA,Single-deck,Japan,Thailand,Thailand (1955+),May narok muay yok law,Movie,2007,NA,https://www.imcdb.org/vehicle_367434-Hino-AK-176-1991.html,https://www.imcdb.org/movie_1020973-May-narok-muay-yok-law.html
Hino,Blue Ribbon,1971,RE100,NA,Single-deck,Japan,NA,NA,ころがし涼太 激突!モンスターバス (The Monster Bus),Movie,1988,NA,https://www.imcdb.org/vehicle_2045085-Hino-Blue-Ribbon-RE100-1971.html,https://www.imcdb.org/movie_160923-Korogashi-Ryota--Gekitotsu%21-Monster-bus.html
Hino,KT-725,1985,NA,NA,Simple truck,Japan,Thailand,Thailand (1955+),Auf Achse,TV Series,1978,1996,https://www.imcdb.org/vehicle_49369-Hino-KT-725-1985.html,https://www.imcdb.org/movie_76980-Auf-Achse.html
Hino,Profia,2004,NA,NA,Trailer truck (tractor),Japan,NA,NA,空飛ぶタイヤ (Recall),Movie,2018,NA,https://www.imcdb.org/vehicle_1227211-Hino-Profia-2004.html,https://www.imcdb.org/movie_6622960-Soratobu-taiya.html
Hino,RC 320,1976,NA,Freighter Industries,Single-deck,Japan,Australia,NA,"The Adventures of Priscilla, Queen of the Desert",Movie,1994,NA,https://www.imcdb.org/vehicle_105891-Hino-RC-320-1976.html,https://www.imcdb.org/movie_109045-The-Adventures-of-Priscilla%2C-Queen-of-the-Desert.html
Holden,Commodore,1984,VK,1.9 SLX,Sedan,Australia,NA,Thailand (1955+),รักแท้บทที่ 1 (Rak Tae Bot Tee Nueng),Movie,1995,NA,https://www.imcdb.org/vehicle_1994021-Holden-Commodore-VK-1984.html,https://www.imcdb.org/movie_2630946-Rak-Tae-Bot-Tee-Nueng.html
Holden,Cruze,2012,JH,CDX,Sedan,South Korea,Australia,Australia (1954+),Tailgate,Movie,2015,NA,https://www.imcdb.org/vehicle_1530426-Holden-Cruze-JH-2012.html,https://www.imcdb.org/movie_3661522-Tailgate.html
Holden,Gemini,1987,RB,NA,Sedan,Japan,NA,Indonesia (1955+),Taksi Juga,Movie,1991,NA,https://www.imcdb.org/vehicle_2030975-Holden-Gemini-RB-1987.html,https://www.imcdb.org/movie_1004525989-Taksi-Juga.html
Holden,Special,1953,FJ,NA,Sedan,Australia,NA,NA,The FJ Holden,Movie,1977,NA,https://www.imcdb.org/vehicle_186186-Holden-Special-FJ-1953.html,https://www.imcdb.org/movie_76011-The-FJ-Holden.html
Holden,Special,1962,EJ,Station Sedan,Wagon,Australia,NA,NA,Bush Mechanics,Mini-Series,2001,NA,https://www.imcdb.org/vehicle_298332-Holden-Special-EJ-1962.html,https://www.imcdb.org/movie_303810-Bush-Mechanics.html
Honda,Astrea Grand,1998,C100,NA,Moped,Japan,Indonesia,Indonesia (1955+),Suparman Reborn 4,TV Series,2025,NA,https://www.imcdb.org/vehicle_2048845-Honda-Astrea-Grand-C100-1998.html,https://www.imcdb.org/movie_1004526142-Suparman-Reborn-4.html
Honda,CB 100,1973,NA,NA,Road,Japan,NA,NA,Dilan 1990,Movie,2018,NA,https://www.imcdb.org/vehicle_1582975-Honda-CB-100-1973.html,https://www.imcdb.org/movie_7843946-Dilan-1990.html
Honda,CB 400 SF Vtec,NA,NA,NA,Road,Japan,NA,NA,Power Rangers Beast Morphers,TV Series,2019,2020,https://www.imcdb.org/vehicle_1443981-Honda-CB-400-SF-Vtec.html,https://www.imcdb.org/movie_8022978-Power-Rangers-Beast-Morphers.html
Honda,CB 400 Super Four,2004,NC39,Hyper VTEC Spec III,Road,Japan,NA,NA,ばくおん!! (Bakuon!!),Animation Series,2016,NA,https://www.imcdb.org/vehicle_988982-Honda-CB-400-Super-Four-NC39-2004.html,https://www.imcdb.org/movie_5535154-Bakuon%21%21.html
Honda,CB 750 F,1981,NA,NA,Road,Japan,NA,NA,Baribari Densetsu,Animation Series,1986,NA,https://www.imcdb.org/vehicle_828815-Honda-CB-750-F-1981.html,https://www.imcdb.org/movie_4319958-Baribari-Densetsu.html
Honda,CB 750 P,1972,NA,NA,Road,Japan,NA,NA,Solo One,TV Series,1976,NA,https://www.imcdb.org/vehicle_1067754-Honda-CB-750-P-1972.html,https://www.imcdb.org/movie_198237-Solo-One.html
Honda,CBR 1100 XX Blackbird,NA,NA,NA,Road,Japan,NA,NA,Team Knight Rider,TV Series,1997,1998,https://www.imcdb.org/vehicle_867560-Honda-CBR-1100-XX-Blackbird.html,https://www.imcdb.org/movie_127398-Team-Knight-Rider.html
Honda,Civic,2003,EP3,Si,Hatchback,Japan,United Kingdom,United States of America,Comfort,Movie,2016,NA,https://www.imcdb.org/vehicle_1519534-Honda-Civic-EP3-2003.html,https://www.imcdb.org/movie_4394104-Comfort.html
Honda,Civic Coupé,1993,EJ,NA,Coupé,USA (United States of America),NA,NA,Blood Car,Movie,2007,NA,https://www.imcdb.org/vehicle_134388-Honda-Civic-Coup%C3%A9-EJ-1993.html,https://www.imcdb.org/movie_780485-Blood-Car.html
Honda,CR-V,2012,RM,NA,Off-road / SUV,Japan,NA,United States of America,CUCO: CR-V,Music Video,2018,NA,https://www.imcdb.org/vehicle_1279397-Honda-CR-V-RM-2012.html,https://www.imcdb.org/movie_1004520577-CUCO--CR-V.html
Honda,CRF 250,NA,NA,NA,All-Terrain Sports,Japan,NA,NA,NOS4A2,TV Series,2019,2020,https://www.imcdb.org/vehicle_1386629-Honda-CRF-250.html,https://www.imcdb.org/movie_5194792-NOS4A2.html
Honda,Freed +,NA,GB,Hybrid,Van / MPV,Japan,NA,NA,絶メシロード (The Road to Red Restaurants List),TV Series,2020,2022,https://www.imcdb.org/vehicle_1763947-Honda-Freed-%2B-GB.html,https://www.imcdb.org/movie_13688194-Zetsumeshi-Road.html
Honda,Freed +,2016,GB8,Hybrid AWD,Van / MPV,Japan,NA,NA,絶メシロード (The Road to Red Restaurants List),TV Series,2020,2022,https://www.imcdb.org/vehicle_1476303-Honda-Freed-%2B-GB8-2016.html,https://www.imcdb.org/movie_13688194-Zetsumeshi-Road.html
Honda,Odyssey,1999,RL1,EX,Van / MPV,Japan,Canada,United States of America,For Sale by Owner,Short Movie,2016,NA,https://www.imcdb.org/vehicle_1373787-Honda-Odyssey-RL1-1999.html,https://www.imcdb.org/movie_5497580-For-Sale-by-Owner.html
Honda,Odyssey,2018,RL6,NA,Van / MPV,USA (United States of America),NA,NA,The Family Plan,Movie,2023,NA,https://www.imcdb.org/vehicle_1857621-Honda-Odyssey-RL6-2018.html,https://www.imcdb.org/movie_16431870-The-Family-Plan.html
Honda,Super Cub,NA,NA,NA,Moped,Japan,NA,NA,スーパーカブ (Super Cub),Animation Series,2021,NA,https://www.imcdb.org/vehicle_1470218-Honda-Super-Cub.html,https://www.imcdb.org/movie_12285778-%E3%82%B9%E3%83%BC%E3%83%91%E3%83%BC%E3%82%AB%E3%83%96.html
Honda,Today,1985,JW1,Keisatsu,Supermini,Japan,NA,NA,逮捕しちゃうぞ (You're Under Arrest),Animation Series,1994,2008,https://www.imcdb.org/vehicle_576368-Honda-Today-JW1-1985.html,https://www.imcdb.org/movie_111351-Taiho-shichauzo%21.html
Honda,XR 500,1983,NA,NA,Misc.,Japan,NA,NA,Street Hawk,TV Series,1985,NA,https://www.imcdb.org/vehicle_6542-Honda-XR-500-1983.html,https://www.imcdb.org/movie_88618-Street-Hawk.html
Hongye,BK 6590,NA,NA,NA,Single-deck,China,NA,NA,Shang che zhou ba,Movie made for TV,2000,NA,https://www.imcdb.org/vehicle_1121232-Hongye-BK-6590.html,https://www.imcdb.org/movie_9602302-Shang-che-zhou-ba.html
Hope,Whisper II,1985,NA,NA,Hatchback,Denmark,NA,NA,Dan-Dream,Movie,2017,NA,https://www.imcdb.org/vehicle_1967575-Hope-Whisper-II-1985.html,https://www.imcdb.org/movie_5822690-Dan-Dream.html
Horch,780 Cabriolet,1933,8,NA,Convertible,Germany,NA,NA,Meseautó,Movie,1934,NA,https://www.imcdb.org/vehicle_1534644-Horch-780-Cabriolet-8-1933.html,https://www.imcdb.org/movie_27958-Meseaut%C3%B3.html
Hudson,Super Six,1926,NA,Sedan,Pick-up,USA (United States of America),NA,NA,The Grapes of Wrath,Movie,1940,NA,https://www.imcdb.org/vehicle_125825-Hudson-Super-Six-1926.html,https://www.imcdb.org/movie_32551-The-Grapes-of-Wrath.html
Humber,Humberette,1903,NA,Two-Seater,Convertible,United Kingdom,NA,NA,The '?' Motorist,Short Movie,1906,NA,https://www.imcdb.org/vehicle_85584-Humber-Humberette-1903.html,https://www.imcdb.org/movie_534-The----Motorist.html
Hummer,H2,2003,GMT820,NA,Off-road / SUV,USA (United States of America),NA,NA,Twentynine Palms,Movie,2003,NA,https://www.imcdb.org/vehicle_105059-Hummer-H2-GMT820-2003.html,https://www.imcdb.org/movie_315110-Twentynine-Palms.html
Hymer,Hymermobil,NA,NA,Mercedes-Benz,Class A Motorhome,Germany,NA,NA,10 giorni con Babbo Natale,Movie,2020,NA,https://www.imcdb.org/vehicle_1467440-Hymer-Hymermobil.html,https://www.imcdb.org/movie_10803866-10-giorni-con-Babbo-Natale.html
Hyundai,Azera,2009,TG,V6 Taxi,Sedan,South Korea,NA,Singapore (1952+),Taxi! Taxi!,Movie,2013,NA,https://www.imcdb.org/vehicle_1370641-Hyundai-Azera-TG-2009.html,https://www.imcdb.org/movie_2614006-Taxi%21-Taxi%21.html
Hyundai,Dynasty,2003,LX,NA,Sedan,South Korea,NA,NA,모범택시 (Taxi Driver),TV Series,2021,2026,https://www.imcdb.org/vehicle_1515331-Hyundai-Dynasty-LX-2003.html,https://www.imcdb.org/movie_13759970-Mobeomtaeksi.html
Hyundai,Genesis,2008,BH,NA,Sedan,South Korea,NA,NA,모범택시 (Taxi Driver),TV Series,2021,2026,https://www.imcdb.org/vehicle_1832139-Hyundai-Genesis-BH-2008.html,https://www.imcdb.org/movie_13759970-Mobeomtaeksi.html
Hyundai,Grand Starex,2007,TQ,NA,Van / MPV,South Korea,NA,NA,모범택시 (Taxi Driver),TV Series,2021,2026,https://www.imcdb.org/vehicle_1832140-Hyundai-Grand-Starex-TQ-2007.html,https://www.imcdb.org/movie_13759970-Mobeomtaeksi.html
Hyundai,Grand Starex,2016,TQ,Limousine,Van / MPV,South Korea,NA,NA,큰엄마의 미친봉고 (My Big Mama's Crazy Ride),Movie,2021,NA,https://www.imcdb.org/vehicle_2101244-Hyundai-Grand-Starex-TQ-2016.html,https://www.imcdb.org/movie_13972688-Keuneommaeui-Michinbonggo.html
Hyundai,Grandeur,1990,L,NA,Sedan,Japan,South Korea,South Korea (1971+),크래시 (Crash),TV Series,2024,NA,https://www.imcdb.org/vehicle_1894494-Hyundai-Grandeur-L-1990.html,https://www.imcdb.org/movie_32117300-Keuraesi.html
Hyundai,Grandeur,2023,GN7,NA,Sedan,South Korea,NA,NA,모범택시 (Taxi Driver),TV Series,2021,2026,https://www.imcdb.org/vehicle_2043951-Hyundai-Grandeur-GN7-2023.html,https://www.imcdb.org/movie_13759970-Mobeomtaeksi.html
Hyundai,Mighty,1995,FE4,NA,Simple truck,Japan,South Korea,NA,트럭 (The Truck),Movie,2008,NA,https://www.imcdb.org/vehicle_1669739-Hyundai-Mighty-FE4-1995.html,https://www.imcdb.org/movie_1430638-Teureok.html
Hyundai,Sonata II,1993,Y3,NA,Sedan,South Korea,NA,NA,공포 택시 (Ghost Taxi),Movie,2000,NA,https://www.imcdb.org/vehicle_1749649-Hyundai-Sonata-II-Y3-1993.html,https://www.imcdb.org/movie_294604-Gongpo-taxi.html
Hyundai,Sonata III,1996,Y3,NA,Sedan,South Korea,NA,NA,공포 택시 (Ghost Taxi),Movie,2000,NA,https://www.imcdb.org/vehicle_1749650-Hyundai-Sonata-III-Y3-1996.html,https://www.imcdb.org/movie_294604-Gongpo-taxi.html
Hyundai,Staria,2022,US4,NA,Van / MPV,South Korea,NA,NA,모범택시 (Taxi Driver),TV Series,2021,2026,https://www.imcdb.org/vehicle_2043952-Hyundai-Staria-US4-2022.html,https://www.imcdb.org/movie_13759970-Mobeomtaeksi.html
Hyundai,Stellar,1987,Y1,NA,Sedan,South Korea,NA,NA,스텔라 (Stellar: A Magical Ride),Movie,2022,NA,https://www.imcdb.org/vehicle_1660358-Hyundai-Stellar-Y1-1987.html,https://www.imcdb.org/movie_19632878-Seutella.html
Hyundai,Stellar,1989,Y1,GXL,Sedan,South Korea,NA,NA,인천스텔라 (Super Nova),Movie,2020,NA,https://www.imcdb.org/vehicle_1591121-Hyundai-Stellar-Y1-1989.html,https://www.imcdb.org/movie_14029890-Incheon-Stella.html
Hyundai,Tucson,2016,TL,NA,Off-road / SUV,South Korea,NA,Europe,Klassentreffen 1.0,Movie,2018,NA,https://www.imcdb.org/vehicle_2019645-Hyundai-Tucson-TL-2016.html,https://www.imcdb.org/movie_7275822-Klassentreffen-10.html
IC,HC,2005,NA,NA,Single-deck,USA (United States of America),NA,NA,Party Bus to Hell,Movie,2017,NA,https://www.imcdb.org/vehicle_1506631-IC-HC-2005.html,https://www.imcdb.org/movie_6360872-Party-Bus-to-Hell.html
Ikarus,620,1967,NA,NA,Single-deck,Hungary,NA,NA,Siedem stron swiata,TV Series,1974,NA,https://www.imcdb.org/vehicle_379020-Ikarus-620-1967.html,https://www.imcdb.org/movie_3835194-Siedem-stron-swiata.html
Imperial,Crown 'Black Beauty',1965,NA,NA,Custom,USA (United States of America),NA,NA,The Green Hornet,Movie,2011,NA,https://www.imcdb.org/vehicle_314533-Imperial-Crown--Black-Beauty--1965.html,https://www.imcdb.org/movie_990407-The-Green-Hornet.html
Imperial,Crown 'Black Beauty',1966,NA,NA,Custom,USA (United States of America),NA,NA,The Green Hornet,TV Series,1966,1967,https://www.imcdb.org/vehicle_2004-Imperial-Crown--Black-Beauty--1966.html,https://www.imcdb.org/movie_59991-The-Green-Hornet.html
Imperial,Crown 'Black Beauty',1966,NA,NA,Custom,USA (United States of America),NA,NA,The Green Hornet,Movie,1974,NA,https://www.imcdb.org/vehicle_411513-Imperial-Crown--Black-Beauty--1966.html,https://www.imcdb.org/movie_827709-The-Green-Hornet.html
IMV,1000,1964,NA,NA,Van / MPV,Yugoslavia,NA,NA,Sanitka,TV Series,1984,NA,https://www.imcdb.org/vehicle_315593-IMV-1000-1964.html,https://www.imcdb.org/movie_294179-Sanitka.html
Indian,Scout Replica,1920,NA,NA,Misc.,USA (United States of America),NA,NA,The World's Fastest Indian,Movie,2005,NA,https://www.imcdb.org/vehicle_36726-Indian-Scout-Replica-1920.html,https://www.imcdb.org/movie_412080-The-World-s-Fastest-Indian.html
Infiniti,FX35,NA,S50,NA,Off-road / SUV,Japan,NA,NA,Snitch,Short Movie,2020,NA,https://www.imcdb.org/vehicle_1662270-Infiniti-FX35-S50.html,https://www.imcdb.org/movie_11958660-Snitch.html
International,S-Series,1987,NA,NA,Simple truck,USA (United States of America),NA,NA,Armored,Movie,2009,NA,https://www.imcdb.org/vehicle_245005-International-S-Series-1987.html,https://www.imcdb.org/movie_913354-Armored.html
International Harvester,B-Series,1959,NA,Superior Coach,School,USA (United States of America),NA,NA,War Bus,Movie,1985,NA,https://www.imcdb.org/vehicle_1620358-International-Harvester-B-Series-1959.html,https://www.imcdb.org/movie_901517-War-Bus.html
International Harvester,D-50,1939,NA,'Further',Single-deck,USA (United States of America),NA,NA,Magic Trip: Ken Kesey's Search for a Kool Place,Documentary,2011,NA,https://www.imcdb.org/vehicle_456313-International-Harvester-D-50-1939.html,https://www.imcdb.org/movie_1235790-Magic-Trip--Ken-Kesey-s-Search-for-a-Kool-Place.html
International Harvester,Loadstar,NA,NA,NA,Simple truck,USA (United States of America),NA,NA,La vie heureuse de Léopold Z,Movie,1965,NA,https://www.imcdb.org/vehicle_868059-International-Harvester-Loadstar.html,https://www.imcdb.org/movie_59873-La-vie-heureuse-de-L%C3%A9opold-Z.html
International Harvester,Loadstar,1975,NA,Blue Bird,School,USA (United States of America),NA,NA,Sudden Terror: The Hijacking of School Bus #17,Movie made for TV,1996,NA,https://www.imcdb.org/vehicle_1254535-International-Harvester-Loadstar-1975.html,https://www.imcdb.org/movie_117776-Sudden-Terror--The-Hijacking-of-School-Bus--17.html
International Harvester,Loadstar 1600,1967,NA,Carpenter,School,USA (United States of America),NA,NA,Where Angels Go Trouble Follows!,Movie,1968,NA,https://www.imcdb.org/vehicle_206569-International-Harvester-Loadstar-1600-1967.html,https://www.imcdb.org/movie_63800-Where-Angels-Go-Trouble-Follows%21.html
International Harvester,Metro,NA,NA,NA,Van / MPV,USA (United States of America),NA,NA,The Ice Cream Truck,Movie,2017,NA,https://www.imcdb.org/vehicle_2000629-International-Harvester-Metro.html,https://www.imcdb.org/movie_5280684-The-Ice-Cream-Truck.html
Iran Khodro,Paykan,1983,Arrow,NA,Sedan,United Kingdom,Iran,NA,زرد قناری (Canary Yellow),Movie,1988,NA,https://www.imcdb.org/vehicle_643453-Iran-Khodro-Paykan-Arrow-1983.html,https://www.imcdb.org/movie_96498-Zard-e-Ghanari.html
Isuzu,Gemini,1982,PF,NA,Sedan,Japan,Philippines,NA,May isang tsuper ng taxi,Movie,1990,NA,https://www.imcdb.org/vehicle_1219437-Isuzu-Gemini-PF-1982.html,https://www.imcdb.org/movie_499524-May-isang-tsuper-ng-taxi.html
Isuzu,TWD,NA,NA,NA,Simple truck,Japan,NA,Thailand (1955+),Saranae Siblor,Movie,2010,NA,https://www.imcdb.org/vehicle_367450-Isuzu-TWD.html,https://www.imcdb.org/movie_2062633-Saranae-Siblor.html
Iveco-Magirus,232,1982,NA,NA,Trailer truck (tractor),Germany,NA,NA,Didi auf vollen Touren (Didi Drives Me Crazy),Movie,1986,NA,https://www.imcdb.org/vehicle_49128-Iveco-Magirus-232-1982.html,https://www.imcdb.org/movie_90945-Didi-auf-vollen-Touren.html
IZh,Moskvitch 412 IE,1978,NA,(with AZLK Moskvitch 412 grille),Sedan,USSR,NA,NA,Масквичи (Mascovites),TV Series,2010,NA,https://www.imcdb.org/vehicle_324384-IZh-Moskvitch-412-IE-1978.html,https://www.imcdb.org/movie_1004510950-Maskvichi.html
Jago,Geep,1983,NA,1600,Off-road / SUV,United Kingdom,NA,NA,Loose Connections,Movie,1983,NA,https://www.imcdb.org/vehicle_1660166-Jago-Geep-1983.html,https://www.imcdb.org/movie_85866-Loose-Connections.html
Jaguar,E-Type Series I,1965,NA,4.2,Coupé,United Kingdom,NA,NA,Car Trouble,Movie,1985,NA,https://www.imcdb.org/vehicle_310516-Jaguar-E-Type-1965.html,https://www.imcdb.org/movie_88883-Car-Trouble.html
Jaguar,E-Type Series I,1965,NA,4.2 Roadster,Convertible,United Kingdom,NA,NA,La lepre e la tartaruga,Short Movie,1966,NA,https://www.imcdb.org/vehicle_1110576-Jaguar-E-Type-1965.html,https://www.imcdb.org/movie_290897-La-lepre-e-la-tartaruga.html
Jaguar,F-Type,2013,X152,V8 S,Convertible,United Kingdom,NA,NA,Desire,Short Movie,2013,NA,https://www.imcdb.org/vehicle_1545794-Jaguar-F-Type-X152-2013.html,https://www.imcdb.org/movie_3222758-Desire.html
Jaguar,Mk.II,1964,NA,2.4 Litre,Sedan,United Kingdom,NA,New Zealand (1958+),Mr Wrong,Movie,1984,NA,https://www.imcdb.org/vehicle_452517-Jaguar-MkII-1964.html,https://www.imcdb.org/movie_89630-Mr-Wrong.html
Jaguar,X-Type Estate,2009,X400,S,Wagon,United Kingdom,NA,NA,Hit,Short Movie,2022,NA,https://www.imcdb.org/vehicle_1667840-Jaguar-X-Type-Estate-X400-2009.html,https://www.imcdb.org/movie_19712392-Hit.html
Jaguar,XJ-S,1975,XJ27,5.3 V12 pre-production,Coupé,United Kingdom,NA,NA,Return of the Saint,TV Series,1978,1979,https://www.imcdb.org/vehicle_226925-Jaguar-XJ-S-XJ27-1975.html,https://www.imcdb.org/movie_77069-Return-of-the-Saint.html
Jaguar,XJ6,1991,XJ40,4.0,Sedan,United Kingdom,NA,NA,Root Into Europe,Mini-Series,1992,NA,https://www.imcdb.org/vehicle_514298-Jaguar-XJ6-XJ40-1991.html,https://www.imcdb.org/movie_103527-Root-Into-Europe.html
Jeep,Cherokee,1984,XJ,'Land Master',Off-road / SUV,USA (United States of America),NA,NA,Land of the Lost,TV Series,1991,1992,https://www.imcdb.org/vehicle_245385-Jeep-Cherokee-XJ-1984.html,https://www.imcdb.org/movie_101130-Land-of-the-Lost.html
Jeep,Cherokee,1991,XJ,NA,Off-road / SUV,USA (United States of America),NA,NA,Grizzly Rage,Movie made for TV,2007,NA,https://www.imcdb.org/vehicle_651852-Jeep-Cherokee-XJ-1991.html,https://www.imcdb.org/movie_896816-Grizzly-Rage.html
Jeep,Cherokee,1994,XJ,SE 4.0 Litre,Off-road / SUV,USA (United States of America),NA,NA,It Ends,Movie,2025,NA,https://www.imcdb.org/vehicle_2056288-Jeep-Cherokee-XJ-1994.html,https://www.imcdb.org/movie_35519455-It-Ends.html
Jeep,CJ-7,1981,NA,NA,Off-road / SUV,USA (United States of America),NA,NA,Danger Bay,TV Series,1984,1990,https://www.imcdb.org/vehicle_1628815-Jeep-CJ-7-1981.html,https://www.imcdb.org/movie_86692-Danger-Bay.html
Jeep,CJ-7,1985,NA,Renegade,Off-road / SUV,USA (United States of America),NA,NA,Omega Cop,Movie,1990,NA,https://www.imcdb.org/vehicle_607796-Jeep-CJ-7-1985.html,https://www.imcdb.org/movie_100291-Omega-Cop.html
Jeep,Grand Cherokee,1994,ZJ,NA,Off-road / SUV,USA (United States of America),NA,NA,Detour,Movie,2013,NA,https://www.imcdb.org/vehicle_2107856-Jeep-Grand-Cherokee-ZJ-1994.html,https://www.imcdb.org/movie_1753693-Detour.html
Jeep,Grand Wagoneer,1987,SJ,NA,Off-road / SUV,USA (United States of America),NA,NA,Offroad,Movie,2012,NA,https://www.imcdb.org/vehicle_674210-Jeep-Grand-Wagoneer-SJ-1987.html,https://www.imcdb.org/movie_2133298-Offroad.html
Jeep,Jeepster Commando,1969,C101,Roadster,Off-road / SUV,USA (United States of America),NA,NA,Longstreet,TV Series,1971,1972,https://www.imcdb.org/vehicle_451042-Jeep-Jeepster-Commando-C101-1969.html,https://www.imcdb.org/movie_66681-Longstreet.html
Jeep,Liberty,2002,KJ,4X4 3.7L,Off-road / SUV,USA (United States of America),NA,NA,Nikki and the Perfect Stranger,Movie,2013,NA,https://www.imcdb.org/vehicle_1447142-Jeep-Liberty-KJ-2002.html,https://www.imcdb.org/movie_2395353-Nikki-and-the-Perfect-Stranger.html
Jeep,Renegade,2019,BU,1.0 T3 Limited,Off-road / SUV,USA (United States of America),Italy,Europe,Con quién viajas,Movie,2021,NA,https://www.imcdb.org/vehicle_1839138-Jeep-Renegade-BU-2019.html,https://www.imcdb.org/movie_11645056-Con-qui%C3%A9n-viajas.html
Jeep,Wagoneer,NA,XJ,NA,Off-road / SUV,USA (United States of America),NA,NA,El incidente,Movie,2014,NA,https://www.imcdb.org/vehicle_988079-Jeep-Wagoneer-XJ.html,https://www.imcdb.org/movie_3528756-El-incidente.html
Jeffries,Landmaster,1976,NA,NA,Proto / Concept,USA (United States of America),NA,NA,Damnation Alley,Movie,1977,NA,https://www.imcdb.org/vehicle_33041-Jeffries-Landmaster-1976.html,https://www.imcdb.org/movie_75909-Damnation-Alley.html
Jelcz,315 M,1973,NA,NA,Simple truck,Poland,NA,NA,Droga,Mini-Series,1973,NA,https://www.imcdb.org/vehicle_99495-Jelcz-315-M-1973.html,https://www.imcdb.org/movie_169439-Droga.html
Jelcz,315 M,1974,NA,NA,Simple truck,Poland,NA,NA,Prywatne śledztwo (Private Investigation),Movie,1987,NA,https://www.imcdb.org/vehicle_64628-Jelcz-315-M-1974.html,https://www.imcdb.org/movie_93797-Prywatne-%C5%9Bledztwo.html
Jiefang,CA 10,NA,NA,NA,Single-deck,China,NA,NA,芳香之旅 (The Road),Movie,2006,NA,https://www.imcdb.org/vehicle_421520-Jiefang-CA-10.html,https://www.imcdb.org/movie_470302-Fang-xiang-zhi-lu.html
Jiefang,CA 15,1985,NA,NA,Simple truck,China,NA,NA,解放 (Jie fang),Movie,1987,NA,https://www.imcdb.org/vehicle_1830534-Jiefang-CA-15-1985.html,https://www.imcdb.org/movie_1004524079-Jie-fang.html
Jinghua,BK 6820,NA,NA,NA,Single-deck,China,NA,NA,車四十四 (Bus 44),Short Movie,2001,NA,https://www.imcdb.org/vehicle_675491-Jinghua-BK-6820.html,https://www.imcdb.org/movie_280538-Che-sei-sap-sei.html
John Deere,110,1964,NA,NA,Farming vehicle,USA (United States of America),NA,NA,The Straight Story,Movie,1999,NA,https://www.imcdb.org/vehicle_36490-John-Deere-110-1964.html,https://www.imcdb.org/movie_166896-The-Straight-Story.html
John Deere,GP-Series,1928,NA,NA,Farming vehicle,USA (United States of America),NA,NA,Green Acres,TV Series,1965,1971,https://www.imcdb.org/vehicle_234334-John-Deere-GP-Series-1928.html,https://www.imcdb.org/movie_58808-Green-Acres.html
KamAZ,4326,2007,NA,Master Racing Team,Simple truck,Russia,NA,NA,Master,TV Series,2021,NA,https://www.imcdb.org/vehicle_1708327-KamAZ-4326-2007.html,https://www.imcdb.org/movie_14137220-Master.html
KamAZ,43269,2011,NA,Master Racing Team,Simple truck,Russia,NA,NA,Master,TV Series,2021,NA,https://www.imcdb.org/vehicle_1708326-KamAZ-43269-2011.html,https://www.imcdb.org/movie_14137220-Master.html
KamAZ,491100,2004,NA,Master Racing Team,Simple truck,Russia,NA,NA,Master,TV Series,2021,NA,https://www.imcdb.org/vehicle_1708329-KamAZ-491100-2004.html,https://www.imcdb.org/movie_14137220-Master.html
KamAZ,54115,2000,NA,NA,Trailer truck (tractor),Russia,NA,NA,Дальнобойщики (Dalnoboyshchiki),TV Series,2001,2012,https://www.imcdb.org/vehicle_302740-KamAZ-54115-2000.html,https://www.imcdb.org/movie_313055-Dalnoboyshchiki.html
KamAZ,5460,NA,NA,NA,Trailer truck (tractor),Russia,NA,NA,Дальнобойщики (Dalnoboyshchiki),TV Series,2001,2012,https://www.imcdb.org/vehicle_482036-KamAZ-5460.html,https://www.imcdb.org/movie_313055-Dalnoboyshchiki.html
Kässbohrer Setra,S 6,1962,NA,NA,Single-deck,Germany,NA,NA,Sehnsucht nach Rimini,Movie made for TV,2007,NA,https://www.imcdb.org/vehicle_105113-K%C3%A4ssbohrer-Setra-S-6-1962.html,https://www.imcdb.org/movie_1016235-Sehnsucht-nach-Rimini.html
Kawasaki,F9-A 350,1973,NA,NA,Trail bike,Japan,NA,NA,Pray for the Wildcats,Movie made for TV,1974,NA,https://www.imcdb.org/vehicle_1364494-Kawasaki-F9-A-350-1973.html,https://www.imcdb.org/movie_72024-Pray-for-the-Wildcats.html
Kawasaki,F9-A 350,1973,NA,NA,Trail bike,Japan,NA,NA,Pray for the Wildcats,Movie made for TV,1974,NA,https://www.imcdb.org/vehicle_1364496-Kawasaki-F9-A-350-1973.html,https://www.imcdb.org/movie_72024-Pray-for-the-Wildcats.html
Kawasaki,F9-B 350,1974,NA,NA,Trail bike,Japan,NA,NA,Pray for the Wildcats,Movie made for TV,1974,NA,https://www.imcdb.org/vehicle_1364495-Kawasaki-F9-B-350-1974.html,https://www.imcdb.org/movie_72024-Pray-for-the-Wildcats.html
Kawasaki,H1,NA,NA,'Mach',Sidecar,Japan,NA,NA,ローリング☆ガールズ (The Rolling Girls),Animation Series,2015,NA,https://www.imcdb.org/vehicle_1544546-Kawasaki-H1.html,https://www.imcdb.org/movie_4219166-Roringu-garuzu.html
Kawasaki,KZ 200,1980,NA,Binter Merzy,Road,Japan,NA,Indonesia (1955+),Cara Hebat Ikut Penanggulangan Masalah Sosial,Movie,1982,NA,https://www.imcdb.org/vehicle_2093239-Kawasaki-KZ-200-1980.html,https://www.imcdb.org/movie_6760640-Cara-Hebat-Ikut-Penanggulangan-Masalah-Sosial.html
Kawasaki,KZ 900 P,1975,NA,NA,Road,Japan,NA,NA,CHiPs,TV Series,1977,1983,https://www.imcdb.org/vehicle_18003-Kawasaki-KZ-900-P-1975.html,https://www.imcdb.org/movie_75488-CHiPs.html
Kawasaki,W3 650 RS,NA,W3,NA,Road,Japan,NA,NA,"Kare no ootobai, kanojo no shima",Movie,1986,NA,https://www.imcdb.org/vehicle_927083-Kawasaki-W3-650-RS-W3.html,https://www.imcdb.org/movie_125298-Kare-no-ootobai%2C-kanojo-no-shima.html
Kawasaki,ZX-6R Ninja,NA,NA,NA,Racing,Japan,NA,NA,Rookie,Movie,2021,NA,https://www.imcdb.org/vehicle_1648968-Kawasaki-ZX-6R-Ninja.html,https://www.imcdb.org/movie_8130824-Rookie.html
KdF,Innenlenker,1938,Typ 38,NA,Sedan,Germany,NA,NA,Karlsbader Reise. Im Volkswagen auf Goethes Spuren von Weimar nach Karlsbad,Short Movie,1940,NA,https://www.imcdb.org/vehicle_908047-KdF-Innenlenker-Typ-38-1938.html,https://www.imcdb.org/movie_1209409-Karlsbader-Reise-Im-Volkswagen-auf-Goethes-Spuren-von-Weimar-nach-Karlsbad.html
Kenworth,849,1968,NA,NA,Trailer truck (tractor),USA (United States of America),Canada,India (1947+),ഓവർ ടേക്ക് (Overtake),Movie,2017,NA,https://www.imcdb.org/vehicle_2043313-Kenworth-849-1968.html,https://www.imcdb.org/movie_7273546-%E0%B4%93%E0%B4%B5%E0%B5%BC-%E0%B4%9F%E0%B5%87%E0%B4%95%E0%B5%8D%E0%B4%95%E0%B5%8D.html
Kenworth,K-100,NA,NA,NA,Trailer truck (tractor),USA (United States of America),NA,NA,B.J. and the Bear,TV Series,1978,1981,https://www.imcdb.org/vehicle_45250-Kenworth-K-100.html,https://www.imcdb.org/movie_78564-BJ-and-the-Bear.html
Kenworth,K-100 Aerodyne,NA,NA,NA,Trailer truck (tractor),USA (United States of America),NA,NA,B.J. and the Bear,TV Series,1978,1981,https://www.imcdb.org/vehicle_42863-Kenworth-K-100-Aerodyne.html,https://www.imcdb.org/movie_78564-BJ-and-the-Bear.html
Kenworth,T-600 A,1990,NA,NA,Trailer truck (tractor),USA (United States of America),NA,NA,Fontána pre Zuzanu 2,Movie,1993,NA,https://www.imcdb.org/vehicle_88876-Kenworth-T-600-A-1990.html,https://www.imcdb.org/movie_213663-Font%C3%A1na-pre-Zuzanu-2.html
Kenworth,W-900 A,1974,NA,V.I.T.,Trailer truck (tractor),USA (United States of America),NA,NA,Movin' On,TV Series,1974,1976,https://www.imcdb.org/vehicle_42128-Kenworth-W-900-A-1974.html,https://www.imcdb.org/movie_71012-Movin--On.html
Kenworth,W-900 A,1975,NA,VIT,Trailer truck (tractor),USA (United States of America),NA,NA,Thunder Run,Movie,1986,NA,https://www.imcdb.org/vehicle_209403-Kenworth-W-900-A-1975.html,https://www.imcdb.org/movie_90169-Thunder-Run.html
Kenworth,W-900 B,1982,NA,NA,Trailer truck (tractor),USA (United States of America),NA,NA,Dokken: It's Not Love,Music Video,1986,NA,https://www.imcdb.org/vehicle_983675-Kenworth-W-900-B-1982.html,https://www.imcdb.org/movie_8923754-Dokken--It-s-Not-Love.html
Kenworth,W-925,1976,NA,NA,Trailer truck (tractor),USA (United States of America),NA,NA,The Last of the Cowboys,Movie,1977,NA,https://www.imcdb.org/vehicle_40305-Kenworth-W-925-1976.html,https://www.imcdb.org/movie_74589-The-Last-of-the-Cowboys.html
Kenworth,W-990,2020,NA,NA,Trailer truck (tractor),USA (United States of America),NA,NA,The Ice Road,Movie,2021,NA,https://www.imcdb.org/vehicle_1531237-Kenworth-W-990-2020.html,https://www.imcdb.org/movie_3758814-The-Ice-Road.html
KhADI,9-II,1978,NA,MiG 21 jet engine,Proto / Concept,USSR,NA,NA,Скорость (Speed),Movie,1983,NA,https://www.imcdb.org/vehicle_283216-KhADI-9-II-1978.html,https://www.imcdb.org/movie_86317-Skorost.html
KhPZ,T-34/76,1942,NA,NA,Military armored vehicle,USSR,NA,NA,Szczesciarz Antoni,Movie,1960,NA,https://www.imcdb.org/vehicle_191430-KhPZ-T-34-76-1942.html,https://www.imcdb.org/movie_55498-Szczesciarz-Antoni.html
KhTZM,Kharkovchanka,1958,NA,Izdelie 404С,Tracked vehicle,USSR,NA,NA,72 градуса ниже нуля (72 Celsius degrees below zero),Movie,1976,NA,https://www.imcdb.org/vehicle_385173-KhTZM-Kharkovchanka-1958.html,https://www.imcdb.org/movie_312316-72-%D0%B3%D1%80%D0%B0%D0%B4%D1%83%D1%81%D0%B0-%D0%BD%D0%B8%D0%B6%D0%B5-%D0%BD%D1%83%D0%BB%D1%8F.html
Kia,Bongo III,2017,PU,NA,Chassis Cab,South Korea,NA,NA,신이랑 법률사무소 (Phantom Lawyer),TV Series,2026,NA,https://www.imcdb.org/vehicle_2095969-Kia-Bongo-III-PU-2017.html,https://www.imcdb.org/movie_39837101-Sin-i-rang-Beom-nyul-sa-mu-so.html
Kia,Brisa,1977,NA,NA,Sedan,Japan,South Korea,South Korea (1971+),택시운전사 (A Taxi Driver),Movie,2017,NA,https://www.imcdb.org/vehicle_1038218-Kia-Brisa-1977.html,https://www.imcdb.org/movie_6878038-Taeksi-Woonjunsa.html
Kia,Forte Koup,2010,XK,NA,Coupé,South Korea,NA,NA,변신자동차 또봇 (Tobot),Animation Series,2010,2016,https://www.imcdb.org/vehicle_1021958-Kia-Forte-Koup-XK-2010.html,https://www.imcdb.org/movie_7936336-Byeonsinjadongcha-Ttobot.html
Kia,K5,2010,TF,2.0 Smart Taxi,Sedan,South Korea,NA,NA,모범택시 (Taxi Driver),TV Series,2021,2026,https://www.imcdb.org/vehicle_1515382-Kia-K5-TF-2010.html,https://www.imcdb.org/movie_13759970-Mobeomtaeksi.html
Kia,K5,2015,JF,MX,Sedan,South Korea,NA,NA,터널 (Tunnel),Movie,2016,NA,https://www.imcdb.org/vehicle_928729-Kia-K5-JF-2015.html,https://www.imcdb.org/movie_5910280-Teoneol.html
Kia,K5,2015,JF,NA,Sedan,South Korea,NA,NA,애슬론 또봇 (Tobot Athlon),Animation Series,2016,2017,https://www.imcdb.org/vehicle_1932990-Kia-K5-JF-2015.html,https://www.imcdb.org/movie_10368512-Tobot-Athlon.html
Kia,Niro,2017,DE,NA,Hatchback,South Korea,NA,NA,애슬론 또봇 (Tobot Athlon),Animation Series,2016,2017,https://www.imcdb.org/vehicle_1932993-Kia-Niro-DE-2017.html,https://www.imcdb.org/movie_10368512-Tobot-Athlon.html
Kia,Optima,2016,JF,NA,Sedan,South Korea,NA,NA,Кентавр (Centaur),Movie,2023,NA,https://www.imcdb.org/vehicle_1873926-Kia-Optima-JF-2016.html,https://www.imcdb.org/movie_27241551-Kentavr.html
Kia,Soul,2010,AM,NA,Hatchback,South Korea,NA,NA,변신자동차 또봇 (Tobot),Animation Series,2010,2016,https://www.imcdb.org/vehicle_1021952-Kia-Soul-AM-2010.html,https://www.imcdb.org/movie_7936336-Byeonsinjadongcha-Ttobot.html
Kia,Sportage,2015,SL,NA,Off-road / SUV,South Korea,NA,NA,Eczema,Movie,2017,NA,https://www.imcdb.org/vehicle_1301010-Kia-Sportage-SL-2015.html,https://www.imcdb.org/movie_8386652-Eczema.html
King Long,XMQ 6105 G4,NA,NA,NA,Single-deck,China,NA,NA,开端 (Reset),TV Series,2022,NA,https://www.imcdb.org/vehicle_1750607-King-Long-XMQ-6105-G4.html,https://www.imcdb.org/movie_17506706-Kai-Duan.html
Koenigsegg,One:1,2014,7106,NA,Convertible,Sweden,NA,NA,Apex: The Story of the Hypercar,Documentary,2016,NA,https://www.imcdb.org/vehicle_946722-Koenigsegg-One-1-7106-2014.html,https://www.imcdb.org/movie_4325400-Apex--The-Story-of-the-Hypercar.html
Krauss-Maffei,KML 110,NA,NA,NA,Single-deck,Germany,NA,NA,Italienreise - Liebe inbegriffen,Movie,1958,NA,https://www.imcdb.org/vehicle_169720-Krauss-Maffei-KML-110.html,https://www.imcdb.org/movie_51788-Italienreise-Liebe-inbegriffen.html
Krupp,Pz.Kpfw.IV,NA,NA,Ausf. H,Military armored vehicle,Germany,NA,NA,ガールズ＆パンツァー 劇場版 (Girls und Panzer der Film),Animation Movie,2015,NA,https://www.imcdb.org/vehicle_1183346-Krupp-PzKpfwIV.html,https://www.imcdb.org/movie_5284414-G%C4%81ruzu-ando-Pants%C4%81-Gekij%C5%8Dban.html
Krupp,Pz.Kpfw.IV,1939,NA,Ausf.D,Military armored vehicle,Germany,NA,NA,ガールズ&パンツァー (Girls und Panzer),Animation Series,2012,2013,https://www.imcdb.org/vehicle_559178-Krupp-PzKpfwIV-1939.html,https://www.imcdb.org/movie_2294076-Garuzu-ando-Pantsa.html
Kurganmashzavod,BMP-1,NA,NA,NA,Military armored vehicle,USSR,NA,NA,Tankboy,Non-fiction TV,2009,NA,https://www.imcdb.org/vehicle_221450-Kurganmashzavod-BMP-1.html,https://www.imcdb.org/movie_1343678-Tankboy.html
Lada,1200,1977,2101,NA,Sedan,USSR,NA,NA,Dami kanyat,Movie,1980,NA,https://www.imcdb.org/vehicle_529705-Lada-1200-2101-1977.html,https://www.imcdb.org/movie_169731-Dami-kanyat.html
Lada,1300,1986,2104,S,Wagon,USSR,NA,NA,Novata kola na tatko,Short Movie,2005,NA,https://www.imcdb.org/vehicle_581503-Lada-1300-2104-1986.html,https://www.imcdb.org/movie_1004514111-Novata-kola-na-tatko.html
Lada,1600,1991,2106,S,Sedan,USSR,NA,Chile (1930+),Taxi para tres,Movie,2001,NA,https://www.imcdb.org/vehicle_353393-Lada-1600-2106-1991.html,https://www.imcdb.org/movie_291507-Taxi-para-tres.html
Lada,4x4,2006,21214,NA,Off-road / SUV,Russia,NA,NA,Goran,Movie,2016,NA,https://www.imcdb.org/vehicle_1200352-Lada-4x4-21214-2006.html,https://www.imcdb.org/movie_4757570-Goran.html
Lada,Niva,1994,21213,4x4,Off-road / SUV,Russia,NA,NA,Tschick,Movie,2016,NA,https://www.imcdb.org/vehicle_1115231-Lada-Niva-21213-1994.html,https://www.imcdb.org/movie_4911940-Tschick.html
Lada,Riva,1982,2105,1300 S,Sedan,USSR,NA,Yugoslavia (1954..2003),Mara i Lole: Trese mi se Lada,Music Video,2012,NA,https://www.imcdb.org/vehicle_923001-Lada-Riva-2105-1982.html,https://www.imcdb.org/movie_1004517259-Mara-i-Lole--Trese-mi-se-Lada.html
Laksana,Legacy SR2,2019,NA,NA,Single-deck,Indonesia,NA,NA,Dunia Loko,Animation Series,2019,2026,https://www.imcdb.org/vehicle_2043718-Laksana-Legacy-SR2-2019.html,https://www.imcdb.org/movie_1004526086-Dunia-Loko.html
Laksana,Legacy SR2,2021,NA,NA,Single-deck,Indonesia,NA,NA,Dunia Loko,Animation Series,2019,2026,https://www.imcdb.org/vehicle_2043684-Laksana-Legacy-SR2-2021.html,https://www.imcdb.org/movie_1004526086-Dunia-Loko.html
Lamborghini,Aventador LP 700-4,2011,NA,NA,Coupé,Italy,NA,NA,Marko Vanilla feat. Goga Sekulić: Lambo,Music Video,2018,NA,https://www.imcdb.org/vehicle_1225412-Lamborghini-Aventador-LP-700-4-2011.html,https://www.imcdb.org/movie_1004520069-Marko-Vanilla-feat-Goga-Sekuli%C4%87--Lambo.html
Lamborghini,Countach LP 400,1974,NA,NA,Coupé,Italy,NA,NA,Automan,TV Series,1983,1984,https://www.imcdb.org/vehicle_2309-Lamborghini-Countach-LP-400-1974.html,https://www.imcdb.org/movie_84978-Automan.html
Lamborghini,Countach Replica,NA,NA,NA,Coupé,Italy,NA,NA,It Takes Two,Movie,1988,NA,https://www.imcdb.org/vehicle_128807-Lamborghini-Countach-Replica.html,https://www.imcdb.org/movie_95384-It-Takes-Two.html
Lamborghini,Diablo,1990,NA,NA,Coupé,Italy,NA,NA,Bilderbuch: Maschin,Music Video,2013,NA,https://www.imcdb.org/vehicle_723267-Lamborghini-Diablo-1990.html,https://www.imcdb.org/movie_1004515765-Bilderbuch--Maschin.html
Lamborghini,Gallardo LP560-4,2009,NA,NA,Coupé,Italy,NA,NA,메탈카드봇 (Metal Cardbot),Animation Series,2023,NA,https://www.imcdb.org/vehicle_1900998-Lamborghini-Gallardo-LP560-4-2009.html,https://www.imcdb.org/movie_32245465-Metal-Kadeubot.html
Lancia,Appia Convertibile,1957,812,Vignale Customized 'Lahme Ente',Convertible,Italy,NA,NA,Polizeifunk ruft,TV Series,1966,1970,https://www.imcdb.org/vehicle_1392915-Lancia-Appia-Convertibile-812-1957.html,https://www.imcdb.org/movie_169484-Polizeifunk-ruft.html
Lancia,Aurelia Convertibile,1956,B24S,GT 2500,Convertible,Italy,NA,NA,Il sorpasso,Movie,1962,NA,https://www.imcdb.org/vehicle_3578-Lancia-Aurelia-Convertibile-B24S-1956.html,https://www.imcdb.org/movie_56512-Il-sorpasso.html
Lancia,Delta S4,1985,SE038,NA,Racecar,Italy,NA,NA,La voglia di vincere,Mini-Series,1987,NA,https://www.imcdb.org/vehicle_365721-Lancia-Delta-S4-SE038-1985.html,https://www.imcdb.org/movie_215449-La-voglia-di-vincere.html
Lancia,Eptajota,NA,NA,NA,Simple truck,Italy,NA,NA,L'ultimo giorno di scuola prima delle vacanze di Natale,Movie,1975,NA,https://www.imcdb.org/vehicle_1528286-Lancia-Eptajota.html,https://www.imcdb.org/movie_214227-L-ultimo-giorno-di-scuola-prima-delle-vacanze-di-Natale.html
Lancia,Rally Evo,1983,SE037,Group B,Racecar,Italy,NA,NA,Race for Glory - Audi vs. Lancia,Movie,2024,NA,https://www.imcdb.org/vehicle_1848755-Lancia-Rally-Evo-SE037-1983.html,https://www.imcdb.org/movie_20112600-Race-for-Glory-Audi-vs-Lancia.html
Land-Rover,109'' Series IIa,1961,NA,NA,Off-road / SUV,United Kingdom,South Africa,NA,"Clarence, the Cross-Eyed Lion",Movie,1965,NA,https://www.imcdb.org/vehicle_146008-Land-Rover-109---Series-IIa-1961.html,https://www.imcdb.org/movie_59039-Clarence%2C-the-Cross-Eyed-Lion.html
Land-Rover,109'' Series III,1971,NA,NA,Off-road / SUV,United Kingdom,NA,NA,Solid Base: This Is How We Do It,Music Video,1999,NA,https://www.imcdb.org/vehicle_1171179-Land-Rover-109---Series-III-1971.html,https://www.imcdb.org/movie_1004519548-Solid-Base--This-Is-How-We-Do-It.html
Land-Rover,86'' Series I,1954,NA,Modified for Movie,Off-road / SUV,United Kingdom,NA,NA,Un taxi pour Tobrouk,Movie,1960,NA,https://www.imcdb.org/vehicle_4282-Land-Rover-86---Series-I-1954.html,https://www.imcdb.org/movie_54425-Un-taxi-pour-Tobrouk.html
Land-Rover,88'' Series I,1956,NA,'The Antichrist',Off-road / SUV,United Kingdom,South Africa,NA,The Gods Must Be Crazy,Movie,1980,NA,https://www.imcdb.org/vehicle_8169-Land-Rover-88---Series-I-1956.html,https://www.imcdb.org/movie_80801-The-Gods-Must-Be-Crazy.html
Land-Rover,Defender 110 Series II,2020,L663,as Dolus,Off-road / SUV,United Kingdom,Slovakia,Canada,Locked,Movie,2025,NA,https://www.imcdb.org/vehicle_1981827-Land-Rover-Defender-110-L663-2020.html,https://www.imcdb.org/movie_26671996-Locked.html
Land-Rover,Discovery Series II,1999,L318,NA,Off-road / SUV,United Kingdom,NA,NA,Centigrade,Movie,2020,NA,https://www.imcdb.org/vehicle_1504076-Land-Rover-Discovery-L318-1999.html,https://www.imcdb.org/movie_8945942-Centigrade.html
Land-Rover,Range Rover Series IV,2013,L405,NA,Off-road / SUV,United Kingdom,NA,NA,Smash & Grab,Short Movie,2022,NA,https://www.imcdb.org/vehicle_1653439-Land-Rover-Range-Rover-L405-2013.html,https://www.imcdb.org/movie_14770458-Smash-%26-Grab.html
LAZ,695 M,1974,NA,Lviv,Single-deck,USSR,NA,NA,Женатый холостяк (Married bachelor),Movie,1983,NA,https://www.imcdb.org/vehicle_371278-LAZ-695-M-1974.html,https://www.imcdb.org/movie_178116-Zhenatyy-kholostyak.html
LAZ,695 N,1986,NA,Lviv,Single-deck,USSR,NA,NA,Взбесившийся автобус (Vzbesivshiysya avtobus),Movie,1990,NA,https://www.imcdb.org/vehicle_546459-LAZ-695-N-1986.html,https://www.imcdb.org/movie_227759-Vzbesivshiysya-avtobus.html
LDV,Convoy,1996,NA,NA,Single-deck,United Kingdom,NA,NA,Cropped,Short Movie,2015,NA,https://www.imcdb.org/vehicle_1600764-LDV-Convoy-1996.html,https://www.imcdb.org/movie_5474028-Cropped.html
LEVC,TX,2019,NA,Vista Comfort Plus,Sedan,United Kingdom,NA,NA,Trigger,Short Movie,2022,NA,https://www.imcdb.org/vehicle_2037773-LEVC-TX-2019.html,https://www.imcdb.org/movie_13218866-Trigger.html
Lexus,IS 200,NA,GXE10,NA,Sedan,Japan,NA,Europe,H4z4ard (Hazard),Movie,2022,NA,https://www.imcdb.org/vehicle_2075820-Lexus-IS-200-GXE10.html,https://www.imcdb.org/movie_14683284-H4z4ard.html
Leyland,Atlantean AN68B/1R,1981,NA,Alexander,Double-deck,United Kingdom,NA,NA,Everly Pregnant Brothers: 69 to Rovvrum,Music Video,2019,NA,https://www.imcdb.org/vehicle_1888923-Leyland-Atlantean-AN68B-1R-1981.html,https://www.imcdb.org/movie_1004524467-Everly-Pregnant-Brothers--69-to-Rovvrum.html
Leyland,Fleetline,1976,NA,Metsec,Double-deck,United Kingdom,Hong Kong SAR,Hong Kong (1932+),鬼巴士 (Ghostly Bus),Movie,1995,NA,https://www.imcdb.org/vehicle_252480-Leyland-Fleetline-1976.html,https://www.imcdb.org/movie_113232-Gwai-ba-si.html
Leyland,Marathon,1977,NA,NA,Trailer truck (tractor),United Kingdom,NA,NA,Destination Doha,Documentary,1977,NA,https://www.imcdb.org/vehicle_829733-Leyland-Marathon-1977.html,https://www.imcdb.org/movie_1004516613-Destination-Doha.html
Leyland,Mini Moke Californian,1980,NA,Sand Vulcan,Off-road / SUV,United Kingdom,Australia,Japan,Taiyô sentai San Barukan: Za Mubi,Short Movie,1981,NA,https://www.imcdb.org/vehicle_1406099-Leyland-Mini-Moke-Californian-1980.html,https://www.imcdb.org/movie_138854-Taiy%C3%B4-sentai-San-Barukan--Za-Mubi.html
Leyland,Tigress FT,1932,NA,Pump escape,Fire truck,United Kingdom,NA,NA,Go to Blazes,Movie,1962,NA,https://www.imcdb.org/vehicle_785668-Leyland-Tigress-FT-1932.html,https://www.imcdb.org/movie_56032-Go-to-Blazes.html
Leyland,Titan PD1A,1947,NA,BBW body,Double-deck,United Kingdom,NA,NA,Top Deck,Short Movie,1962,NA,https://www.imcdb.org/vehicle_1483331-Leyland-Titan-PD1A-1947.html,https://www.imcdb.org/movie_6782980-Top-Deck.html
LGOC,B-Type,1913,NA,B5052,Double-deck,United Kingdom,NA,NA,The Rocket Bus,Movie,1929,NA,https://www.imcdb.org/vehicle_62370-LGOC-B-Type-1913.html,https://www.imcdb.org/movie_20337-The-Rocket-Bus.html
Lincoln,Continental,1963,74A,Four-Door Convertible,Convertible,USA (United States of America),NA,NA,Homer and Eddie,Movie,1989,NA,https://www.imcdb.org/vehicle_117498-Lincoln-Continental-74A-1963.html,https://www.imcdb.org/movie_97521-Homer-and-Eddie.html
Lincoln,Continental,1964,74A,Four-Door Convertible,Convertible,USA (United States of America),NA,NA,Inspector Gadget,Movie,1999,NA,https://www.imcdb.org/vehicle_2343-Lincoln-Continental-74A-1964.html,https://www.imcdb.org/movie_141369-Inspector-Gadget.html
Lincoln,Continental,1964,74A,Four-Door Convertible,Convertible,USA (United States of America),NA,NA,Inspector Gadget 2,Movie,2003,NA,https://www.imcdb.org/vehicle_31822-Lincoln-Continental-74A-1964.html,https://www.imcdb.org/movie_301454-Inspector-Gadget-2.html
Lincoln,Continental,1968,53A,NA,Sedan,USA (United States of America),NA,NA,Dreamland,Movie,2007,NA,https://www.imcdb.org/vehicle_370125-Lincoln-Continental-53A-1968.html,https://www.imcdb.org/movie_391095-Dreamland.html
Lincoln,Continental,1979,60B,Town Coupé,Coupé,USA (United States of America),NA,NA,Trunk,Movie,2009,NA,https://www.imcdb.org/vehicle_267948-Lincoln-Continental-60B-1979.html,https://www.imcdb.org/movie_1260694-Trunk.html
Lincoln,Continental Mark III,1970,89-65A,Two-Door Hardtop,Coupé,USA (United States of America),NA,France,The French Connection,Movie,1971,NA,https://www.imcdb.org/vehicle_2340-Lincoln-Continental-Mark-III-89-65A-1970.html,https://www.imcdb.org/movie_67116-The-French-Connection.html
Lincoln,Continental Mark III,1970,89-65A,Custom Made Convertible,Convertible,USA (United States of America),NA,NA,Trouble Bound,Movie,1993,NA,https://www.imcdb.org/vehicle_26361-Lincoln-Continental-Mark-III-89-65A-1970.html,https://www.imcdb.org/movie_105645-Trouble-Bound.html
Lincoln,Continental Mark III,1971,89-65A,Barris Kustoms,Custom,USA (United States of America),NA,NA,The Car,Movie,1977,NA,https://www.imcdb.org/vehicle_3779-Lincoln-Continental-Mark-III-89-65A-1971.html,https://www.imcdb.org/movie_75809-The-Car.html
Lincoln,Continental Mark IV,1974,89-65D,NA,Coupé,USA (United States of America),NA,NA,The Devil at Your Heels,Documentary,1981,NA,https://www.imcdb.org/vehicle_338128-Lincoln-Continental-Mark-IV-89-65D-1974.html,https://www.imcdb.org/movie_132082-The-Devil-at-Your-Heels.html
Lincoln,Continental Mark V,1979,89-65D,NA,Coupé,USA (United States of America),NA,NA,Aim for the Roses,Documentary,2016,NA,https://www.imcdb.org/vehicle_1272128-Lincoln-Continental-Mark-V-89-65D-1979.html,https://www.imcdb.org/movie_3360824-Aim-for-the-Roses.html
Lincoln,Continental Presidential Limousine,1961,NA,SS-100-X Presidential State Car Hess & Eisenhardt,Convertible,USA (United States of America),NA,NA,Zapruder Film of Kennedy Assassination,Short Movie,1963,NA,https://www.imcdb.org/vehicle_259523-Lincoln-Continental-Presidential-Limousine-1961.html,https://www.imcdb.org/movie_131658-Zapruder-Film-of-Kennedy-Assassination.html
Lincoln,Futura,1955,NA,NA,Proto / Concept,USA (United States of America),NA,NA,It Started with a Kiss,Movie,1959,NA,https://www.imcdb.org/vehicle_2349-Lincoln-Futura-1955.html,https://www.imcdb.org/movie_52934-It-Started-with-a-Kiss.html
Lincoln,Futura Batmobile,NA,NA,Barris Kustoms,Custom,USA (United States of America),NA,NA,Batman: Return of The Caped Crusaders,Animation Movie,2016,NA,https://www.imcdb.org/vehicle_953064-Lincoln-Futura-Batmobile.html,https://www.imcdb.org/movie_5973626-Batman--Return-of-The-Caped-Crusaders.html
Lincoln,Futura Batmobile,NA,NA,Barris Kustoms,Custom,USA (United States of America),NA,NA,Batman vs. Two-Face,Animation Movie,2017,NA,https://www.imcdb.org/vehicle_1117219-Lincoln-Futura-Batmobile.html,https://www.imcdb.org/movie_6142314-Batman-vs-Two-Face.html
Lincoln,Futura Batmobile,1966,NA,Barris Kustoms,Custom,USA (United States of America),NA,NA,Batman,TV Series,1966,1968,https://www.imcdb.org/vehicle_4918-Lincoln-Futura-Batmobile-1966.html,https://www.imcdb.org/movie_59968-Batman.html
Lincoln,Futura Batmobile,1966,NA,Barris Kustoms,Custom,USA (United States of America),NA,NA,Batman,Movie,1966,NA,https://www.imcdb.org/vehicle_13597-Lincoln-Futura-Batmobile-1966.html,https://www.imcdb.org/movie_60153-Batman.html
Lincoln,Premiere,1957,58B,Four-Door Sedan,Sedan,USA (United States of America),NA,NA,Alfred Hitchcock Presents,TV Series,1955,1962,https://www.imcdb.org/vehicle_348394-Lincoln-Premiere-58B-1957.html,https://www.imcdb.org/movie_47708-Alfred-Hitchcock-Presents.html
Lincoln,Town Car,1986,54D,NA,Sedan,USA (United States of America),NA,NA,The Lincoln Lawyer,Movie,2011,NA,https://www.imcdb.org/vehicle_384273-Lincoln-Town-Car-54D-1986.html,https://www.imcdb.org/movie_1189340-The-Lincoln-Lawyer.html
Lincoln,Town Car,1986,54D,NA,Sedan,USA (United States of America),NA,NA,Riders on the Storm,Movie,2020,NA,https://www.imcdb.org/vehicle_1619149-Lincoln-Town-Car-54D-1986.html,https://www.imcdb.org/movie_5028270-Riders-on-the-Storm.html
Lincoln,Town Car,1989,54D,NA,Sedan,USA (United States of America),NA,NA,Ana,Movie,2020,NA,https://www.imcdb.org/vehicle_1424800-Lincoln-Town-Car-54D-1989.html,https://www.imcdb.org/movie_6865630-Ana.html
Lincoln,Town Car Stretched Limousine,1989,NA,NA,Limousine,USA (United States of America),NA,NA,Metallic Blues,Movie,2004,NA,https://www.imcdb.org/vehicle_1668394-Lincoln-Town-Car-Stretched-Limousine-1989.html,https://www.imcdb.org/movie_402374-Metallic-Blues.html
Lincoln,Town Car Stretched Limousine,1989,NA,American Custom Coachworks 'St. Tropez',Limousine,USA (United States of America),NA,NA,Underworld,Movie,1996,NA,https://www.imcdb.org/vehicle_1793095-Lincoln-Town-Car-Stretched-Limousine-1989.html,https://www.imcdb.org/movie_120414-Underworld.html
Lincoln,Town Car Stretched Limousine,1998,NA,NA,Limousine,USA (United States of America),NA,NA,Stretch,Movie,2014,NA,https://www.imcdb.org/vehicle_750478-Lincoln-Town-Car-Stretched-Limousine-1998.html,https://www.imcdb.org/movie_2494280-Stretch.html
Lincoln,Town Car Stretched Limousine,1998,NA,NA,Limousine,USA (United States of America),NA,NA,El ataúd de cristal,Movie,2016,NA,https://www.imcdb.org/vehicle_1133936-Lincoln-Town-Car-Stretched-Limousine-1998.html,https://www.imcdb.org/movie_5082418-El-ata%C3%BAd-de-cristal.html
Lola,B98/10 Judd,NA,NA,Vaillante,Racecar,United Kingdom,NA,NA,Michel Vaillant,Movie,2003,NA,https://www.imcdb.org/vehicle_9174-Lola-B98-10-Judd.html,https://www.imcdb.org/movie_307156-Michel-Vaillant.html
Lotus,23,NA,NA,NA,Racecar,United Kingdom,NA,NA,1:42:08: A Man and His Car,Short Movie,1966,NA,https://www.imcdb.org/vehicle_203449-Lotus-23.html,https://www.imcdb.org/movie_60046-1-42-08--A-Man-and-His-Car.html
Lotus,59,1969,Type 59,F3 Holbay-Ford,Racecar,United Kingdom,NA,NA,Freewheelers,TV Series,1968,1973,https://www.imcdb.org/vehicle_1078609-Lotus-59-Type-59-1969.html,https://www.imcdb.org/movie_62562-Freewheelers.html
Lotus,59,1969,Type 59,F3 Holbay-Ford,Racecar,United Kingdom,NA,NA,Freewheelers,TV Series,1968,1973,https://www.imcdb.org/vehicle_1078612-Lotus-59-Type-59-1969.html,https://www.imcdb.org/movie_62562-Freewheelers.html
Lotus,E21,2013,NA,NA,Racecar,United Kingdom,NA,NA,David Guetta feat. Sam Martin: Dangerous,Music Video,2014,NA,https://www.imcdb.org/vehicle_767054-Lotus-E21-2013.html,https://www.imcdb.org/movie_4264300-David-Guetta-feat-Sam-Martin--Dangerous.html
Lotus,Europa Special,1973,Type 74,NA,Coupé,United Kingdom,NA,Japan,Circuit no Ōkami,Movie,1977,NA,https://www.imcdb.org/vehicle_1093705-Lotus-Europa-Special-Type-74-1973.html,https://www.imcdb.org/movie_3166926-Circuit-no-%C5%8Ckami.html
LTI,TXII,2003,NA,NA,Sedan,United Kingdom,NA,United States of America,Stephen Fry in America,Documentary,2008,NA,https://www.imcdb.org/vehicle_209740-LTI-TXII-2003.html,https://www.imcdb.org/movie_1307789-Stephen-Fry-in-America.html
Mack,AB,NA,NA,NA,Simple truck,USA (United States of America),NA,NA,Thieves' Highway,Movie,1949,NA,https://www.imcdb.org/vehicle_208245-Mack-AB.html,https://www.imcdb.org/movie_41958-Thieves--Highway.html
Mack,FM-700T,1980,NA,Interstater,Trailer truck (tractor),USA (United States of America),NA,NA,Truckers,TV Series,1987,NA,https://www.imcdb.org/vehicle_871974-Mack-FM-700T-1980.html,https://www.imcdb.org/movie_272416-Truckers.html
Mack,RS-712 LST,1977,NA,NA,Trailer truck (tractor),USA (United States of America),NA,NA,Convoy,Movie,1978,NA,https://www.imcdb.org/vehicle_9813-Mack-RS-712-LST-1977.html,https://www.imcdb.org/movie_77369-Convoy.html
Mack,Super-Liner,1977,NA,NA,Trailer truck (tractor),USA (United States of America),NA,NA,Flatbed Annie & Sweetiepie: Lady Truckers,Movie made for TV,1979,NA,https://www.imcdb.org/vehicle_164613-Mack-Super-Liner-1977.html,https://www.imcdb.org/movie_79159-Flatbed-Annie-%26-Sweetiepie--Lady-Truckers.html
Mack,Super-Liner,1977,NA,NA,Trailer truck (tractor),USA (United States of America),NA,NA,Truckin' Buddy McCoy,Movie,1982,NA,https://www.imcdb.org/vehicle_492174-Mack-Super-Liner-1977.html,https://www.imcdb.org/movie_88301-Truckin--Buddy-McCoy.html
Made for Movie,NA,NA,NA,'Cruz Ramirez',Coupé,NA,NA,NA,Cars 3,Animation Movie,2017,NA,https://www.imcdb.org/vehicle_997967-Made-for-Movie.html,https://www.imcdb.org/movie_3606752-Cars-3.html
Made for Movie,NA,NA,NA,NA,Coupé,NA,NA,NA,Alan Walker: The Drum,Music Video,2022,NA,https://www.imcdb.org/vehicle_1664003-Made-for-Movie.html,https://www.imcdb.org/movie_19880426-Alan-Walker--The-Drum.html
Made for Movie,NA,NA,NA,'Susie',Convertible,USA (United States of America),NA,NA,Susie the Little Blue Coupe,Short Movie,1952,NA,https://www.imcdb.org/vehicle_1243591-Made-for-Movie.html,https://www.imcdb.org/movie_45209-Susie-the-Little-Blue-Coupe.html
Made for Movie,NA,NA,NA,NA,Proto / Concept,Poland,NA,NA,Pan Samochodzik i Praskie tajemnice,Movie,1988,NA,https://www.imcdb.org/vehicle_61113-Made-for-Movie.html,https://www.imcdb.org/movie_98058-Pan-Samochodzik-i-Praskie-tajemnice.html
Made for Movie,NA,NA,NA,NA,Custom,NA,NA,NA,Team Knight Rider,TV Series,1997,1998,https://www.imcdb.org/vehicle_281282-Made-for-Movie.html,https://www.imcdb.org/movie_127398-Team-Knight-Rider.html
Made for Movie,NA,NA,NA,'Super Planetary Combat Tank Garbin',Custom,Japan,NA,NA,Kyojû Tokusô Juspion,TV Series,1985,1986,https://www.imcdb.org/vehicle_1526103-Made-for-Movie.html,https://www.imcdb.org/movie_182616-Kyoj%C3%BB-Tokus%C3%B4-Juspion.html
Made for Movie,NA,NA,NA,NA,Road,NA,NA,NA,The Mouse And The Motorcycle,Movie made for TV,1986,NA,https://www.imcdb.org/vehicle_602060-Made-for-Movie.html,https://www.imcdb.org/movie_196767-The-Mouse-And-The-Motorcycle.html
Made for Movie,NA,NA,NA,NA,Road,NA,NA,NA,Reckless Kelly,Movie,1993,NA,https://www.imcdb.org/vehicle_1100828-Made-for-Movie.html,https://www.imcdb.org/movie_107930-Reckless-Kelly.html
Made for Movie,NA,NA,NA,NA,Custom,NA,NA,NA,Team Knight Rider,TV Series,1997,1998,https://www.imcdb.org/vehicle_281281-Made-for-Movie.html,https://www.imcdb.org/movie_127398-Team-Knight-Rider.html
Made for Movie,NA,NA,NA,NA,Custom,NA,NA,NA,Super Force,TV Series,1990,1992,https://www.imcdb.org/vehicle_516591-Made-for-Movie.html,https://www.imcdb.org/movie_98917-Super-Force.html
Made for Movie,NA,NA,NA,based on Honda XR 250 R,Custom,NA,NA,NA,Murdercycle,Movie,1999,NA,https://www.imcdb.org/vehicle_1874822-Made-for-Movie.html,https://www.imcdb.org/movie_188925-Murdercycle.html
Made for Movie,NA,NA,NA,NA,Trailer truck (tractor),NA,NA,NA,Warlords of the 21st Century,Movie,1982,NA,https://www.imcdb.org/vehicle_417767-Made-for-Movie.html,https://www.imcdb.org/movie_84887-Warlords-of-the-21st-Century.html
Made for Movie,NA,NA,NA,Monster Truck by Mike Welch,Simple truck,Canada,NA,NA,Rolling Vengeance,Movie,1987,NA,https://www.imcdb.org/vehicle_164444-Made-for-Movie.html,https://www.imcdb.org/movie_93876-Rolling-Vengeance.html
Made for Movie,NA,NA,NA,NA,Single-deck,NA,NA,NA,Professor Poopsnagle's Steam Zeppelin,TV Series,1986,NA,https://www.imcdb.org/vehicle_238882-Made-for-Movie.html,https://www.imcdb.org/movie_167695-Professor-Poopsnagle-s-Steam-Zeppelin.html
Made for Movie,NA,NA,NA,'Cyclops',Articulated bus,NA,NA,NA,The Big Bus,Movie,1976,NA,https://www.imcdb.org/vehicle_65460-Made-for-Movie.html,https://www.imcdb.org/movie_74205-The-Big-Bus.html
Made for Movie,NA,1981,NA,NA,Van / MPV,United Kingdom,NA,NA,Postman Pat,Animation Series,1981,2017,https://www.imcdb.org/vehicle_107637-Made-for-Movie-1981.html,https://www.imcdb.org/movie_149509-Postman-Pat.html
Made for Movie,'Atlantis Amalfi CS1800',1975,132A,on Fiat 132,Sedan,Italy,Germany,NA,PS - Geschichten ums Auto,TV Series,1975,1979,https://www.imcdb.org/vehicle_465232-Made-for-Movie--Atlantis-Amalfi-CS1800--132A-1975.html,https://www.imcdb.org/movie_72555-PS-Geschichten-ums-Auto.html
Made for Movie,'Crimebuster',NA,NA,NA,Custom,NA,NA,NA,Heartbeeps,Movie,1981,NA,https://www.imcdb.org/vehicle_1337562-Made-for-Movie--Crimebuster-.html,https://www.imcdb.org/movie_82507-Heartbeeps.html
Made for Movie,'Cyclone',NA,NA,NA,Road,NA,NA,NA,Cyclone,Movie,1987,NA,https://www.imcdb.org/vehicle_344538-Made-for-Movie--Cyclone-.html,https://www.imcdb.org/movie_92812-Cyclone.html
Made for Movie,'The War Rig',NA,NA,on Tatra T815-7 chassis,Trailer truck (tractor),Czechia,NA,NA,Mad Max: Fury Road,Movie,2015,NA,https://www.imcdb.org/vehicle_811192-Made-for-Movie--The-War-Rig-.html,https://www.imcdb.org/movie_1392190-Mad-Max--Fury-Road.html
Made for Movie,1928 Porter Stanhope,NA,NA,on 1924 Ford Model T Hotrod chassis,Sedan,USA (United States of America),NA,NA,My Mother the Car,TV Series,1965,1966,https://www.imcdb.org/vehicle_39539-Made-for-Movie-1928-Porter-Stanhope.html,https://www.imcdb.org/movie_58830-My-Mother-the-Car.html
Made for Movie,Austin Seven Chummy 'Brum',NA,NA,NA,Custom,United Kingdom,NA,NA,Brum,TV Series,1991,2002,https://www.imcdb.org/vehicle_212765-Made-for-Movie-Austin-Seven-Chummy--Brum-.html,https://www.imcdb.org/movie_217177-Brum.html
Made for Movie,Batmobile,1989,NA,NA,Custom,USA (United States of America),United Kingdom,NA,Batman,Movie,1989,NA,https://www.imcdb.org/vehicle_16573-Made-for-Movie-Batmobile-1989.html,https://www.imcdb.org/movie_96895-Batman.html
Made for Movie,Batmobile,1989,NA,NA,Custom,USA (United States of America),United Kingdom,NA,Batman Returns,Movie,1992,NA,https://www.imcdb.org/vehicle_269062-Made-for-Movie-Batmobile-1989.html,https://www.imcdb.org/movie_103776-Batman-Returns.html
Made for Movie,Blur,NA,NA,NA,NA,NA,NA,NA,The Little Rascals,Movie,1994,NA,https://www.imcdb.org/vehicle_86397-Made-for-Movie-Blur.html,https://www.imcdb.org/movie_110366-The-Little-Rascals.html
Made for Movie,Coyote X,NA,NA,NA,Custom,USA (United States of America),NA,NA,Hardcastle and McCormick,TV Series,1983,1986,https://www.imcdb.org/vehicle_8433-Made-for-Movie-Coyote-X.html,https://www.imcdb.org/movie_85029-Hardcastle-and-McCormick.html
Made for Movie,Dolphin,NA,NA,NA,NA,Japan,NA,NA,星雲仮面マシンマン (Nebula Mask Machineman),TV Series,1984,NA,https://www.imcdb.org/vehicle_1998216-Made-for-Movie-Dolphin.html,https://www.imcdb.org/movie_184142-Seiun-Kamen-Machineman.html
Made for Movie,Dyna Machine,NA,NA,NA,Off-road / SUV,Japan,NA,NA,Kagaku Sentai Dynaman,TV Series,1983,1984,https://www.imcdb.org/vehicle_1494872-Made-for-Movie-Dyna-Machine.html,https://www.imcdb.org/movie_85042-Kagaku-Sentai-Dynaman.html
Made for Movie,Flash Titan,NA,NA,NA,Trailer truck (tractor),Japan,NA,NA,Chôshinsei Furasshuman,TV Series,1986,1987,https://www.imcdb.org/vehicle_1338036-Made-for-Movie-Flash-Titan.html,https://www.imcdb.org/movie_90407-Ch%C3%B4shinsei-Furasshuman.html
Made for Movie,Ford 1½-Ton,NA,NA,on GAZ-53 chassis,Simple truck,USSR,NA,NA,Ехали два шофёра (Two Drivers),Movie,2002,NA,https://www.imcdb.org/vehicle_293420-Made-for-Movie-Ford-1%C2%BD-Ton.html,https://www.imcdb.org/movie_309088-Yekhali-dva-shofyora.html
Made for Movie,Formula 1,NA,NA,'APX GP' on Dallara F2,Racecar,NA,NA,NA,F1,Movie,2025,NA,https://www.imcdb.org/vehicle_1957963-Made-for-Movie-Formula-1.html,https://www.imcdb.org/movie_16311594-F1.html
Made for Movie,Hannibal 8,NA,NA,NA,Custom,NA,NA,NA,The Great Race,Movie,1965,NA,https://www.imcdb.org/vehicle_20469-Made-for-Movie-Hannibal-8.html,https://www.imcdb.org/movie_59243-The-Great-Race.html
Made for Movie,Il Tempo Gigante,NA,NA,NA,Custom,Norway,NA,NA,Flåklypa Grand Prix,Movie,1975,NA,https://www.imcdb.org/vehicle_25471-Made-for-Movie-Il-Tempo-Gigante.html,https://www.imcdb.org/movie_73000-Fl%C3%A5klypa-Grand-Prix.html
Made for Movie,Land Galaxy,NA,NA,NA,Trailer truck (tractor),Japan,NA,NA,Hikari sentai Masukuman,TV Series,1987,1988,https://www.imcdb.org/vehicle_1267290-Made-for-Movie-Land-Galaxy.html,https://www.imcdb.org/movie_92371-Hikari-sentai-Masukuman.html
Made for Movie,Leslie Special,1965,NA,NA,Convertible,USA (United States of America),NA,NA,The Great Race,Movie,1965,NA,https://www.imcdb.org/vehicle_20468-Made-for-Movie-Leslie-Special-1965.html,https://www.imcdb.org/movie_59243-The-Great-Race.html
Made for Movie,Mach 5,NA,NA,NA,Racecar,NA,NA,NA,Speed Racer,Movie,2008,NA,https://www.imcdb.org/vehicle_172578-Made-for-Movie-Mach-5.html,https://www.imcdb.org/movie_811080-Speed-Racer.html
Made for Movie,Mach 5,NA,NA,NA,Racecar,NA,NA,NA,Mahha GoGoGo,Animation Series,1967,1968,https://www.imcdb.org/vehicle_912399-Made-for-Movie-Mach-5.html,https://www.imcdb.org/movie_61300-Mahha-GoGoGo.html
Made for Movie,NASCAR,NA,NA,'Lightning McQueen',Coupé,USA (United States of America),NA,NA,Cars,Animation Movie,2006,NA,https://www.imcdb.org/vehicle_38251-Made-for-Movie-NASCAR.html,https://www.imcdb.org/movie_317219-Cars.html
Made for Movie,NASCAR,NA,NA,NA,Racecar,USA (United States of America),NA,NA,Cars 3,Animation Movie,2017,NA,https://www.imcdb.org/vehicle_979416-Made-for-Movie-NASCAR.html,https://www.imcdb.org/movie_3606752-Cars-3.html
Made for Movie,NASCAR,NA,NA,'Lightning McQueen',Racecar,USA (United States of America),NA,NA,Cars on the Road,Animation Series,2022,NA,https://www.imcdb.org/vehicle_1705916-Made-for-Movie-NASCAR.html,https://www.imcdb.org/movie_11981568-Cars-on-the-Road.html
Made for Movie,NASCAR,NA,NA,'Lightning Mcqueen',Racecar,USA (United States of America),NA,NA,Miss Fritter’s Racing Skoool,Animation Movie,2017,NA,https://www.imcdb.org/vehicle_1946912-Made-for-Movie-NASCAR.html,https://www.imcdb.org/movie_7334642-Miss-Fritter%E2%80%99s-Racing-Skoool.html
Made for Movie,Rolls-Royce Hudson,NA,NA,NA,Custom,United Kingdom,NA,NA,Terrahawks,TV Series,1983,1986,https://www.imcdb.org/vehicle_76319-Made-for-Movie-Rolls-Royce-Hudson.html,https://www.imcdb.org/movie_85099-Terrahawks.html
Made for Movie,Side Phantom,NA,NA,NA,Sidecar,Japan,NA,NA,Chôjinki Metalder,TV Series,1987,1988,https://www.imcdb.org/vehicle_1104500-Made-for-Movie-Side-Phantom.html,https://www.imcdb.org/movie_161168-Ch%C3%B4jinki-Metalder.html
Made for Movie,T-34/85,NA,NA,NA,Military armored vehicle,USSR,South Korea,NA,서부전선 (The Long Way Home),Movie,2015,NA,https://www.imcdb.org/vehicle_1609097-Made-for-Movie-T-34-85.html,https://www.imcdb.org/movie_4320560-Seoboojeonsun.html
Made for Movie,Volkswagen Schwimmwagen,NA,NA,NA,Off-road / SUV,Germany,NA,NA,Wyspa zloczynców,Movie,1965,NA,https://www.imcdb.org/vehicle_161374-Made-for-Movie-Volkswagen-Schwimmwagen.html,https://www.imcdb.org/movie_59922-Wyspa-zloczync%C3%B3w.html
Made for Movie,Winton Flyer,1905,NA,NA,Convertible,USA (United States of America),NA,NA,The Reivers,Movie,1969,NA,https://www.imcdb.org/vehicle_73183-Made-for-Movie-Winton-Flyer-1905.html,https://www.imcdb.org/movie_64886-The-Reivers.html
Made for Movie,ZiS 5V,NA,NA,NA,Simple truck,NA,NA,NA,Sekretnoe oruzhie,Movie,2019,NA,https://www.imcdb.org/vehicle_1426722-Made-for-Movie-ZiS-5V.html,https://www.imcdb.org/movie_10985590-Sekretnoe-oruzhie.html
Mahindra,Bolero,2011,NA,NA,Off-road / SUV,India,NA,NA,Singam 2,Movie,2013,NA,https://www.imcdb.org/vehicle_1425709-Mahindra-Bolero-2011.html,https://www.imcdb.org/movie_2309600-Singam-2.html
MAN,19.280,1974,F8,''Nah-Ost Version'',Trailer truck (tractor),Germany,NA,NA,Auf Achse,TV Series,1978,1996,https://www.imcdb.org/vehicle_38982-MAN-19280-F8-1974.html,https://www.imcdb.org/movie_76980-Auf-Achse.html
MAN,635 F,NA,PB,Kramer,Simple truck,Germany,NA,NA,Im Lauf der Zeit,Movie,1976,NA,https://www.imcdb.org/vehicle_86427-MAN-635-F-PB.html,https://www.imcdb.org/movie_73152-Im-Lauf-der-Zeit.html
MAN,770 S,NA,NA,Ackermann,Simple truck,Germany,NA,NA,Jeudi on chantera comme dimanche,Movie,1967,NA,https://www.imcdb.org/vehicle_964109-MAN-770-S.html,https://www.imcdb.org/movie_252568-Jeudi-on-chantera-comme-dimanche.html
Maruti,Esteem,1994,NA,NA,Sedan,Japan,India,India (1947+),ദി കാർ (The Car),Movie,1997,NA,https://www.imcdb.org/vehicle_2051659-Maruti-Esteem-1994.html,https://www.imcdb.org/movie_355307-%E0%B4%A6%E0%B4%BF-%E0%B4%95%E0%B4%BE%E0%B5%BC.html
Maruti,Esteem,1994,NA,NA,Sedan,Japan,India,India (1947+),एक्सीडेंट ओन हिल रोड (Accident on Hill Road),Movie,2009,NA,https://www.imcdb.org/vehicle_2078136-Maruti-Esteem-1994.html,https://www.imcdb.org/movie_1570417-%E0%A4%8F%E0%A4%95%E0%A5%8D%E0%A4%B8%E0%A5%80%E0%A4%A1%E0%A5%87%E0%A4%82%E0%A4%9F-%E0%A4%93%E0%A4%A8-%E0%A4%B9%E0%A4%BF%E0%A4%B2-%E0%A4%B0%E0%A5%8B%E0%A4%A1.html
Maserati,GranTurismo,2007,M145,NA,Coupé,Italy,NA,NA,600 PS für 2,Movie made for TV,2015,NA,https://www.imcdb.org/vehicle_856733-Maserati-GranTurismo-M145-2007.html,https://www.imcdb.org/movie_4102588-600-PS-f%C3%BCr-2.html
Maserati,GranTurismo Trofeo,2023,M189,NA,Coupé,Italy,NA,NA,Duobėje (Fading Whisperers Below),Movie,2024,NA,https://www.imcdb.org/vehicle_2017357-Maserati-GranTurismo-Trofeo-M189-2023.html,https://www.imcdb.org/movie_33241354-Duob%C4%97je.html
Massey-Harris,745,NA,NA,NA,Farming vehicle,Canada,United Kingdom,NA,Ghost in the Machine,Short Movie,2012,NA,https://www.imcdb.org/vehicle_642311-Massey-Harris-745.html,https://www.imcdb.org/movie_1950184-Ghost-in-the-Machine.html
Massey-Harris,780,1953,NA,Combine Harvester,Farming vehicle,Canada,United Kingdom,NA,Salvage Squad,Non-fiction TV,2002,2004,https://www.imcdb.org/vehicle_103364-Massey-Harris-780-1953.html,https://www.imcdb.org/movie_315058-Salvage-Squad.html
Massey-Harris,Pony,NA,NA,NA,Farming vehicle,Canada,NA,NA,Little Red Tractor,Animation Series,2004,2007,https://www.imcdb.org/vehicle_1766645-Massey-Harris-Pony.html,https://www.imcdb.org/movie_855525-Little-Red-Tractor.html
MÁVAG,TR-5,1949,NA,Ikarus,Single-deck,Hungary,NA,NA,Autobus odjeżdża 6.20,Movie,1954,NA,https://www.imcdb.org/vehicle_651473-M%C3%81VAG-TR-5-1949.html,https://www.imcdb.org/movie_46734-Autobus-odje%C5%BCd%C5%BCa-620.html
Maybach,62 S Landaulet,2008,V240,NA,Limousine,Germany,NA,NA,"DJ Khaled feat. Jay-Z, Future, Beyoncé: Top Off",Music Video,2018,NA,https://www.imcdb.org/vehicle_1274297-Maybach-62-S-Landaulet-V240-2008.html,https://www.imcdb.org/movie_1004520533-DJ-Khaled-feat-Jay-Z%2C-Future%2C-Beyonc%C3%A9--Top-Off.html
MAZ,516,1969,NA,NA,Simple truck,USSR,NA,NA,Мировой парень (The Cool Guy),Movie,1971,NA,https://www.imcdb.org/vehicle_320491-MAZ-516-1969.html,https://www.imcdb.org/movie_296757-Mirovoy-paren.html
MAZ,64228,NA,NA,NA,Trailer truck (tractor),USSR,NA,NA,Стервятники на дорогах (Road Hawks),Movie,1990,NA,https://www.imcdb.org/vehicle_338311-MAZ-64228.html,https://www.imcdb.org/movie_100693-Stervyatniki-na-dorogakh.html
Mazda,3,2010,BL,NA,Sedan,Japan,NA,United States of America,Gridlock,Movie,2017,NA,https://www.imcdb.org/vehicle_1325514-Mazda-3-BL-2010.html,https://www.imcdb.org/movie_5638178-Gridlock.html
Mazda,323,1979,FA4,NA,Hatchback,Japan,NA,Sweden,Det nya landet,Movie made for TV,2000,NA,https://www.imcdb.org/vehicle_148572-Mazda-323-FA4-1979.html,https://www.imcdb.org/movie_188350-Det-nya-landet.html
Mazda,626,1997,GF,NA,Hatchback,Japan,NA,Europe,Parked,Movie,2010,NA,https://www.imcdb.org/vehicle_620598-Mazda-626-GF-1997.html,https://www.imcdb.org/movie_1571409-Parked.html
Mazda,626 Coupé,1979,CB2,1600 (converted to cabriolet),Coupé,Japan,NA,NA,Jizda,Movie,1994,NA,https://www.imcdb.org/vehicle_146412-Mazda-626-Coup%C3%A9-CB2-1979.html,https://www.imcdb.org/movie_110202-Jizda.html
Mazda,Atenza,2003,GG,23Z,Hatchback,Japan,NA,Japan,Rush,Short Movie,2003,NA,https://www.imcdb.org/vehicle_1726264-Mazda-Atenza-GG-2003.html,https://www.imcdb.org/movie_1004523426-Rush.html
Mazda,Carol P-600,1963,KPDA,Deluxe,Supermini,Japan,NA,NA,Homunculus,Movie,2021,NA,https://www.imcdb.org/vehicle_1620585-Mazda-Carol-P-600-KPDA-1963.html,https://www.imcdb.org/movie_14404280-Homunculus.html
Mazda,E-Series,NA,NA,NA,Van / MPV,Japan,NA,NA,Sini ada hantu!,Movie,2011,NA,https://www.imcdb.org/vehicle_465217-Mazda-E-Series.html,https://www.imcdb.org/movie_1823746-Sini-ada-hantu%21.html
Mazda,Familia,1986,BF,'Metal Charger',Hatchback,Japan,NA,NA,Chôjinki Metalder,TV Series,1987,1988,https://www.imcdb.org/vehicle_1104501-Mazda-Familia-BF-1986.html,https://www.imcdb.org/movie_161168-Ch%C3%B4jinki-Metalder.html
Mazda,RX-7,1979,FB,NA,Coupé,Japan,NA,NA,車魂 (The Accident),Movie,1983,NA,https://www.imcdb.org/vehicle_1698003-Mazda-RX-7-FB-1979.html,https://www.imcdb.org/movie_85325-Che-wan.html
MCI,MC-7,1968,NA,Scenicruiser,Single-deck,Canada,NA,NA,The Great Ice Rip-Off,Movie made for TV,1974,NA,https://www.imcdb.org/vehicle_1975799-MCI-MC-7-1968.html,https://www.imcdb.org/movie_71578-The-Great-Ice-Rip-Off.html
MCI,MC-8,NA,NA,NA,Single-deck,Canada,NA,NA,Devil's Highway,Movie,2005,NA,https://www.imcdb.org/vehicle_191057-MCI-MC-8.html,https://www.imcdb.org/movie_398021-Devil-s-Highway.html
MCI,MC-9,1978,NA,NA,Single-deck,Canada,NA,NA,Get on the Bus,Movie,1996,NA,https://www.imcdb.org/vehicle_526582-MCI-MC-9-1978.html,https://www.imcdb.org/movie_116404-Get-on-the-Bus.html
Mercedes-Benz,NA,1974,W115,NA,Sedan,Germany,NA,NA,Halo taxi,Movie,1983,NA,https://www.imcdb.org/vehicle_677604-Mercedes-Benz-W115-1974.html,https://www.imcdb.org/movie_85637-Halo-taxi.html
Mercedes-Benz,NA,1980,NG,NA,Simple truck,Germany,NA,NA,Sivi kamion crvene boje,Movie,2004,NA,https://www.imcdb.org/vehicle_248493-Mercedes-Benz-NG-1980.html,https://www.imcdb.org/movie_365089-Sivi-kamion-crvene-boje.html
Mercedes-Benz,1632,1976,NG,'ShadowLine',Trailer truck (tractor),Germany,NA,NA,Auf Achse,TV Series,1978,1996,https://www.imcdb.org/vehicle_38341-Mercedes-Benz-1632-NG-1976.html,https://www.imcdb.org/movie_76980-Auf-Achse.html
Mercedes-Benz,1632 S,1974,NG,NA,Trailer truck (tractor),Germany,NA,NA,Auf Achse,TV Series,1978,1996,https://www.imcdb.org/vehicle_35433-Mercedes-Benz-1632-S-NG-1974.html,https://www.imcdb.org/movie_76980-Auf-Achse.html
Mercedes-Benz,190 D,1962,W110,Taxi,Sedan,Germany,NA,NA,Unsere große Schwester,TV Series,1964,1965,https://www.imcdb.org/vehicle_1282625-Mercedes-Benz-190-D-W110-1962.html,https://www.imcdb.org/movie_1258910-Unsere-gro%C3%9Fe-Schwester.html
Mercedes-Benz,190 SL,NA,W121.042,NA,Convertible,Germany,NA,NA,Committed,Movie,2014,NA,https://www.imcdb.org/vehicle_792835-Mercedes-Benz-190-SL-W121042.html,https://www.imcdb.org/movie_3073490-Committed.html
Mercedes-Benz,200 D,NA,W114,NA,Sedan,Germany,NA,NA,Liberanovi,Movie made for TV,1979,NA,https://www.imcdb.org/vehicle_1223505-Mercedes-Benz-200-D-W114.html,https://www.imcdb.org/movie_1181460-Liberanovi.html
Mercedes-Benz,200 D,NA,W123,NA,Sedan,Germany,NA,NA,San zimske noći,Movie,2004,NA,https://www.imcdb.org/vehicle_1248795-Mercedes-Benz-200-D-W123.html,https://www.imcdb.org/movie_402481-San-zimske-no%C4%87i.html
Mercedes-Benz,200 D,1969,W115,NA,Sedan,Germany,NA,NA,البنات والمرسيدس (Girls and Mercedes),Movie,1973,NA,https://www.imcdb.org/vehicle_563070-Mercedes-Benz-200-D-W115-1969.html,https://www.imcdb.org/movie_29284679-Al-Banat-wal-Mercedes.html
Mercedes-Benz,200 D,1976,W123,NA,Sedan,Germany,NA,India (1947+),ഓവർ ടേക്ക് (Overtake),Movie,2017,NA,https://www.imcdb.org/vehicle_2043310-Mercedes-Benz-200-D-W123-1976.html,https://www.imcdb.org/movie_7273546-%E0%B4%93%E0%B4%B5%E0%B5%BC-%E0%B4%9F%E0%B5%87%E0%B4%95%E0%B5%8D%E0%B4%95%E0%B5%8D.html
Mercedes-Benz,2224,1976,NG,NA,Trailer truck (tractor),Germany,NA,Australia (1954+),Roadgames,Movie,1981,NA,https://www.imcdb.org/vehicle_40301-Mercedes-Benz-2224-NG-1976.html,https://www.imcdb.org/movie_83000-Roadgames.html
Mercedes-Benz,2235,NA,NG,NA,Trailer truck (tractor),Germany,NA,NA,Un chien sur la route (The Second Death of Gregor Z),Movie,1992,NA,https://www.imcdb.org/vehicle_1964946-Mercedes-Benz-2235-NG.html,https://www.imcdb.org/movie_105907-Un-chien-sur-la-route.html
Mercedes-Benz,230 E,1983,W123,NA,Sedan,Germany,NA,NA,Die drei Friseure: Parikmaher,Music Video,2010,NA,https://www.imcdb.org/vehicle_472549-Mercedes-Benz-230-E-W123-1983.html,https://www.imcdb.org/movie_1004512911-Die-drei-Friseure--Parikmaher.html
Mercedes-Benz,230 S,1966,W111.010,NA,Sedan,Germany,NA,NA,Zmiennicy,TV Series,1986,NA,https://www.imcdb.org/vehicle_154613-Mercedes-Benz-230-S-W111010-1966.html,https://www.imcdb.org/movie_169517-Zmiennicy.html
Mercedes-Benz,250 S,1966,W108,Automatic,Sedan,Germany,NA,NA,Oglan Evi 2,Movie,2016,NA,https://www.imcdb.org/vehicle_1617593-Mercedes-Benz-250-S-W108-1966.html,https://www.imcdb.org/movie_6129286-Oglan-Evi-2.html
Mercedes-Benz,280,1974,W114,NA,Sedan,Germany,NA,Japan,Ringo Shiina: Tsumi to Batsu,Music Video,2000,NA,https://www.imcdb.org/vehicle_1268806-Mercedes-Benz-280-W114-1974.html,https://www.imcdb.org/movie_1004520504-Ringo-Shiina--Tsumi-to-Batsu.html
Mercedes-Benz,280 SE,1968,W108,NA,Sedan,Germany,NA,NA,Ngo joh aan gin diy gwai,Movie,2002,NA,https://www.imcdb.org/vehicle_403355-Mercedes-Benz-280-SE-W108-1968.html,https://www.imcdb.org/movie_319901-Ngo-joh-aan-gin-diy-gwai.html
Mercedes-Benz,290 GD Turbodiesel,1999,W461,NA,Off-road / SUV,Austria,NA,NA,Offroad TV,TV Series,2001,NA,https://www.imcdb.org/vehicle_1376062-Mercedes-Benz-290-GD-Turbodiesel-W461-1999.html,https://www.imcdb.org/movie_274692-Offroad-TV.html
Mercedes-Benz,290 Lang,1934,W18,Cabriolet D,Convertible,Germany,NA,NA,«Мерседес» уходит от погони (Mercedes Gets Away from the Chase),Movie,1980,NA,https://www.imcdb.org/vehicle_500337-Mercedes-Benz-290-Lang-W18-1934.html,https://www.imcdb.org/movie_230519-Mersedes-ukhodit-ot-pogoni.html
Mercedes-Benz,300 c,1956,W186.017,NA,Sedan,Germany,NA,NA,Den gula bilen,Movie,1963,NA,https://www.imcdb.org/vehicle_162366-Mercedes-Benz-300-c-W186017-1956.html,https://www.imcdb.org/movie_57119-Den-gula-bilen.html
Mercedes-Benz,300 SL Roadster,1957,W198 II,NA,Convertible,Germany,NA,United States of America,You'll Never Be The Same,Short Movie,1960,NA,https://www.imcdb.org/vehicle_1890747-Mercedes-Benz-300-SL-Roadster-W198-II-1957.html,https://www.imcdb.org/movie_1004524488-You-ll-Never-Be-The-Same.html
Mercedes-Benz,300 TD,1983,W123,NA,Wagon,Germany,NA,NA,Hit and Run,Mini-Series,2018,NA,https://www.imcdb.org/vehicle_1195708-Mercedes-Benz-300-TD-W123-1983.html,https://www.imcdb.org/movie_9426568-Hit-and-Run.html
Mercedes-Benz,309 D,1982,T1,FFB MC 8,Class B or C Motorhome,Germany,NA,NA,Dog Hot,Movie,2014,NA,https://www.imcdb.org/vehicle_1104254-Mercedes-Benz-309-D-T1-1982.html,https://www.imcdb.org/movie_4697362-Dog-Hot.html
Mercedes-Benz,310,1989,T1,HK Police,Van / MPV,Germany,NA,Hong Kong (1932+),滅罪先鋒 (Deadly Showdown),Movie made for TV,1997,NA,https://www.imcdb.org/vehicle_1784771-Mercedes-Benz-310-T1-1989.html,https://www.imcdb.org/movie_1004523825-Mit-jeui-sin-fung.html
Mercedes-Benz,320 Lang,1937,W142,Tourenwagen,Convertible,Germany,NA,NA,Limuzyna Daimler-Benz,Movie,1982,NA,https://www.imcdb.org/vehicle_642215-Mercedes-Benz-320-Lang-W142-1937.html,https://www.imcdb.org/movie_84253-Limuzyna-Daimler-Benz.html
Mercedes-Benz,350 SE,1973,W116,NA,Sedan,Germany,NA,NA,"Mercedes, mon amour",Movie,1992,NA,https://www.imcdb.org/vehicle_616843-Mercedes-Benz-350-SE-W116-1973.html,https://www.imcdb.org/movie_200637-Mercedes%2C-mon-amour.html
Mercedes-Benz,350 SLC,1972,C107,NA,Coupé,Germany,NA,NA,迷離警界：鬼車 (Twilight Zone Cops: Ghost Driven),Movie,2002,NA,https://www.imcdb.org/vehicle_1569925-Mercedes-Benz-350-SLC-C107-1972.html,https://www.imcdb.org/movie_10878806-Mai-lei-ging-gai--Gwai-che.html
Mercedes-Benz,409,1976,T2,Miesen NAW 7 BF Frankfurt Main Unfallklinik,Ambulance,Germany,NA,NA,Notarztwagen 7,TV Series,1976,1977,https://www.imcdb.org/vehicle_971908-Mercedes-Benz-409-T2-1976.html,https://www.imcdb.org/movie_404649-Notarztwagen-7.html
Mercedes-Benz,450 SEL 6.9,1976,W116,NA,Sedan,Germany,NA,NA,C'était un rendez-vous,Short Movie,1976,NA,https://www.imcdb.org/vehicle_133998-Mercedes-Benz-450-SEL-69-W116-1976.html,https://www.imcdb.org/movie_169173-C-%C3%A9tait-un-rendez-vous.html
Mercedes-Benz,450 SL,1972,R107,NA,Convertible,Germany,NA,NA,Moka,Movie,2016,NA,https://www.imcdb.org/vehicle_1151772-Mercedes-Benz-450-SL-R107-1972.html,https://www.imcdb.org/movie_5072406-Moka.html
Mercedes-Benz,508 D,NA,T2,NA,Simple truck,Germany,NA,NA,Duran,Movie,2018,NA,https://www.imcdb.org/vehicle_1417835-Mercedes-Benz-508-D-T2.html,https://www.imcdb.org/movie_28362578-Duran.html
Mercedes-Benz,A 250 Sport,2013,W176,NA,Hatchback,Germany,NA,NA,Next A-Class,Animation Movie,2012,NA,https://www.imcdb.org/vehicle_594196-Mercedes-Benz-A-250-Sport-W176-2013.html,https://www.imcdb.org/movie_7111410-Next-A-Class.html
Mercedes-Benz,Bestattungswagen,1986,VF124,Pollmann SK 210 124,Funeral,Germany,NA,NA,Mission Ulja Funk,Movie,2021,NA,https://www.imcdb.org/vehicle_1884448-Mercedes-Benz-Bestattungswagen-VF124-1986.html,https://www.imcdb.org/movie_11545370-Mission-Ulja-Funk.html
Mercedes-Benz,C Sportcoupé,2002,CL203,NA,Coupé,Germany,NA,NA,Leningrad: Kabriolet,Music Video,2019,NA,https://www.imcdb.org/vehicle_1336906-Mercedes-Benz-C-Sportcoup%C3%A9-CL203-2002.html,https://www.imcdb.org/movie_13200490-Leningrad--Kabriolet.html
Mercedes-Benz,C-Klasse,1994,W202,Esprit,Sedan,Germany,NA,NA,Dżej Dżej (Dzej Dzej),Movie,2014,NA,https://www.imcdb.org/vehicle_738277-Mercedes-Benz-C-Klasse-W202-1994.html,https://www.imcdb.org/movie_3139754-Dzej-Dzej.html
Mercedes-Benz,C-Klasse Coupé,2012,C204,BlueEFFICIENCY,Coupé,Germany,NA,NA,Drive & Seek,Short Movie,2011,NA,https://www.imcdb.org/vehicle_1074505-Mercedes-Benz-C-Klasse-Coup%C3%A9-C204-2012.html,https://www.imcdb.org/movie_4607874-Drive-%26-Seek.html
Mercedes-Benz,CE,1987,C124,NA,Coupé,Germany,NA,NA,Immer nie am Meer,Movie,2007,NA,https://www.imcdb.org/vehicle_586248-Mercedes-Benz-CE-C124-1987.html,https://www.imcdb.org/movie_976042-Immer-nie-am-Meer.html
Mercedes-Benz,Centomobil,1986,NA,NA,Proto / Concept,Germany,NA,NA,Top Kids,Movie made for TV,1987,NA,https://www.imcdb.org/vehicle_838404-Mercedes-Benz-Centomobil-1986.html,https://www.imcdb.org/movie_94166-Top-Kids.html
Mercedes-Benz,CL 500,2000,C215,NA,Coupé,Germany,NA,NA,GZUZ: CL500,Music Video,2015,NA,https://www.imcdb.org/vehicle_1136215-Mercedes-Benz-CL-500-C215-2000.html,https://www.imcdb.org/movie_1004519210-GZUZ--CL500.html
Mercedes-Benz,E 200,2019,W213,4matic,Sedan,Germany,NA,NA,Morgenshtern: Noviy merin,Music Video,2019,NA,https://www.imcdb.org/vehicle_1750385-Mercedes-Benz-E-200-W213-2019.html,https://www.imcdb.org/movie_14669758-Morgenshtern--Noviy-merin.html
Mercedes-Benz,E 220 d Cabriolet,2018,A238,NA,Convertible,Germany,NA,NA,Zouhair Bahaoui: Décapotable,Music Video,2018,NA,https://www.imcdb.org/vehicle_1331139-Mercedes-Benz-E-220-d-Cabriolet-A238-2018.html,https://www.imcdb.org/movie_1004520993-Zouhair-Bahaoui--D%C3%A9capotable.html
Mercedes-Benz,E-Klasse,2000,W210,Avantgarde,Sedan,Germany,NA,NA,구타 유발자들 (A Bloody Aria),Movie,2006,NA,https://www.imcdb.org/vehicle_1660720-Mercedes-Benz-E-Klasse-W210-2000.html,https://www.imcdb.org/movie_821462-Guta-yubalja-deul.html
Mercedes-Benz,E-Klasse Begrafenisauto,1996,VF210,Classic Pilato,Funeral,Germany,Italy,Belgium,Waarom Wettelen (The Weeping Walk),Movie,2024,NA,https://www.imcdb.org/vehicle_1967361-Mercedes-Benz-E-Klasse-Begrafenisauto-VF210-1996.html,https://www.imcdb.org/movie_11767704-Waarom-Wettelen.html
Mercedes-Benz,G 63 AMG,2013,W463,V8 BiTurbo,Off-road / SUV,Austria,NA,NA,Курьер из 'Рая' (Courier from 'Paradise'),Movie,2013,NA,https://www.imcdb.org/vehicle_661896-Mercedes-Benz-G-63-AMG-W463-2013.html,https://www.imcdb.org/movie_3274708-Kuryer-iz--Raya-.html
Mercedes-Benz,GLE,2016,W166,Designo Line AMG Line Exterieur,Off-road / SUV,Germany,USA (United States of America),NA,Steig. Nicht. Aus! (Don't. Get. Out!),Movie,2018,NA,https://www.imcdb.org/vehicle_1132665-Mercedes-Benz-GLE-W166-2016.html,https://www.imcdb.org/movie_6686700-Steig-Nicht-Aus%21.html
Mercedes-Benz,GLE,2020,V167,NA,Off-road / SUV,Germany,USA (United States of America),NA,Três Graças,TV Series,2025,NA,https://www.imcdb.org/vehicle_2058422-Mercedes-Benz-GLE-V167-2020.html,https://www.imcdb.org/movie_38591370-Tr%C3%AAs-Gra%C3%A7as.html
Mercedes-Benz,GLS,2020,X167,NA,Off-road / SUV,Germany,USA (United States of America),NA,Retribution,Movie,2023,NA,https://www.imcdb.org/vehicle_1826363-Mercedes-Benz-GLS-X167-2020.html,https://www.imcdb.org/movie_6906292-Retribution.html
Mercedes-Benz,LO 915,NA,NA,Thonburi Bus Body,Single-deck,Germany,Thailand,Thailand (1955+),ป๊าด 888 แรงทะลุนรก (Pard 888),Movie,2016,NA,https://www.imcdb.org/vehicle_1079115-Mercedes-Benz-LO-915.html,https://www.imcdb.org/movie_6447452-Paad-888-Rang-Talu-Narok.html
Mercedes-Benz,LP 1113,NA,L59,NA,Simple truck,Germany,NA,NA,Thalatha ala ettarik,Movie,1993,NA,https://www.imcdb.org/vehicle_1456845-Mercedes-Benz-LP-1113-L59.html,https://www.imcdb.org/movie_105571-Thalatha-ala-ettarik.html
Mercedes-Benz,LPS 1620,1963,LP63,NA,Trailer truck (tractor),Germany,NA,NA,Tatort - Kressin und der Laster nach Lüttich,Movie made for TV,1971,NA,https://www.imcdb.org/vehicle_66886-Mercedes-Benz-LPS-1620-LP63-1963.html,https://www.imcdb.org/movie_67832-Tatort-Kressin-und-der-Laster-nach-L%C3%BCttich.html
Mercedes-Benz,O 305,1969,VÖV,Standard-Linienbus,Single-deck,Germany,NA,NA,Gladbeck,Mini-Series,2018,NA,https://www.imcdb.org/vehicle_1124449-Mercedes-Benz-O-305-V%C3%96V-1969.html,https://www.imcdb.org/movie_5760392-Gladbeck.html
Mercedes-Benz,O 309 D,1976,T2,NA,Single-deck,Germany,NA,Norway,"Hjelp, vi er russ!",Movie,2011,NA,https://www.imcdb.org/vehicle_505999-Mercedes-Benz-O-309-D-T2-1976.html,https://www.imcdb.org/movie_1753908-Hjelp%2C-vi-er-russ%21.html
Mercedes-Benz,O 321 HL,NA,NA,NA,Class A Motorhome,Germany,Brazil,Argentina,Erreway: 4 caminos,Movie,2004,NA,https://www.imcdb.org/vehicle_360026-Mercedes-Benz-O-321-HL.html,https://www.imcdb.org/movie_412689-Erreway--4-caminos.html
Mercedes-Benz,O 3500,1951,NA,NA,Single-deck,Germany,NA,NA,Ko to tamo peva,Movie,1980,NA,https://www.imcdb.org/vehicle_118946-Mercedes-Benz-O-3500-1951.html,https://www.imcdb.org/movie_76276-Ko-to-tamo-peva.html
Mercedes-Benz,O 404-15 RHD,1999,NA,Hispano Vita,Single-deck,Germany,NA,NA,Murder on the Blackpool Express,Movie made for TV,2017,NA,https://www.imcdb.org/vehicle_1927193-Mercedes-Benz-O-404-15-RHD-1999.html,https://www.imcdb.org/movie_7444400-Murder-on-the-Blackpool-Express.html
Mercedes-Benz,S-Klasse,NA,W220,NA,Sedan,Germany,NA,NA,DJ 600V & Tede: Merctedes S600,Music Video,2003,NA,https://www.imcdb.org/vehicle_2092640-Mercedes-Benz-S-Klasse-W220.html,https://www.imcdb.org/movie_1004526401-DJ-600V-%26-Tede--Merctedes-S600.html
Mercedes-Benz,S-Klasse,1981,W126,NA,Sedan,Germany,NA,United States of America,Finder Of Lost Loves,TV Series,1984,1985,https://www.imcdb.org/vehicle_1789705-Mercedes-Benz-S-Klasse-W126-1981.html,https://www.imcdb.org/movie_86712-Finder-Of-Lost-Loves.html
Mercedes-Benz,SEL,1986,W126,NA,Sedan,Germany,NA,Italy,È stato il figlio,Movie,2012,NA,https://www.imcdb.org/vehicle_1163305-Mercedes-Benz-SEL-W126-1986.html,https://www.imcdb.org/movie_1891788-%C3%88-stato-il-figlio.html
Mercedes-Benz,SL,NA,W113,NA,Convertible,Germany,NA,NA,Babica gre na jug,Movie,1991,NA,https://www.imcdb.org/vehicle_1198973-Mercedes-Benz-SL-W113.html,https://www.imcdb.org/movie_122387-Babica-gre-na-jug.html
Mercedes-Benz,Sprinter,2007,W906,518 CDI HK Police,Van / MPV,Germany,NA,Hong Kong (1932+),EU超時任務 (Over Run Over),TV Series,2016,NA,https://www.imcdb.org/vehicle_1108343-Mercedes-Benz-Sprinter-W906-2007.html,https://www.imcdb.org/movie_1004518730-EU-Ciu-si-jam-mou.html
Mercedes-Benz,Sprinter,2007,W906,NA,Ambulance,Germany,NA,Hong Kong (1932+),送院途中 (Vital Signs),Movie,2023,NA,https://www.imcdb.org/vehicle_2033446-Mercedes-Benz-Sprinter-W906-2007.html,https://www.imcdb.org/movie_27121086-Sung-yun-tou-jung.html
Mercedes-Benz,Unimog U 437,1989,437,6x6 Unicat Expeditionsmobil,Simple truck,Germany,NA,NA,Offroad TV,TV Series,2001,NA,https://www.imcdb.org/vehicle_1376031-Mercedes-Benz-Unimog-U-437-437-1989.html,https://www.imcdb.org/movie_274692-Offroad-TV.html
Mercedes-Benz,V-Klasse,2014,W447,as 'Danjoon Medusa',Van / MPV,Germany,Spain,NA,À fond (Full Speed),Movie,2016,NA,https://www.imcdb.org/vehicle_979892-Mercedes-Benz-V-Klasse-W447-2014.html,https://www.imcdb.org/movie_4993964-%C3%80-fond.html
Mercury,Custom,1956,70B,Two-Door Sedan,Sedan,USA (United States of America),NA,NA,Highway Patrol,TV Series,1955,1959,https://www.imcdb.org/vehicle_302908-Mercury-Custom-70B-1956.html,https://www.imcdb.org/movie_47739-Highway-Patrol.html
Mercury,Custom,1956,70B,Two-Door Sedan,Sedan,USA (United States of America),NA,NA,Highway Patrol,TV Series,1955,1959,https://www.imcdb.org/vehicle_303022-Mercury-Custom-70B-1956.html,https://www.imcdb.org/movie_47739-Highway-Patrol.html
Mercury,Grand Marquis,1983,NA,NA,Sedan,USA (United States of America),NA,NA,Small Town Wisconsin,Movie,2020,NA,https://www.imcdb.org/vehicle_1772381-Mercury-Grand-Marquis-1983.html,https://www.imcdb.org/movie_5157426-Small-Town-Wisconsin.html
Mercury,Monterey,1957,64A,Two-Door Sedan,Sedan,USA (United States of America),NA,NA,Highway Patrol,TV Series,1955,1959,https://www.imcdb.org/vehicle_317597-Mercury-Monterey-64A-1957.html,https://www.imcdb.org/movie_47739-Highway-Patrol.html
MG,B GT,1971,ADO23,NA,Coupé,United Kingdom,NA,France,Mélys: November,Music Video,2024,NA,https://www.imcdb.org/vehicle_1885125-MG-B-GT-ADO23-1971.html,https://www.imcdb.org/movie_1004524437-M%C3%A9lys--November.html
MG,TD,1950,NA,NA,Convertible,United Kingdom,NA,United States of America,Model Shop,Movie,1969,NA,https://www.imcdb.org/vehicle_698457-MG-TD-1950.html,https://www.imcdb.org/movie_64679-Model-Shop.html
MG,TD,1952,NA,NA,Convertible,United Kingdom,NA,NA,Heights of Danger,Movie,1953,NA,https://www.imcdb.org/vehicle_810347-MG-TD-1952.html,https://www.imcdb.org/movie_219760-Heights-of-Danger.html
Mini,1000 MkIV,1977,ADO20,NA,Supermini,United Kingdom,NA,NA,Mr. Bean (The Exciting Escapades of Mr. Bean),TV Series,1990,1995,https://www.imcdb.org/vehicle_35822-Mini-1000-ADO20-1977.html,https://www.imcdb.org/movie_96657-Mr-Bean.html
Mini,1000 MkIV,1978,ADO20,NA,Supermini,United Kingdom,New Zealand,NA,Goodbye Pork Pie,Movie,1980,NA,https://www.imcdb.org/vehicle_16149-Mini-1000-ADO20-1978.html,https://www.imcdb.org/movie_82464-Goodbye-Pork-Pie.html
MINI,Cooper,2003,R50,NA,Hatchback,United Kingdom,NA,United States of America,The Italian Job,Movie,2003,NA,https://www.imcdb.org/vehicle_4607-MINI-Cooper-R50-2003.html,https://www.imcdb.org/movie_317740-The-Italian-Job.html
MINI,Cooper S,2015,F56,NA,Hatchback,United Kingdom,NA,New Zealand (1958+),Pork Pie,Movie,2017,NA,https://www.imcdb.org/vehicle_1014117-MINI-Cooper-S-F56-2015.html,https://www.imcdb.org/movie_4834220-Pork-Pie.html
MINI,One,2001,R50,NA,Hatchback,United Kingdom,NA,NA,Das Total verrückte Wunderauto,Movie made for TV,2006,NA,https://www.imcdb.org/vehicle_30239-MINI-One-R50-2001.html,https://www.imcdb.org/movie_768180-Das-Total-verr%C3%BCckte-Wunderauto.html
Mitsubishi,Colt Galant GTO,1970,A50,MⅡ,Coupé,Japan,NA,NA,3000キロの罠 (3000 kiro no wana),Movie,1971,NA,https://www.imcdb.org/vehicle_2110728-Mitsubishi-Colt-Galant-GTO-A50-1970.html,https://www.imcdb.org/movie_7863930-3000-kiro-no-wana.html
Mitsubishi,L-300,1983,NA,NA,Van / MPV,Japan,NA,Europe,Kuai can che,Movie,1984,NA,https://www.imcdb.org/vehicle_55982-Mitsubishi-L-300-1983.html,https://www.imcdb.org/movie_87578-Kuai-can-che.html
Mitsubishi,L-300 Versa Van,1987,NA,NA,Van / MPV,Japan,Philippines,Philippines (1975+),"Meet, Greet & Bye",Movie,2025,NA,https://www.imcdb.org/vehicle_2073059-Mitsubishi-L-300-Versa-Van-1987.html,https://www.imcdb.org/movie_35929110-Meet%2C-Greet-%26-Bye.html
Mitsubishi,Lancer,1985,C10,Turbo 'Ralliart',Sedan,Japan,NA,Thailand (1955+),Peid Loke Maha Sanook,Movie,1985,NA,https://www.imcdb.org/vehicle_1731910-Mitsubishi-Lancer-C10-1985.html,https://www.imcdb.org/movie_1004523476-Peid-Loke-Maha-Sanook.html
Mitsubishi,Lancer,2007,CK,NA,Sedan,Japan,India,India (1947+),பையா (Boy),Movie,2010,NA,https://www.imcdb.org/vehicle_2078558-Mitsubishi-Lancer-CK-2007.html,https://www.imcdb.org/movie_1496832-Paiyaa.html
Mitsubishi,Pajero Q,2002,V40,NA,Off-road / SUV,Japan,India,India (1947+),Veer Sukhwant: Pajero,Music Video,2010,NA,https://www.imcdb.org/vehicle_618617-Mitsubishi-Pajero-Q-V40-2002.html,https://www.imcdb.org/movie_1004514455-Veer-Sukhwant--Pajero.html
Mitsubishi,Starion Rally 4WD,1984,A180,Group B,Coupé,Japan,NA,NA,SS エスエス (SS - Special Stage),Movie,2008,NA,https://www.imcdb.org/vehicle_716028-Mitsubishi-Starion-Rally-4WD-A180-1984.html,https://www.imcdb.org/movie_1171533-Esu-esu.html
Mitsubishi Fuso,Fighter,NA,NA,NA,Simple truck,Japan,NA,NA,爆走！ムーンエンジェル～北へ (Moon Angel),Movie,1996,NA,https://www.imcdb.org/vehicle_226953-Mitsubishi-Fuso-Fighter.html,https://www.imcdb.org/movie_261838-Bakus%C3%B4%21-M%C3%BBn-Enjeru--Kita-e.html
Mitsubishi Fuso,W-Series,NA,NA,NA,Trailer truck (tractor),Japan,NA,NA,68の車輪 (68 no sharin),Documentary,1965,NA,https://www.imcdb.org/vehicle_1793392-Mitsubishi-Fuso-W-Series.html,https://www.imcdb.org/movie_3624538-68-no-sharin.html
Mitsubishi Fuso,W-Series,NA,NA,NA,Trailer truck (tractor),Japan,NA,NA,68の車輪 (68 no sharin),Documentary,1965,NA,https://www.imcdb.org/vehicle_1793395-Mitsubishi-Fuso-W-Series.html,https://www.imcdb.org/movie_3624538-68-no-sharin.html
Modenas,GT 128,2009,NA,NA,Road,Malaysia,NA,NA,Hantu Nan Sempit,Movie,2014,NA,https://www.imcdb.org/vehicle_1100080-Modenas-GT-128-2009.html,https://www.imcdb.org/movie_1004518640-Hantu-Nan-Sempit.html
Momo,Mirage,1971,001,Frua,Coupé,USA (United States of America),Italy,NA,The Mirage,Documentary,2014,NA,https://www.imcdb.org/vehicle_2084439-Momo-Mirage-001-1971.html,https://www.imcdb.org/movie_3812434-The-Mirage.html
Montesa,Impala,NA,NA,NA,Road,Spain,NA,NA,El Puente,Movie,1977,NA,https://www.imcdb.org/vehicle_306480-Montesa-Impala.html,https://www.imcdb.org/movie_75110-El-Puente.html
Morris,Eight Series E,1948,NA,NA,Sedan,United Kingdom,NA,NA,The Plank,Short Movie,1967,NA,https://www.imcdb.org/vehicle_149920-Morris-Eight-Series-E-1948.html,https://www.imcdb.org/movie_62133-The-Plank.html
Morris,Minor 1000,1968,ADO59,NA,Sedan,United Kingdom,NA,NA,Car Trouble!,Short Movie,2020,NA,https://www.imcdb.org/vehicle_1632441-Morris-Minor-1000-ADO59-1968.html,https://www.imcdb.org/movie_12616678-Car-Trouble%21.html
Morris,Minor 1000 Convertible,1957,NA,NA,Convertible,United Kingdom,NA,NA,Madness: Divine Madness,Music Video,2002,NA,https://www.imcdb.org/vehicle_84858-Morris-Minor-1000-Convertible-1957.html,https://www.imcdb.org/movie_1182304-Madness--Divine-Madness.html
Morris,Minor 1000 Convertible,1964,ADO59,'Maddiemobile',Convertible,United Kingdom,NA,NA,Madness: Driving in My Car,Music Video,1982,NA,https://www.imcdb.org/vehicle_494751-Morris-Minor-1000-Convertible-ADO59-1964.html,https://www.imcdb.org/movie_6907232-Madness--Driving-in-My-Car.html
Morris,Minor 1000 Custom,1957,NA,'Oplet' minibus conversion,Van / MPV,United Kingdom,Indonesia,Indonesia (1955+),Si Doel anak sekolahan,TV Series,1994,2006,https://www.imcdb.org/vehicle_1154214-Morris-Minor-1000-Custom-1957.html,https://www.imcdb.org/movie_331786-Si-Doel-anak-sekolahan.html
Morris,Minor 1000 Traveller,1960,NA,NA,Wagon,United Kingdom,NA,NA,Britain's Best Drives,Non-fiction TV,2009,NA,https://www.imcdb.org/vehicle_1138896-Morris-Minor-1000-Traveller-1960.html,https://www.imcdb.org/movie_1445537-Britain-s-Best-Drives.html
Morris,Oxford,1923,NA,'Bullnose',Convertible,United Kingdom,NA,NA,The Home-Made Car,Short Movie,1963,NA,https://www.imcdb.org/vehicle_854232-Morris-Oxford-1923.html,https://www.imcdb.org/movie_57149-The-Home-Made-Car.html
Morris-Commercial,CV,1948,NA,2½-3 Ton Van,Simple truck,United Kingdom,NA,NA,Your Cheatin' Heart,TV Series,1990,NA,https://www.imcdb.org/vehicle_941430-Morris-Commercial-CV-1948.html,https://www.imcdb.org/movie_98956-Your-Cheatin--Heart.html
Moskvitch,1500 SCL,1971,412 IE,NA,Sedan,USSR,NA,Austria,Liebe durch die Autotür,Movie,1973,NA,https://www.imcdb.org/vehicle_610509-Moskvitch-1500-SCL-412-IE-1971.html,https://www.imcdb.org/movie_68849-Liebe-durch-die-Autot%C3%BCr.html
Moskvitch,407 T,1962,NA,NA,Sedan,USSR,NA,NA,Зелёный огонёк (Little Green Light),Movie,1964,NA,https://www.imcdb.org/vehicle_714791-Moskvitch-407-T-1962.html,https://www.imcdb.org/movie_59945-Zelyonyy-ogonyok.html
Moto Guzzi,1000 S,1991,NA,NA,Road,Italy,NA,NA,Girl Meets Bike,Movie,2013,NA,https://www.imcdb.org/vehicle_948566-Moto-Guzzi-1000-S-1991.html,https://www.imcdb.org/movie_1004517460-Girl-Meets-Bike.html
Münch,4 TTS 1200,1969,NA,'Mammuth',Road,Germany,NA,NA,Mammuth,Movie,2010,NA,https://www.imcdb.org/vehicle_549457-M%C3%BCnch-4-TTS-1200-1969.html,https://www.imcdb.org/movie_1473074-Mammuth.html
Nardi-Danese,Marco,1948,NA,Bertone,Convertible,Italy,NA,NA,Cinque poveri in automobile,Movie,1952,NA,https://www.imcdb.org/vehicle_304643-Nardi-Danese-Marco-1948.html,https://www.imcdb.org/movie_44500-Cinque-poveri-in-automobile.html
Neoplan,SF6/7,1957,NA,NA,Single-deck,Germany,NA,NA,Otobüs,Movie,1975,NA,https://www.imcdb.org/vehicle_1592401-Neoplan-SF6-7-1957.html,https://www.imcdb.org/movie_212408-Otob%C3%BCs.html
Nissan,180SX,1989,S13,NA,Coupé,Japan,NA,NA,ドリフト・ウォーズ (Drift Wars),Short Movie,1999,NA,https://www.imcdb.org/vehicle_1391521-Nissan-180SX-S13-1989.html,https://www.imcdb.org/movie_1004521415-Dorifuto-u%7E%C5%8Dzu.html
Nissan,Altima,2002,L31,2.5 S,Sedan,USA (United States of America),NA,NA,Doechii: Nissan Altima,Music Video,2024,NA,https://www.imcdb.org/vehicle_2025551-Nissan-Altima-L31-2002.html,https://www.imcdb.org/movie_1004525921-Doechii--Nissan-Altima.html
Nissan,Altima,2010,L32,NA,Sedan,USA (United States of America),NA,NA,Cold Road,Movie,2024,NA,https://www.imcdb.org/vehicle_2042667-Nissan-Altima-L32-2010.html,https://www.imcdb.org/movie_18283168-Cold-Road.html
Nissan,Bluebird,1987,U12,Hardtop SSS,Sedan,Japan,NA,NA,Hikinige Family,Movie,1992,NA,https://www.imcdb.org/vehicle_925356-Nissan-Bluebird-U12-1987.html,https://www.imcdb.org/movie_452253-Hikinige-Family.html
Nissan,Cedric,1971,230,NA,Sedan,Japan,NA,NA,天靈靈地靈靈 (Abracadabra),Movie,1986,NA,https://www.imcdb.org/vehicle_355608-Nissan-Cedric-230-1971.html,https://www.imcdb.org/movie_121806-Tin-ling-ling-dei-ling-ling.html
Nissan,Fairlady Z,1972,S30,NA,Coupé,Japan,NA,NA,湾岸ミッドナイト (Wangan Midnight),Animation Series,2007,2008,https://www.imcdb.org/vehicle_158742-Nissan-Fairlady-Z-S30-1972.html,https://www.imcdb.org/movie_3385730-Wangan-Middonaito.html
Nissan,Fairlady Z,1972,S30,NA,Coupé,Japan,NA,NA,湾岸ミッドナイト THE MOVIE (Wangan Midnight: The Movie),Movie,2009,NA,https://www.imcdb.org/vehicle_281953-Nissan-Fairlady-Z-S30-1972.html,https://www.imcdb.org/movie_1504504-Wangan-middonaito-the-movie.html
Nissan,Fairlady Z,1972,S30,NA,Coupé,Japan,NA,NA,湾岸ミッドナイト (Wangan Midnight),Movie,1992,NA,https://www.imcdb.org/vehicle_1239615-Nissan-Fairlady-Z-S30-1972.html,https://www.imcdb.org/movie_3603038-Wangan-middonaito.html
Nissan,Figaro,1991,FK10,NA,Convertible,Japan,NA,Japan,Keep It for Yourself,Short Movie,1991,NA,https://www.imcdb.org/vehicle_1728907-Nissan-Figaro-FK10-1991.html,https://www.imcdb.org/movie_102193-Keep-It-for-Yourself.html
Nissan,Gloria Wagon,NA,Y30,Turbo,Wagon,Japan,NA,NA,ザ・タクシー飯店 (Za takushî hanten),TV Series,2022,NA,https://www.imcdb.org/vehicle_1682396-Nissan-Gloria-Wagon-Y30.html,https://www.imcdb.org/movie_20860180-Za-takush%C3%AE-hanten.html
Nissan,GT-R,2007,R35,Pre-production,Coupé,Japan,NA,NA,Nissan GT-R: Rebirth Of The Legend,Documentary,2009,NA,https://www.imcdb.org/vehicle_231453-Nissan-GT-R-R35-2007.html,https://www.imcdb.org/movie_1004509637-Nissan-GT-R--Rebirth-Of-The-Legend.html
Nissan,Leaf,2011,ZE0,NA,Hatchback,Japan,NA,United States of America,Revenge of the Electric Car,Documentary,2011,NA,https://www.imcdb.org/vehicle_355992-Nissan-Leaf-ZE0-2011.html,https://www.imcdb.org/movie_1413496-Revenge-of-the-Electric-Car.html
Nissan,Maxima,2016,A36,NA,Sedan,USA (United States of America),NA,NA,Driver,Movie,2018,NA,https://www.imcdb.org/vehicle_1920117-Nissan-Maxima-A36-2016.html,https://www.imcdb.org/movie_5240090-Driver.html
Nissan,Note,2007,E11,1.6 16V SE,Van / MPV,Japan,United Kingdom,United Kingdom of Great Britain and Northern Ireland,Cul-De-Sac,Short Movie,2017,NA,https://www.imcdb.org/vehicle_1675365-Nissan-Note-E11-2007.html,https://www.imcdb.org/movie_5811472-Cul-De-Sac.html
Nissan,Note,2008,E11,1.4 16V Acenta,Van / MPV,Japan,United Kingdom,NA,"Mirror, Signal, Manoeuvre",Short Movie,2025,NA,https://www.imcdb.org/vehicle_2034169-Nissan-Note-E11-2008.html,https://www.imcdb.org/movie_38611096-Mirror%2C-Signal%2C-Manoeuvre.html
Nissan,Rogue,2017,T32,S AWD,Off-road / SUV,Japan,NA,United States of America,The Good Journey,Movie,2018,NA,https://www.imcdb.org/vehicle_1521783-Nissan-Rogue-T32-2017.html,https://www.imcdb.org/movie_7858400-The-Good-Journey.html
Nissan,Safari,1988,Y60,Granroad,Off-road / SUV,Japan,NA,NA,走破！～男たちの熱き道程～ (The Whole Distance),Movie,1991,NA,https://www.imcdb.org/vehicle_2065964-Nissan-Safari-Y60-1988.html,https://www.imcdb.org/movie_39505518-S%C5%8Dha%21-Otoko-tachi-no-atsuki-d%C5%8Dtei.html
Nissan,Silvia,1989,S13,NA,Coupé,Japan,NA,NA,ドリフト (Drift),Movie,2006,NA,https://www.imcdb.org/vehicle_69944-Nissan-Silvia-S13-1989.html,https://www.imcdb.org/movie_3208096-Dorifuto.html
Nissan,Skyline,1983,DR30,2000 DOHC Turbo RS,Coupé,Japan,NA,NA,首都高速トライアル (Megalopolis Express Way Trial),Movie,1988,NA,https://www.imcdb.org/vehicle_458689-Nissan-Skyline-DR30-1983.html,https://www.imcdb.org/movie_454548-Shuto-K%C3%B4soku-toraiaru.html
Nissan,Skyline GT-R,NA,R32,NA,Coupé,Japan,NA,NA,湾岸ミッドナイト FINAL 〜GTR伝説 ACT II〜 (Wangan Midnight Final: GT-R Legend – Act 2),Movie,1994,NA,https://www.imcdb.org/vehicle_1371680-Nissan-Skyline-GT-R-R32.html,https://www.imcdb.org/movie_3665824-Wangan-Midnight-Final--GTR-Densetsu-ACT-2.html
Nissan,Skyline GT-R,1989,BNR32,NA,Coupé,Japan,NA,NA,ハイウェイ・バトル R×R (Highway Battle R×R),Movie,2008,NA,https://www.imcdb.org/vehicle_1619071-Nissan-Skyline-GT-R-BNR32-1989.html,https://www.imcdb.org/movie_1004522723-Highway-Battle-R%C3%97R.html
Nissan,Skyline GT-R,1989,R32,NA,Coupé,Japan,NA,NA,首都高速トライアル 2 (Megalopolis Express Way Trial 2),Movie,1990,NA,https://www.imcdb.org/vehicle_458916-Nissan-Skyline-GT-R-R32-1989.html,https://www.imcdb.org/movie_448929-Shuto-K%C3%B4soku-toraiaru-2.html
Nissan,Skyline GT-R,1989,R32,NA,Coupé,Japan,NA,NA,首都高速トライアル 3 (Megalopolis Express Way Trial 3),Movie,1991,NA,https://www.imcdb.org/vehicle_458940-Nissan-Skyline-GT-R-R32-1989.html,https://www.imcdb.org/movie_448930-Shuto-K%C3%B4soku-toraiaru-3.html
Nissan,Skyline GT-R,1989,R32,NA,Coupé,Japan,NA,NA,Wangan Midnight Final: GTR Densetsu ACT 1,Movie,1994,NA,https://www.imcdb.org/vehicle_1371592-Nissan-Skyline-GT-R-R32-1989.html,https://www.imcdb.org/movie_3665822-Wangan-Midnight-Final--GTR-Densetsu-ACT-1.html
Nissan,Skyline GT-R,1989,R32,Group N,Coupé,Japan,NA,NA,ドライビング・ハイ！ (Doraibingu Hai!),Movie,1993,NA,https://www.imcdb.org/vehicle_1378714-Nissan-Skyline-GT-R-R32-1989.html,https://www.imcdb.org/movie_11984776-Doraibingu-Hai%21.html
Nissan,Skyline GT-R,1991,R32,NA,Coupé,Japan,NA,NA,首都高速トライアル 4 (Megalopolis Express Way Trial 4),Movie,1992,NA,https://www.imcdb.org/vehicle_472635-Nissan-Skyline-GT-R-R32-1991.html,https://www.imcdb.org/movie_3115134-Shuto-K%C3%B4soku-toraiaru-4.html
Nissan,Skyline GT-R,1995,R33,NA,Coupé,Japan,NA,NA,首都高速トライアル MAX (Megalopolis Express Way Trial Max),Movie,1996,NA,https://www.imcdb.org/vehicle_472608-Nissan-Skyline-GT-R-R33-1995.html,https://www.imcdb.org/movie_4900380-Shuto-K%C3%B4soku-toraiaru--Max.html
Nissan,Sunny,1989,N13,1.4 LX,Hatchback,Japan,NA,Europe,Küberrünnak & Karmo: Valge Nissan,Music Video,2021,NA,https://www.imcdb.org/vehicle_1594026-Nissan-Sunny-N13-1989.html,https://www.imcdb.org/movie_1004522566-K%C3%BCberr%C3%BCnnak-%26-Karmo--Valge-Nissan.html
Nissan,Truck,1986,D21,Roger Mears Racing,Pick-up,Japan,USA (United States of America),United States of America,Desert Steel,Movie,1994,NA,https://www.imcdb.org/vehicle_1914788-Nissan-Truck-D21-1986.html,https://www.imcdb.org/movie_150304-Desert-Steel.html
Nissan,Urvan,NA,E24,NA,Van / MPV,Japan,NA,NA,N.N.,TV Series,1990,1995,https://www.imcdb.org/vehicle_712441-Nissan-Urvan-E24.html,https://www.imcdb.org/movie_1933865-NN.html
Nissan Diesel,4R92,1965,NA,NA,Single-deck,Japan,NA,NA,狂った野獣 (A Savage Beast Goes Mad),Movie,1976,NA,https://www.imcdb.org/vehicle_577312-Nissan-Diesel-4R92-1965.html,https://www.imcdb.org/movie_316143-Kurutta-yaj%C3%BB.html
Nissan Diesel,6TW13,NA,NA,NA,Simple truck,Japan,NA,NA,幻海奇情 (Mystery Beyond),TV Series,1978,NA,https://www.imcdb.org/vehicle_1818022-Nissan-Diesel-6TW13.html,https://www.imcdb.org/movie_1004524024-Waan-hoi-kei-ching.html
Nissan Diesel,Euro Bus,NA,RB46S,NA,Single-deck,Japan,Philippines,Philippines (1975+),Biyaheng Lupa,Movie,2009,NA,https://www.imcdb.org/vehicle_1923264-Nissan-Diesel-Euro-Bus-RB46S.html,https://www.imcdb.org/movie_1527069-Biyaheng-Lupa.html
Norton,Commando 850,1974,NA,NA,Road,United Kingdom,NA,NA,I Bought a Vampire Motorcycle,Movie,1990,NA,https://www.imcdb.org/vehicle_111350-Norton-Commando-850-1974.html,https://www.imcdb.org/movie_97550-I-Bought-a-Vampire-Motorcycle.html
Norton,CS1,1929,NA,NA,Road,United Kingdom,NA,NA,Prends la route,Movie,1936,NA,https://www.imcdb.org/vehicle_176891-Norton-CS1-1929.html,https://www.imcdb.org/movie_194276-Prends-la-route.html
Norton,Model 18,1945,NA,NA,Road,United Kingdom,NA,NA,Diarios de motocicleta,Movie,2004,NA,https://www.imcdb.org/vehicle_70978-Norton-Model-18-1945.html,https://www.imcdb.org/movie_318462-Diarios-de-motocicleta.html
Oldsmobile,NA,1921,NA,NA,Pick-up,USA (United States of America),NA,NA,The Beverly Hillbillies,TV Series,1962,1971,https://www.imcdb.org/vehicle_231031-Oldsmobile-1921.html,https://www.imcdb.org/movie_55662-The-Beverly-Hillbillies.html
Oldsmobile,98,1959,NA,Holiday Sport Sedan,Sedan,USA (United States of America),NA,NA,Kathy Mattea: 455 Rocket,Music Video,1997,NA,https://www.imcdb.org/vehicle_926582-Oldsmobile-98-1959.html,https://www.imcdb.org/movie_1004517290-Kathy-Mattea--455-Rocket.html
Oldsmobile,98,1959,NA,Convertible by Pichon Parat,Convertible,USA (United States of America),France,NA,La belle américaine,Movie,1961,NA,https://www.imcdb.org/vehicle_8099-Oldsmobile-98-1959.html,https://www.imcdb.org/movie_54676-La-belle-am%C3%A9ricaine.html
Oldsmobile,Aerotech II,1989,NA,NA,Proto / Concept,USA (United States of America),NA,NA,Chameleons,Movie made for TV,1989,NA,https://www.imcdb.org/vehicle_1342322-Oldsmobile-Aerotech-II-1989.html,https://www.imcdb.org/movie_97040-Chameleons.html
Oldsmobile,Curved Dash,NA,NA,NA,Convertible,USA (United States of America),NA,NA,In My Merry Oldsmobile,Short Movie,1931,NA,https://www.imcdb.org/vehicle_205522-Oldsmobile-Curved-Dash.html,https://www.imcdb.org/movie_21996-In-My-Merry-Oldsmobile.html
Oldsmobile,Cutlass Cruiser,1984,NA,NA,Wagon,USA (United States of America),NA,NA,Our House,TV Series,1986,1988,https://www.imcdb.org/vehicle_1934790-Oldsmobile-Cutlass-Cruiser-1984.html,https://www.imcdb.org/movie_90496-Our-House.html
Oldsmobile,Cutlass Salon,1976,NA,NA,Coupé,USA (United States of America),NA,NA,Cutlass,Short Movie,2007,NA,https://www.imcdb.org/vehicle_758249-Oldsmobile-Cutlass-Salon-1976.html,https://www.imcdb.org/movie_1107809-Cutlass.html
Oldsmobile,Cutlass Supreme,1970,NA,NA,Convertible,USA (United States of America),NA,NA,Joyride,Movie,1997,NA,https://www.imcdb.org/vehicle_1829025-Oldsmobile-Cutlass-Supreme-1970.html,https://www.imcdb.org/movie_119426-Joyride.html
Oldsmobile,Cutlass Supreme,1986,NA,Brougham,Sedan,USA (United States of America),NA,NA,Wind Chill,Movie,2007,NA,https://www.imcdb.org/vehicle_100534-Oldsmobile-Cutlass-Supreme-1986.html,https://www.imcdb.org/movie_486051-Wind-Chill.html
Oldsmobile,Delmont 88,1967,NA,NA,Sedan,USA (United States of America),NA,NA,Chappaquiddick,Movie,2017,NA,https://www.imcdb.org/vehicle_1163971-Oldsmobile-Delmont-88-1967.html,https://www.imcdb.org/movie_5270948-Chappaquiddick.html
Oldsmobile,Delta 88,1969,NA,NA,Convertible,USA (United States of America),NA,NA,Geri Halliwell: Lift Me Up,Music Video,1999,NA,https://www.imcdb.org/vehicle_389682-Oldsmobile-Delta-88-1969.html,https://www.imcdb.org/movie_9335650-Geri-Halliwell--Lift-Me-Up.html
Oldsmobile,Model 46,1921,46A,'Eight' Roadster (George Barris custom),Pick-up,USA (United States of America),NA,NA,The Beverly Hillbillies,TV Series,1962,1971,https://www.imcdb.org/vehicle_48514-Oldsmobile-Model-46-46A-1921.html,https://www.imcdb.org/movie_55662-The-Beverly-Hillbillies.html
Oldsmobile,Ninety-Eight Regency,1975,NA,NA,Sedan,USA (United States of America),NA,NA,Werner - Gekotzt wird später!,Animation Movie,2003,NA,https://www.imcdb.org/vehicle_11375-Oldsmobile-Ninety-Eight-Regency-1975.html,https://www.imcdb.org/movie_304931-Werner-Gekotzt-wird-sp%C3%A4ter%21.html
OM,Super Orione,NA,NA,NA,Simple truck,Italy,NA,NA,H-8...,Movie,1958,NA,https://www.imcdb.org/vehicle_241332-OM-Super-Orione.html,https://www.imcdb.org/movie_51693-H-8.html
Opel,Astra,2010,J,NA,Hatchback,Germany,NA,NA,"Астра, я люблю тебя! (Astra, I heart you!)",Movie,2011,NA,https://www.imcdb.org/vehicle_948279-Opel-Astra-2010.html,https://www.imcdb.org/movie_3365734-Astra%2C-ya-lyubyu-tebya%21.html
Opel,GT,1969,NA,NA,Coupé,Germany,NA,NA,Opel GT - Driving The Dream,Documentary,2010,NA,https://www.imcdb.org/vehicle_1237948-Opel-GT-1969.html,https://www.imcdb.org/movie_1712034-Opel-GT-Driving-The-Dream.html
Opel,Kapitän,NA,NA,NA,Sedan,Germany,NA,NA,"Wielka, wieksza i najwieksza",Movie,1962,NA,https://www.imcdb.org/vehicle_156972-Opel-Kapit%C3%A4n.html,https://www.imcdb.org/movie_57684-Wielka%2C-wieksza-i-najwieksza.html
Opel,Kapitän,1960,P-LV,Polis,Sedan,Germany,NA,Sweden,Polisbil 36,Documentary,1962,NA,https://www.imcdb.org/vehicle_1221641-Opel-Kapit%C3%A4n-P-LV-1960.html,https://www.imcdb.org/movie_12518478-Polisbil-36.html
Opel,Manta,1978,B,1900,Coupé,Germany,NA,NA,New Kids Nitro,Movie,2011,NA,https://www.imcdb.org/vehicle_496270-Opel-Manta-1978.html,https://www.imcdb.org/movie_2043932-New-Kids-Nitro.html
Opel,Manta GT/E,1983,B,"(Mattig, Kissling Tuning)",Coupé,Germany,NA,NA,"Manta, Manta",Movie,1991,NA,https://www.imcdb.org/vehicle_9467-Opel-Manta-GT-E-1983.html,https://www.imcdb.org/movie_102397-Manta%2C-Manta.html
Opel,Manta Irmscher i200,1984,B,NA,Coupé,Germany,NA,NA,Manta - Der Film,Movie,1991,NA,https://www.imcdb.org/vehicle_47489-Opel-Manta-Irmscher-i200-1984.html,https://www.imcdb.org/movie_102396-Manta-Der-Film.html
Opel,Olympia Cabriolet-Limousine,1935,13237-CL,NA,Convertible,Germany,NA,NA,In jenen Tagen,Movie,1947,NA,https://www.imcdb.org/vehicle_1216657-Opel-Olympia-Cabriolet-Limousine-13237-CL-1935.html,https://www.imcdb.org/movie_39490-In-jenen-Tagen.html
Opel,P4,1935,NA,Customized '1921 Colymne',Convertible,Germany,Hungary,NA,Bolondos vakáció,Movie,1968,NA,https://www.imcdb.org/vehicle_379244-Opel-P4-1935.html,https://www.imcdb.org/movie_61416-Bolondos-vak%C3%A1ci%C3%B3.html
Opel,Rekord,1963,A,NA,Sedan,Germany,NA,NA,Idu dani,Movie,1970,NA,https://www.imcdb.org/vehicle_1207435-Opel-Rekord-1963.html,https://www.imcdb.org/movie_171394-Idu-dani.html
Opel,Rekord,1978,E,NA,Sedan,Germany,NA,NA,Kad mrtvi zapjevaju,Movie,1998,NA,https://www.imcdb.org/vehicle_898462-Opel-Rekord-1978.html,https://www.imcdb.org/movie_166233-Kad-mrtvi-zapjevaju.html
Opel,Rekord Bestattungswagen,1980,E,Rappold,Funeral,Germany,NA,NA,The Plot Spoiler,Movie,2006,NA,https://www.imcdb.org/vehicle_1293253-Opel-Rekord-Bestattungswagen-1980.html,https://www.imcdb.org/movie_940830-The-Plot-Spoiler.html
Opel,Rekord Caravan,1967,C,L,Wagon,Germany,NA,Italy,Cani arrabbiati,Movie,1974,NA,https://www.imcdb.org/vehicle_32154-Opel-Rekord-Caravan-1967.html,https://www.imcdb.org/movie_71275-Cani-arrabbiati.html
Opel,Senator,1984,A,E,Sedan,Germany,NA,United Kingdom of Great Britain and Northern Ireland,Sylvia,Short Movie,2018,NA,https://www.imcdb.org/vehicle_1670470-Opel-Senator-1984.html,https://www.imcdb.org/movie_8561572-Sylvia.html
Opel,Tigra,1995,A,NA,Coupé,Germany,Spain,NA,Luna: Opel Tigra,Music Video,1999,NA,https://www.imcdb.org/vehicle_742162-Opel-Tigra-1995.html,https://www.imcdb.org/movie_1004515972-Luna--Opel-Tigra.html
Optare,MetroRider,1995,NA,MR15,Single-deck,United Kingdom,NA,NA,Dirty Egg,Short Movie,2010,NA,https://www.imcdb.org/vehicle_1626171-Optare-MetroRider-1995.html,https://www.imcdb.org/movie_1744765-Dirty-Egg.html
Oshkosh,2206,NA,NA,NA,Trailer truck (tractor),USA (United States of America),NA,NA,Auf Achse,TV Series,1978,1996,https://www.imcdb.org/vehicle_24070-Oshkosh-2206.html,https://www.imcdb.org/movie_76980-Auf-Achse.html
Oshkosh,P-Series,1971,NA,NA,Simple truck,USA (United States of America),NA,Canada,Snow Day,Movie,2000,NA,https://www.imcdb.org/vehicle_584240-Oshkosh-P-Series-1971.html,https://www.imcdb.org/movie_184907-Snow-Day.html
Packard,Funeral Coach,1952,2413,Henney,Funeral,USA (United States of America),NA,NA,The Hearse,Movie,1980,NA,https://www.imcdb.org/vehicle_432707-Packard-Funeral-Coach-2413-1952.html,https://www.imcdb.org/movie_80853-The-Hearse.html
Packard,Twin Six,NA,NA,NA,Racecar,USA (United States of America),NA,NA,Kid Speed,Short Movie,1924,NA,https://www.imcdb.org/vehicle_11941-Packard-Twin-Six.html,https://www.imcdb.org/movie_12347-Kid-Speed.html
Panoz,LMP-1,NA,NA,Evo Leader,Racecar,USA (United States of America),NA,NA,Michel Vaillant,Movie,2003,NA,https://www.imcdb.org/vehicle_9178-Panoz-LMP-1.html,https://www.imcdb.org/movie_307156-Michel-Vaillant.html
PAZ,3205,1998,3205-110,NA,Single-deck,Russia,NA,NA,Автобус (The Bus),TV Series,2008,NA,https://www.imcdb.org/vehicle_942210-PAZ-3205-3205-110-1998.html,https://www.imcdb.org/movie_4102522-Avtobus.html
Pegaso,6035 A,1968,NA,Monotral,Articulated bus,Spain,NA,NA,El 47,Movie,2024,NA,https://www.imcdb.org/vehicle_1959375-Pegaso-6035-A-1968.html,https://www.imcdb.org/movie_27751957-El-47.html
Pegaso,6038,1980,NA,Noge,Single-deck,Spain,NA,NA,Aitana & Lola Indigo: Me quedo,Music Video,2019,NA,https://www.imcdb.org/vehicle_1824586-Pegaso-6038-1980.html,https://www.imcdb.org/movie_10576460-Aitana-%26-Lola-Indigo--Me-quedo.html
Peterbilt,281,1955,NA,NA,Trailer truck (tractor),USA (United States of America),NA,NA,Duel,Movie made for TV,1971,NA,https://www.imcdb.org/vehicle_5148-Peterbilt-281-1955.html,https://www.imcdb.org/movie_67023-Duel.html
Peterbilt,351,NA,NA,NA,Trailer truck (tractor),USA (United States of America),NA,NA,Road Movie,Movie,1973,NA,https://www.imcdb.org/vehicle_806572-Peterbilt-351.html,https://www.imcdb.org/movie_72089-Road-Movie.html
Peterbilt,379,NA,NA,NA,Trailer truck (tractor),USA (United States of America),NA,NA,Black Dog,Movie,1998,NA,https://www.imcdb.org/vehicle_41226-Peterbilt-379.html,https://www.imcdb.org/movie_120610-Black-Dog.html
Peterbilt,379,NA,NA,'Opitmus Prime',Trailer truck (tractor),USA (United States of America),NA,NA,Transformers,Movie,2007,NA,https://www.imcdb.org/vehicle_110958-Peterbilt-379.html,https://www.imcdb.org/movie_418279-Transformers.html
Peterbilt,379,NA,NA,NA,Trailer truck (tractor),USA (United States of America),NA,NA,Transformers: Revenge of the Fallen,Movie,2009,NA,https://www.imcdb.org/vehicle_252114-Peterbilt-379.html,https://www.imcdb.org/movie_1055369-Transformers--Revenge-of-the-Fallen.html
Peterbilt,379,NA,NA,NA,Trailer truck (tractor),USA (United States of America),NA,NA,Paul Brandt: Convoy,Music Video,2004,NA,https://www.imcdb.org/vehicle_314993-Peterbilt-379.html,https://www.imcdb.org/movie_1004510745-Paul-Brandt--Convoy.html
Peterbilt,379,NA,NA,NA,Trailer truck (tractor),USA (United States of America),NA,NA,Transformers: Dark of the Moon,Movie,2011,NA,https://www.imcdb.org/vehicle_395051-Peterbilt-379.html,https://www.imcdb.org/movie_1399103-Transformers--Dark-of-the-Moon.html
Peterbilt,379,NA,NA,NA,Trailer truck (tractor),USA (United States of America),NA,NA,Banjara: The Truck Driver,Movie,2018,NA,https://www.imcdb.org/vehicle_1280721-Peterbilt-379.html,https://www.imcdb.org/movie_8665546-Banjara--The-Truck-Driver.html
Peterbilt,387,1999,NA,NA,Trailer truck (tractor),USA (United States of America),NA,NA,Als Truckerin durch die USA,Documentary,2006,NA,https://www.imcdb.org/vehicle_210645-Peterbilt-387-1999.html,https://www.imcdb.org/movie_15801360-Als-Truckerin-durch-die-USA.html
Peterbilt,389,2008,NA,NA,Trailer truck (tractor),USA (United States of America),NA,NA,Cold Road,Movie,2024,NA,https://www.imcdb.org/vehicle_2042670-Peterbilt-389-2008.html,https://www.imcdb.org/movie_18283168-Cold-Road.html
Peugeot,103 SP,NA,NA,NA,Moped,France,NA,NA,Il motorino,Movie,1984,NA,https://www.imcdb.org/vehicle_824661-Peugeot-103-SP.html,https://www.imcdb.org/movie_82772-Il-motorino.html
Peugeot,107,2010,NA,Millesim,Supermini,France,Czechia,United Kingdom of Great Britain and Northern Ireland,Melodrive,Movie,2025,NA,https://www.imcdb.org/vehicle_2099955-Peugeot-107-2010.html,https://www.imcdb.org/movie_14257652-Melodrive.html
Peugeot,203,1952,NA,Berline Luxe,Sedan,France,NA,NA,Heureux anniversaire,Short Movie,1962,NA,https://www.imcdb.org/vehicle_364060-Peugeot-203-1952.html,https://www.imcdb.org/movie_56066-Heureux-anniversaire.html
Peugeot,203,1955,NA,Berline Luxe,Sedan,France,NA,NA,Le dernier visiteur,Documentary,2023,NA,https://www.imcdb.org/vehicle_1972278-Peugeot-203-1955.html,https://www.imcdb.org/movie_1004525244-Le-dernier-visiteur.html
Peugeot,204,1967,NA,NA,Sedan,France,NA,NA,Raison perdue,Movie made for TV,1984,NA,https://www.imcdb.org/vehicle_2062825-Peugeot-204-1967.html,https://www.imcdb.org/movie_87974-Raison-perdue.html
Peugeot,301 Conduite Intérieure,1932,NA,6 Glaces,Sedan,France,NA,NA,La communale,Movie,1965,NA,https://www.imcdb.org/vehicle_24808-Peugeot-301-Conduite-Int%C3%A9rieure-1932.html,https://www.imcdb.org/movie_328963-La-communale.html
Peugeot,301 CR Roadster,1934,NA,NA,Convertible,France,NA,NA,Prends la route,Movie,1936,NA,https://www.imcdb.org/vehicle_176892-Peugeot-301-CR-Roadster-1934.html,https://www.imcdb.org/movie_194276-Prends-la-route.html
Peugeot,403,1957,NA,Berline Grand Luxe,Sedan,France,NA,NA,Un témoin dans la ville,Movie,1959,NA,https://www.imcdb.org/vehicle_616770-Peugeot-403-1957.html,https://www.imcdb.org/movie_52571-Un-t%C3%A9moin-dans-la-ville.html
Peugeot,405 Break,NA,NA,NA,Wagon,France,NA,NA,آفتاب بر همه یکسان می‌تابد (The Sun Shines on All Equally),Movie,2006,NA,https://www.imcdb.org/vehicle_1480908-Peugeot-405-Break.html,https://www.imcdb.org/movie_2247063-Aftab-Bar-Hame-Yeksan-Mitabad.html
Peugeot,405 Break,1988,NA,NA,Wagon,France,NA,NA,Le grand voyage,Movie,2004,NA,https://www.imcdb.org/vehicle_868429-Peugeot-405-Break-1988.html,https://www.imcdb.org/movie_361670-Le-grand-voyage.html
Peugeot,405 Turbo 16 Grand Raid,1988,NA,Pikes Peak,Racecar,France,NA,NA,Climb Dance,Short Movie,1989,NA,https://www.imcdb.org/vehicle_256253-Peugeot-405-Turbo-16-Grand-Raid-1988.html,https://www.imcdb.org/movie_2217767-Climb-Dance.html
Peugeot,406,1996,8B,NA,Sedan,France,NA,NA,Taxi,Movie,1998,NA,https://www.imcdb.org/vehicle_726-Peugeot-406-8B-1996.html,https://www.imcdb.org/movie_152930-Taxi.html
Peugeot,406,1999,8B,NA,Sedan,France,NA,NA,Taxi 3,Movie,2003,NA,https://www.imcdb.org/vehicle_2461-Peugeot-406-8B-1999.html,https://www.imcdb.org/movie_295721-Taxi-3.html
Peugeot,406,1999,8B,V6,Sedan,France,NA,NA,Taxi 2,Movie,2000,NA,https://www.imcdb.org/vehicle_7924-Peugeot-406-8B-1999.html,https://www.imcdb.org/movie_183869-Taxi-2.html
Peugeot,407,2006,6D,NA,Sedan,France,NA,NA,Taxi 4,Movie,2007,NA,https://www.imcdb.org/vehicle_47719-Peugeot-407-6D-2006.html,https://www.imcdb.org/movie_804540-Taxi-4.html
Peugeot,407,2006,6D,NA,Sedan,France,NA,NA,Taxi 5,Movie,2018,NA,https://www.imcdb.org/vehicle_1107131-Peugeot-407-6D-2006.html,https://www.imcdb.org/movie_7238392-Taxi-5.html
Peugeot,604,NA,561A,NA,Sedan,France,NA,NA,SA 204-272,Movie made for TV,1991,NA,https://www.imcdb.org/vehicle_1103796-Peugeot-604-561A.html,https://www.imcdb.org/movie_485992-SA-204-272.html
Peugeot,J7,1972,NA,Heuliez Augereau,Van / MPV,France,NA,NA,Le fils de l'épicier,Movie,2007,NA,https://www.imcdb.org/vehicle_123540-Peugeot-J7-1972.html,https://www.imcdb.org/movie_864770-Le-fils-de-l-%C3%A9picier.html
Peugeot,Partner Série 1,2006,NA,NA,Van / MPV,France,NA,NA,Kommt ein Vogel geflogen,Movie made for TV,2023,NA,https://www.imcdb.org/vehicle_1946932-Peugeot-Partner-2006.html,https://www.imcdb.org/movie_29387712-Kommt-ein-Vogel-geflogen.html
Piaggio,Ape TM P703 V,1986,NA,NA,Three-wheeler,Italy,NA,NA,Sommer auf drei Rädern,Movie made for TV,2022,NA,https://www.imcdb.org/vehicle_1893423-Piaggio-Ape-TM-P703-V-1986.html,https://www.imcdb.org/movie_18212746-Sommer-auf-drei-R%C3%A4dern.html
Piaggio,Vespa,NA,NA,NA,Scooter,Italy,NA,NA,Vespa,Movie,2010,NA,https://www.imcdb.org/vehicle_1047604-Piaggio-Vespa.html,https://www.imcdb.org/movie_1516598-Vespa.html
Piaggio,Vespa,NA,NA,NA,Scooter,Italy,NA,NA,Escapade in Florence,Movie,1962,NA,https://www.imcdb.org/vehicle_2086311-Piaggio-Vespa.html,https://www.imcdb.org/movie_13206322-Escapade-in-Florence.html
Piaggio,Vespa Ciao,NA,NA,NA,Moped,Italy,NA,NA,Neues aus Büttenwarder,TV Series,2001,2012,https://www.imcdb.org/vehicle_97691-Piaggio-Vespa-Ciao.html,https://www.imcdb.org/movie_276716-Neues-aus-B%C3%BCttenwarder.html
Piaggio,Vespa PX,NA,NA,NA,Scooter,Italy,NA,NA,Millencolin: Fox,Music Video,2000,NA,https://www.imcdb.org/vehicle_236540-Piaggio-Vespa-PX.html,https://www.imcdb.org/movie_1004509711-Millencolin--Fox.html
Pierce,unknown,NA,NA,'William Watermore',Fire truck,USA (United States of America),NA,NA,Real City Heroes,Animation Series,2015,2024,https://www.imcdb.org/vehicle_1961595-Pierce.html,https://www.imcdb.org/movie_12929518-Real-City-Heroes.html
Plymouth,NA,1932,NA,with Dodge and Ford parts,Coupé,USA (United States of America),NA,NA,Hot Rod Horror,Movie,2008,NA,https://www.imcdb.org/vehicle_222634-Plymouth-1932.html,https://www.imcdb.org/movie_955392-Hot-Rod-Horror.html
Plymouth,'Cuda,1970,NA,NA,Convertible,USA (United States of America),NA,NA,Megas XLR,Animation Series,2004,2005,https://www.imcdb.org/vehicle_745254-Plymouth--Cuda-1970.html,https://www.imcdb.org/movie_361201-Megas-XLR.html
Plymouth,Barracuda,1966,NA,NA,Coupé,USA (United States of America),NA,NA,Barracuda,Movie,2013,NA,https://www.imcdb.org/vehicle_1231874-Plymouth-Barracuda-1966.html,https://www.imcdb.org/movie_1563772-Barracuda.html
Plymouth,Barracuda,1967,NA,NA,Coupé,USA (United States of America),NA,NA,Poker Face,TV Series,2023,2026,https://www.imcdb.org/vehicle_1762318-Plymouth-Barracuda-1967.html,https://www.imcdb.org/movie_14269590-Poker-Face.html
Plymouth,Barracuda,1972,Gilmore,Jim Dunn's 'Dunn Reath' Top Fuel Funny Car,Racecar,USA (United States of America),NA,NA,Funny Car Summer,Documentary,1974,NA,https://www.imcdb.org/vehicle_277018-Plymouth-Barracuda-Gilmore-1972.html,https://www.imcdb.org/movie_277714-Funny-Car-Summer.html
Plymouth,Belvedere,1958,LP2,(as Fury),Coupé,USA (United States of America),NA,NA,John Carpenter: Christine,Music Video,2017,NA,https://www.imcdb.org/vehicle_1268159-Plymouth-Belvedere-LP2-1958.html,https://www.imcdb.org/movie_7375082-John-Carpenter--Christine.html
Plymouth,Cambridge,1952,P-23,Four-Door Sedan,Sedan,USA (United States of America),NA,NA,The Hitch-Hiker,Movie,1953,NA,https://www.imcdb.org/vehicle_199231-Plymouth-Cambridge-P-23-1952.html,https://www.imcdb.org/movie_45877-The-Hitch-Hiker.html
Plymouth,Duster,NA,NA,340,Coupé,USA (United States of America),NA,NA,Duster,TV Series,2025,NA,https://www.imcdb.org/vehicle_2047193-Plymouth-Duster.html,https://www.imcdb.org/movie_12160826-Duster.html
Plymouth,Duster,1973,NA,340,Coupé,USA (United States of America),NA,NA,American Muscle,Movie,2014,NA,https://www.imcdb.org/vehicle_755187-Plymouth-Duster-1973.html,https://www.imcdb.org/movie_2389162-American-Muscle.html
Plymouth,Fury,1958,LP2-H-23,NA,Coupé,USA (United States of America),NA,NA,Christine,Movie,1983,NA,https://www.imcdb.org/vehicle_2477-Plymouth-Fury-LP2-H-23-1958.html,https://www.imcdb.org/movie_85333-Christine.html
Plymouth,Fury Sport Suburban,1969,PM45/46,NA,Wagon,USA (United States of America),NA,NA,The Talking Car,Short Movie,1969,NA,https://www.imcdb.org/vehicle_549800-Plymouth-Fury-Sport-Suburban-PM45-46-1969.html,https://www.imcdb.org/movie_400872-The-Talking-Car.html
Plymouth,Prowler,1997,PR,NA,Convertible,USA (United States of America),NA,NA,Night Man,TV Series,1997,1999,https://www.imcdb.org/vehicle_553763-Plymouth-Prowler-PR-1997.html,https://www.imcdb.org/movie_128886-Night-Man.html
Plymouth,Satellite,1974,RH23,Sebring,Coupé,USA (United States of America),NA,NA,Ride in a Pink Car,Movie,1974,NA,https://www.imcdb.org/vehicle_834413-Plymouth-Satellite-RH23-1974.html,https://www.imcdb.org/movie_78166-Ride-in-a-Pink-Car.html
Plymouth,Special De Luxe,1949,P-18,Convertible Club Coupe,Convertible,USA (United States of America),NA,NA,Pink Lightning,Movie made for TV,1991,NA,https://www.imcdb.org/vehicle_374228-Plymouth-Special-De-Luxe-P-18-1949.html,https://www.imcdb.org/movie_102671-Pink-Lightning.html
Plymouth,Trail Duster,1980,NA,NA,Off-road / SUV,USA (United States of America),NA,NA,The Truck,Movie,2013,NA,https://www.imcdb.org/vehicle_588931-Plymouth-Trail-Duster-1980.html,https://www.imcdb.org/movie_2820954-The-Truck.html
Plymouth,Valiant,1971,NA,De Luxe,Sedan,USA (United States of America),NA,NA,Duel,Movie made for TV,1971,NA,https://www.imcdb.org/vehicle_2481-Plymouth-Valiant-1971.html,https://www.imcdb.org/movie_67023-Duel.html
Plymouth,Voyager,1987,S,NA,Van / MPV,USA (United States of America),NA,NA,Contour,Movie,2006,NA,https://www.imcdb.org/vehicle_1040780-Plymouth-Voyager-S-1987.html,https://www.imcdb.org/movie_852947-Contour.html
Polski Fiat,125p,1981,115CC.6,1500,Sedan,Poland,NA,NA,Zmiennicy,TV Series,1986,NA,https://www.imcdb.org/vehicle_154206-Polski-Fiat-125p-115CC6-1981.html,https://www.imcdb.org/movie_169517-Zmiennicy.html
Polski Fiat,126p,1973,126A,NA,Supermini,Poland,NA,NA,Czterdziestolatek (Being Forty / The Forty-year-old),TV Series,1974,1977,https://www.imcdb.org/vehicle_77258-Polski-Fiat-126p-126A-1973.html,https://www.imcdb.org/movie_120947-Czterdziestolatek.html
Pontiac,Bonneville,1966,26267,Convertible,Convertible,USA (United States of America),NA,NA,Bonneville,Movie,2006,NA,https://www.imcdb.org/vehicle_198556-Pontiac-Bonneville-26267-1966.html,https://www.imcdb.org/movie_487195-Bonneville.html
Pontiac,Bonneville,1990,NA,LE,Sedan,USA (United States of America),NA,NA,Blue Ruin,Movie,2013,NA,https://www.imcdb.org/vehicle_738954-Pontiac-Bonneville-1990.html,https://www.imcdb.org/movie_2359024-Blue-Ruin.html
Pontiac,Catalina,1972,NA,400,Coupé,USA (United States of America),NA,NA,Queen & Slim,Movie,2019,NA,https://www.imcdb.org/vehicle_1366261-Pontiac-Catalina-1972.html,https://www.imcdb.org/movie_8722346-Queen-%26-Slim.html
Pontiac,Chieftain De Luxe,1949,2567DX,Convertible Coupe,Convertible,USA (United States of America),NA,NA,150 na godzine,Movie,1971,NA,https://www.imcdb.org/vehicle_221248-Pontiac-Chieftain-De-Luxe-2567DX-1949.html,https://www.imcdb.org/movie_68155-150-na-godzine.html
Pontiac,Chieftain De Luxe,1951,2567DX,Convertible with 1950 grille,Convertible,USA (United States of America),NA,NA,Pontiac Moon,Movie,1994,NA,https://www.imcdb.org/vehicle_80324-Pontiac-Chieftain-De-Luxe-2567DX-1951.html,https://www.imcdb.org/movie_110867-Pontiac-Moon.html
Pontiac,Firebird,1968,NA,NA,Coupé,USA (United States of America),NA,NA,Hi-Riders,Movie,1978,NA,https://www.imcdb.org/vehicle_333143-Pontiac-Firebird-1968.html,https://www.imcdb.org/movie_76140-Hi-Riders.html
Pontiac,Firebird,1974,NA,Esprit,Coupé,USA (United States of America),NA,NA,The Rockford Files,TV Series,1974,1980,https://www.imcdb.org/vehicle_225942-Pontiac-Firebird-1974.html,https://www.imcdb.org/movie_71042-The-Rockford-Files.html
Pontiac,Firebird,1977,NA,NA,Coupé,USA (United States of America),NA,NA,Krezip: Out of my bed,Music Video,2005,NA,https://www.imcdb.org/vehicle_127763-Pontiac-Firebird-1977.html,https://www.imcdb.org/movie_1004509152-Krezip--Out-of-my-bed.html
Pontiac,Firebird Trans Am,1970,NA,NA,Coupé,USA (United States of America),NA,NA,Cannonball!,Movie,1976,NA,https://www.imcdb.org/vehicle_9258-Pontiac-Firebird-Trans-Am-1970.html,https://www.imcdb.org/movie_74279-Cannonball%21.html
Pontiac,Firebird Trans Am,1977,NA,NA,Coupé,USA (United States of America),NA,NA,Smokey and the Bandit,Movie,1977,NA,https://www.imcdb.org/vehicle_2514-Pontiac-Firebird-Trans-Am-1977.html,https://www.imcdb.org/movie_76729-Smokey-and-the-Bandit.html
Pontiac,Firebird Trans Am,1977,NA,NA,Coupé,USA (United States of America),NA,NA,Pontiac,Short Movie,2019,NA,https://www.imcdb.org/vehicle_1758994-Pontiac-Firebird-Trans-Am-1977.html,https://www.imcdb.org/movie_12817352-Pontiac.html
Pontiac,Firebird Trans Am,1980,NA,Turbo 4.9L,Coupé,USA (United States of America),NA,NA,Smokey and the Bandit II,Movie,1980,NA,https://www.imcdb.org/vehicle_11169-Pontiac-Firebird-Trans-Am-1980.html,https://www.imcdb.org/movie_81529-Smokey-and-the-Bandit-II.html
Pontiac,Firebird Trans Am,1980,NA,Turbo,Coupé,USA (United States of America),NA,NA,Firebird 2015 AD,Movie,1981,NA,https://www.imcdb.org/vehicle_1086481-Pontiac-Firebird-Trans-Am-1980.html,https://www.imcdb.org/movie_82381-Firebird-2015-AD.html
Pontiac,Firebird Trans Am,1982,NA,'KITT',Coupé,USA (United States of America),NA,NA,Knight Rider,TV Series,1982,1986,https://www.imcdb.org/vehicle_2490-Pontiac-Firebird-Trans-Am-1982.html,https://www.imcdb.org/movie_83437-Knight-Rider.html
Pontiac,Firebird Trans Am Replica,1980,NA,built on Holden HQ chassis,Coupé,USA (United States of America),NA,NA,Shaker Run,Movie,1985,NA,https://www.imcdb.org/vehicle_119947-Pontiac-Firebird-Trans-Am-Replica-1980.html,https://www.imcdb.org/movie_90006-Shaker-Run.html
Pontiac,Grand Prix,1964,NA,NA,Convertible,USA (United States of America),NA,NA,Milionari de weekend,Movie,2004,NA,https://www.imcdb.org/vehicle_328130-Pontiac-Grand-Prix-1964.html,https://www.imcdb.org/movie_438241-Milionari-de-weekend.html
Pontiac,GTO,1966,NA,'MonkeeMobile' Dean Jeffries,Custom,USA (United States of America),NA,NA,The Monkees,TV Series,1966,1968,https://www.imcdb.org/vehicle_3836-Pontiac-GTO-1966.html,https://www.imcdb.org/movie_60010-The-Monkees.html
Pontiac,GTO,1969,NA,The Judge,Coupé,USA (United States of America),NA,NA,The Last Ride,Movie made for TV,2004,NA,https://www.imcdb.org/vehicle_7111-Pontiac-GTO-1969.html,https://www.imcdb.org/movie_402336-The-Last-Ride.html
Pontiac,GTO,1969,NA,The Judge,Coupé,USA (United States of America),NA,NA,Sex Drive,Movie,2008,NA,https://www.imcdb.org/vehicle_194573-Pontiac-GTO-1969.html,https://www.imcdb.org/movie_1135985-Sex-Drive.html
Pontiac,Tempest LeMans,1964,NA,NA,Convertible,USA (United States of America),NA,NA,"Blood, Guts, Bullets and Octane",Movie,1998,NA,https://www.imcdb.org/vehicle_111111-Pontiac-Tempest-LeMans-1964.html,https://www.imcdb.org/movie_163984-Blood%2C-Guts%2C-Bullets-and-Octane.html
Pontiac,Tempest LeMans,1964,NA,NA,Convertible,USA (United States of America),NA,NA,Selma & Johanna - en roadmovie,Movie,1997,NA,https://www.imcdb.org/vehicle_196437-Pontiac-Tempest-LeMans-1964.html,https://www.imcdb.org/movie_118579-Selma-%26-Johanna-en-roadmovie.html
Porsche,718 Boxster,2017,982,NA,Convertible,Germany,NA,NA,지옥에서 온 판사 (The Judge from Hell),TV Series,2024,NA,https://www.imcdb.org/vehicle_2076670-Porsche-718-Boxster-982-2017.html,https://www.imcdb.org/movie_33255143-Jiokeseo-on-Pansa.html
Porsche,911,1966,901,Flatnose,Coupé,Germany,NA,NA,Gros coeurs,Movie,1988,NA,https://www.imcdb.org/vehicle_1300847-Porsche-911-901-1966.html,https://www.imcdb.org/movie_207500-Gros-coeurs.html
Porsche,911 Carrera,2012,991,NA,Coupé,Germany,NA,NA,Dara Bubamara: Karera,Music Video,2014,NA,https://www.imcdb.org/vehicle_1222988-Porsche-911-Carrera-991-2012.html,https://www.imcdb.org/movie_1004520039-Dara-Bubamara--Karera.html
Porsche,911 Carrera 2,NA,964,NA,Coupé,Germany,NA,NA,Getaway in Stockholm,Movie,2000,NA,https://www.imcdb.org/vehicle_190562-Porsche-911-Carrera-2-964.html,https://www.imcdb.org/movie_1004509491-Getaway-in-Stockholm.html
Porsche,911 Carrera RS,1993,964,3.8,Coupé,Germany,NA,NA,Transformers: Rise of the Beasts,Movie,2023,NA,https://www.imcdb.org/vehicle_1729659-Porsche-911-Carrera-RS-964-1993.html,https://www.imcdb.org/movie_5090568-Transformers--Rise-of-the-Beasts.html
Porsche,911 SC Targa,1981,NA,NA,Coupé,Germany,NA,NA,The Belgrade Phantom,Movie,2009,NA,https://www.imcdb.org/vehicle_249663-Porsche-911-SC-Targa-1981.html,https://www.imcdb.org/movie_810089-The-Belgrade-Phantom.html
Porsche,911 Turbo,1975,930,NA,Coupé,Germany,NA,United States of America,Captured,Movie,1998,NA,https://www.imcdb.org/vehicle_48148-Porsche-911-Turbo-930-1975.html,https://www.imcdb.org/movie_130530-Captured.html
Porsche,911 Turbo,1977,930,NA,Coupé,Germany,NA,Australia (1954+),Freedom,Movie,1982,NA,https://www.imcdb.org/vehicle_573094-Porsche-911-Turbo-930-1977.html,https://www.imcdb.org/movie_83971-Freedom.html
Porsche,917 K,1970,022,NA,Racecar,Germany,NA,NA,Le Mans,Movie,1971,NA,https://www.imcdb.org/vehicle_2568-Porsche-917-K-022-1970.html,https://www.imcdb.org/movie_67334-Le-Mans.html
Porsche,917/10 Replica,1972,NA,NA,Racecar,Germany,NA,NA,The Last Chase,Movie,1981,NA,https://www.imcdb.org/vehicle_31445-Porsche-917-10-Replica-1972.html,https://www.imcdb.org/movie_82642-The-Last-Chase.html
Porsche,956,NA,NA,Rothmans Porsche #2,Racecar,Germany,NA,NA,In-Car 956,Documentary,1987,NA,https://www.imcdb.org/vehicle_354220-Porsche-956.html,https://www.imcdb.org/movie_277752-In-Car-956.html
Praga,RN,NA,NA,NA,Simple truck,Czechia,NA,NA,Vanoce s Alzbetou,Movie,1968,NA,https://www.imcdb.org/vehicle_845873-Praga-RN.html,https://www.imcdb.org/movie_63758-Vanoce-s-Alzbetou.html
Prevost,LeMirage XL-II Entertainer,NA,NA,NA,Class A Motorhome,Canada,NA,NA,Tourgasm,Mini-Series,2006,NA,https://www.imcdb.org/vehicle_271958-Prevost-LeMirage-XL-II-Entertainer.html,https://www.imcdb.org/movie_785062-Tourgasm.html
Puch,Maxi,NA,NA,NA,Moped,Austria,NA,NA,25 km/h,Movie,2018,NA,https://www.imcdb.org/vehicle_1269703-Puch-Maxi.html,https://www.imcdb.org/movie_7225386-25-km-h.html
Puma,Gatto Spider Spiaggia,1972,Typ 1,NA,Off-road / SUV,Italy,NA,NA,Altrimenti ci arrabbiamo,Movie,2022,NA,https://www.imcdb.org/vehicle_1695441-Puma-Gatto-Spider-Spiaggia-Typ-1-1972.html,https://www.imcdb.org/movie_14845950-Altrimenti-ci-arrabbiamo.html
Radical,SR3 RS,NA,NA,NA,Racecar,United Kingdom,NA,NA,极速天使 (Speed Angels),Movie,2011,NA,https://www.imcdb.org/vehicle_499209-Radical-SR3-RS.html,https://www.imcdb.org/movie_2118727-Ji-su-tian-shi.html
RAF,977 IM Latvija,1969,NA,NA,Ambulance,USSR,NA,NA,Дела сердечные (Matters of the Heart),Movie,1973,NA,https://www.imcdb.org/vehicle_476553-RAF-977-IM-Latvija-1969.html,https://www.imcdb.org/movie_129029-Dela-serdechnye.html
RecTrans,Discoverer 25R,1971,NA,NA,Class B or C Motorhome,USA (United States of America),NA,NA,Slither,Movie,1973,NA,https://www.imcdb.org/vehicle_596145-RecTrans-Discoverer-25R-1971.html,https://www.imcdb.org/movie_69282-Slither.html
Reliant,Regal Supervan III,1969,NA,NA,Three-wheeler,United Kingdom,NA,NA,Only Fools and Horses,TV Series,1981,2003,https://www.imcdb.org/vehicle_39205-Reliant-Regal-Supervan-III-1969.html,https://www.imcdb.org/movie_81912-Only-Fools-and-Horses.html
Renault,12 Toros SW,1989,R1339,NA,Wagon,France,Türkiye,Türkiye (1935+),Kara Bela,Movie,2015,NA,https://www.imcdb.org/vehicle_1735912-Renault-12-Toros-SW-R1339-1989.html,https://www.imcdb.org/movie_4974684-Kara-Bela.html
Renault,18 Break,1979,X34,NA,Wagon,France,NA,NA,Le jour se lève et les conneries commencent,Movie,1981,NA,https://www.imcdb.org/vehicle_1944121-Renault-18-Break-X34-1979.html,https://www.imcdb.org/movie_201701-Le-jour-se-l%C3%A8ve-et-les-conneries-commencent.html
Renault,4,1979,R1128,GTL,Hatchback,France,Yugoslavia,Yugoslavia (1954..2003),"Zaljubljena Ana, gospodin zaborav i mama",Movie,2023,NA,https://www.imcdb.org/vehicle_1833674-Renault-4-R1128-1979.html,https://www.imcdb.org/movie_21956978-Zaljubljena-Ana%2C-gospodin-zaborav-i-mama.html
Renault,4,1982,R1128,TL 1.1,Hatchback,France,Spain,Spain,4 latas,Movie,2019,NA,https://www.imcdb.org/vehicle_1304474-Renault-4-R1128-1982.html,https://www.imcdb.org/movie_8242160-4-latas.html
Renault,4 Camping-car,1969,NA,Altra,Class B or C Motorhome,France,NA,NA,Trafic (Yes monsieur Hulot),Movie,1971,NA,https://www.imcdb.org/vehicle_4895-Renault-4-Camping-car-1969.html,https://www.imcdb.org/movie_69400-Trafic.html
Renault,4 L,1971,NA,NA,Hatchback,France,NA,NA,Ojciec Mateusz,TV Series,2008,2026,https://www.imcdb.org/vehicle_567465-Renault-4-L-1971.html,https://www.imcdb.org/movie_1271995-Ojciec-Mateusz.html
Renault,8 Gordini,1967,R1135,1300,Sedan,France,NA,NA,Czekam w Monte-Carlo,Movie,1969,NA,https://www.imcdb.org/vehicle_66987-Renault-8-Gordini-R1135-1967.html,https://www.imcdb.org/movie_64201-Czekam-w-Monte-Carlo.html
Renault,Clio 3,2006,X85,1.4 16V Dynamique S,Hatchback,France,NA,NA,The Pigeon Heist,Short Movie,2020,NA,https://www.imcdb.org/vehicle_1631782-Renault-Clio-X85-2006.html,https://www.imcdb.org/movie_13479722-The-Pigeon-Heist.html
Renault,Colorale Savane,1950,NA,NA,Wagon,France,NA,NA,Temba - Kapp Kapp Kairo,Documentary,1958,NA,https://www.imcdb.org/vehicle_734853-Renault-Colorale-Savane-1950.html,https://www.imcdb.org/movie_274948-Temba-Kapp-Kapp-Kairo.html
Renault,Estafette 800,1973,R2136,NA,Van / MPV,France,NA,NA,L'enlèvement des Sabines,Movie,1977,NA,https://www.imcdb.org/vehicle_2046662-Renault-Estafette-800-R2136-1973.html,https://www.imcdb.org/movie_7306816-L-enl%C3%A8vement-des-Sabines.html
Renault,Floride S Cabriolet,1962,R1131,NA,Convertible,France,NA,NA,Floride,Movie,2015,NA,https://www.imcdb.org/vehicle_972101-Renault-Floride-S-Cabriolet-R1131-1962.html,https://www.imcdb.org/movie_4163636-Floride.html
Renault,Grand Scenic Série 2,2004,J84,NA,Van / MPV,France,NA,NA,Taksi bluz,Movie,2018,NA,https://www.imcdb.org/vehicle_1254378-Renault-Grand-Scenic-J84-2004.html,https://www.imcdb.org/movie_8490744-Taksi-bluz.html
Renault,R 310 T,1984,NA,Turbo,Trailer truck (tractor),France,NA,Chile (1930+),Auf Achse,TV Series,1978,1996,https://www.imcdb.org/vehicle_52173-Renault-R-310-T-1984.html,https://www.imcdb.org/movie_76980-Auf-Achse.html
Rexhall,Rolls Air,1997,NA,NA,Class A Motorhome,USA (United States of America),NA,NA,Nirvanna the Band the Show the Movie,Movie,2025,NA,https://www.imcdb.org/vehicle_2083266-Rexhall-Rolls-Air-1997.html,https://www.imcdb.org/movie_35522483-Nirvanna-the-Band-the-Show-the-Movie.html
Reynard,2K1,2001,NA,Mercedes-Benz,Racecar,United Kingdom,NA,NA,Driven,Movie,2001,NA,https://www.imcdb.org/vehicle_20071-Reynard-2K1-2001.html,https://www.imcdb.org/movie_132245-Driven.html
Rolls-Royce,20/25 h.p.,1935,GSF53,Drop Head Sedanca Coupé by H.J.Mulliner,Convertible,United Kingdom,NA,NA,Car of Dreams,Movie,1935,NA,https://www.imcdb.org/vehicle_207399-Rolls-Royce-20-25-hp-GSF53-1935.html,https://www.imcdb.org/movie_26179-Car-of-Dreams.html
Rolls-Royce,25/30 h.p.,1937,NA,NA,Sedan,United Kingdom,NA,NA,Romantic Road,Documentary,2017,NA,https://www.imcdb.org/vehicle_1549987-Rolls-Royce-25-30-hp-1937.html,https://www.imcdb.org/movie_6099468-Romantic-Road.html
Rolls-Royce,25/30 h.p. Wraith,1938,NA,Standardised Limousine by Park Ward,Limousine,United Kingdom,NA,NA,NOS4A2,TV Series,2019,2020,https://www.imcdb.org/vehicle_1386623-Rolls-Royce-25-30-hp-Wraith-1938.html,https://www.imcdb.org/movie_5194792-NOS4A2.html
Rolls-Royce,40/50 h.p.,NA,NA,'Silver Ghost',Convertible,United Kingdom,NA,NA,Prends ta Rolls et va pointer,Movie,1981,NA,https://www.imcdb.org/vehicle_3598-Rolls-Royce-40-50-hp.html,https://www.imcdb.org/movie_280045-Prends-ta-Rolls-et-va-pointer.html
Rolls-Royce,Phantom II,1930,133GY,Sedanca de Ville by Barker,Sedan,United Kingdom,NA,NA,The Gnome-Mobile,Movie,1967,NA,https://www.imcdb.org/vehicle_139172-Rolls-Royce-Phantom-II-133GY-1930.html,https://www.imcdb.org/movie_61715-The-Gnome-Mobile.html
Rolls-Royce,Phantom II,1931,54GN,Sedanca de Ville Thrupp & Maberly,Limousine,United Kingdom,NA,NA,The Yellow Rolls-Royce,Movie,1964,NA,https://www.imcdb.org/vehicle_3886-Rolls-Royce-Phantom-II-54GN-1931.html,https://www.imcdb.org/movie_59927-The-Yellow-Rolls-Royce.html
Rolls-Royce,Phantom II,1931,9JS,Sedanca de Ville Barker,Limousine,United Kingdom,NA,NA,The Yellow Rolls-Royce,Movie,1964,NA,https://www.imcdb.org/vehicle_253794-Rolls-Royce-Phantom-II-9JS-1931.html,https://www.imcdb.org/movie_59927-The-Yellow-Rolls-Royce.html
Rolls-Royce,Silver Cloud,NA,NA,NA,Limousine,United Kingdom,NA,NA,Lancelot Link: Secret Chimp,TV Series,1970,1972,https://www.imcdb.org/vehicle_352143-Rolls-Royce-Silver-Cloud.html,https://www.imcdb.org/movie_65309-Lancelot-Link--Secret-Chimp.html
Rolls-Royce,Silver Cloud I,1959,NA,Standard Saloon,Sedan,United Kingdom,NA,NA,Grand Theft Auto,Movie,1977,NA,https://www.imcdb.org/vehicle_11069-Rolls-Royce-Silver-Cloud-I-1959.html,https://www.imcdb.org/movie_76100-Grand-Theft-Auto.html
Rolls-Royce,Silver Shadow I LWB,1971,NA,NA,Sedan,United Kingdom,NA,NA,"卒仔抽車 (Rolls, Rolls, I Love You)",Movie,1982,NA,https://www.imcdb.org/vehicle_909572-Rolls-Royce-Silver-Shadow-I-LWB-1971.html,https://www.imcdb.org/movie_805601-Jut-zai-yau-che.html
Rolls-Royce,Silver Spur,NA,NA,NA,Sedan,United Kingdom,NA,NA,La belle anglaise,TV Series,1988,1990,https://www.imcdb.org/vehicle_2645-Rolls-Royce-Silver-Spur.html,https://www.imcdb.org/movie_197141-La-belle-anglaise.html
RZDM,D-83,NA,NA,NA,Construction & Engineering vehicle,USSR,NA,NA,Каток и скрипка (The Steamroller and the Violin),Movie,1960,NA,https://www.imcdb.org/vehicle_660392-RZDM-D-83.html,https://www.imcdb.org/movie_53987-Katok-i-skripka.html
S.S.,Jaguar 1½ Litre,1936,NA,NA,Sedan,United Kingdom,NA,NA,Parada oszustów,Mini-Series,1976,1978,https://www.imcdb.org/vehicle_195323-SS-Jaguar-1%C2%BD-Litre-1936.html,https://www.imcdb.org/movie_5909482-Parada-oszust%C3%B3w.html
SAAB,900 Cabrio Gen.1,1987,NA,Turbo 16V,Convertible,Sweden,Finland,NA,BB 30 (BB saam sap),Movie,1990,NA,https://www.imcdb.org/vehicle_1697263-SAAB-900-Cabrio-1987.html,https://www.imcdb.org/movie_99078-BB-saam-sap.html
SAAB,900 Cabrio Gen.2,1998,NA,2.0 Turbo SE,Convertible,Sweden,Finland,United States of America,Saab Story,Movie,2010,NA,https://www.imcdb.org/vehicle_2013917-SAAB-900-Cabrio-1998.html,https://www.imcdb.org/movie_1645867-Saab-Story.html
SAAB,900 Turbo Gen.1,1987,NA,NA,Hatchback,Sweden,NA,NA,ドライブ・マイ・カー (Drive My Car),Movie,2021,NA,https://www.imcdb.org/vehicle_1538371-SAAB-900-Turbo-1987.html,https://www.imcdb.org/movie_14039582-Doraibu-mai-k%C3%A2.html
SAAB,9000 CC,1987,NA,Turbo,Hatchback,Sweden,NA,NA,SAAB Suite,Short Movie,1987,NA,https://www.imcdb.org/vehicle_75700-SAAB-9000-CC-1987.html,https://www.imcdb.org/movie_1003117802-SAAB-Suite.html
SAIC,Maxus Datong G10,2013,NA,as 'Asim EV',Van / MPV,China,NA,NA,根本停不下来 (My Family),Movie,2025,NA,https://www.imcdb.org/vehicle_1995188-SAIC-Maxus-Datong-G10-2013.html,https://www.imcdb.org/movie_33771325-Gen-ben-ting-bu-xia-lai.html
Saturn,ION,2005,NA,3 Modified for Movie,Sedan,USA (United States of America),NA,NA,Who Stole the Electric Car?,Movie,2009,NA,https://www.imcdb.org/vehicle_752776-Saturn-ION-2005.html,https://www.imcdb.org/movie_1205543-Who-Stole-the-Electric-Car.html
Saviem,SC-10 U,1968,NA,NA,Single-deck,France,NA,NA,L'auvergnat et l'autobus,Movie,1969,NA,https://www.imcdb.org/vehicle_68103-Saviem-SC-10-U-1968.html,https://www.imcdb.org/movie_194680-L-auvergnat-et-l-autobus.html
Saviem,SM 280,NA,NA,NA,Trailer truck (tractor),Germany,NA,France,La route: duel des routiers,Documentary,1978,NA,https://www.imcdb.org/vehicle_899355-Saviem-SM-280.html,https://www.imcdb.org/movie_1004517101-La-route--duel-des-routiers.html
Scania,LB 110 Super,1974,NA,NA,Trailer truck (tractor),Sweden,NA,NA,Destination Doha,Documentary,1977,NA,https://www.imcdb.org/vehicle_829029-Scania-LB-110-Super-1974.html,https://www.imcdb.org/movie_1004516613-Destination-Doha.html
Scania,LBS 140,1975,NA,V8,Trailer truck (tractor),Sweden,NA,NA,Destination Doha,Documentary,1977,NA,https://www.imcdb.org/vehicle_829742-Scania-LBS-140-1975.html,https://www.imcdb.org/movie_1004516613-Destination-Doha.html
Scania,LK 141,NA,NA,NA,Trailer truck (tractor),Sweden,Brazil,NA,Carga Pesada,TV Series,1979,1981,https://www.imcdb.org/vehicle_546319-Scania-LK-141.html,https://www.imcdb.org/movie_235118-Carga-Pesada.html
Scania,unknown,NA,NA,NA,Simple truck,Sweden,NA,NA,Delivery Run,Movie,2025,NA,https://www.imcdb.org/vehicle_2054654-Scania.html,https://www.imcdb.org/movie_30219247-Delivery-Run.html
Sears,Motor Buggy,NA,Model G,NA,Convertible,USA (United States of America),NA,NA,Excuse My Dust,Movie,1951,NA,https://www.imcdb.org/vehicle_1171879-Sears-Motor-Buggy-Model-G.html,https://www.imcdb.org/movie_43514-Excuse-My-Dust.html
Seddon,30/4,1966,NA,NA,Trailer truck (tractor),United Kingdom,NA,NA,Department S,TV Series,1969,1970,https://www.imcdb.org/vehicle_454092-Seddon-30-4-1966.html,https://www.imcdb.org/movie_63893-Department-S.html
Seddon-Atkinson,2.11,1992,NA,HEIL Colectomatic 17.16 Refuse truck,Simple truck,United Kingdom,NA,NA,Common As Muck,TV Series,1994,1997,https://www.imcdb.org/vehicle_1161367-Seddon-Atkinson-211-1992.html,https://www.imcdb.org/movie_108729-Common-As-Muck.html
Shanghai,SK 661,NA,NA,NA,Articulated bus,China,NA,NA,小字辈 (Bus Number 3),Movie,1980,NA,https://www.imcdb.org/vehicle_1033137-Shanghai-SK-661.html,https://www.imcdb.org/movie_370074-Xiao-zi-bei.html
Shanghai-Volkswagen,Santana B2,1986,Typ 32B,NA,Sedan,Germany,China,China (People's Republic of China),李米的猜想 (The Equation of Love and Death),Movie,2008,NA,https://www.imcdb.org/vehicle_299458-Shanghai-Volkswagen-Santana-Typ-32B-1986.html,https://www.imcdb.org/movie_1299370-Li-Mi-de-caixiang.html
Shanghai-Volkswagen,Santana 2000 B2,1998,Typ 32B,NA,Sedan,Brazil,China,China (People's Republic of China),夜の上海 (The Longest Night in Shanghai),Movie,2007,NA,https://www.imcdb.org/vehicle_500643-Shanghai-Volkswagen-Santana-2000-Typ-32B-1998.html,https://www.imcdb.org/movie_798443-Yoru-no-shanghai.html
Shanghai-Volkswagen,Santana 2000 B2,1998,Typ 32B,NA,Sedan,Brazil,China,China (People's Republic of China),The Passport,Short Movie,2017,NA,https://www.imcdb.org/vehicle_1813895-Shanghai-Volkswagen-Santana-2000-Typ-32B-1998.html,https://www.imcdb.org/movie_6751562-The-Passport.html
Shelby,Cobra 289,1964,CSX2540,NA,Convertible,USA (United States of America),NA,NA,Honey West,TV Series,1965,1966,https://www.imcdb.org/vehicle_518117-Shelby-Cobra-289-CSX2540-1964.html,https://www.imcdb.org/movie_58814-Honey-West.html
Shelby,GT 500 Replica,1967,NA,'Eleanor',Coupé,USA (United States of America),NA,NA,Gone in Sixty Seconds,Movie,2000,NA,https://www.imcdb.org/vehicle_2211-Shelby-GT-500-Replica-1967.html,https://www.imcdb.org/movie_187078-Gone-in-Sixty-Seconds.html
Simca,1100,1968,928,GLS,Hatchback,France,NA,Italy,Rand rover,Movie,1979,NA,https://www.imcdb.org/vehicle_1839572-Simca-1100-928-1968.html,https://www.imcdb.org/movie_143824-Rand-rover.html
SISU,320,1971,NA,NA,Trailer truck (tractor),Finland,NA,NA,Auf Achse,TV Series,1978,1996,https://www.imcdb.org/vehicle_45886-SISU-320-1971.html,https://www.imcdb.org/movie_76980-Auf-Achse.html
Škoda,100,1970,Typ 722,L,Sedan,Czechia,NA,NA,Hogo-fogo Homolka,Movie,1970,NA,https://www.imcdb.org/vehicle_163248-%C5%A0koda-100-Typ-722-1970.html,https://www.imcdb.org/movie_173900-Hogo-fogo-Homolka.html
Škoda,1000 MB,1966,Typ 721,De Luxe,Sedan,Czechia,NA,NA,Svátecní jezdec,Short Movie,1969,NA,https://www.imcdb.org/vehicle_1099804-%C5%A0koda-1000-MB-Typ-721-1966.html,https://www.imcdb.org/movie_5303604-Sv%C3%A1tecn%C3%AD-jezdec.html
Škoda,110 R,1972,Typ 718K,NA,Racecar,Czechia,NA,NA,Známost sestry Aleny,Movie,1973,NA,https://www.imcdb.org/vehicle_600148-%C5%A0koda-110-R-Typ-718K-1972.html,https://www.imcdb.org/movie_245589-Zn%C3%A1most-sestry-Aleny.html
Škoda,1100 MB,1969,Typ 715,NA,Sedan,Czechia,NA,NA,Vyprávěj (Wonderful Times),TV Series,2009,2013,https://www.imcdb.org/vehicle_612911-%C5%A0koda-1100-MB-Typ-715-1969.html,https://www.imcdb.org/movie_1741649-Vypr%C3%A1v%C4%9Bj.html
Škoda,1201 Sanita,1956,Typ 980,NA,Ambulance,Czechia,NA,NA,Sanitka,TV Series,1984,NA,https://www.imcdb.org/vehicle_314235-%C5%A0koda-1201-Sanita-Typ-980-1956.html,https://www.imcdb.org/movie_294179-Sanitka.html
Škoda,1203 Sanita,1974,Typ 776,NA,Ambulance,Czechia,NA,NA,Sanitka,TV Series,1984,NA,https://www.imcdb.org/vehicle_316518-%C5%A0koda-1203-Sanita-Typ-776-1974.html,https://www.imcdb.org/movie_294179-Sanitka.html
Škoda,706 RTO LUX,1956,NA,Karosa Prototyp,Single-deck,Czechia,NA,NA,"Florenc 13,30",Movie,1957,NA,https://www.imcdb.org/vehicle_2047989-%C5%A0koda-706-RTO-LUX-1956.html,https://www.imcdb.org/movie_50401-Florenc-13%2C30.html
Škoda,Fabia Series II,NA,Typ 5J,NA,Hatchback,Czechia,NA,NA,A Few Bucks and Some Coffee,Short Movie,2012,NA,https://www.imcdb.org/vehicle_1198028-%C5%A0koda-Fabia-Typ-5J.html,https://www.imcdb.org/movie_3112600-A-Few-Bucks-and-Some-Coffee.html
Škoda,Fabia Combi Series II,NA,Typ 5J,NA,Wagon,Czechia,NA,NA,Zabranjeno smijanje,Movie,2012,NA,https://www.imcdb.org/vehicle_1630835-%C5%A0koda-Fabia-Combi-Typ-5J.html,https://www.imcdb.org/movie_2241920-Zabranjeno-smijanje.html
Škoda,Felicia,1959,Typ 994,Roadster,Convertible,Czechia,NA,NA,Milan Chladil: Jezdím bez nehod,Music Video,1961,NA,https://www.imcdb.org/vehicle_958499-%C5%A0koda-Felicia-Typ-994-1959.html,https://www.imcdb.org/movie_1004517550-Milan-Chladil--Jezd%C3%ADm-bez-nehod.html
Škoda,Kodiaq Series I,2018,Typ NS,Laurin & Klement,Off-road / SUV,Czechia,NA,NA,Déflagrations (Blast),Movie,2021,NA,https://www.imcdb.org/vehicle_1714318-%C5%A0koda-Kodiaq-Typ-NS-2018.html,https://www.imcdb.org/movie_11906086-D%C3%A9flagrations.html
Škoda,Octavia Combi Series II,NA,Typ 1Z,NA,Wagon,Czechia,NA,NA,Ministarstvo ljubavi,Movie,2016,NA,https://www.imcdb.org/vehicle_1201723-%C5%A0koda-Octavia-Combi-Typ-1Z.html,https://www.imcdb.org/movie_5799780-Ministarstvo-ljubavi.html
Škoda,Popular,1937,Typ 912,OHV Roadster,Convertible,Czechia,NA,NA,Slavata na Bulgaria,Movie made for TV,2004,NA,https://www.imcdb.org/vehicle_733043-%C5%A0koda-Popular-Typ-912-1937.html,https://www.imcdb.org/movie_425466-Slavata-na-Bulgaria.html
Škoda,Super Sport 1100,1971,Typ 724,as 'Ferat Vampir RSR',Proto / Concept,Czechia,NA,NA,Upir z Feratu (Ferat Vampire),Movie,1981,NA,https://www.imcdb.org/vehicle_71082-%C5%A0koda-Super-Sport-1100-Typ-724-1971.html,https://www.imcdb.org/movie_83264-Upir-z-Feratu.html
Škoda-LIAZ,100.45,1982,NA,+ Orličan N13 CH trailer,Trailer truck (tractor),Czechia,NA,Soviet Union (<1991),Трое на шоссе (Three People on a Highway),Movie,1983,NA,https://www.imcdb.org/vehicle_925787-%C5%A0koda-LIAZ-10045-1982.html,https://www.imcdb.org/movie_86480-Troe-na-shosse.html
Solaris,Urbino 15 Series II,2002,NA,NA,Single-deck,Poland,NA,NA,Sloow,Short Movie,2003,NA,https://www.imcdb.org/vehicle_1817619-Solaris-Urbino-15-2002.html,https://www.imcdb.org/movie_1045883-Sloow.html
Solo,750,1971,NA,NA,Quad and other all-terrain,Germany,NA,NA,Zwei tolle Käfer räumen auf,Movie,1979,NA,https://www.imcdb.org/vehicle_1045393-Solo-750-1971.html,https://www.imcdb.org/movie_78535-Zwei-tolle-K%C3%A4fer-r%C3%A4umen-auf.html
Sparton,500,1979,NA,as 'Silver Dream',Racing,United Kingdom,NA,NA,Silver Dream Racer,Movie,1980,NA,https://www.imcdb.org/vehicle_477453-Sparton-500-1979.html,https://www.imcdb.org/movie_81517-Silver-Dream-Racer.html
Steyr,84,NA,NA,NA,Farming vehicle,Austria,NA,NA,"Traktor, ljubezen in Rock'n'Roll",Movie,2008,NA,https://www.imcdb.org/vehicle_1185676-Steyr-84.html,https://www.imcdb.org/movie_1303812-Traktor%2C-ljubezen-in-Rock-n-Roll.html
Still,R60-16,NA,NA,Counterbalanced Truck,Ground conveyor,Germany,NA,NA,Staplerfahrer Klaus - Der erste Arbeitstag,Short Movie,2000,NA,https://www.imcdb.org/vehicle_13540-Still-R60-16.html,https://www.imcdb.org/movie_289477-Staplerfahrer-Klaus-Der-erste-Arbeitstag.html
Stoewer,LT4,1910,NA,Tourer,Convertible,Germany,NA,NA,Liebe durch die Autotür,Movie,1973,NA,https://www.imcdb.org/vehicle_610503-Stoewer-LT4-1910.html,https://www.imcdb.org/movie_68849-Liebe-durch-die-Autot%C3%BCr.html
Studebaker,Dictator,1928,GE,NA,Sedan,USA (United States of America),NA,NA,"50,000 B.C. (Before Clothing)",Movie,1963,NA,https://www.imcdb.org/vehicle_1010515-Studebaker-Dictator-GE-1928.html,https://www.imcdb.org/movie_214401-50%2C000-BC-%28Before-Clothing%29.html
Studebaker,M-16,1948,NA,Superior,School,USA (United States of America),NA,NA,Fingerprints,Movie,2006,NA,https://www.imcdb.org/vehicle_559060-Studebaker-M-16-1948.html,https://www.imcdb.org/movie_790662-Fingerprints.html
Studebaker,US6,NA,G-630,NA,Simple truck,USA (United States of America),NA,NA,Thieves' Highway,Movie,1949,NA,https://www.imcdb.org/vehicle_208242-Studebaker-US6-G-630.html,https://www.imcdb.org/movie_41958-Thieves--Highway.html
Stutz,Bearcat Replica,1914,NA,NA,Convertible,USA (United States of America),NA,NA,Bearcats!,TV Series,1971,NA,https://www.imcdb.org/vehicle_11847-Stutz-Bearcat-Replica-1914.html,https://www.imcdb.org/movie_66631-Bearcats%21.html
Subaru,360,NA,NA,NA,Supermini,Japan,NA,NA,よろしくメカドック (Yoroshiku meka dokku),Animation Series,1984,1985,https://www.imcdb.org/vehicle_299593-Subaru-360.html,https://www.imcdb.org/movie_1377255-Yoroshiku-meka-dokku.html
Subaru,B4,2008,BL5,2.0R,Sedan,Japan,NA,Israel (1952+),ピンク・スバル (Pink Subaru),Movie,2009,NA,https://www.imcdb.org/vehicle_429051-Subaru-B4-BL5-2008.html,https://www.imcdb.org/movie_1557832-%E3%83%94%E3%83%B3%E3%82%AF%E3%83%BB%E3%82%B9%E3%83%90%E3%83%AB.html
Subaru,BRAT,1978,A69L,4WD,Pick-up,Japan,NA,United States of America,Kidd Video,Animation Series,1984,1987,https://www.imcdb.org/vehicle_292825-Subaru-BRAT-A69L-1978.html,https://www.imcdb.org/movie_86743-Kidd-Video.html
Subaru,Forester,1998,SF5,NA,Off-road / SUV,Japan,NA,NA,Hellingproef (Clutch Control),Short Movie,2016,NA,https://www.imcdb.org/vehicle_2031091-Subaru-Forester-SF5-1998.html,https://www.imcdb.org/movie_5972644-Hellingproef.html
Subaru,Impreza Wagon,2000,GG,NA,Wagon,Japan,NA,NA,Leroy Kutner & The Gravity: Smoking Lewis,Music Video,2017,NA,https://www.imcdb.org/vehicle_1060354-Subaru-Impreza-Wagon-GG-2000.html,https://www.imcdb.org/movie_1004518333-Leroy-Kutner-%26-The-Gravity--Smoking-Lewis.html
Subaru,Legacy Wagon,2000,BH,L AWD,Wagon,Japan,USA (United States of America),United States of America,Sea to Shining Sea,Movie,2017,NA,https://www.imcdb.org/vehicle_1825421-Subaru-Legacy-Wagon-BH-2000.html,https://www.imcdb.org/movie_6099438-Sea-to-Shining-Sea.html
Subaru,XV Crosstrek,2013,GP,NA,Off-road / SUV,Japan,NA,United States of America,Hobo Johnson: Subaru Crosstrek XV,Music Video,2019,NA,https://www.imcdb.org/vehicle_1403674-Subaru-XV-Crosstrek-GP-2013.html,https://www.imcdb.org/movie_1004521493-Hobo-Johnson--Subaru-Crosstrek-XV.html
Suncrest,32',1987,NA,on Chevrolet P-30 chassis,Class A Motorhome,USA (United States of America),NA,NA,The Toybox,Movie,2018,NA,https://www.imcdb.org/vehicle_1218214-Suncrest-32--1987.html,https://www.imcdb.org/movie_6053472-The-Toybox.html
Suzuki,Carry,1977,ST20,NA,Pick-up,Japan,Indonesia,NA,Trungtung,Animation Series,2023,NA,https://www.imcdb.org/vehicle_2047092-Suzuki-Carry-ST20-1977.html,https://www.imcdb.org/movie_1004526114-Trungtung.html
Suzuki,Carry,2013,DA16T,Custom 'Citroen Look' by BEESTAGE,Van / MPV,Japan,NA,NA,珈琲いかがでしょう (Kôhî ikagadeshô),TV Series,2021,NA,https://www.imcdb.org/vehicle_1575114-Suzuki-Carry-DA16T-2013.html,https://www.imcdb.org/movie_14405138-K%C3%B4h%C3%AE-ikagadesh%C3%B4.html
Suzuki,DR 250 S,NA,NA,'Dyna Falcon',Road,Japan,NA,NA,Kagaku Sentai Dynaman,TV Series,1983,1984,https://www.imcdb.org/vehicle_1494887-Suzuki-DR-250-S.html,https://www.imcdb.org/movie_85042-Kagaku-Sentai-Dynaman.html
Suzuki,DR 650,NA,NA,Modified for Movie 'Kiber Machines',Road,Japan,NA,NA,五星戦隊ダイレンジャー (Gosei sentai Dairanger),TV Series,1993,1994,https://www.imcdb.org/vehicle_1276145-Suzuki-DR-650.html,https://www.imcdb.org/movie_106015-Gosei-sentai-Dairenj%C3%A2.html
Suzuki,GP 125 N,1984,NA,NA,Road,Japan,NA,United Kingdom of Great Britain and Northern Ireland,Restless Natives,Movie,1985,NA,https://www.imcdb.org/vehicle_542747-Suzuki-GP-125-N-1984.html,https://www.imcdb.org/movie_89904-Restless-Natives.html
Suzuki,GSX 1100 S Katana,1987,NA,NA,Road,Japan,NA,NA,Baribari Densetsu,Animation Series,1986,NA,https://www.imcdb.org/vehicle_828803-Suzuki-GSX-1100-S-Katana-1987.html,https://www.imcdb.org/movie_4319958-Baribari-Densetsu.html
Suzuki,GSX 400,NA,NA,Shark Machine,Road,Japan,NA,NA,Taiyô sentai Sanbarukan,TV Series,1981,1982,https://www.imcdb.org/vehicle_1406083-Suzuki-GSX-400.html,https://www.imcdb.org/movie_81942-Taiy%C3%B4-sentai-Sanbarukan.html
Suzuki,GT 380,NA,NA,Blue Star,Sidecar,Japan,NA,NA,秘密戦隊ゴレンジャー (Himitsu Sentai Gorenger),TV Series,1975,1977,https://www.imcdb.org/vehicle_1442223-Suzuki-GT-380.html,https://www.imcdb.org/movie_72511-Himitsu-sentai-Gorenj%C3%A2.html
Suzuki,GT 380,NA,NA,Green Star,Sidecar,Japan,NA,NA,秘密戦隊ゴレンジャー (Himitsu Sentai Gorenger),TV Series,1975,1977,https://www.imcdb.org/vehicle_1442224-Suzuki-GT-380.html,https://www.imcdb.org/movie_72511-Himitsu-sentai-Gorenj%C3%A2.html
Suzuki,GT 750,NA,NA,Red Star,Road,Japan,NA,NA,秘密戦隊ゴレンジャー (Himitsu Sentai Gorenger),TV Series,1975,1977,https://www.imcdb.org/vehicle_1442222-Suzuki-GT-750.html,https://www.imcdb.org/movie_72511-Himitsu-sentai-Gorenj%C3%A2.html
Suzuki,Made For Movie,NA,NA,Super Planetary Machine Iron Wolf,Road,Japan,NA,NA,Kyojû Tokusô Juspion,TV Series,1985,1986,https://www.imcdb.org/vehicle_1525665-Suzuki-Made-For-Movie.html,https://www.imcdb.org/movie_182616-Kyoj%C3%BB-Tokus%C3%B4-Juspion.html
Suzuki,RF 400 R,NA,NA,Shark Bridder,Road,Japan,NA,NA,忍者戦隊カクレンジャー (Ninja Sentai Kakuranger),TV Series,1994,1995,https://www.imcdb.org/vehicle_1780081-Suzuki-RF-400-R.html,https://www.imcdb.org/movie_108880-Ninja-Sentai-Kakurenj%C3%A2.html
Suzuki,RF 400 R,NA,NA,Shark Bridder,Sidecar,Japan,NA,NA,忍者戦隊カクレンジャー (Ninja Sentai Kakuranger),TV Series,1994,1995,https://www.imcdb.org/vehicle_1780082-Suzuki-RF-400-R.html,https://www.imcdb.org/movie_108880-Ninja-Sentai-Kakurenj%C3%A2.html
Suzuki,RG 250,NA,NA,Modified for Movie 'Mask Roaders',Road,Japan,NA,NA,Hikari sentai Masukuman,TV Series,1987,1988,https://www.imcdb.org/vehicle_1266398-Suzuki-RG-250.html,https://www.imcdb.org/movie_92371-Hikari-sentai-Masukuman.html
Suzuki,TM 250,NA,NA,Cruiser,Road,Japan,NA,NA,仮面ライダー X (Kamen Rider X),TV Series,1974,NA,https://www.imcdb.org/vehicle_1695196-Suzuki-TM-250.html,https://www.imcdb.org/movie_156678-Kamen-Raid%C3%A2-Ekkusu.html
Suzuki,TS,NA,NA,Shark Panther,All-Terrain Sports,Japan,NA,NA,Taiyô sentai Sanbarukan,TV Series,1981,1982,https://www.imcdb.org/vehicle_1406084-Suzuki-TS.html,https://www.imcdb.org/movie_81942-Taiy%C3%B4-sentai-Sanbarukan.html
Swallow,Doretti,1954,NA,NA,Convertible,United Kingdom,NA,Australia (1954+),The Pace That Kills,Short Movie,1959,NA,https://www.imcdb.org/vehicle_1750253-Swallow-Doretti-1954.html,https://www.imcdb.org/movie_1004523574-The-Pace-That-Kills.html
TAM,110 A5 4x4,NA,NA,'Slonce',Single-deck,Yugoslavia,NA,NA,Turneja,Movie,2008,NA,https://www.imcdb.org/vehicle_214223-TAM-110-A5-4x4.html,https://www.imcdb.org/movie_996982-Turneja.html
TAM,190 A11 T,1981,NA,Avtomontaža,Single-deck,Yugoslavia,NA,NA,Avtobus,Short Movie,1985,NA,https://www.imcdb.org/vehicle_767767-TAM-190-A11-T-1981.html,https://www.imcdb.org/movie_1004516168-Avtobus.html
TAM,unknown,NA,NA,NA,Single-deck,Yugoslavia,NA,NA,H-8...,Movie,1958,NA,https://www.imcdb.org/vehicle_241329-TAM.html,https://www.imcdb.org/movie_51693-H-8.html
TAM,unknown,NA,NA,NA,School,Yugoslavia,NA,NA,Afganistan - The last war bus (L'ultimo bus di guerra),Movie,1989,NA,https://www.imcdb.org/vehicle_1729170-TAM.html,https://www.imcdb.org/movie_94618-Afganistan-The-last-war-bus-%28L-ultimo-bus-di-guerra%29.html
Tata,1210 A,NA,NA,NA,Single-deck,India,NA,NA,Bombay to Goa,Movie,1972,NA,https://www.imcdb.org/vehicle_289967-Tata-1210-A.html,https://www.imcdb.org/movie_68305-Bombay-to-Goa.html
Tata,1613,NA,NA,NA,Simple truck,India,NA,NA,The Good Road,Movie,2013,NA,https://www.imcdb.org/vehicle_762633-Tata-1613.html,https://www.imcdb.org/movie_3037260-The-Good-Road.html
Tata,712,2011,NA,NA,Single-deck,India,NA,NA,കേശു ഈ വീടിന്റെ നാഥൻ (Keshu Ee Veedinte Nadhan),Movie,2021,NA,https://www.imcdb.org/vehicle_1623731-Tata-712-2011.html,https://www.imcdb.org/movie_11390864-Keshu-Ee-Veedinte-Nadhan.html
Tata,Nano,2009,NA,NA,Supermini,India,NA,NA,Gauthamante Radham,Movie,2020,NA,https://www.imcdb.org/vehicle_1349103-Tata-Nano-2009.html,https://www.imcdb.org/movie_11536072-Gauthamante-Radham.html
Tatra,148 S1,1972,NA,NA,Simple truck,Czechia,NA,NA,Kdo hledá zlaté dno,Movie,1974,NA,https://www.imcdb.org/vehicle_207017-Tatra-148-S1-1972.html,https://www.imcdb.org/movie_71716-Kdo-hled%C3%A1-zlat%C3%A9-dno.html
Tatra,603,1962,NA,NA,Proto / Concept,Czechia,NA,NA,Stastnou Cestu (Happy Journey),Short Movie,1962,NA,https://www.imcdb.org/vehicle_48726-Tatra-603-1962.html,https://www.imcdb.org/movie_1004514146-Stastnou-Cestu.html
Tatra,813 TP 6x6,1968,NA,NA,Simple truck,Czechia,NA,NA,Cursa,Movie,1978,NA,https://www.imcdb.org/vehicle_743443-Tatra-813-TP-6x6-1968.html,https://www.imcdb.org/movie_72838-Cursa.html
Tesla,Model 3,2019,NA,NA,Sedan,USA (United States of America),NA,Europe,Loulou,Movie made for TV,2023,NA,https://www.imcdb.org/vehicle_1865030-Tesla-Model-3-2019.html,https://www.imcdb.org/movie_21378358-Loulou.html
Tesla,Model S,2014,NA,NA,Hatchback,USA (United States of America),NA,NA,SHO: 借り物 Gold Tesla,Music Video,2024,NA,https://www.imcdb.org/vehicle_1883801-Tesla-Model-S-2014.html,https://www.imcdb.org/movie_1004524429-SHO--%E5%80%9F%E3%82%8A%E7%89%A9-Gold-Tesla.html
Tesla,Model S,2018,NA,75D,Hatchback,USA (United States of America),Netherlands,United Kingdom of Great Britain and Northern Ireland,The Tesla Car Thieves,Short Movie,2021,NA,https://www.imcdb.org/vehicle_1522240-Tesla-Model-S-2018.html,https://www.imcdb.org/movie_13914380-The-Tesla-Car-Thieves.html
Tesla,Roadster,2008,NA,NA,Convertible,USA (United States of America),NA,NA,Revenge of the Electric Car,Documentary,2011,NA,https://www.imcdb.org/vehicle_355991-Tesla-Roadster-2008.html,https://www.imcdb.org/movie_1413496-Revenge-of-the-Electric-Car.html
Thames,5cwt Van,1961,307E,'Supervan',Van / MPV,United Kingdom,Ireland,Republic of Ireland (1962+),A Map with Gaps,Short Movie,2006,NA,https://www.imcdb.org/vehicle_1136012-Thames-5cwt-Van-307E-1961.html,https://www.imcdb.org/movie_938724-A-Map-with-Gaps.html
Tidaholms Bruk,T6.0.55F,1929,NA,NA,Single-deck,Sweden,NA,NA,Mitt hjärtas Malmö,Documentary,2005,2008,https://www.imcdb.org/vehicle_259259-Tidaholms-Bruk-T6055F-1929.html,https://www.imcdb.org/movie_6907100-Mitt-hj%C3%A4rtas-Malm%C3%B6.html
Toyopet,Corona,1968,T40,Taxi,Sedan,Japan,NA,NA,オッドタクシー (Odd Taxi),Animation Series,2021,NA,https://www.imcdb.org/vehicle_1507210-Toyopet-Corona-T40-1968.html,https://www.imcdb.org/movie_14134550-Oddtaxi.html
Toyopet,Corona,1968,T40,Taxi,Sedan,Japan,NA,NA,映画 オッドタクシー イン・ザ・ウッズ (Eiga Odd Taxi: In the Woods),Animation Movie,2022,NA,https://www.imcdb.org/vehicle_1701681-Toyopet-Corona-T40-1968.html,https://www.imcdb.org/movie_16609250-Eiga-Odd-Taxi--In-the-Woods.html
Toyopet,Crown Deluxe,NA,NA,as 'Tiger Pioneer Sports',Sedan,Japan,NA,NA,黒の試走車 (The Black Test Car),Movie,1962,NA,https://www.imcdb.org/vehicle_302622-Toyopet-Crown-Deluxe.html,https://www.imcdb.org/movie_56158-Kuro-no-tesuto-kaa.html
Toyota,2000GT,1967,MF10,NA,Coupé,Japan,NA,NA,ヘアピン・サーカス (Hairpin Circus),Movie,1972,NA,https://www.imcdb.org/vehicle_1178414-Toyota-2000GT-MF10-1967.html,https://www.imcdb.org/movie_404092-Heapin-Sakasu.html
Toyota,2000GT,1968,MF10,NA,Coupé,Japan,NA,NA,真夜中のスーパーカー (The Midnight Supercar),Movie made for TV,2018,NA,https://www.imcdb.org/vehicle_1401244-Toyota-2000GT-MF10-1968.html,https://www.imcdb.org/movie_1004521472-Mayonaka-no-Super-Car.html
Toyota,86,2012,ZN6,GT,Coupé,Japan,NA,NA,MFゴースト (MF Ghost),Animation Series,2023,2026,https://www.imcdb.org/vehicle_1596695-Toyota-86-ZN6-2012.html,https://www.imcdb.org/movie_28299608-MF%E3%82%B4%E3%83%BC%E3%82%B9%E3%83%88.html
Toyota,Carina E,1997,T190,NA,Hatchback,Japan,United Kingdom,United Kingdom of Great Britain and Northern Ireland,Rocket Fuel,Short Movie,2025,NA,https://www.imcdb.org/vehicle_2059519-Toyota-Carina-E-T190-1997.html,https://www.imcdb.org/movie_37025704-Rocket-Fuel.html
Toyota,Carina II,1988,T170,NA,Sedan,Japan,NA,Europe,Munje: Opet! (Dudes: Again!),Movie,2023,NA,https://www.imcdb.org/vehicle_1870206-Toyota-Carina-II-T170-1988.html,https://www.imcdb.org/movie_22769974-Munje--Opet%21.html
Toyota,Celica,1971,RA20,ST,Coupé,Japan,NA,Canada,J'ai mon voyage! (I've Had It),Movie,1973,NA,https://www.imcdb.org/vehicle_1063490-Toyota-Celica-RA20-1971.html,https://www.imcdb.org/movie_70234-J-ai-mon-voyage%21.html
Toyota,Celica,1986,T160,GT,Coupé,Japan,NA,NA,The Motorist,Short Movie,2020,NA,https://www.imcdb.org/vehicle_1646117-Toyota-Celica-T160-1986.html,https://www.imcdb.org/movie_13008074-The-Motorist.html
Toyota,Coaster,1993,NA,Customised as Mercedes-Benz Sprinter 314,Single-deck,Japan,NA,Hong Kong (1932+),衝鋒車 (Two Thumbs Up),Movie,2015,NA,https://www.imcdb.org/vehicle_927575-Toyota-Coaster-1993.html,https://www.imcdb.org/movie_4533838-Chung-fung-che.html
Toyota,Coaster,1993,B40,NA,Van / MPV,Japan,NA,NA,那夜凌晨，我坐上了旺角開往大埔的紅VAN (The Midnight After),Movie,2014,NA,https://www.imcdb.org/vehicle_866837-Toyota-Coaster-B40-1993.html,https://www.imcdb.org/movie_3504824-Na-yeh-ling-san%2C-ngo-joa-seung-liu-Wong-Gok-hoi-wong-dai-bou-dik-hung-Van.html
Toyota,Corolla Levin,1985,AE86,NA,Coupé,Japan,NA,NA,かっとびブギ2 フラットアウト・ベイビー (Kattobi Boogie 2: Flat Out Baby),Movie made for TV,1993,NA,https://www.imcdb.org/vehicle_2110045-Toyota-Corolla-Levin-AE86-1985.html,https://www.imcdb.org/movie_1004526587-%E3%81%8B%E3%81%A3%E3%81%A8%E3%81%B3%E3%83%96%E3%82%AE2-%E3%83%95%E3%83%A9%E3%83%83%E3%83%88%E3%82%A2%E3%82%A6%E3%83%88%E3%83%BB%E3%83%99%E3%82%A4%E3%83%93%E3%83%BC.html
Toyota,Cressida,1981,X60,GL,Sedan,Japan,NA,NA,Magallanes,Movie,2015,NA,https://www.imcdb.org/vehicle_1023493-Toyota-Cressida-X60-1981.html,https://www.imcdb.org/movie_4072352-Magallanes.html
Toyota,Crown,1984,S120,NA,Sedan,Japan,NA,China (People's Republic of China),女人·TAXI·女人 (Woman-Taxi-Woman),Movie,1991,NA,https://www.imcdb.org/vehicle_1034207-Toyota-Crown-S120-1984.html,https://www.imcdb.org/movie_1371725-Nu-ren-Taxi-Nu-ren.html
Toyota,Crown Comfort,1996,XS10,Taxi,Sedan,Japan,NA,NA,ねこタクシー (Neko Taxi),TV Series,2010,NA,https://www.imcdb.org/vehicle_1485744-Toyota-Crown-Comfort-XS10-1996.html,https://www.imcdb.org/movie_1627012-Neko-Taxi.html
Toyota,Crown Comfort,1996,XS10,Taxi,Sedan,Japan,NA,NA,ねこタクシー (Neko Taxi the Movie),Movie,2010,NA,https://www.imcdb.org/vehicle_1494908-Toyota-Crown-Comfort-XS10-1996.html,https://www.imcdb.org/movie_1674191-Neko-takush%C3%AE.html
Toyota,Crown Van,1976,MS87V,NA,Wagon,Japan,NA,NA,Kamikaze takushî,Movie,1995,NA,https://www.imcdb.org/vehicle_1599567-Toyota-Crown-Van-MS87V-1976.html,https://www.imcdb.org/movie_113523-Kamikaze-takush%C3%AE.html
Toyota,Echo,2004,NCP13,NA,Hatchback,Japan,NA,Canada,Psych,TV Series,2006,2014,https://www.imcdb.org/vehicle_123174-Toyota-Echo-NCP13-2004.html,https://www.imcdb.org/movie_491738-Psych.html
Toyota,GR Corolla,2024,GZEA14,NA,Hatchback,Japan,NA,United States of America,Grip,Animation Series,2024,2025,https://www.imcdb.org/vehicle_1880766-Toyota-GR-Corolla-GZEA14-2024.html,https://www.imcdb.org/movie_31338382-Grip.html
Toyota,HiAce,1977,H20,NA,Van / MPV,Japan,NA,NA,หอ หึ หึ (Ghastly Dorm),Movie,1992,NA,https://www.imcdb.org/vehicle_2015787-Toyota-HiAce-H20-1977.html,https://www.imcdb.org/movie_1004525832-Hor-Hue-Hue.html
Toyota,Innova,2005,AN40,NA,Off-road / SUV,Indonesia,India,India (1947+),രാഷ്ട്രം (Rashtram),Movie,2006,NA,https://www.imcdb.org/vehicle_2055467-Toyota-Innova-AN40-2005.html,https://www.imcdb.org/movie_1102314-Rashtram.html
Toyota,Land Cruiser,1998,J105,NA,Off-road / SUV,Japan,NA,NA,Russell Coight's All Aussie Adventures,TV Series,2001,2018,https://www.imcdb.org/vehicle_662801-Toyota-Land-Cruiser-J105-1998.html,https://www.imcdb.org/movie_290111-Russell-Coight-s-All-Aussie-Adventures.html
Toyota,Land Cruiser Prado,1993,J78,NA,Off-road / SUV,Japan,NA,Japan,Kabul Express,Movie,2006,NA,https://www.imcdb.org/vehicle_264093-Toyota-Land-Cruiser-Prado-J78-1993.html,https://www.imcdb.org/movie_770214-Kabul-Express.html
Toyota,Mark II,1990,X81,Grande,Sedan,Japan,NA,NA,De Taxi van Palemu,TV Series,2006,NA,https://www.imcdb.org/vehicle_103029-Toyota-Mark-II-X81-1990.html,https://www.imcdb.org/movie_995597-De-Taxi-van-Palemu.html
Toyota,Previa,1991,TCR10,'2015 Tartan Prancer LE',Van / MPV,Japan,NA,United States of America,Vacation,Movie,2015,NA,https://www.imcdb.org/vehicle_823788-Toyota-Previa-TCR10-1991.html,https://www.imcdb.org/movie_1524930-Vacation.html
Toyota,Previa,1995,TCR20,DX All-Trac,Van / MPV,Japan,NA,Canada,Carpool,Movie,1996,NA,https://www.imcdb.org/vehicle_96072-Toyota-Previa-TCR20-1995.html,https://www.imcdb.org/movie_115836-Carpool.html
Toyota,Prius II,2006,NHW20,NA,Hatchback,Japan,NA,United States of America,Rideshare,Movie,2018,NA,https://www.imcdb.org/vehicle_1881698-Toyota-Prius-NHW20-2006.html,https://www.imcdb.org/movie_6499694-Rideshare.html
Toyota,Prius II,2007,NHW20,T-Spirit,Hatchback,Japan,NA,United Kingdom of Great Britain and Northern Ireland,The Ride,Short Movie,2023,NA,https://www.imcdb.org/vehicle_1956513-Toyota-Prius-NHW20-2007.html,https://www.imcdb.org/movie_26698112-The-Ride.html
Toyota,Prius III,2010,ZVW30,NA,Hatchback,Japan,NA,United States of America,Spree,Movie,2020,NA,https://www.imcdb.org/vehicle_1709566-Toyota-Prius-ZVW30-2010.html,https://www.imcdb.org/movie_11394332-Spree.html
Toyota,Prius III,2014,ZVW30,NA,Hatchback,Japan,NA,United States of America,DriverX,Movie,2017,NA,https://www.imcdb.org/vehicle_1211119-Toyota-Prius-ZVW30-2014.html,https://www.imcdb.org/movie_4952044-DriverX.html
Toyota,Quick Delivery 200,1999,U280,NA,Van / MPV,Japan,NA,NA,MIU404,TV Series,2020,NA,https://www.imcdb.org/vehicle_1527725-Toyota-Quick-Delivery-200-U280-1999.html,https://www.imcdb.org/movie_13068006-MIU404.html
Toyota,Sienna,2004,MCL20,CE,Van / MPV,USA (United States of America),NA,NA,Ca$h Cab,Non-fiction TV,2005,2017,https://www.imcdb.org/vehicle_45211-Toyota-Sienna-MCL20-2004.html,https://www.imcdb.org/movie_790825-Ca%24h-Cab.html
Toyota,Soarer,1983,MZ11,2.8 GT,Coupé,Japan,NA,NA,シャコタン・ブギ (Shakotan Boogie),Animation Series,1991,1992,https://www.imcdb.org/vehicle_1055996-Toyota-Soarer-MZ11-1983.html,https://www.imcdb.org/movie_14967040-Shakotan-bugi.html
Toyota,Soarer,1983,MZ11,2800GT,Coupé,Japan,NA,NA,シャコタン☆ブギ (Shakotan Boogie),Movie,1987,NA,https://www.imcdb.org/vehicle_1824312-Toyota-Soarer-MZ11-1983.html,https://www.imcdb.org/movie_37027810-Shakotan-Boogie.html
Toyota,Sprinter Trueno,1983,AE86,GT-APEX,Coupé,Japan,NA,NA,头文字D (Initial D),Movie,2005,NA,https://www.imcdb.org/vehicle_10906-Toyota-Sprinter-Trueno-AE86-1983.html,https://www.imcdb.org/movie_439630-%E5%A4%B4%E6%96%87%E5%AD%97D.html
Toyota,Sprinter Trueno,1983,AE86,GT-APEX,Coupé,Japan,NA,NA,頭文字 D (Initial D),Animation Series,1998,2014,https://www.imcdb.org/vehicle_82835-Toyota-Sprinter-Trueno-AE86-1983.html,https://www.imcdb.org/movie_385426-Inisharu-D.html
Toyota,Sprinter Trueno,1983,AE86,GT-APEX,Coupé,Japan,NA,NA,頭文字D Legend1 -覚醒- (New Initial D the Movie: Legend 1 - Awakening),Animation Movie,2014,NA,https://www.imcdb.org/vehicle_706904-Toyota-Sprinter-Trueno-AE86-1983.html,https://www.imcdb.org/movie_3971764-Shingekijouban-Inisharu-D--Legend-1-Kakusei.html
Toyota,Sprinter Trueno,1983,AE86,GT-APEX,Coupé,Japan,NA,NA,頭文字D Legend2 -闘走- (New Initial D the Movie: Legend 2 - Racer),Animation Movie,2015,NA,https://www.imcdb.org/vehicle_791645-Toyota-Sprinter-Trueno-AE86-1983.html,https://www.imcdb.org/movie_4971484-Shingekijouban-Inisharu-D--Legend-2-Tousou.html
Toyota,Sprinter Trueno,1983,AE86,GT-Apex,Coupé,Japan,NA,NA,頭文字D Legend3 -夢現- (New Initial D the Movie: Legend 3 - Dream),Animation Movie,2016,NA,https://www.imcdb.org/vehicle_871329-Toyota-Sprinter-Trueno-AE86-1983.html,https://www.imcdb.org/movie_5463088-Shingekijouban-Inisharu-D--Legend-3-Mugen.html
Toyota,Supra Mk.IV,NA,JZA80,Modified for Movie,Custom,Japan,NA,NA,ROX,TV Series,2011,2026,https://www.imcdb.org/vehicle_709066-Toyota-Supra-JZA80.html,https://www.imcdb.org/movie_2337285-ROX.html
Toyota,SW4,2015,AN150/160,'Predator',Off-road / SUV,Japan,Argentina,Argentina,4x4,Movie,2019,NA,https://www.imcdb.org/vehicle_1475378-Toyota-SW4-AN150-160-2015.html,https://www.imcdb.org/movie_8561690-4x4.html
Toyota,Tercel,1987,EL31,EZ,Hatchback,Japan,NA,United States of America,Hatchback,Movie,2019,NA,https://www.imcdb.org/vehicle_1310350-Toyota-Tercel-EL31-1987.html,https://www.imcdb.org/movie_5982922-Hatchback.html
Toyota,Vios,2010,NCP92,1.3 E,Sedan,Japan,Philippines,Philippines (1975+),Graceland,Movie,2012,NA,https://www.imcdb.org/vehicle_1377329-Toyota-Vios-NCP92-2010.html,https://www.imcdb.org/movie_2131523-Graceland.html
Trabant,601,1974,P601,NA,Sedan,East Germany (DDR),NA,NA,Trabant zu verkaufen,Movie made for TV,1981,NA,https://www.imcdb.org/vehicle_1233338-Trabant-601-P601-1974.html,https://www.imcdb.org/movie_1813723-Trabant-zu-verkaufen.html
Trabant,601,1982,P601,NA,Sedan,East Germany (DDR),NA,NA,Driving Me Crazy,Movie,1991,NA,https://www.imcdb.org/vehicle_325873-Trabant-601-P601-1982.html,https://www.imcdb.org/movie_104142-Driving-Me-Crazy.html
Trabant,601,1984,P601,'Schorsch',Sedan,East Germany (DDR),NA,NA,Go Trabi Go,Movie,1991,NA,https://www.imcdb.org/vehicle_41380-Trabant-601-P601-1984.html,https://www.imcdb.org/movie_101960-Go-Trabi-Go.html
Trabant,601 Universal,1981,P601K,NA,Wagon,East Germany (DDR),NA,NA,Everything Is Illuminated,Movie,2005,NA,https://www.imcdb.org/vehicle_302011-Trabant-601-Universal-P601K-1981.html,https://www.imcdb.org/movie_404030-Everything-Is-Illuminated.html
Trabant,601 Universal,1984,P601K,NA,Wagon,East Germany (DDR),NA,NA,Trabantem Hedvábnou stezkou,Documentary,2009,NA,https://www.imcdb.org/vehicle_785043-Trabant-601-Universal-P601K-1984.html,https://www.imcdb.org/movie_1592289-Trabantem-Hedv%C3%A1bnou-stezkou.html
Trabant,601 Universal,1986,P601K,'Transtrabant',Wagon,East Germany (DDR),NA,NA,Trabantem napříč Afrikou,Documentary,2011,NA,https://www.imcdb.org/vehicle_716545-Trabant-601-Universal-P601K-1986.html,https://www.imcdb.org/movie_1841898-Trabantem-nap%C5%99%C3%AD%C4%8D-Afrikou.html
Trabant,601 Universal,1989,P601K,'Transtrabant',Wagon,East Germany (DDR),NA,NA,Trabantem napříč Afrikou,Documentary,2011,NA,https://www.imcdb.org/vehicle_716549-Trabant-601-Universal-P601K-1989.html,https://www.imcdb.org/movie_1841898-Trabantem-nap%C5%99%C3%AD%C4%8D-Afrikou.html
Triking,Cyclecar,NA,NA,NA,Three-wheeler,United Kingdom,NA,NA,Aufs ganze,Movie made for TV,1989,NA,https://www.imcdb.org/vehicle_1790436-Triking-Cyclecar.html,https://www.imcdb.org/movie_96851-Aufs-ganze.html
Triumph,Bonneville,NA,NA,NA,Road,United Kingdom,NA,NA,Liebe durch die Autotür,Movie,1973,NA,https://www.imcdb.org/vehicle_610510-Triumph-Bonneville.html,https://www.imcdb.org/movie_68849-Liebe-durch-die-Autot%C3%BCr.html
Triumph,Herald 1200 Convertible,1966,NA,NA,Convertible,United Kingdom,NA,NA,Too Close for Comfort,Short Movie,1971,NA,https://www.imcdb.org/vehicle_828327-Triumph-Herald-1200-Convertible-1966.html,https://www.imcdb.org/movie_1869779-Too-Close-for-Comfort.html
Triumph,Spitfire MkIV,1971,NA,NA,Convertible,United Kingdom,NA,NA,Tai Chi: Red mobile,Music Video,1986,NA,https://www.imcdb.org/vehicle_677121-Triumph-Spitfire-1971.html,https://www.imcdb.org/movie_1004515150-Tai-Chi--Red-mobile.html
Triumph,Spitfire 1500,1976,NA,NA,Convertible,United Kingdom,NA,NA,Une journée de merde!,Movie,1999,NA,https://www.imcdb.org/vehicle_42851-Triumph-Spitfire-1500-1976.html,https://www.imcdb.org/movie_187567-Une-journ%C3%A9e-de-merde%21.html
Triumph,Thunderbird,1950,6T,NA,Road,United Kingdom,NA,United States of America,The Wild One,Movie,1953,NA,https://www.imcdb.org/vehicle_140556-Triumph-Thunderbird-6T-1950.html,https://www.imcdb.org/movie_47677-The-Wild-One.html
Triumph,TR 5 T Trophy Trail,1974,NA,NA,Trail bike,United Kingdom,NA,NA,Pray for the Wildcats,Movie made for TV,1974,NA,https://www.imcdb.org/vehicle_675763-Triumph-TR-5-T-Trophy-Trail-1974.html,https://www.imcdb.org/movie_72024-Pray-for-the-Wildcats.html
Triumph,TR3A,1959,NA,NA,Convertible,United Kingdom,NA,NA,Britain's Best Drives,Non-fiction TV,2009,NA,https://www.imcdb.org/vehicle_1139098-Triumph-TR3A-1959.html,https://www.imcdb.org/movie_1445537-Britain-s-Best-Drives.html
Triumph,TR4,1962,NA,NA,Convertible,United Kingdom,NA,NA,Échappement libre,Movie,1964,NA,https://www.imcdb.org/vehicle_3973-Triumph-TR4-1962.html,https://www.imcdb.org/movie_58785-%C3%89chappement-libre.html
Tucker,48,1948,NA,'Torpedo',Sedan,USA (United States of America),NA,NA,Tucker: The Man and His Dream,Movie,1988,NA,https://www.imcdb.org/vehicle_2682-Tucker-48-1948.html,https://www.imcdb.org/movie_96316-Tucker--The-Man-and-His-Dream.html
Twentieth Century Motor Car Corporation,Dale,1974,NA,NA,Proto / Concept,USA (United States of America),NA,NA,The Lady and the Dale,TV Series,2021,NA,https://www.imcdb.org/vehicle_1487571-Twentieth-Century-Motor-Car-Corporation-Dale-1974.html,https://www.imcdb.org/movie_12837188-The-Lady-and-the-Dale.html
unknown,NA,NA,NA,NA,NA,NA,NA,NA,How to Stop a Motor Car,Short Movie,1902,NA,https://www.imcdb.org/vehicle_1878741.html,https://www.imcdb.org/movie_435028-How-to-Stop-a-Motor-Car.html
unknown,NA,NA,NA,NA,NA,NA,NA,NA,How to Stop a Motor Car,Short Movie,1902,NA,https://www.imcdb.org/vehicle_1878742.html,https://www.imcdb.org/movie_435028-How-to-Stop-a-Motor-Car.html
unknown,NA,NA,NA,NA,NA,NA,NA,NA,How to Stop a Motor Car,Short Movie,1902,NA,https://www.imcdb.org/vehicle_1878744.html,https://www.imcdb.org/movie_435028-How-to-Stop-a-Motor-Car.html
unknown,NA,NA,NA,NA,Convertible,NA,NA,NA,Человек с Кино-аппаратом (Man with a Movie Camera),Documentary,1929,NA,https://www.imcdb.org/vehicle_925326.html,https://www.imcdb.org/movie_19760-Chelovek-s-kino-apparatom.html
unknown,NA,NA,NA,NA,Convertible,NA,NA,NA,L'auto di Robinet,Short Movie,1911,NA,https://www.imcdb.org/vehicle_1243132.html,https://www.imcdb.org/movie_310687-L-auto-di-Robinet.html
unknown,NA,NA,NA,NA,Convertible,NA,NA,NA,Ivan Mládek a Banjo Band: Hopla do Opla,Music Video,1984,NA,https://www.imcdb.org/vehicle_1857536.html,https://www.imcdb.org/movie_1004524222-Ivan-Ml%C3%A1dek-a-Banjo-Band--Hopla-do-Opla.html
unknown,NA,NA,NA,NA,Racecar,USA (United States of America),NA,NA,Kid Speed,Short Movie,1924,NA,https://www.imcdb.org/vehicle_11939.html,https://www.imcdb.org/movie_12347-Kid-Speed.html
unknown,NA,NA,NA,NA,Chassis Cab,NA,NA,NA,Sooty & Co,TV Series,1993,1998,https://www.imcdb.org/vehicle_1686603.html,https://www.imcdb.org/movie_297632-Sooty-%26-Co.html
unknown,NA,NA,NA,NA,Ambulance,NA,NA,NA,애슬론 또봇 (Tobot Athlon),Animation Series,2016,2017,https://www.imcdb.org/vehicle_1932994.html,https://www.imcdb.org/movie_10368512-Tobot-Athlon.html
unknown,NA,NA,NA,NA,All-Terrain Sports,NA,NA,NA,Yung Lean: Hoover,Music Video,2015,NA,https://www.imcdb.org/vehicle_1707763.html,https://www.imcdb.org/movie_1004523268-Yung-Lean--Hoover.html
unknown,NA,NA,NA,NA,Fire truck,NA,NA,NA,Wir kaufen eine Feuerwehr,Movie,1970,NA,https://www.imcdb.org/vehicle_1417624.html,https://www.imcdb.org/movie_66575-Wir-kaufen-eine-Feuerwehr.html
unknown,NA,NA,NA,NA,Single-deck,NA,NA,NA,Arigatô-san,Movie,1936,NA,https://www.imcdb.org/vehicle_526126.html,https://www.imcdb.org/movie_27307-Arigat%C3%B4-san.html
unknown,NA,NA,NA,NA,Custom,NA,NA,NA,ころがし涼太 激突!モンスターバス (The Monster Bus),Movie,1988,NA,https://www.imcdb.org/vehicle_2045087.html,https://www.imcdb.org/movie_160923-Korogashi-Ryota--Gekitotsu%21-Monster-bus.html
Uralvagonzavod,T-34/76,NA,NA,NA,Military armored vehicle,USSR,NA,NA,T-34,Movie,2018,NA,https://www.imcdb.org/vehicle_1280428-Uralvagonzavod-T-34-76.html,https://www.imcdb.org/movie_8820590-T-34.html
Uralvagonzavod,T-34/85,1944,NA,NA,Military armored vehicle,USSR,NA,NA,Егорушка (Egorushka),Movie,2010,NA,https://www.imcdb.org/vehicle_811036-Uralvagonzavod-T-34-85-1944.html,https://www.imcdb.org/movie_1004516453-%D0%95%D0%B3%D0%BE%D1%80%D1%83%D1%88%D0%BA%D0%B0.html
Uralvagonzavod,T-34/85,1945,NA,NA,Military armored vehicle,USSR,NA,NA,Belyy tigr,Movie,2012,NA,https://www.imcdb.org/vehicle_555290-Uralvagonzavod-T-34-85-1945.html,https://www.imcdb.org/movie_2318405-Belyy-tigr.html
Vauxhall,23/60,1920,D-Type,Kington,Convertible,United Kingdom,NA,NA,The Open Road,Documentary,1926,NA,https://www.imcdb.org/vehicle_243861-Vauxhall-23-60-D-Type-1920.html,https://www.imcdb.org/movie_283525-The-Open-Road.html
Vauxhall,Astra MkV,2008,NA,1.4i 16v Breeze,Hatchback,Germany,United Kingdom,United Kingdom of Great Britain and Northern Ireland,Beware of the Dog,Short Movie,2017,NA,https://www.imcdb.org/vehicle_1660480-Vauxhall-Astra-2008.html,https://www.imcdb.org/movie_7076818-Beware-of-the-Dog.html
Vauxhall,Astra MkVI,2013,NA,NA,Hatchback,Germany,NA,United Kingdom of Great Britain and Northern Ireland,The Astra,Short Movie,2021,NA,https://www.imcdb.org/vehicle_1831369-Vauxhall-Astra-2013.html,https://www.imcdb.org/movie_14687592-The-Astra.html
Vauxhall,Astravan MkIV,1999,NA,NA,Van / MPV,Germany,NA,United Kingdom of Great Britain and Northern Ireland,On the Verge,Short Movie,2009,NA,https://www.imcdb.org/vehicle_1635467-Vauxhall-Astravan-1999.html,https://www.imcdb.org/movie_1547926-On-the-Verge.html
Vauxhall,Chevette,1980,NA,1.3 L 4-door Saloon,Sedan,United Kingdom,NA,NA,Confessions of a Vauxhall Chevette,Short Movie,2000,NA,https://www.imcdb.org/vehicle_888414-Vauxhall-Chevette-1980.html,https://www.imcdb.org/movie_1004517049-Confessions-of-a-Vauxhall-Chevette.html
VAZ,2101 Zhiguli,1971,NA,NA,Sedan,USSR,NA,NA,Oranžinė legenda,Documentary,1975,NA,https://www.imcdb.org/vehicle_1329517-VAZ-2101-Zhiguli-1971.html,https://www.imcdb.org/movie_1004520985-Oran%C5%BEin%C4%97-legenda.html
VAZ,2101 Zhiguli,1976,NA,NA,Sedan,USSR,NA,NA,Anton Lirnik & Lirnik Band: Zhiguli,Music Video,2011,NA,https://www.imcdb.org/vehicle_464275-VAZ-2101-Zhiguli-1976.html,https://www.imcdb.org/movie_1004512845-Anton-Lirnik-%26-Lirnik-Band--Zhiguli.html
VAZ,2104 Zhiguli,1990,NA,NA,Wagon,USSR,NA,NA,Лада Голд (Lada Gold),TV Series,2023,NA,https://www.imcdb.org/vehicle_2106954-VAZ-2104-Zhiguli-1990.html,https://www.imcdb.org/movie_23025446-Lada-Gold.html
VAZ,2107 Zhiguli,1984,NA,NA,Sedan,USSR,NA,NA,Mees: Lada,Music Video,2007,NA,https://www.imcdb.org/vehicle_1026603-VAZ-2107-Zhiguli-1984.html,https://www.imcdb.org/movie_1004518063-Mees--Lada.html
VAZ,2121 Niva,1977,NA,NA,Off-road / SUV,USSR,NA,NA,Мираж (Mirage),Mini-Series,1983,NA,https://www.imcdb.org/vehicle_286497-VAZ-2121-Niva-1977.html,https://www.imcdb.org/movie_254913-Mirazh.html
VéloSoleX,S 2200,1961,NA,NA,Moped,France,NA,NA,Janique Aimée,TV Series,1963,NA,https://www.imcdb.org/vehicle_1059807-V%C3%A9loSoleX-S-2200-1961.html,https://www.imcdb.org/movie_167621-Janique-Aim%C3%A9e.html
Vickers-Armstrongs,Centurion,NA,NA,Sho't,Military armored vehicle,United Kingdom,NA,NA,Lebanon,Movie,2009,NA,https://www.imcdb.org/vehicle_335768-Vickers-Armstrongs-Centurion.html,https://www.imcdb.org/movie_1483831-Lebanon.html
Vickers-Armstrongs,Centurion,NA,NA,NA,Military armored vehicle,United Kingdom,NA,NA,Salvage Squad,Non-fiction TV,2002,2004,https://www.imcdb.org/vehicle_514337-Vickers-Armstrongs-Centurion.html,https://www.imcdb.org/movie_315058-Salvage-Squad.html
Vogue,32' Villa Grande,1975,NA,NA,Class A Motorhome,USA (United States of America),NA,NA,Race with the Devil,Movie,1975,NA,https://www.imcdb.org/vehicle_146940-Vogue-32--Villa-Grande-1975.html,https://www.imcdb.org/movie_73600-Race-with-the-Devil.html
Vogue,32' Villa Grande,1975,NA,NA,Class A Motorhome,USA (United States of America),NA,NA,Three for the Road,TV Series,1975,NA,https://www.imcdb.org/vehicle_1886978-Vogue-32--Villa-Grande-1975.html,https://www.imcdb.org/movie_72576-Three-for-the-Road.html
Volkswagen,1200,1963,Typ 1,'DUDU',Sedan,Germany,NA,NA,Ein Käfer geht aufs Ganze,Movie,1971,NA,https://www.imcdb.org/vehicle_3415-Volkswagen-1200-Typ-1-1963.html,https://www.imcdb.org/movie_67318-Ein-K%C3%A4fer-geht-aufs-Ganze.html
Volkswagen,1200,1964,Typ 1,Berlina con Tetto Apribile 'Maggiolino',Sedan,Germany,NA,Italy,I due maggiolini più matti del mondo,Movie,1970,NA,https://www.imcdb.org/vehicle_1128996-Volkswagen-1200-Typ-1-1964.html,https://www.imcdb.org/movie_125726-I-due-maggiolini-pi%C3%B9-matti-del-mondo.html
Volkswagen,1200,1964,Typ 1,NA,Sedan,Germany,Brazil,Brazil,Pecado Capital,TV Series,1975,1976,https://www.imcdb.org/vehicle_1775316-Volkswagen-1200-Typ-1-1964.html,https://www.imcdb.org/movie_209734-Pecado-Capital.html
Volkswagen,1200,1965,Typ 1,NA,Sedan,Germany,NA,NA,Pendong,Movie,2010,NA,https://www.imcdb.org/vehicle_1380268-Volkswagen-1200-Typ-1-1965.html,https://www.imcdb.org/movie_1642634-Pendong.html
Volkswagen,1200,1971,Typ 1,NA,Sedan,Germany,NA,NA,VW Voyou,Short Movie,1974,NA,https://www.imcdb.org/vehicle_925248-Volkswagen-1200-Typ-1-1971.html,https://www.imcdb.org/movie_210374-VW-Voyou.html
Volkswagen,1200,1973,Typ 1,NA,Sedan,Germany,NA,NA,Abgefahren,Movie,2004,NA,https://www.imcdb.org/vehicle_81274-Volkswagen-1200-Typ-1-1973.html,https://www.imcdb.org/movie_388679-Abgefahren.html
Volkswagen,1200,1973,Typ 1,NA,Sedan,Germany,NA,NA,Volkswagen Kuning (Yellow Volkswagen),Movie,2016,NA,https://www.imcdb.org/vehicle_1984916-Volkswagen-1200-Typ-1-1973.html,https://www.imcdb.org/movie_6102254-Volkswagen-Kuning.html
Volkswagen,1200 J,1975,Typ 1,NA,Sedan,Germany,Yugoslavia,Yugoslavia (1954..2003),Crno-bijeli svijet (Black & White World),TV Series,2015,2021,https://www.imcdb.org/vehicle_1951195-Volkswagen-1200-J-Typ-1-1975.html,https://www.imcdb.org/movie_3674454-Crno-bijeli-svijet.html
Volkswagen,1300,NA,Typ 1,'Volk Tao',Sedan,Germany,NA,NA,กาลครั้งหนึ่ง... เมื่อเช้านี้ (Once Upon a Time... This Morning),Movie,1994,NA,https://www.imcdb.org/vehicle_1926254-Volkswagen-1300-Typ-1.html,https://www.imcdb.org/movie_110231-Kalla-khrung-nueng-muea-chao-nee.html
Volkswagen,1300,1966,Typ 1,Berlina 'Maggiolino',Sedan,Germany,NA,Italy,I due maggiolini più matti del mondo,Movie,1970,NA,https://www.imcdb.org/vehicle_1128995-Volkswagen-1300-Typ-1-1966.html,https://www.imcdb.org/movie_125726-I-due-maggiolini-pi%C3%B9-matti-del-mondo.html
Volkswagen,1300,1969,Typ 1,NA,Sedan,Germany,NA,NA,Ein Käfer gibt Vollgas,Movie,1972,NA,https://www.imcdb.org/vehicle_188388-Volkswagen-1300-Typ-1-1969.html,https://www.imcdb.org/movie_68825-Ein-K%C3%A4fer-gibt-Vollgas.html
Volkswagen,1300,1970,Typ 1,NA,Sedan,Germany,NA,NA,Zwei tolle Käfer räumen auf,Movie,1979,NA,https://www.imcdb.org/vehicle_552257-Volkswagen-1300-Typ-1-1970.html,https://www.imcdb.org/movie_78535-Zwei-tolle-K%C3%A4fer-r%C3%A4umen-auf.html
Volkswagen,1300,1973,Typ 1,'Boble' Politi 'Pelle Politibil',Sedan,Germany,NA,Norway,Pelle politibil (Pelle the Police Car),Movie,2002,NA,https://www.imcdb.org/vehicle_251378-Volkswagen-1300-Typ-1-1973.html,https://www.imcdb.org/movie_327344-Pelle-politibil.html
Volkswagen,1300,1973,Typ 1,'Boble' Politi 'Pelle politibil',Sedan,Germany,NA,Norway,Pelle politibil,TV Series,1993,1997,https://www.imcdb.org/vehicle_411810-Volkswagen-1300-Typ-1-1973.html,https://www.imcdb.org/movie_488462-Pelle-politibil.html
Volkswagen,1302,1971,Typ 1,NA,Sedan,Germany,NA,Japan,星守る犬 (Star Watching Dog),Movie,2011,NA,https://www.imcdb.org/vehicle_1585270-Volkswagen-1302-Typ-1-1971.html,https://www.imcdb.org/movie_1714850-Hoshi-mamoru-inu.html
Volkswagen,1303,1973,Typ 1,'Dudu',Sedan,Germany,NA,NA,Das verrückteste Auto der Welt,Movie,1975,NA,https://www.imcdb.org/vehicle_41341-Volkswagen-1303-Typ-1-1973.html,https://www.imcdb.org/movie_72361-Das-verr%C3%BCckteste-Auto-der-Welt.html
Volkswagen,1303,1973,Typ 1,NA,Sedan,Germany,NA,NA,Ein Käfer auf Extratour,Movie,1973,NA,https://www.imcdb.org/vehicle_359113-Volkswagen-1303-Typ-1-1973.html,https://www.imcdb.org/movie_70280-Ein-K%C3%A4fer-auf-Extratour.html
Volkswagen,18.310 Titan Tractor,NA,NA,NA,Trailer truck (tractor),Brazil,NA,NA,Carga Pesada,TV Series,2003,2007,https://www.imcdb.org/vehicle_41459-Volkswagen-18310-Titan-Tractor.html,https://www.imcdb.org/movie_365992-Carga-Pesada.html
Volkswagen,Ambulance T2,1973,Typ 2,NA,Ambulance,Germany,NA,NA,Hantu Ambulance,Movie,2008,NA,https://www.imcdb.org/vehicle_2023314-Volkswagen-Ambulance-Typ-2-1973.html,https://www.imcdb.org/movie_1190114-Hantu-Ambulance.html
Volkswagen,Bus T1,NA,Typ 2,NA,Van / MPV,Germany,NA,NA,Galaxi Taxi,Animation Series,2019,NA,https://www.imcdb.org/vehicle_1273904-Volkswagen-Bus-Typ-2.html,https://www.imcdb.org/movie_1004520529-Galaxi-Taxi.html
Volkswagen,Bus T2,1978,Typ 2,NA,Van / MPV,Germany,NA,United States of America,Little Miss Sunshine,Movie,2006,NA,https://www.imcdb.org/vehicle_53115-Volkswagen-Bus-Typ-2-1978.html,https://www.imcdb.org/movie_449059-Little-Miss-Sunshine.html
Volkswagen,Camper T1,1967,Typ 2,Dormobile,Class B or C Motorhome,Germany,United Kingdom,United Kingdom of Great Britain and Northern Ireland,Britain's Best Drives,Non-fiction TV,2009,NA,https://www.imcdb.org/vehicle_1138470-Volkswagen-Camper-Typ-2-1967.html,https://www.imcdb.org/movie_1445537-Britain-s-Best-Drives.html
Volkswagen,Campmobile T2,1970,Typ 2,NA,Van / MPV,Germany,NA,United States of America,VW Bus Tour: Americana Bohemia,Documentary,2009,NA,https://www.imcdb.org/vehicle_345105-Volkswagen-Campmobile-Typ-2-1970.html,https://www.imcdb.org/movie_1502993-VW-Bus-Tour--Americana-Bohemia.html
Volkswagen,Constellation Tractor,NA,NA,NA,Trailer truck (tractor),Brazil,NA,NA,Carga Pesada,TV Series,2003,2007,https://www.imcdb.org/vehicle_326259-Volkswagen-Constellation-Tractor.html,https://www.imcdb.org/movie_365992-Carga-Pesada.html
Volkswagen,Devon Camper T2,1972,Typ 2,Moonraker,Class B or C Motorhome,Germany,United Kingdom,NA,The Inheritance,Movie,2007,NA,https://www.imcdb.org/vehicle_721315-Volkswagen-Devon-Camper-Typ-2-1972.html,https://www.imcdb.org/movie_1095408-The-Inheritance.html
Volkswagen,Devon Camper T2,1979,Typ 2,Moonraker,Class B or C Motorhome,Germany,United Kingdom,NA,Hold Back the Night,Movie,1999,NA,https://www.imcdb.org/vehicle_740497-Volkswagen-Devon-Camper-Typ-2-1979.html,https://www.imcdb.org/movie_181578-Hold-Back-the-Night.html
Volkswagen,Golf I,1981,Typ 17,LS,Hatchback,Germany,NA,NA,Der Sommer nach dem Abitur (The Summer After Graduation),Movie made for TV,2019,NA,https://www.imcdb.org/vehicle_1533964-Volkswagen-Golf-Typ-17-1981.html,https://www.imcdb.org/movie_9272590-Der-Sommer-nach-dem-Abitur.html
Volkswagen,Golf II,1988,Typ 19E,C,Hatchback,Germany,NA,NA,Sretan put Nedime,Short Movie,2006,NA,https://www.imcdb.org/vehicle_1188453-Volkswagen-Golf-Typ-19E-1988.html,https://www.imcdb.org/movie_877713-Sretan-put-Nedime.html
Volkswagen,Golf III,NA,Typ 1H,NA,Hatchback,Germany,NA,NA,Dj Zordon: Golf III,Music Video,2011,NA,https://www.imcdb.org/vehicle_1109907-Volkswagen-Golf-Typ-1H.html,https://www.imcdb.org/movie_1004518748-Dj-Zordon--Golf-III.html
Volkswagen,Golf III,1998,Typ 1H,CL,Hatchback,Germany,NA,Australia (1954+),Stories from the Golf,TV Series,2004,NA,https://www.imcdb.org/vehicle_907679-Volkswagen-Golf-Typ-1H-1998.html,https://www.imcdb.org/movie_352106-Stories-from-the-Golf.html
Volkswagen,Golf VI,2009,Typ 5K,Highline,Hatchback,Germany,NA,NA,Move On,Movie,2012,NA,https://www.imcdb.org/vehicle_633176-Volkswagen-Golf-Typ-5K-2009.html,https://www.imcdb.org/movie_2273326-Move-On.html
Volkswagen,Golf GTI V,2005,Typ 1K,NA,Hatchback,Germany,NA,NA,Vollgas - Gebremst wird später,Movie made for TV,2005,NA,https://www.imcdb.org/vehicle_222985-Volkswagen-Golf-GTI-Typ-1K-2005.html,https://www.imcdb.org/movie_484907-Vollgas-Gebremst-wird-sp%C3%A4ter.html
Volkswagen,Golf GTI VII,2017,Typ 5G,NA,Hatchback,Germany,NA,NA,Ce n'est pas du cinéma!,Short Movie,2017,NA,https://www.imcdb.org/vehicle_1074512-Volkswagen-Golf-GTI-Typ-5G-2017.html,https://www.imcdb.org/movie_1004518436-Ce-n-est-pas-du-cin%C3%A9ma%21.html
Volkswagen,Hebmüller Cabriolet,1949,Typ 14A,NA,Convertible,Germany,NA,NA,Aenne Burda: Die Wirtschaftswunderfrau (Aenne Burda: The economic miracle),Mini-Series,2018,NA,https://www.imcdb.org/vehicle_1915917-Volkswagen-Hebm%C3%BCller-Cabriolet-Typ-14A-1949.html,https://www.imcdb.org/movie_7758896-Aenne-Burda--The-economic-miracle.html
Volkswagen,Kombi T2,1974,Typ 2,NA,Van / MPV,Germany,Australia,Australia (1954+),Lost Things,Movie,2003,NA,https://www.imcdb.org/vehicle_250080-Volkswagen-Kombi-Typ-2-1974.html,https://www.imcdb.org/movie_366726-Lost-Things.html
Volkswagen,LT I,1993,Typ 28,28,Van / MPV,Germany,NA,NA,Djeda Mraz u Bosni (When Santa Was a Communist),Movie,2024,NA,https://www.imcdb.org/vehicle_2044942-Volkswagen-LT-Typ-28-1993.html,https://www.imcdb.org/movie_32635421-Djeda-Mraz-u-Bosni.html
Volkswagen,New Beetle,2002,Typ 1C,GLS,Hatchback,USA (United States of America),Mexico,NA,Fagbug,Documentary,2009,NA,https://www.imcdb.org/vehicle_560803-Volkswagen-New-Beetle-Typ-1C-2002.html,https://www.imcdb.org/movie_1320378-Fagbug.html
Volkswagen,Passat Variant B3,1989,Typ 35i,CL,Wagon,Germany,NA,NA,Bližnji,Movie made for TV,2008,NA,https://www.imcdb.org/vehicle_1199326-Volkswagen-Passat-Variant-Typ-35i-1989.html,https://www.imcdb.org/movie_1110236-Bli%C5%BEnji.html
Volkswagen,Passat Variant B5,2001,Typ 3BG,1.9 TDI Basis,Wagon,Germany,NA,NA,Kabaret Czwarta Fala: Mój Passat robi we wsi szum,Music Video,2017,NA,https://www.imcdb.org/vehicle_2061489-Volkswagen-Passat-Variant-Typ-3BG-2001.html,https://www.imcdb.org/movie_1004526222-Kabaret-Czwarta-Fala--M%C3%B3j-Passat-robi-we-wsi-szum.html
Volkswagen,Polo R5 VI,2018,Typ AW,NA,Racecar,Germany,NA,NA,飞驰人生 (Pegasus),Movie,2019,NA,https://www.imcdb.org/vehicle_1252203-Volkswagen-Polo-R5-Typ-AW-2018.html,https://www.imcdb.org/movie_9597190-Fei-chi-ren-sheng.html
Volkswagen,Schwimmwagen,1940,Typ 166,Customized,Off-road / SUV,Germany,NA,NA,Samochodzik i templariusze,Mini-Series,1971,NA,https://www.imcdb.org/vehicle_157674-Volkswagen-Schwimmwagen-Typ-166-1940.html,https://www.imcdb.org/movie_312180-Samochodzik-i-templariusze.html
Volkswagen,Sedan,NA,Typ 1,'Fusca',Sedan,Germany,Brazil,NA,O Fuscão Preto,Movie,1982,NA,https://www.imcdb.org/vehicle_673616-Volkswagen-Sedan-Typ-1.html,https://www.imcdb.org/movie_85572-O-Fusc%C3%A3o-Preto.html
Volkswagen,Sedan,1967,Typ 1,NA,Sedan,Germany,NA,United States of America,Bumblebee,Movie,2018,NA,https://www.imcdb.org/vehicle_1148329-Volkswagen-Sedan-Typ-1-1967.html,https://www.imcdb.org/movie_4701182-Bumblebee.html
Volkswagen,Sedan,1978,Typ 1,'Fusca',Sedan,Germany,Brazil,NA,Sob Nova Direção,TV Series,2003,2007,https://www.imcdb.org/vehicle_351812-Volkswagen-Sedan-Typ-1-1978.html,https://www.imcdb.org/movie_416423-Sob-Nova-Dire%C3%A7%C3%A3o.html
Volkswagen,Sun-Roof Sedan,1960,Typ 1,'Beetle' as 1963 model,Sedan,Germany,NA,United States of America,The Love Bug,Movie,1968,NA,https://www.imcdb.org/vehicle_2765-Volkswagen-Sun-Roof-Sedan-Typ-1-1960.html,https://www.imcdb.org/movie_64603-The-Love-Bug.html
Volkswagen,Sun-Roof Sedan,1963,Typ 1,'Beetle',Sedan,Germany,NA,United States of America,Herbie Rides Again,Movie,1974,NA,https://www.imcdb.org/vehicle_2840-Volkswagen-Sun-Roof-Sedan-Typ-1-1963.html,https://www.imcdb.org/movie_71607-Herbie-Rides-Again.html
Volkswagen,Sun-Roof Sedan,1963,Typ 1,'Beetle',Sedan,Germany,NA,United States of America,Herbie Goes to Monte Carlo,Movie,1977,NA,https://www.imcdb.org/vehicle_3591-Volkswagen-Sun-Roof-Sedan-Typ-1-1963.html,https://www.imcdb.org/movie_76137-Herbie-Goes-to-Monte-Carlo.html
Volkswagen,Sun-Roof Sedan,1963,Typ 1,'Beetle',Sedan,Germany,NA,United States of America,Herbie Goes Bananas,Movie,1980,NA,https://www.imcdb.org/vehicle_4803-Volkswagen-Sun-Roof-Sedan-Typ-1-1963.html,https://www.imcdb.org/movie_80861-Herbie-Goes-Bananas.html
Volkswagen,Sun-Roof Sedan,1963,Typ 1,'Beetle',Sedan,Germany,NA,United States of America,Herbie: Fully Loaded,Movie,2005,NA,https://www.imcdb.org/vehicle_8460-Volkswagen-Sun-Roof-Sedan-Typ-1-1963.html,https://www.imcdb.org/movie_400497-Herbie--Fully-Loaded.html
Volkswagen,Sun-Roof Sedan,1963,Typ 1,'Beetle',Sedan,Germany,NA,United States of America,The Love Bug,Movie made for TV,1997,NA,https://www.imcdb.org/vehicle_138760-Volkswagen-Sun-Roof-Sedan-Typ-1-1963.html,https://www.imcdb.org/movie_119571-The-Love-Bug.html
Volkswagen,Sun-Roof Sedan,1963,Typ 1,'Beetle',Sedan,Germany,NA,United States of America,"Herbie, the Love Bug",TV Series,1982,NA,https://www.imcdb.org/vehicle_607834-Volkswagen-Sun-Roof-Sedan-Typ-1-1963.html,https://www.imcdb.org/movie_83428-Herbie%2C-the-Love-Bug.html
Volkswagen,Sun-Roof Sedan,1967,Typ 1,'Beetle',Sedan,Germany,NA,United States of America,Bye Bye Braverman,Movie,1968,NA,https://www.imcdb.org/vehicle_379157-Volkswagen-Sun-Roof-Sedan-Typ-1-1967.html,https://www.imcdb.org/movie_62768-Bye-Bye-Braverman.html
Volkswagen,Superbug,1974,Typ 1,L,Sedan,Germany,Australia,Australia (1954+),Life in a Volkswagen,Short Movie,2000,NA,https://www.imcdb.org/vehicle_524131-Volkswagen-Superbug-Typ-1-1974.html,https://www.imcdb.org/movie_1813465-Life-in-a-Volkswagen.html
Volkswagen,Tiguan Allspace II,2017,Typ BW2,Advance,Off-road / SUV,Germany,NA,NA,MamaRika: Люби себе (MamaRika: Liuby sebe),Music Video,2025,NA,https://www.imcdb.org/vehicle_2055009-Volkswagen-Tiguan-Allspace-Typ-BW2-2017.html,https://www.imcdb.org/movie_1004526175-MamaRika--Liuby-sebe.html
Volkswagen,Transporter T3,1985,Typ 2,NA,Van / MPV,Germany,NA,NA,As perimenoun oi gynaikes!,Movie,1998,NA,https://www.imcdb.org/vehicle_925682-Volkswagen-Transporter-Typ-2-1985.html,https://www.imcdb.org/movie_300957-As-perimenoun-oi-gynaikes%21.html
Volkswagen,Transporter T4,1991,Typ 70,NA,Van / MPV,Germany,NA,NA,Korpus za barzo reagirane,Movie,2012,NA,https://www.imcdb.org/vehicle_608066-Volkswagen-Transporter-Typ-70-1991.html,https://www.imcdb.org/movie_2196724-Korpus-za-barzo-reagirane.html
Volkswagen,up!,2012,Typ AA,NA,Supermini,Germany,Slovakia,NA,Collision,Short Movie,2019,NA,https://www.imcdb.org/vehicle_1840279-Volkswagen-up%21-Typ-AA-2012.html,https://www.imcdb.org/movie_9811666-Collision.html
Volvo,122 S Kombi,1965,P220,'Amazon',Wagon,Sweden,NA,Germany,Jakobs Bruder,Movie,2007,NA,https://www.imcdb.org/vehicle_1279635-Volvo-122-S-Kombi-P220-1965.html,https://www.imcdb.org/movie_1052347-Jakobs-Bruder.html
Volvo,164,1974,NA,E,Sedan,Sweden,NA,NA,Manchas de sangre en un coche nuevo,Movie,1975,NA,https://www.imcdb.org/vehicle_1528758-Volvo-164-1974.html,https://www.imcdb.org/movie_71808-Manchas-de-sangre-en-un-coche-nuevo.html
Volvo,1800 S,1963,NA,NA,Coupé,Sweden,United Kingdom,NA,The Saint,TV Series,1962,1969,https://www.imcdb.org/vehicle_1294230-Volvo-1800-S-1963.html,https://www.imcdb.org/movie_55701-The-Saint.html
Volvo,1800 S,1965,NA,NA,Coupé,Sweden,United Kingdom,NA,The Saint,TV Series,1962,1969,https://www.imcdb.org/vehicle_2750-Volvo-1800-S-1965.html,https://www.imcdb.org/movie_55701-The-Saint.html
Volvo,1800 S,1967,NA,NA,Coupé,Sweden,United Kingdom,NA,The Saint,TV Series,1962,1969,https://www.imcdb.org/vehicle_69988-Volvo-1800-S-1967.html,https://www.imcdb.org/movie_55701-The-Saint.html
Volvo,240,1986,244,NA,Sedan,Sweden,NA,NA,Jag är Polisen,Short Movie,2014,NA,https://www.imcdb.org/vehicle_1342364-Volvo-240-244-1986.html,https://www.imcdb.org/movie_3726818-Jag-%C3%A4r-Polisen.html
Volvo,240,1987,244,GL,Sedan,Sweden,NA,NA,Rådebank,TV Series,2020,2022,https://www.imcdb.org/vehicle_1457552-Volvo-240-244-1987.html,https://www.imcdb.org/movie_11604808-R%C3%A5debank.html
Volvo,240,1992,245,DL,Wagon,Sweden,NA,United States of America,Grynch: My Volvo,Music Video,2010,NA,https://www.imcdb.org/vehicle_298415-Volvo-240-245-1992.html,https://www.imcdb.org/movie_1004510499-Grynch--My-Volvo.html
Volvo,244,1979,NA,DL,Sedan,Sweden,NA,United States of America,Spun,Movie,2002,NA,https://www.imcdb.org/vehicle_6448-Volvo-244-1979.html,https://www.imcdb.org/movie_283003-Spun.html
Volvo,340,1986,343,DL,Hatchback,Netherlands,NA,NA,Roger,Short Movie,2016,NA,https://www.imcdb.org/vehicle_1639473-Volvo-340-343-1986.html,https://www.imcdb.org/movie_5456550-Roger.html
Volvo,440,1990,NA,NA,Hatchback,Sweden,Netherlands,NA,Het rijexamen,Short Movie,2005,NA,https://www.imcdb.org/vehicle_584887-Volvo-440-1990.html,https://www.imcdb.org/movie_481422-Het-rijexamen.html
Volvo,740,1988,745,GLE,Wagon,Sweden,NA,United States of America,Driver's Ed Mutiny,Movie,2010,NA,https://www.imcdb.org/vehicle_307232-Volvo-740-745-1988.html,https://www.imcdb.org/movie_1593670-Driver-s-Ed-Mutiny.html
Volvo,850,1996,854,NA,Sedan,Sweden,NA,NA,Airbag,Movie,1997,NA,https://www.imcdb.org/vehicle_44429-Volvo-850-854-1996.html,https://www.imcdb.org/movie_115487-Airbag.html
Volvo,940,1994,944,NA,Sedan,Sweden,NA,United States of America,101 Ways To Get Fucked Without Having Sex,Short Movie,1998,NA,https://www.imcdb.org/vehicle_80790-Volvo-940-944-1994.html,https://www.imcdb.org/movie_1003117819-101-Ways-To-Get-Fucked-Without-Having-Sex.html
Volvo,960,1995,965,NA,Wagon,Sweden,NA,United States of America,Unhinged,Movie,2020,NA,https://www.imcdb.org/vehicle_1387504-Volvo-960-965-1995.html,https://www.imcdb.org/movie_10059518-Unhinged.html
Volvo,B10 M,1981,B10M-55,Säffle,Articulated bus,Sweden,NA,NA,Nattbuss 807,Movie,1997,NA,https://www.imcdb.org/vehicle_219167-Volvo-B10-M-B10M-55-1981.html,https://www.imcdb.org/movie_119763-Nattbuss-807.html
Volvo,B58,1979,B58-60,VBK M50,Single-deck,Sweden,Norway,NA,Tiden før Tim,Mini-Series,2002,NA,https://www.imcdb.org/vehicle_1946975-Volvo-B58-B58-60-1979.html,https://www.imcdb.org/movie_417368-Tiden-f%C3%B8r-Tim.html
Volvo,B7 L,2005,NA,Wright Eclipse Gemini,Double-deck,Sweden,United Kingdom,NA,Night Bus,Short Movie,2020,NA,https://www.imcdb.org/vehicle_1609819-Volvo-B7-L-2005.html,https://www.imcdb.org/movie_10262428-Night-Bus.html
Volvo,F 1020,1977,NA,Turbo 6,Trailer truck (tractor),Sweden,NA,NA,Auf Achse,TV Series,1978,1996,https://www.imcdb.org/vehicle_49404-Volvo-F-1020-1977.html,https://www.imcdb.org/movie_76980-Auf-Achse.html
Volvo,F1220,1978,NA,Turbo 6,Trailer truck (tractor),Sweden,NA,NA,Auf Achse,TV Series,1978,1996,https://www.imcdb.org/vehicle_35465-Volvo-F1220-1978.html,https://www.imcdb.org/movie_76980-Auf-Achse.html
Volvo,F1220,1980,NA,Globetrotter,Trailer truck (tractor),Sweden,NA,NA,Delitto sull'autostrada,Movie,1982,NA,https://www.imcdb.org/vehicle_42125-Volvo-F1220-1980.html,https://www.imcdb.org/movie_83812-Delitto-sull-autostrada.html
Volvo,F1220,1980,NA,Turbo 6,Trailer truck (tractor),Sweden,NA,NA,300 mil do nieba,Movie,1989,NA,https://www.imcdb.org/vehicle_119735-Volvo-F1220-1980.html,https://www.imcdb.org/movie_96740-300-mil-do-nieba.html
Volvo,FH,2019,NA,NA,Trailer truck (tractor),Sweden,NA,NA,King of the Road,Movie,2019,NA,https://www.imcdb.org/vehicle_1350155-Volvo-FH-2019.html,https://www.imcdb.org/movie_10758090-King-of-the-Road.html
Volvo,FH 16 Globetrotter XL,2008,NA,NA,Trailer truck (tractor),Sweden,NA,NA,Tir,Movie,2013,NA,https://www.imcdb.org/vehicle_821324-Volvo-FH-16-Globetrotter-XL-2008.html,https://www.imcdb.org/movie_3342262-Tir.html
Volvo,N 12,NA,NA,Turbo 6,Trailer truck (tractor),Sweden,NA,NA,Theo gegen den Rest der Welt,Movie,1980,NA,https://www.imcdb.org/vehicle_42129-Volvo-N-12.html,https://www.imcdb.org/movie_81620-Theo-gegen-den-Rest-der-Welt.html
Volvo,P1800,1962,NA,NA,Coupé,Sweden,United Kingdom,NA,The Saint,TV Series,1962,1969,https://www.imcdb.org/vehicle_107144-Volvo-P1800-1962.html,https://www.imcdb.org/movie_55701-The-Saint.html
Volvo,PV 831,1950,NA,'Jacob',Sedan,Sweden,NA,NA,Taxi,Mini-Series,1969,NA,https://www.imcdb.org/vehicle_728544-Volvo-PV-831-1950.html,https://www.imcdb.org/movie_490343-Taxi.html
Volvo,PV 831,1953,NA,NA,Sedan,Sweden,NA,NA,Taxi 13,Movie,1954,NA,https://www.imcdb.org/vehicle_189155-Volvo-PV-831-1953.html,https://www.imcdb.org/movie_47560-Taxi-13.html
Volvo,S40 Gen.2,NA,NA,NA,Sedan,Sweden,NA,NA,Serebro: Мама Люба (Serebro: Mama Lover),Music Video,2011,NA,https://www.imcdb.org/vehicle_1864796-Volvo-S40.html,https://www.imcdb.org/movie_1004524276-Serebro--Mama-Luba.html
Volvo,S60 Gen.2,2014,NA,NA,Sedan,Sweden,NA,United States of America,The Standoff,Movie,2016,NA,https://www.imcdb.org/vehicle_942620-Volvo-S60-2014.html,https://www.imcdb.org/movie_4549224-The-Standoff.html
Volvo,S70,1997,874,NA,Sedan,Sweden,NA,NA,Tygrysy Europy,TV Series,1999,NA,https://www.imcdb.org/vehicle_612561-Volvo-S70-874-1997.html,https://www.imcdb.org/movie_405605-Tygrysy-Europy.html
Volvo,S70,1997,874,NA,Sedan,Sweden,NA,NA,Tygrysy Europy,TV Series,1999,NA,https://www.imcdb.org/vehicle_612563-Volvo-S70-874-1997.html,https://www.imcdb.org/movie_405605-Tygrysy-Europy.html
Volvo,S70,1999,874,NA,Sedan,Sweden,NA,United States of America,101 Ways (The Things a Girl Will Do to Keep Her Volvo),Movie,2000,NA,https://www.imcdb.org/vehicle_23607-Volvo-S70-874-1999.html,https://www.imcdb.org/movie_241142-101-Ways-%28The-Things-a-Girl-Will-Do-to-Keep-Her-Volvo%29.html
Volvo,V50 Gen.2,2004,NA,NA,Wagon,Sweden,Belgium,NA,The Route V50,Short Movie,2004,NA,https://www.imcdb.org/vehicle_1822882-Volvo-V50-2004.html,https://www.imcdb.org/movie_3447362-The-Route-V50.html
Volvo,V70 Gen.2,2003,P26,NA,Wagon,Sweden,NA,United States of America,Everclear: Volvo Driving Soccer Mom,Music Video,2003,NA,https://www.imcdb.org/vehicle_69839-Volvo-V70-P26-2003.html,https://www.imcdb.org/movie_1003117759-Everclear--Volvo-Driving-Soccer-Mom.html
Volvo,VM 260,NA,NA,NA,Trailer truck (tractor),Sweden,Brazil,NA,À Beira do Caminho (Along the Way),Movie,2012,NA,https://www.imcdb.org/vehicle_587685-Volvo-VM-260.html,https://www.imcdb.org/movie_2113588-%C3%80-Beira-do-Caminho.html
Volvo,XC60 Gen.2,2020,NA,D4,Off-road / SUV,Sweden,NA,NA,El cuarto pasajero,Movie,2022,NA,https://www.imcdb.org/vehicle_1917367-Volvo-XC60-2020.html,https://www.imcdb.org/movie_13932410-El-cuarto-pasajero.html
Volvo,XC60 Gen.2,2023,NA,NA,Off-road / SUV,Sweden,NA,NA,신이랑 법률사무소 (Phantom Lawyer),TV Series,2026,NA,https://www.imcdb.org/vehicle_2095970-Volvo-XC60-2023.html,https://www.imcdb.org/movie_39837101-Sin-i-rang-Beom-nyul-sa-mu-so.html
Wartburg,1000,1963,311-0,Rallye,Sedan,East Germany (DDR),NA,NA,Rallyerfolge: Wartburg 1000,Documentary,1965,NA,https://www.imcdb.org/vehicle_70745-Wartburg-1000-311-0-1963.html,https://www.imcdb.org/movie_1003117763-Rallyerfolge--Wartburg-1000.html
Western Star,4964,1989,NA,NA,Tow-truck,USA (United States of America),NA,NA,Wrecker,Movie,2016,NA,https://www.imcdb.org/vehicle_905873-Western-Star-4964-1989.html,https://www.imcdb.org/movie_4227282-Wrecker.html
Western Star,5700,2013,NA,Custom-made,Trailer truck (tractor),USA (United States of America),NA,NA,Transformers: Age of Extinction,Movie,2014,NA,https://www.imcdb.org/vehicle_705554-Western-Star-5700-2013.html,https://www.imcdb.org/movie_2109248-Transformers--Age-of-Extinction.html
Westfield,SEi,NA,NA,NA,Convertible,United Kingdom,NA,NA,Золотой автомобиль (The Golden Car),Movie,2009,NA,https://www.imcdb.org/vehicle_886267-Westfield-SEi.html,https://www.imcdb.org/movie_1004517036-Zolotoy-avtomobil.html
White,666,NA,NA,NA,Simple truck,USA (United States of America),NA,NA,Le salaire de la peur,Movie,1953,NA,https://www.imcdb.org/vehicle_6555-White-666.html,https://www.imcdb.org/movie_46268-Le-salaire-de-la-peur.html
White Western Star,4800,NA,NA,NA,Trailer truck (tractor),USA (United States of America),NA,NA,Steel Cowboy,Movie made for TV,1978,NA,https://www.imcdb.org/vehicle_112546-White-Western-Star-4800.html,https://www.imcdb.org/movie_78319-Steel-Cowboy.html
White Western Star,4800,1976,NA,NA,Trailer truck (tractor),USA (United States of America),NA,NA,Maximum Overdrive,Movie,1986,NA,https://www.imcdb.org/vehicle_11451-White-Western-Star-4800-1976.html,https://www.imcdb.org/movie_91499-Maximum-Overdrive.html
WhiteGMC,Xpeditor WX 64,1993,NA,Amrep,Simple truck,USA (United States of America),NA,NA,Garbage,Movie,2013,NA,https://www.imcdb.org/vehicle_601729-WhiteGMC-Xpeditor-WX-64-1993.html,https://www.imcdb.org/movie_1492849-Garbage.html
Willème,K 15,1941,NA,NA,Simple truck,France,NA,NA,Le camion blanc,Movie,1943,NA,https://www.imcdb.org/vehicle_872840-Will%C3%A8me-K-15-1941.html,https://www.imcdb.org/movie_190289-Le-camion-blanc.html
Willème,LD 610,1955,NA,Cabine U,Simple truck,France,NA,NA,Gas-oil,Movie,1955,NA,https://www.imcdb.org/vehicle_11903-Will%C3%A8me-LD-610-1955.html,https://www.imcdb.org/movie_48109-Gas-oil.html
Willys,Americar,1941,441,Speedway Coupe,Custom,USA (United States of America),NA,NA,Hot Rod,Movie made for TV,1979,NA,https://www.imcdb.org/vehicle_260802-Willys-Americar-441-1941.html,https://www.imcdb.org/movie_79307-Hot-Rod.html
Willys,MB 'Jeep',NA,NA,modified as armored truck,Van / MPV,USA (United States of America),NA,NA,An einem Freitag um halb zwölf,Movie,1961,NA,https://www.imcdb.org/vehicle_1884518-Willys-MB--Jeep-.html,https://www.imcdb.org/movie_55252-An-einem-Freitag-um-halb-zw%C3%B6lf.html
Willys,MB 'Jeep',1942,NA,NA,Off-road / SUV,USA (United States of America),NA,NA,Tugger: The Jeep 4x4 Who Wanted To Fly,Animation Movie,2005,NA,https://www.imcdb.org/vehicle_273189-Willys-MB--Jeep--1942.html,https://www.imcdb.org/movie_464280-Tugger--The-Jeep-4x4-Who-Wanted-To-Fly.html
Willys,MB 'Jeep',1942,NA,NA,Off-road / SUV,USA (United States of America),NA,NA,Die Vier im Jeep,Movie,1951,NA,https://www.imcdb.org/vehicle_1178708-Willys-MB--Jeep--1942.html,https://www.imcdb.org/movie_44192-Die-Vier-im-Jeep.html
Willys,MB 'Jeep',1942,NA,NA,Off-road / SUV,USA (United States of America),NA,NA,The Autobiography of a 'Jeep',Documentary,1943,NA,https://www.imcdb.org/vehicle_1806148-Willys-MB--Jeep--1942.html,https://www.imcdb.org/movie_264385-The-Autobiography-of-a--Jeep-.html
Wingho,Concordia II,1980,NA,NA,Proto / Concept,Canada,NA,NA,Black Moon Rising,Movie,1986,NA,https://www.imcdb.org/vehicle_52987-Wingho-Concordia-II-1980.html,https://www.imcdb.org/movie_90735-Black-Moon-Rising.html
Winnebago,Brave,2015,NA,NA,Class A Motorhome,USA (United States of America),NA,NA,"Gryffin Feat. Quinn XCII, Daniel Wilson: Winnebago",Music Video,2018,NA,https://www.imcdb.org/vehicle_1403807-Winnebago-Brave-2015.html,https://www.imcdb.org/movie_1004521494-Gryffin-Feat-Quinn-XCII%2C-Daniel-Wilson--Winnebago.html
Winnebago,Chieftain,1980,NA,NA,Class A Motorhome,USA (United States of America),NA,NA,Best Friends Whenever,TV Series,2015,2016,https://www.imcdb.org/vehicle_2059451-Winnebago-Chieftain-1980.html,https://www.imcdb.org/movie_4507442-Best-Friends-Whenever.html
Winnebago,Chieftain,1983,NA,30',Class A Motorhome,USA (United States of America),NA,NA,Paura nel buio,Movie,1989,NA,https://www.imcdb.org/vehicle_1497937-Winnebago-Chieftain-1983.html,https://www.imcdb.org/movie_98072-Paura-nel-buio.html
Winnebago,D-22 Brave,1971,NA,NA,Class A Motorhome,USA (United States of America),NA,NA,Booby Trap,Movie,1970,NA,https://www.imcdb.org/vehicle_1521251-Winnebago-D-22-Brave-1971.html,https://www.imcdb.org/movie_123548-Booby-Trap.html
Winnebago,Indian,1975,NA,NA,Class A Motorhome,USA (United States of America),NA,NA,The Leisure Seeker,Movie,2017,NA,https://www.imcdb.org/vehicle_1166504-Winnebago-Indian-1975.html,https://www.imcdb.org/movie_3741632-The-Leisure-Seeker.html
Winton,unknown,1903,1684,'Vermont',Convertible,USA (United States of America),NA,NA,Horatio's Drive: America's First Road Trip,Documentary,2003,NA,https://www.imcdb.org/vehicle_308212-Winton-1684-1903.html,https://www.imcdb.org/movie_382744-Horatio-s-Drive--America-s-First-Road-Trip.html
Wuling,LZW 6320,1990,NA,NA,Van / MPV,Japan,China,NA,浪漫街头 (Cello in a Cab),Movie,1996,NA,https://www.imcdb.org/vehicle_1616030-Wuling-LZW-6320-1990.html,https://www.imcdb.org/movie_12434278-Lang-man-jie-tou.html
Wuling,Rongguang,2008,LZW6407BF,NA,Van / MPV,China,NA,NA,小镇车神之五菱漂移 (Champion in Village),Movie,2019,NA,https://www.imcdb.org/vehicle_1267948-Wuling-Rongguang-LZW6407BF-2008.html,https://www.imcdb.org/movie_1004520501-Xiao-zhen-che-shen-zhi-wu-ling-piao-yi.html
WZM,LPT,1978,126A.1,Customized 'Bajtek',Proto / Concept,Poland,NA,NA,Pan Samochodzik i niesamowity dwór,Movie,1986,NA,https://www.imcdb.org/vehicle_712739-WZM-LPT-126A1-1978.html,https://www.imcdb.org/movie_93699-Pan-Samochodzik-i-niesamowity-dw%C3%B3r.html
WZM,LPT,1978,126A.1,Customized,Proto / Concept,Poland,NA,NA,Latajace machiny kontra pan Samochodzik,Movie,1991,NA,https://www.imcdb.org/vehicle_712850-WZM-LPT-126A1-1978.html,https://www.imcdb.org/movie_102278-Latajace-machiny-kontra-pan-Samochodzik.html
Yamaha,VMX 1200 V-Max,1986,NA,NA,Road,Japan,NA,NA,Jinzô ningen Hakaidâ,Movie,1995,NA,https://www.imcdb.org/vehicle_258224-Yamaha-VMX-1200-V-Max-1986.html,https://www.imcdb.org/movie_161644-Jinz%C3%B4-ningen-Hakaid%C3%A2.html
Yamaha,VMX 1700 V-Max,NA,NA,NA,Road,Japan,NA,NA,Ghost Rider: Spirit of Vengeance,Movie,2011,NA,https://www.imcdb.org/vehicle_491635-Yamaha-VMX-1700-V-Max.html,https://www.imcdb.org/movie_1071875-Ghost-Rider--Spirit-of-Vengeance.html
Yamaha,XT 225 Serow,NA,NA,NA,All-Terrain Sports,Japan,NA,NA,日本をゆっくり走ってみたよ (Nihon wo Yukkuri Hashitte Mita yo),TV Series,2017,2018,https://www.imcdb.org/vehicle_1478583-Yamaha-XT-225-Serow.html,https://www.imcdb.org/movie_7401888-Nihon-wo-Yukkuri-Hashitte-Mita-yo.html
Yamaha,XT 225 Serow,1986,NA,NA,All-Terrain Sports,Japan,NA,NA,終末ツーリング (Touring After the Apocalypse),Animation Series,2025,NA,https://www.imcdb.org/vehicle_2060350-Yamaha-XT-225-Serow-1986.html,https://www.imcdb.org/movie_35955429-Shuumatsu-Touring.html
Yamaha,XT 500,1977,NA,NA,All-Terrain Sports,Japan,NA,NA,Timerider: The Adventure of Lyle Swann,Movie,1982,NA,https://www.imcdb.org/vehicle_339774-Yamaha-XT-500-1977.html,https://www.imcdb.org/movie_86443-Timerider--The-Adventure-of-Lyle-Swann.html
Yamaha,YZ,1985,NA,NA,All-Terrain Sports,Japan,NA,United States of America,The Dirt Bike Kid,Movie,1985,NA,https://www.imcdb.org/vehicle_87853-Yamaha-YZ-1985.html,https://www.imcdb.org/movie_90948-The-Dirt-Bike-Kid.html
Yugo,Koral,NA,102,55,Hatchback,Yugoslavia,NA,NA,"Yugo, kratka autobiografija",Documentary,2010,NA,https://www.imcdb.org/vehicle_1116960-Yugo-Koral-102.html,https://www.imcdb.org/movie_1004518818-Yugo%2C-kratka-autobiografija.html
Yugo,Koral,1989,102,NA,Hatchback,Yugoslavia,NA,NA,Zabranjeno pušenje: Yugo 45,Music Video,1999,NA,https://www.imcdb.org/vehicle_908151-Yugo-Koral-102-1989.html,https://www.imcdb.org/movie_1004517148-Zabranjeno-pu%C5%A1enje--Yugo-45.html
Yugo,Tempo,NA,102,1.1,Hatchback,Serbia and Montenegro,NA,NA,Grande Punto,Movie,2018,NA,https://www.imcdb.org/vehicle_1349741-Yugo-Tempo-102.html,https://www.imcdb.org/movie_7938498-Grande-Punto.html
Zastava,101,1975,NA,NA,Hatchback,Yugoslavia,NA,NA,Motel Mjesečina,Movie made for TV,1977,NA,https://www.imcdb.org/vehicle_1215624-Zastava-101-1975.html,https://www.imcdb.org/movie_333947-Motel-Mjese%C4%8Dina.html
Zastava,101,1978,NA,NA,Hatchback,Yugoslavia,NA,NA,Rekvijem za gospođu J,Movie,2015,NA,https://www.imcdb.org/vehicle_1673495-Zastava-101-1978.html,https://www.imcdb.org/movie_5207166-Rekvijem-za-gospo%C4%91u-J.html
Zastava,1400 BJ,1957,101B,NA,Sedan,Italy,Yugoslavia,Yugoslavia (1954..2003),H-8...,Movie,1958,NA,https://www.imcdb.org/vehicle_241333-Zastava-1400-BJ-101B-1957.html,https://www.imcdb.org/movie_51693-H-8.html
Zastava,Jugo,1984,102,45,Hatchback,Yugoslavia,NA,NA,Mliječni put,Movie,2000,NA,https://www.imcdb.org/vehicle_905265-Zastava-Jugo-102-1984.html,https://www.imcdb.org/movie_285736-Mlije%C4%8Dni-put.html
ZiL,130,1979,NA,NA,Simple truck,USSR,NA,NA,My Father's Truck,Short Movie,2013,NA,https://www.imcdb.org/vehicle_1300055-ZiL-130-1979.html,https://www.imcdb.org/movie_2763310-My-Father-s-Truck.html
ZM Łabędy,T-34/85,1952,NA,'Rudy 102',Military armored vehicle,USSR,Poland,NA,Czterej pancerni i pies (Four Tank-men and a Dog),TV Series,1966,1970,https://www.imcdb.org/vehicle_177959-ZM-%C5%81ab%C4%99dy-T-34-85-1952.html,https://www.imcdb.org/movie_120948-Czterej-pancerni-i-pies.html
ZTS-Martin,T-55 Tiran 5,1964,NA,NA,Military armored vehicle,USSR,Czechia,NA,The Beast of War,Movie,1988,NA,https://www.imcdb.org/vehicle_37769-ZTS-Martin-T-55-Tiran-5-1964.html,https://www.imcdb.org/movie_94716-The-Beast-of-War.html
Zündapp,unknown,NA,NA,NA,Moped,Germany,NA,NA,Ausgrissn! - In der Lederhosn nach Las Vegas,Movie,2020,NA,https://www.imcdb.org/vehicle_1935100-Z%C3%BCndapp.html,https://www.imcdb.org/movie_11042278-Ausgrissn%21-In-der-Lederhosn-nach-Las-Vegas.html
Zündapp,ZD 25 TS,NA,NA,NA,Moped,Germany,NA,NA,25 km/h,Movie,2018,NA,https://www.imcdb.org/vehicle_1269705-Z%C3%BCndapp-ZD-25-TS.html,https://www.imcdb.org/movie_7225386-25-km-h.html
