type,nationality,band,percent,year
Academic,Azerbaijan,<4,5.647803004631198e-4,2024-2025
Academic,Azerbaijan,4,0.003162769682593471,2024-2025
Academic,Azerbaijan,4.5,0.011521518129447643,2024-2025
Academic,Azerbaijan,5,0.03795323619112165,2024-2025
Academic,Azerbaijan,5.5,0.10742121314808539,2024-2025
Academic,Azerbaijan,6,0.1834406415904213,2024-2025
Academic,Azerbaijan,6.5,0.21856997627922736,2024-2025
Academic,Azerbaijan,7,0.20298203998644523,2024-2025
Academic,Azerbaijan,7.5,0.1485372190218005,2024-2025
Academic,Azerbaijan,8,0.07568056026205805,2024-2025
Academic,Azerbaijan,8.5,0.010053089348243534,2024-2025
Academic,Azerbaijan,9,1.1295606009262396e-4,2024-2025
Academic,Bangladesh,<4,0.004344733452525135,2024-2025
Academic,Bangladesh,4,0.015523771074840917,2024-2025
Academic,Bangladesh,4.5,0.04820539439029548,2024-2025
Academic,Bangladesh,5,0.1207297614241498,2024-2025
Academic,Bangladesh,5.5,0.2156987138820001,2024-2025
Academic,Bangladesh,6,0.23303919872349424,2024-2025
Academic,Bangladesh,6.5,0.16613799334832843,2024-2025
Academic,Bangladesh,7,0.1010054405290578,2024-2025
Academic,Bangladesh,7.5,0.06064363573447142,2024-2025
Academic,Bangladesh,8,0.029153930445815792,2024-2025
Academic,Bangladesh,8.5,0.005421304573504816,2024-2025
Academic,Bangladesh,9,9.612242151604283e-5,2024-2025
Academic,Cambodia,<4,0.003741262183715664,2024-2025
Academic,Cambodia,4,0.011519149355124545,2024-2025
Academic,Cambodia,4.5,0.0490302254602737,2024-2025
Academic,Cambodia,5,0.13763906665353942,2024-2025
Academic,Cambodia,5.5,0.20498178596042138,2024-2025
Academic,Cambodia,6,0.21216894752387513,2024-2025
Academic,Cambodia,6.5,0.1616619080437137,2024-2025
Academic,Cambodia,7,0.10790587771979915,2024-2025
Academic,Cambodia,7.5,0.07521906074628334,2024-2025
Academic,Cambodia,8,0.03170227429359063,2024-2025
Academic,Cambodia,8.5,0.004331987791670769,2024-2025
Academic,Cambodia,9,9.845426799251748e-5,2024-2025
Academic,China,<4,0.005224181443663333,2024-2025
Academic,China,4,0.014428901983090442,2024-2025
Academic,China,4.5,0.04636599091014518,2024-2025
Academic,China,5,0.1228025027473893,2024-2025
Academic,China,5.5,0.22994902833538583,2024-2025
Academic,China,6,0.264865999193731,2024-2025
Academic,China,6.5,0.17824730369282255,2024-2025
Academic,China,7,0.09012541348899111,2024-2025
Academic,China,7.5,0.037888016964783715,2024-2025
Academic,China,8,0.009226810101556761,2024-2025
Academic,China,8.5,8.625974011630153e-4,2024-2025
Academic,China,9,1.3253737277792811e-5,2024-2025
Academic,Colombia,<4,0.002261420171867933,2024-2025
Academic,Colombia,4,0.007839589929142167,2024-2025
Academic,Colombia,4.5,0.021483491632745367,2024-2025
Academic,Colombia,5,0.055103271521181975,2024-2025
Academic,Colombia,5.5,0.1215136439017036,2024-2025
Academic,Colombia,6,0.17842605156037994,2024-2025
Academic,Colombia,6.5,0.18995929443690637,2024-2025
Academic,Colombia,7,0.17435549525101768,2024-2025
Academic,Colombia,7.5,0.14970601537765718,2024-2025
Academic,Colombia,8,0.08352178501432234,2024-2025
Academic,Colombia,8.5,0.015679179858284334,2024-2025
Academic,Colombia,9,1.5076134479119556e-4,2024-2025
Academic,Egypt,<4,0.0030824829931972784,2024-2025
Academic,Egypt,4,0.006164965986394557,2024-2025
Academic,Egypt,4.5,0.018122874149659865,2024-2025
Academic,Egypt,5,0.04751275510204081,2024-2025
Academic,Egypt,5.5,0.10103103741496598,2024-2025
Academic,Egypt,6,0.15167942176870747,2024-2025
Academic,Egypt,6.5,0.17639243197278912,2024-2025
Academic,Egypt,7,0.19079506802721088,2024-2025
Academic,Egypt,7.5,0.16953656462585034,2024-2025
Academic,Egypt,8,0.11054421768707483,2024-2025
Academic,Egypt,8.5,0.024819302721088437,2024-2025
Academic,Egypt,9,3.188775510204082e-4,2024-2025
Academic,France,<4,4.5151256709978423e-4,2024-2025
Academic,France,4,0.004163949229920232,2024-2025
Academic,France,4.5,0.012291175437716349,2024-2025
Academic,France,5,0.034967139918727734,2024-2025
Academic,France,5.5,0.07826217829729593,2024-2025
Academic,France,6,0.131841669593137,2024-2025
Academic,France,6.5,0.16715998595294235,2024-2025
Academic,France,7,0.19088947975718656,2024-2025
Academic,France,7.5,0.20729443636181205,2024-2025
Academic,France,8,0.13981839161189985,2024-2025
Academic,France,8.5,0.03225806451612903,2024-2025
Academic,France,9,6.020167561330457e-4,2024-2025
Academic,Germany,<4,0,2024-2025
Academic,Germany,4,2.541942043721403e-4,2024-2025
Academic,Germany,4.5,6.354855109303507e-4,2024-2025
Academic,Germany,5,0.004448398576512455,2024-2025
Academic,Germany,5.5,0.014616166751398067,2024-2025
Academic,Germany,6,0.03571428571428571,2024-2025
Academic,Germany,6.5,0.07600406710726995,2024-2025
Academic,Germany,7,0.14082358922216573,2024-2025
Academic,Germany,7.5,0.23856126080325368,2024-2025
Academic,Germany,8,0.34672089476359935,2024-2025
Academic,Germany,8.5,0.1391713268937468,2024-2025
Academic,Germany,9,0.003050330452465684,2024-2025
Academic,Ghana,<4,2.2109219544550078e-4,2024-2025
Academic,Ghana,4,8.843687817820031e-4,2024-2025
Academic,Ghana,4.5,0.0057483970815830196,2024-2025
Academic,Ghana,5,0.018240106124253815,2024-2025
Academic,Ghana,5.5,0.07296042449701526,2024-2025
Academic,Ghana,6,0.19422949369887246,2024-2025
Academic,Ghana,6.5,0.27304886137519346,2024-2025
Academic,Ghana,7,0.25436657086004866,2024-2025
Academic,Ghana,7.5,0.11972142383373868,2024-2025
Academic,Ghana,8,0.051625027636524434,2024-2025
Academic,Ghana,8.5,0.008954233915542781,2024-2025
Academic,Ghana,9,0,2024-2025
Academic,Hong Kong,<4,0.0012227786188424362,2024-2025
Academic,Hong Kong,4,0.0039012460696401536,2024-2025
Academic,Hong Kong,4.5,0.014149295446605335,2024-2025
Academic,Hong Kong,5,0.052201001513916385,2024-2025
Academic,Hong Kong,5.5,0.13267148014440433,2024-2025
Academic,Hong Kong,6,0.17380924653546057,2024-2025
Academic,Hong Kong,6.5,0.16379410737160824,2024-2025
Academic,Hong Kong,7,0.16082450215441949,2024-2025
Academic,Hong Kong,7.5,0.15197391405613137,2024-2025
Academic,Hong Kong,8,0.10990450681262373,2024-2025
Academic,Hong Kong,8.5,0.03476184930709212,2024-2025
Academic,Hong Kong,9,7.860719692558519e-4,2024-2025
Academic,India,<4,8.498102090533113e-4,2024-2025
Academic,India,4,0.002379468585349272,2024-2025
Academic,India,4.5,0.009082346609257266,2024-2025
Academic,India,5,0.038404339697467565,2024-2025
Academic,India,5.5,0.12423517081185201,2024-2025
Academic,India,6,0.20889397201291712,2024-2025
Academic,India,6.5,0.20536371876947482,2024-2025
Academic,India,7,0.16831907540649255,2024-2025
Academic,India,7.5,0.13471970426604724,2024-2025
Academic,India,8,0.0857564727210923,2024-2025
Academic,India,8.5,0.02163829244801994,2024-2025
Academic,India,9,3.576284629766019e-4,2024-2025
Academic,Indonesia,<4,0.0017141034840149885,2024-2025
Academic,Indonesia,4,0.0036474527624970107,2024-2025
Academic,Indonesia,4.5,0.010663318185442078,2024-2025
Academic,Indonesia,5,0.03493980706370087,2024-2025
Academic,Indonesia,5.5,0.09138563342103165,2024-2025
Academic,Indonesia,6,0.16897871322650088,2024-2025
Academic,Indonesia,6.5,0.2070477557203221,2024-2025
Academic,Indonesia,7,0.1997528501953281,2024-2025
Academic,Indonesia,7.5,0.16927768476441046,2024-2025
Academic,Indonesia,8,0.09499322331180739,2024-2025
Academic,Indonesia,8.5,0.01726062345531372,2024-2025
Academic,Indonesia,9,3.3883440963086985e-4,2024-2025
Academic,"Iran, Islamic Republic of",<4,0.0010749131800893005,2024-2025
Academic,"Iran, Islamic Republic of",4,0.0024392260625103355,2024-2025
Academic,"Iran, Islamic Republic of",4.5,0.012402844385645775,2024-2025
Academic,"Iran, Islamic Republic of",5,0.03526542086985282,2024-2025
Academic,"Iran, Islamic Republic of",5.5,0.10947577311063338,2024-2025
Academic,"Iran, Islamic Republic of",6,0.21332892343310733,2024-2025
Academic,"Iran, Islamic Republic of",6.5,0.22862576484207048,2024-2025
Academic,"Iran, Islamic Republic of",7,0.18753100711096413,2024-2025
Academic,"Iran, Islamic Republic of",7.5,0.13200760707788986,2024-2025
Academic,"Iran, Islamic Republic of",8,0.06672730279477428,2024-2025
Academic,"Iran, Islamic Republic of",8.5,0.011079874317843559,2024-2025
Academic,"Iran, Islamic Republic of",9,4.134281461881925e-5,2024-2025
Academic,Italy,<4,5.660911406736484e-4,2024-2025
Academic,Italy,4,0.0016982734220209452,2024-2025
Academic,Italy,4.5,0.006050099065949618,2024-2025
Academic,Italy,5,0.021794508915935467,2024-2025
Academic,Italy,5.5,0.05593688083781489,2024-2025
Academic,Italy,6,0.10833569204641946,2024-2025
Academic,Italy,6.5,0.15716105292952165,2024-2025
Academic,Italy,7,0.2069416926125106,2024-2025
Academic,Italy,7.5,0.24150863288989527,2024-2025
Academic,Italy,8,0.16745683555052363,2024-2025
Academic,Italy,8.5,0.032302575714690064,2024-2025
Academic,Italy,9,2.476648740447212e-4,2024-2025
Academic,Japan,<4,0.008108552331208796,2024-2025
Academic,Japan,4,0.024325656993626387,2024-2025
Academic,Japan,4.5,0.06360830578738792,2024-2025
Academic,Japan,5,0.14986211808535896,2024-2025
Academic,Japan,5.5,0.24111985682195883,2024-2025
Academic,Japan,6,0.21900396296363936,2024-2025
Academic,Japan,6.5,0.14856548021257557,2024-2025
Academic,Japan,7,0.08650948737147762,2024-2025
Academic,Japan,7.5,0.04059754917179539,2024-2025
Academic,Japan,8,0.014883941779133263,2024-2025
Academic,Japan,8.5,0.0033420384608360575,2024-2025
Academic,Japan,9,7.305002100188103e-5,2024-2025
Academic,Jordan,<4,0.004774103400093154,2024-2025
Academic,Jordan,4,0.011644154634373545,2024-2025
Academic,Jordan,4.5,0.03493246390312064,2024-2025
Academic,Jordan,5,0.0647414997671169,2024-2025
Academic,Jordan,5.5,0.10817419655333024,2024-2025
Academic,Jordan,6,0.15440149045179322,2024-2025
Academic,Jordan,6.5,0.17734047508150907,2024-2025
Academic,Jordan,7,0.16767582673497905,2024-2025
Academic,Jordan,7.5,0.1616208663251048,2024-2025
Academic,Jordan,8,0.09536562645551934,2024-2025
Academic,Jordan,8.5,0.019329296693060084,2024-2025
Academic,Jordan,9,0,2024-2025
Academic,Kazakhstan,<4,0.004632012352032939,2024-2025
Academic,Kazakhstan,4,0.010679361811631498,2024-2025
Academic,Kazakhstan,4.5,0.03648996397323726,2024-2025
Academic,Kazakhstan,5,0.08656716417910447,2024-2025
Academic,Kazakhstan,5.5,0.16278950077200205,2024-2025
Academic,Kazakhstan,6,0.2040658775090067,2024-2025
Academic,Kazakhstan,6.5,0.18643849716932578,2024-2025
Academic,Kazakhstan,7,0.15082346886258363,2024-2025
Academic,Kazakhstan,7.5,0.10499227997941327,2024-2025
Academic,Kazakhstan,8,0.04629439011837364,2024-2025
Academic,Kazakhstan,8.5,0.006150283067421512,2024-2025
Academic,Kazakhstan,9,7.720020586721564e-5,2024-2025
Academic,Kenya,<4,1.2700831904489745e-4,2024-2025
Academic,Kenya,4,5.080332761795898e-4,2024-2025
Academic,Kenya,4.5,0.002286149742808154,2024-2025
Academic,Kenya,5,0.017654156347240747,2024-2025
Academic,Kenya,5.5,0.07150568362227726,2024-2025
Academic,Kenya,6,0.18073283800088905,2024-2025
Academic,Kenya,6.5,0.2573823585444847,2024-2025
Academic,Kenya,7,0.23585444846637454,2024-2025
Academic,Kenya,7.5,0.15380707436337082,2024-2025
Academic,Kenya,8,0.06877500476281197,2024-2025
Academic,Kenya,8.5,0.011303740394995874,2024-2025
Academic,Kenya,9,6.350415952244872e-5,2024-2025
Academic,"Korea, Republic of",<4,0.002289274187495309,2024-2025
Academic,"Korea, Republic of",4,0.005967124521504166,2024-2025
Academic,"Korea, Republic of",4.5,0.02202957291901224,2024-2025
Academic,"Korea, Republic of",5,0.07153043608796818,2024-2025
Academic,"Korea, Republic of",5.5,0.16880582451399836,2024-2025
Academic,"Korea, Republic of",6,0.23590782856713954,2024-2025
Academic,"Korea, Republic of",6.5,0.20843653831719583,2024-2025
Academic,"Korea, Republic of",7,0.15124221271485402,2024-2025
Academic,"Korea, Republic of",7.5,0.08763041357051715,2024-2025
Academic,"Korea, Republic of",8,0.036966148765293104,2024-2025
Academic,"Korea, Republic of",8.5,0.008969451324776702,2024-2025
Academic,"Korea, Republic of",9,2.2517451024544022e-4,2024-2025
Academic,Kuwait,<4,0.025876760247555836,2024-2025
Academic,Kuwait,4,0.057583639788321817,2024-2025
Academic,Kuwait,4.5,0.13342003767154004,2024-2025
Academic,Kuwait,5,0.1809579334469459,2024-2025
Academic,Kuwait,5.5,0.18355906359314736,2024-2025
Academic,Kuwait,6,0.1504619248363082,2024-2025
Academic,Kuwait,6.5,0.10897838371154363,2024-2025
Academic,Kuwait,7,0.08117319939007983,2024-2025
Academic,Kuwait,7.5,0.05197775585254282,2024-2025
Academic,Kuwait,8,0.022019912099739886,2024-2025
Academic,Kuwait,8.5,0.003991389362274643,2024-2025
Academic,Kuwait,9,0,2024-2025
Academic,Malaysia,<4,4.7173519930812175e-4,2024-2025
Academic,Malaysia,4,0.0010220929318342639,2024-2025
Academic,Malaysia,4.5,0.005189087192389339,2024-2025
Academic,Malaysia,5,0.020284613570249233,2024-2025
Academic,Malaysia,5.5,0.05747307178237283,2024-2025
Academic,Malaysia,6,0.11054328170453653,2024-2025
Academic,Malaysia,6.5,0.15441465524019185,2024-2025
Academic,Malaysia,7,0.1802814686689205,2024-2025
Academic,Malaysia,7.5,0.21581885368346568,2024-2025
Academic,Malaysia,8,0.19388316691563806,2024-2025
Academic,Malaysia,8.5,0.05951725764604136,2024-2025
Academic,Malaysia,9,0.0011007154650522842,2024-2025
Academic,Mexico,<4,0.016327443524938492,2024-2025
Academic,Mexico,4,0.013643480205770522,2024-2025
Academic,Mexico,4.5,0.020875270260195332,2024-2025
Academic,Mexico,5,0.0501006486244688,2024-2025
Academic,Mexico,5.5,0.10385446954447178,2024-2025
Academic,Mexico,6,0.1644673078356818,2024-2025
Academic,Mexico,6.5,0.18176396033698652,2024-2025
Academic,Mexico,7,0.17624692462536345,2024-2025
Academic,Mexico,7.5,0.15857749944084099,2024-2025
Academic,Mexico,8,0.09468426153731455,2024-2025
Academic,Mexico,8.5,0.019309624990680684,2024-2025
Academic,Mexico,9,1.491090732871095e-4,2024-2025
Academic,Mongolia,<4,0.004354302738627249,2024-2025
Academic,Mongolia,4,0.011000343760742522,2024-2025
Academic,Mongolia,4.5,0.032542683625529964,2024-2025
Academic,Mongolia,5,0.07803368855276727,2024-2025
Academic,Mongolia,5.5,0.14827546694167526,2024-2025
Academic,Mongolia,6,0.1779534777128452,2024-2025
Academic,Mongolia,6.5,0.19078721210037813,2024-2025
Academic,Mongolia,7,0.1702761544631603,2024-2025
Academic,Mongolia,7.5,0.12421221496505097,2024-2025
Academic,Mongolia,8,0.054314197318666206,2024-2025
Academic,Mongolia,8.5,0.008135670906382491,2024-2025
Academic,Mongolia,9,1.1458691417440128e-4,2024-2025
Academic,Myanmar,<4,8.49823965035814e-4,2024-2025
Academic,Myanmar,4,0.004856136943061795,2024-2025
Academic,Myanmar,4.5,0.013597183440573025,2024-2025
Academic,Myanmar,5,0.04601189753551051,2024-2025
Academic,Myanmar,5.5,0.12031079276435597,2024-2025
Academic,Myanmar,6,0.2005584557484521,2024-2025
Academic,Myanmar,6.5,0.19910161466553358,2024-2025
Academic,Myanmar,7,0.17482092995022458,2024-2025
Academic,Myanmar,7.5,0.14009955080733277,2024-2025
Academic,Myanmar,8,0.08413257253854559,2024-2025
Academic,Myanmar,8.5,0.015054024523491562,2024-2025
Academic,Myanmar,9,6.070171178827244e-4,2024-2025
Academic,Nepal,<4,0.00136148129164531,2024-2025
Academic,Nepal,4,0.004532931829830856,2024-2025
Academic,Nepal,4.5,0.018115709892362893,2024-2025
Academic,Nepal,5,0.073888390568939,2024-2025
Academic,Nepal,5.5,0.188461045617632,2024-2025
Academic,Nepal,6,0.2565351101998975,2024-2025
Academic,Nepal,6.5,0.21258329062019476,2024-2025
Academic,Nepal,7,0.1382784469502819,2024-2025
Academic,Nepal,7.5,0.07414466940030753,2024-2025
Academic,Nepal,8,0.02899154279856484,2024-2025
Academic,Nepal,8.5,0.0030433111225012816,2024-2025
Academic,Nepal,9,6.406970784213224e-5,2024-2025
Academic,Nigeria,<4,5.979073243647235e-4,2024-2025
Academic,Nigeria,4,0.0024580634446105297,2024-2025
Academic,Nigeria,4.5,0.007938880584620495,2024-2025
Academic,Nigeria,5,0.028932071084537454,2024-2025
Academic,Nigeria,5.5,0.08168078392293639,2024-2025
Academic,Nigeria,6,0.16306261418369045,2024-2025
Academic,Nigeria,6.5,0.21953163926258096,2024-2025
Academic,Nigeria,7,0.22052815146985552,2024-2025
Academic,Nigeria,7.5,0.16963959475170237,2024-2025
Academic,Nigeria,8,0.09101478159774125,2024-2025
Academic,Nigeria,8.5,0.014549078226208273,2024-2025
Academic,Nigeria,9,6.643414715163595e-5,2024-2025
Academic,Oman,<4,0.015002768967426874,2024-2025
Academic,Oman,4,0.04193727030156572,2024-2025
Academic,Oman,4.5,0.13457181694608067,2024-2025
Academic,Oman,5,0.26028293812616426,2024-2025
Academic,Oman,5.5,0.2747319136082163,2024-2025
Academic,Oman,6,0.1358807833660575,2024-2025
Academic,Oman,6.5,0.063182802195036,2024-2025
Academic,Oman,7,0.03821175049086241,2024-2025
Academic,Oman,7.5,0.02421587876957157,2024-2025
Academic,Oman,8,0.010572421084428334,2024-2025
Academic,Oman,8.5,0.0014096561445904447,2024-2025
Academic,Oman,9,0,2024-2025
Academic,Pakistan,<4,0.003769328124140208,2024-2025
Academic,Pakistan,4,0.009395806966378692,2024-2025
Academic,Pakistan,4.5,0.0237165025037143,2024-2025
Academic,Pakistan,5,0.061203433665327676,2024-2025
Academic,Pakistan,5.5,0.1465773400099048,2024-2025
Academic,Pakistan,6,0.22106971881362458,2024-2025
Academic,Pakistan,6.5,0.1956886589996148,2024-2025
Academic,Pakistan,7,0.15104825840532657,2024-2025
Academic,Pakistan,7.5,0.10677928795465799,2024-2025
Academic,Pakistan,8,0.06497276178946788,2024-2025
Academic,Pakistan,8.5,0.01560006603202553,2024-2025
Academic,Pakistan,9,1.7883673581687117e-4,2024-2025
Academic,Philippines,<4,8.575031525851198e-4,2024-2025
Academic,Philippines,4,0.003430012610340479,2024-2025
Academic,Philippines,4.5,0.008575031525851198,2024-2025
Academic,Philippines,5,0.024363177805800756,2024-2025
Academic,Philippines,5.5,0.0664312736443884,2024-2025
Academic,Philippines,6,0.14829760403530895,2024-2025
Academic,Philippines,6.5,0.2076670870113493,2024-2025
Academic,Philippines,7,0.22153846153846155,2024-2025
Academic,Philippines,7.5,0.17815889029003784,2024-2025
Academic,Philippines,8,0.10991172761664565,2024-2025
Academic,Philippines,8.5,0.030113493064312737,2024-2025
Academic,Philippines,9,6.557377049180328e-4,2024-2025
Academic,Russian Federation,<4,0.0011483881551964564,2024-2025
Academic,Russian Federation,4,0.0026248872118776146,2024-2025
Academic,Russian Federation,4.5,0.01008941022065458,2024-2025
Academic,Russian Federation,5,0.033631367402181936,2024-2025
Academic,Russian Federation,5.5,0.07833647772947255,2024-2025
Academic,Russian Federation,6,0.1360839963907801,2024-2025
Academic,Russian Federation,6.5,0.17250430645558196,2024-2025
Academic,Russian Federation,7,0.18193749487326716,2024-2025
Academic,Russian Federation,7.5,0.20063981625789518,2024-2025
Academic,Russian Federation,8,0.15027479287999343,2024-2025
Academic,Russian Federation,8.5,0.0320728406201296,2024-2025
Academic,Russian Federation,9,6.562218029694037e-4,2024-2025
Academic,Saudi Arabia,<4,0.025419354838709676,2024-2025
Academic,Saudi Arabia,4,0.044000000000000004,2024-2025
Academic,Saudi Arabia,4.5,0.08095483870967742,2024-2025
Academic,Saudi Arabia,5,0.1376774193548387,2024-2025
Academic,Saudi Arabia,5.5,0.17938064516129032,2024-2025
Academic,Saudi Arabia,6,0.17785806451612904,2024-2025
Academic,Saudi Arabia,6.5,0.14593548387096775,2024-2025
Academic,Saudi Arabia,7,0.10647741935483872,2024-2025
Academic,Saudi Arabia,7.5,0.0664516129032258,2024-2025
Academic,Saudi Arabia,8,0.030890322580645158,2024-2025
Academic,Saudi Arabia,8.5,0.004929032258064517,2024-2025
Academic,Saudi Arabia,9,2.5806451612903226e-5,2024-2025
Academic,Spain,<4,1.299545159194282e-4,2024-2025
Academic,Spain,4,3.898635477582846e-4,2024-2025
Academic,Spain,4.5,0.004158544509421702,2024-2025
Academic,Spain,5,0.017543859649122806,2024-2025
Academic,Spain,5.5,0.048862897985705,2024-2025
Academic,Spain,6,0.10032488628979856,2024-2025
Academic,Spain,6.5,0.15932423651721897,2024-2025
Academic,Spain,7,0.193632228719948,2024-2025
Academic,Spain,7.5,0.22287199480181935,2024-2025
Academic,Spain,8,0.1985705003248863,2024-2025
Academic,Spain,8.5,0.05354126055880441,2024-2025
Academic,Spain,9,6.49772579597141e-4,2024-2025
Academic,Sri Lanka,<4,0.0016196205460434984,2024-2025
Academic,Sri Lanka,4,0.005205923183711245,2024-2025
Academic,Sri Lanka,4.5,0.020534474780194354,2024-2025
Academic,Sri Lanka,5,0.06276029615918556,2024-2025
Academic,Sri Lanka,5.5,0.1414854234150856,2024-2025
Academic,Sri Lanka,6,0.20881536325775105,2024-2025
Academic,Sri Lanka,6.5,0.19487505784359094,2024-2025
Academic,Sri Lanka,7,0.14738546968995836,2024-2025
Academic,Sri Lanka,7.5,0.11973623322535865,2024-2025
Academic,Sri Lanka,8,0.0760643220731143,2024-2025
Academic,Sri Lanka,8.5,0.0211129106894956,2024-2025
Academic,Sri Lanka,9,4.049051365108746e-4,2024-2025
Academic,Taiwan,<4,0.0033040535095495206,2024-2025
Academic,Taiwan,4,0.006728987025545974,2024-2025
Academic,Taiwan,4.5,0.0204690144250141,2024-2025
Academic,Taiwan,5,0.06317995003626399,2024-2025
Academic,Taiwan,5.5,0.14634539447175438,2024-2025
Academic,Taiwan,6,0.2341848658231928,2024-2025
Academic,Taiwan,6.5,0.22870497219759853,2024-2025
Academic,Taiwan,7,0.1658876621806753,2024-2025
Academic,Taiwan,7.5,0.09134499153839953,2024-2025
Academic,Taiwan,8,0.03437021516641147,2024-2025
Academic,Taiwan,8.5,0.005399306954629704,2024-2025
Academic,Taiwan,9,8.058667096462245e-5,2024-2025
Academic,Thailand,<4,0.007417722196931153,2024-2025
Academic,Thailand,4,0.013255496344696463,2024-2025
Academic,Thailand,4.5,0.037490292692070805,2024-2025
Academic,Thailand,5,0.09383284685215436,2024-2025
Academic,Thailand,5.5,0.17928393540958143,2024-2025
Academic,Thailand,6,0.20959751492917014,2024-2025
Academic,Thailand,6.5,0.1755616849208687,2024-2025
Academic,Thailand,7,0.1289933856412179,2024-2025
Academic,Thailand,7.5,0.09439520124253542,2024-2025
Academic,Thailand,8,0.048603486597220365,2024-2025
Academic,Thailand,8.5,0.01140776049058726,2024-2025
Academic,Thailand,9,1.6067268296601775e-4,2024-2025
Academic,Turkey,<4,0.004243148838408702,2024-2025
Academic,Turkey,4,0.010033523220104555,2024-2025
Academic,Turkey,4.5,0.02869400098459807,2024-2025
Academic,Turkey,5,0.06730431113299107,2024-2025
Academic,Turkey,5.5,0.1358276484516023,2024-2025
Academic,Turkey,6,0.1831821272006939,2024-2025
Academic,Turkey,6.5,0.18461213868767143,2024-2025
Academic,Turkey,7,0.15997374405138662,2024-2025
Academic,Turkey,7.5,0.13571043439529268,2024-2025
Academic,Turkey,8,0.07700963499542865,2024-2025
Academic,Turkey,8.5,0.013385845230560047,2024-2025
Academic,Turkey,9,2.344281126192653e-5,2024-2025
Academic,Ukraine,<4,0.0015497468746771361,2024-2025
Academic,Ukraine,4,0.0038227089575369353,2024-2025
Academic,Ukraine,4.5,0.016014051038330406,2024-2025
Academic,Ukraine,5,0.050418431656162825,2024-2025
Academic,Ukraine,5.5,0.11271825601818371,2024-2025
Academic,Ukraine,6,0.17956400454592417,2024-2025
Academic,Ukraine,6.5,0.18638289079450357,2024-2025
Academic,Ukraine,7,0.18710610600268623,2024-2025
Academic,Ukraine,7.5,0.15404483934290733,2024-2025
Academic,Ukraine,8,0.09298481248062818,2024-2025
Academic,Ukraine,8.5,0.015394152288459553,2024-2025
Academic,Ukraine,9,0,2024-2025
Academic,United Arab Emirates,<4,0.06302501721367915,2024-2025
Academic,United Arab Emirates,4,0.07606151021344962,2024-2025
Academic,United Arab Emirates,4.5,0.12742712875831994,2024-2025
Academic,United Arab Emirates,5,0.16304796878586184,2024-2025
Academic,United Arab Emirates,5.5,0.16566444801468902,2024-2025
Academic,United Arab Emirates,6,0.13885701170530182,2024-2025
Academic,United Arab Emirates,6.5,0.10644939178333716,2024-2025
Academic,United Arab Emirates,7,0.08317649759008493,2024-2025
Academic,United Arab Emirates,7.5,0.04989671792517788,2024-2025
Academic,United Arab Emirates,8,0.022446637594675235,2024-2025
Academic,United Arab Emirates,8.5,0.0039017672710580675,2024-2025
Academic,United Arab Emirates,9,4.590314436538903e-5,2024-2025
Academic,Uzbekistan,<4,0.006723507917174177,2024-2025
Academic,Uzbekistan,4,0.015395858708891595,2024-2025
Academic,Uzbekistan,4.5,0.04422655298416565,2024-2025
Academic,Uzbekistan,5,0.11053593179049939,2024-2025
Academic,Uzbekistan,5.5,0.19641900121802677,2024-2025
Academic,Uzbekistan,6,0.21345919610231423,2024-2025
Academic,Uzbekistan,6.5,0.17911084043848963,2024-2025
Academic,Uzbekistan,7,0.12863580998781973,2024-2025
Academic,Uzbekistan,7.5,0.07113276492082825,2024-2025
Academic,Uzbekistan,8,0.02722289890377588,2024-2025
Academic,Uzbekistan,8.5,0.006760048721071863,2024-2025
Academic,Uzbekistan,9,3.7758830694275267e-4,2024-2025
Academic,Vietnam,<4,0.005692970253634926,2024-2025
Academic,Vietnam,4,0.01287706995445624,2024-2025
Academic,Vietnam,4.5,0.03479619642891171,2024-2025
Academic,Vietnam,5,0.0907540446290756,2024-2025
Academic,Vietnam,5.5,0.17473845684776187,2024-2025
Academic,Vietnam,6,0.214965603978886,2024-2025
Academic,Vietnam,6.5,0.1849286354021762,2024-2025
Academic,Vietnam,7,0.13959925300607887,2024-2025
Academic,Vietnam,7.5,0.09356479981706273,2024-2025
Academic,Vietnam,8,0.04074165825028108,2024-2025
Academic,Vietnam,8.5,0.007155515749757036,2024-2025
Academic,Vietnam,9,1.8579568191779257e-4,2024-2025
General_Training,Algeria,<4,0.02570320077594568,2024-2025
General_Training,Algeria,4,0.043646944713870026,2024-2025
General_Training,Algeria,4.5,0.07856450048496605,2024-2025
General_Training,Algeria,5,0.1357904946653734,2024-2025
General_Training,Algeria,5.5,0.17022308438409312,2024-2025
General_Training,Algeria,6,0.1804073714839961,2024-2025
General_Training,Algeria,6.5,0.15955383123181377,2024-2025
General_Training,Algeria,7,0.09699321047526671,2024-2025
General_Training,Algeria,7.5,0.07516973811833172,2024-2025
General_Training,Algeria,8,0.028612997090203686,2024-2025
General_Training,Algeria,8.5,0.005334626576139669,2024-2025
General_Training,Algeria,9,0,2024-2025
General_Training,Argentina,<4,0.011456628477905075,2024-2025
General_Training,Argentina,4,0.027823240589198037,2024-2025
General_Training,Argentina,4.5,0.060556464811783964,2024-2025
General_Training,Argentina,5,0.10900163666121113,2024-2025
General_Training,Argentina,5.5,0.14271685761047465,2024-2025
General_Training,Argentina,6,0.1479541734860884,2024-2025
General_Training,Argentina,6.5,0.1623567921440262,2024-2025
General_Training,Argentina,7,0.12504091653027824,2024-2025
General_Training,Argentina,7.5,0.11849427168576106,2024-2025
General_Training,Argentina,8,0.07463175122749592,2024-2025
General_Training,Argentina,8.5,0.019639934533551555,2024-2025
General_Training,Argentina,9,3.273322422258593e-4,2024-2025
General_Training,Bangladesh,<4,0.02307770856734402,2024-2025
General_Training,Bangladesh,4,0.03614826917185745,2024-2025
General_Training,Bangladesh,4.5,0.06851832941897273,2024-2025
General_Training,Bangladesh,5,0.10221586847748393,2024-2025
General_Training,Bangladesh,5.5,0.11508220157255183,2024-2025
General_Training,Bangladesh,6,0.14530787297048914,2024-2025
General_Training,Bangladesh,6.5,0.15786786480138876,2024-2025
General_Training,Bangladesh,7,0.13846625140406413,2024-2025
General_Training,Bangladesh,7.5,0.10578984989278055,2024-2025
General_Training,Bangladesh,8,0.07341978964566527,2024-2025
General_Training,Bangladesh,8.5,0.031655263964055956,2024-2025
General_Training,Bangladesh,9,0.0024507301133462676,2024-2025
General_Training,Brazil,<4,0.022400779157535914,2024-2025
General_Training,Brazil,4,0.01582663744825907,2024-2025
General_Training,Brazil,4.5,0.02751400048697346,2024-2025
General_Training,Brazil,5,0.05843681519357195,2024-2025
General_Training,Brazil,5.5,0.10031653274896518,2024-2025
General_Training,Brazil,6,0.15485756026296568,2024-2025
General_Training,Brazil,6.5,0.14998782566350136,2024-2025
General_Training,Brazil,7,0.1553445337229121,2024-2025
General_Training,Brazil,7.5,0.13708302897492086,2024-2025
General_Training,Brazil,8,0.13196980764548333,2024-2025
General_Training,Brazil,8.5,0.04504504504504505,2024-2025
General_Training,Brazil,9,0.0012174336498660824,2024-2025
General_Training,Cameroon,<4,0.036101083032490974,2024-2025
General_Training,Cameroon,4,0.05743354118805383,2024-2025
General_Training,Cameroon,4.5,0.10217700470408053,2024-2025
General_Training,Cameroon,5,0.13707471830215515,2024-2025
General_Training,Cameroon,5.5,0.1922109178426868,2024-2025
General_Training,Cameroon,6,0.19013237063778582,2024-2025
General_Training,Cameroon,6.5,0.14593589322831202,2024-2025
General_Training,Cameroon,7,0.08215731320424462,2024-2025
General_Training,Cameroon,7.5,0.040258177442292965,2024-2025
General_Training,Cameroon,8,0.014002844327754076,2024-2025
General_Training,Cameroon,8.5,0.0024067388688327317,2024-2025
General_Training,Cameroon,9,1.0939722131057872e-4,2024-2025
General_Training,Chile,<4,0.014552443712246019,2024-2025
General_Training,Chile,4,0.03898956617243273,2024-2025
General_Training,Chile,4.5,0.0757825370675453,2024-2025
General_Training,Chile,5,0.1227347611202636,2024-2025
General_Training,Chile,5.5,0.1630971993410214,2024-2025
General_Training,Chile,6,0.17051070840197696,2024-2025
General_Training,Chile,6.5,0.14360241625480505,2024-2025
General_Training,Chile,7,0.12108731466227349,2024-2025
General_Training,Chile,7.5,0.08813838550247118,2024-2025
General_Training,Chile,8,0.04832509610104339,2024-2025
General_Training,Chile,8.5,0.012904997254255902,2024-2025
General_Training,Chile,9,2.745744096650192e-4,2024-2025
General_Training,China,<4,0.016910507315219456,2024-2025
General_Training,China,4,0.026569130407245553,2024-2025
General_Training,China,4.5,0.05259991133067325,2024-2025
General_Training,China,5,0.08749762492874787,2024-2025
General_Training,China,5.5,0.12724048388118311,2024-2025
General_Training,China,6,0.16381658116410158,2024-2025
General_Training,China,6.5,0.15878143010956994,2024-2025
General_Training,China,7,0.14497434923047692,2024-2025
General_Training,China,7.5,0.13069225410095636,2024-2025
General_Training,China,8,0.07540059535119387,2024-2025
General_Training,China,8.5,0.015010450313509404,2024-2025
General_Training,China,9,5.066818671226803e-4,2024-2025
General_Training,Colombia,<4,0.010095994703740485,2024-2025
General_Training,Colombia,4,0.019529956967891428,2024-2025
General_Training,Colombia,4.5,0.04932141674942073,2024-2025
General_Training,Colombia,5,0.11155246607083749,2024-2025
General_Training,Colombia,5.5,0.16269447202912943,2024-2025
General_Training,Colombia,6,0.19364448857994046,2024-2025
General_Training,Colombia,6.5,0.15706719629261834,2024-2025
General_Training,Colombia,7,0.1256206554121152,2024-2025
General_Training,Colombia,7.5,0.09251903343263822,2024-2025
General_Training,Colombia,8,0.05991393578285337,2024-2025
General_Training,Colombia,8.5,0.017047335319430656,2024-2025
General_Training,Colombia,9,9.9304865938431e-4,2024-2025
General_Training,Egypt,<4,0.015501519756838906,2024-2025
General_Training,Egypt,4,0.019452887537993922,2024-2025
General_Training,Egypt,4.5,0.04589665653495441,2024-2025
General_Training,Egypt,5,0.08541033434650457,2024-2025
General_Training,Egypt,5.5,0.12218844984802432,2024-2025
General_Training,Egypt,6,0.14984802431610944,2024-2025
General_Training,Egypt,6.5,0.14437689969604864,2024-2025
General_Training,Egypt,7,0.1425531914893617,2024-2025
General_Training,Egypt,7.5,0.12613981762917933,2024-2025
General_Training,Egypt,8,0.09878419452887538,2024-2025
General_Training,Egypt,8.5,0.04680851063829787,2024-2025
General_Training,Egypt,9,0.00303951367781155,2024-2025
General_Training,France,<4,0.003812316715542522,2024-2025
General_Training,France,4,0.00469208211143695,2024-2025
General_Training,France,4.5,0.022873900293255135,2024-2025
General_Training,France,5,0.04281524926686218,2024-2025
General_Training,France,5.5,0.08211143695014662,2024-2025
General_Training,France,6,0.12346041055718476,2024-2025
General_Training,France,6.5,0.1466275659824047,2024-2025
General_Training,France,7,0.1527859237536657,2024-2025
General_Training,France,7.5,0.18035190615835778,2024-2025
General_Training,France,8,0.1680351906158358,2024-2025
General_Training,France,8.5,0.06656891495601173,2024-2025
General_Training,France,9,0.005865102639296188,2024-2025
General_Training,Germany,<4,0.004782146652497344,2024-2025
General_Training,Germany,4,0.003188097768331562,2024-2025
General_Training,Germany,4.5,0.008501594048884165,2024-2025
General_Training,Germany,5,0.028692879914984058,2024-2025
General_Training,Germany,5.5,0.052603613177470775,2024-2025
General_Training,Germany,6,0.07810839532412327,2024-2025
General_Training,Germany,6.5,0.12274176408076513,2024-2025
General_Training,Germany,7,0.13549415515409138,2024-2025
General_Training,Germany,7.5,0.17640807651434645,2024-2025
General_Training,Germany,8,0.2332624867162593,2024-2025
General_Training,Germany,8.5,0.14984059511158343,2024-2025
General_Training,Germany,9,0.006376195536663124,2024-2025
General_Training,Ghana,<4,0.005783212161269003,2024-2025
General_Training,Ghana,4,0.01751487111698612,2024-2025
General_Training,Ghana,4.5,0.0403172504957039,2024-2025
General_Training,Ghana,5,0.09567085261070721,2024-2025
General_Training,Ghana,5.5,0.169035029742234,2024-2025
General_Training,Ghana,6,0.2058823529411765,2024-2025
General_Training,Ghana,6.5,0.18010575016523464,2024-2025
General_Training,Ghana,7,0.1379709187045605,2024-2025
General_Training,Ghana,7.5,0.08212161269001983,2024-2025
General_Training,Ghana,8,0.04973562458691342,2024-2025
General_Training,Ghana,8.5,0.015532055518836749,2024-2025
General_Training,Ghana,9,3.304692663582287e-4,2024-2025
General_Training,Hong Kong,<4,0.004694835680751174,2024-2025
General_Training,Hong Kong,4,0.00704225352112676,2024-2025
General_Training,Hong Kong,4.5,0.029212310902451747,2024-2025
General_Training,Hong Kong,5,0.059989567031820554,2024-2025
General_Training,Hong Kong,5.5,0.11319770474700051,2024-2025
General_Training,Hong Kong,6,0.14501825769431403,2024-2025
General_Training,Hong Kong,6.5,0.15206051121544079,2024-2025
General_Training,Hong Kong,7,0.1541471048513302,2024-2025
General_Training,Hong Kong,7.5,0.16405842462180492,2024-2025
General_Training,Hong Kong,8,0.12232655190401669,2024-2025
General_Training,Hong Kong,8.5,0.045383411580594675,2024-2025
General_Training,Hong Kong,9,0.00286906624934794,2024-2025
General_Training,India,<4,0.0055450750052076754,2024-2025
General_Training,India,4,0.009722951622887957,2024-2025
General_Training,India,4.5,0.0193432166716054,2024-2025
General_Training,India,5,0.03722535008787037,2024-2025
General_Training,India,5.5,0.08388026158671295,2024-2025
General_Training,India,6,0.2085711016509067,2024-2025
General_Training,India,6.5,0.25930413709537825,2024-2025
General_Training,India,7,0.19295980847486965,2024-2025
General_Training,India,7.5,0.11497669014766329,2024-2025
General_Training,India,8,0.0542537179874605,2024-2025
General_Training,India,8.5,0.013563429496865126,2024-2025
General_Training,India,9,6.542601725721226e-4,2024-2025
General_Training,Indonesia,<4,0.01874935613474812,2024-2025
General_Training,Indonesia,4,0.045843205933862166,2024-2025
General_Training,Indonesia,4.5,0.09951581333058618,2024-2025
General_Training,Indonesia,5,0.1634902647573916,2024-2025
General_Training,Indonesia,5.5,0.18800865354898527,2024-2025
General_Training,Indonesia,6,0.15648501081693625,2024-2025
General_Training,Indonesia,6.5,0.11496857937570824,2024-2025
General_Training,Indonesia,7,0.08282682600185433,2024-2025
General_Training,Indonesia,7.5,0.06273823014319563,2024-2025
General_Training,Indonesia,8,0.04563716905326053,2024-2025
General_Training,Indonesia,8.5,0.020706706500463582,2024-2025
General_Training,Indonesia,9,0.0010301844030081385,2024-2025
General_Training,"Iran, Islamic Republic of",<4,0.013307984790874522,2024-2025
General_Training,"Iran, Islamic Republic of",4,0.02637832699619772,2024-2025
General_Training,"Iran, Islamic Republic of",4.5,0.06535171102661597,2024-2025
General_Training,"Iran, Islamic Republic of",5,0.1139496197718631,2024-2025
General_Training,"Iran, Islamic Republic of",5.5,0.1277328897338403,2024-2025
General_Training,"Iran, Islamic Republic of",6,0.13640684410646386,2024-2025
General_Training,"Iran, Islamic Republic of",6.5,0.15387357414448669,2024-2025
General_Training,"Iran, Islamic Republic of",7,0.13129752851711024,2024-2025
General_Training,"Iran, Islamic Republic of",7.5,0.11299904942965779,2024-2025
General_Training,"Iran, Islamic Republic of",8,0.09006653992395437,2024-2025
General_Training,"Iran, Islamic Republic of",8.5,0.0278041825095057,2024-2025
General_Training,"Iran, Islamic Republic of",9,8.317490494296576e-4,2024-2025
General_Training,Italy,<4,0.008123689727463312,2024-2025
General_Training,Italy,4,0.010482180293501049,2024-2025
General_Training,Italy,4.5,0.03092243186582809,2024-2025
General_Training,Italy,5,0.06944444444444443,2024-2025
General_Training,Italy,5.5,0.10796645702306079,2024-2025
General_Training,Italy,6,0.15487421383647798,2024-2025
General_Training,Italy,6.5,0.17007337526205452,2024-2025
General_Training,Italy,7,0.15880503144654087,2024-2025
General_Training,Italy,7.5,0.14098532494758909,2024-2025
General_Training,Italy,8,0.11425576519916142,2024-2025
General_Training,Italy,8.5,0.03223270440251572,2024-2025
General_Training,Italy,9,0.0018343815513626833,2024-2025
General_Training,Japan,<4,0.01726263871763255,2024-2025
General_Training,Japan,4,0.03205918618988903,2024-2025
General_Training,Japan,4.5,0.08286066584463626,2024-2025
General_Training,Japan,5,0.1595561035758323,2024-2025
General_Training,Japan,5.5,0.2189889025893958,2024-2025
General_Training,Japan,6,0.20098643649815043,2024-2025
General_Training,Japan,6.5,0.1284833538840937,2024-2025
General_Training,Japan,7,0.07225647348951911,2024-2025
General_Training,Japan,7.5,0.05129469790382244,2024-2025
General_Training,Japan,8,0.024167694204685574,2024-2025
General_Training,Japan,8.5,0.011097410604192354,2024-2025
General_Training,Japan,9,9.864364981504315e-4,2024-2025
General_Training,Kenya,<4,0.0016944365998305564,2024-2025
General_Training,Kenya,4,0.010731431798926857,2024-2025
General_Training,Kenya,4.5,0.025981361197401864,2024-2025
General_Training,Kenya,5,0.06495340299350466,2024-2025
General_Training,Kenya,5.5,0.10505506918949449,2024-2025
General_Training,Kenya,6,0.17876306128212371,2024-2025
General_Training,Kenya,6.5,0.19598983338040102,2024-2025
General_Training,Kenya,7,0.16238350748376162,2024-2025
General_Training,Kenya,7.5,0.13414289748658573,2024-2025
General_Training,Kenya,8,0.08528664219147133,2024-2025
General_Training,Kenya,8.5,0.033888731996611125,2024-2025
General_Training,Kenya,9,0.0011296243998870376,2024-2025
General_Training,"Korea, Republic of",<4,0.01188707280832095,2024-2025
General_Training,"Korea, Republic of",4,0.025684568032264914,2024-2025
General_Training,"Korea, Republic of",4.5,0.06346847803014223,2024-2025
General_Training,"Korea, Republic of",5,0.11929526639779241,2024-2025
General_Training,"Korea, Republic of",5.5,0.18233920611335172,2024-2025
General_Training,"Korea, Republic of",6,0.19634897049458716,2024-2025
General_Training,"Korea, Republic of",6.5,0.1485884101040119,2024-2025
General_Training,"Korea, Republic of",7,0.10464869454468266,2024-2025
General_Training,"Korea, Republic of",7.5,0.07514328168117172,2024-2025
General_Training,"Korea, Republic of",8,0.04903417533432393,2024-2025
General_Training,"Korea, Republic of",8.5,0.02165145404372745,2024-2025
General_Training,"Korea, Republic of",9,0.0019104224156230101,2024-2025
General_Training,Malaysia,<4,0.013211845102505695,2024-2025
General_Training,Malaysia,4,0.02323462414578588,2024-2025
General_Training,Malaysia,4.5,0.058769931662870166,2024-2025
General_Training,Malaysia,5,0.06514806378132118,2024-2025
General_Training,Malaysia,5.5,0.09020501138952165,2024-2025
General_Training,Malaysia,6,0.10888382687927108,2024-2025
General_Training,Malaysia,6.5,0.11343963553530752,2024-2025
General_Training,Malaysia,7,0.12665148063781323,2024-2025
General_Training,Malaysia,7.5,0.13302961275626424,2024-2025
General_Training,Malaysia,8,0.15626423690205013,2024-2025
General_Training,Malaysia,8.5,0.10432801822323463,2024-2025
General_Training,Malaysia,9,0.006833712984054671,2024-2025
General_Training,Mauritius,<4,5.662514156285391e-4,2024-2025
General_Training,Mauritius,4,0.00622876557191393,2024-2025
General_Training,Mauritius,4.5,0.013023782559456399,2024-2025
General_Training,Mauritius,5,0.03850509626274066,2024-2025
General_Training,Mauritius,5.5,0.08493771234428087,2024-2025
General_Training,Mauritius,6,0.1710079275198188,2024-2025
General_Training,Mauritius,6.5,0.1783691959229898,2024-2025
General_Training,Mauritius,7,0.19309173272933183,2024-2025
General_Training,Mauritius,7.5,0.15402038505096263,2024-2025
General_Training,Mauritius,8,0.11325028312570781,2024-2025
General_Training,Mauritius,8.5,0.04303510758776897,2024-2025
General_Training,Mauritius,9,0.003963759909399773,2024-2025
General_Training,Mexico,<4,0.012908777969018934,2024-2025
General_Training,Mexico,4,0.016351118760757316,2024-2025
General_Training,Mexico,4.5,0.028399311531841654,2024-2025
General_Training,Mexico,5,0.06282271944922548,2024-2025
General_Training,Mexico,5.5,0.10728628800917958,2024-2025
General_Training,Mexico,6,0.15261044176706828,2024-2025
General_Training,Mexico,6.5,0.15547905909351692,2024-2025
General_Training,Mexico,7,0.15174985656913367,2024-2025
General_Training,Mexico,7.5,0.13826735513482502,2024-2025
General_Training,Mexico,8,0.11675272518646013,2024-2025
General_Training,Mexico,8.5,0.05393000573723466,2024-2025
General_Training,Mexico,9,0.0034423407917383818,2024-2025
General_Training,Nepal,<4,0.015242378810594703,2024-2025
General_Training,Nepal,4,0.029485257371314345,2024-2025
General_Training,Nepal,4.5,0.05738797268032651,2024-2025
General_Training,Nepal,5,0.08504081292686991,2024-2025
General_Training,Nepal,5.5,0.10461435948692321,2024-2025
General_Training,Nepal,6,0.15100782941862403,2024-2025
General_Training,Nepal,6.5,0.20756288522405467,2024-2025
General_Training,Nepal,7,0.18349158753956357,2024-2025
General_Training,Nepal,7.5,0.1120273196734966,2024-2025
General_Training,Nepal,8,0.04697651174412794,2024-2025
General_Training,Nepal,8.5,0.0069132100616358496,2024-2025
General_Training,Nepal,9,2.4987506246876566e-4,2024-2025
General_Training,Nigeria,<4,0.0033065138322495315,2024-2025
General_Training,Nigeria,4,0.0077592857930122335,2024-2025
General_Training,Nigeria,4.5,0.0221095558249752,2024-2025
General_Training,Nigeria,5,0.05748925383004519,2024-2025
General_Training,Nigeria,5.5,0.11253168742422572,2024-2025
General_Training,Nigeria,6,0.1627245673977736,2024-2025
General_Training,Nigeria,6.5,0.18157169624159594,2024-2025
General_Training,Nigeria,7,0.16960211616885265,2024-2025
General_Training,Nigeria,7.5,0.15247437451780005,2024-2025
General_Training,Nigeria,8,0.10272236305521877,2024-2025
General_Training,Nigeria,8.5,0.027003196296704505,2024-2025
General_Training,Nigeria,9,7.053896175465667e-4,2024-2025
General_Training,Pakistan,<4,0.04557631991636173,2024-2025
General_Training,Pakistan,4,0.07511108207004705,2024-2025
General_Training,Pakistan,4.5,0.12411787767903816,2024-2025
General_Training,Pakistan,5,0.14061683220073184,2024-2025
General_Training,Pakistan,5.5,0.13163225300575013,2024-2025
General_Training,Pakistan,6,0.11866178776790381,2024-2025
General_Training,Pakistan,6.5,0.1093504966021955,2024-2025
General_Training,Pakistan,7,0.09918975431259801,2024-2025
General_Training,Pakistan,7.5,0.07720203868269733,2024-2025
General_Training,Pakistan,8,0.05691322530057501,2024-2025
General_Training,Pakistan,8.5,0.02032148457919498,2024-2025
General_Training,Pakistan,9,0.0013068478829064295,2024-2025
General_Training,Peru,<4,0.02237136465324385,2024-2025
General_Training,Peru,4,0.03467561521252796,2024-2025
General_Training,Peru,4.5,0.06096196868008948,2024-2025
General_Training,Peru,5,0.1023489932885906,2024-2025
General_Training,Peru,5.5,0.14988814317673377,2024-2025
General_Training,Peru,6,0.15771812080536912,2024-2025
General_Training,Peru,6.5,0.1470917225950783,2024-2025
General_Training,Peru,7,0.12527964205816555,2024-2025
General_Training,Peru,7.5,0.09787472035794183,2024-2025
General_Training,Peru,8,0.0721476510067114,2024-2025
General_Training,Peru,8.5,0.02796420581655481,2024-2025
General_Training,Peru,9,0.0016778523489932883,2024-2025
General_Training,Philippines,<4,0.020512992681125358,2024-2025
General_Training,Philippines,4,0.0403209561538978,2024-2025
General_Training,Philippines,4.5,0.09726045793325723,2024-2025
General_Training,Philippines,5,0.15040623111528906,2024-2025
General_Training,Philippines,5.5,0.17454508829651513,2024-2025
General_Training,Philippines,6,0.17216141811589336,2024-2025
General_Training,Philippines,6.5,0.1338212583092728,2024-2025
General_Training,Philippines,7,0.09356744779426576,2024-2025
General_Training,Philippines,7.5,0.0661720271268381,2024-2025
General_Training,Philippines,8,0.03803800443161216,2024-2025
General_Training,Philippines,8.5,0.012421943194789498,2024-2025
General_Training,Philippines,9,7.721748472436715e-4,2024-2025
General_Training,Russian Federation,<4,0.004760015866719556,2024-2025
General_Training,Russian Federation,4,0.009123363744545816,2024-2025
General_Training,Russian Federation,4.5,0.022213407378024595,2024-2025
General_Training,Russian Federation,5,0.04760015866719556,2024-2025
General_Training,Russian Federation,5.5,0.07814359381197938,2024-2025
General_Training,Russian Federation,6,0.11543038476794923,2024-2025
General_Training,Russian Federation,6.5,0.14518048393494645,2024-2025
General_Training,Russian Federation,7,0.1626338754462515,2024-2025
General_Training,Russian Federation,7.5,0.1733439111463705,2024-2025
General_Training,Russian Federation,8,0.171360571201904,2024-2025
General_Training,Russian Federation,8.5,0.0654502181673939,2024-2025
General_Training,Russian Federation,9,0.004760015866719556,2024-2025
General_Training,Saudi Arabia,<4,0.19972887483054677,2024-2025
General_Training,Saudi Arabia,4,0.13014008133755084,2024-2025
General_Training,Saudi Arabia,4.5,0.12946226841391775,2024-2025
General_Training,Saudi Arabia,5,0.1421147763217352,2024-2025
General_Training,Saudi Arabia,5.5,0.13352914595571622,2024-2025
General_Training,Saudi Arabia,6,0.10845006778129235,2024-2025
General_Training,Saudi Arabia,6.5,0.06732941708088568,2024-2025
General_Training,Saudi Arabia,7,0.04722096701310438,2024-2025
General_Training,Saudi Arabia,7.5,0.02801626751016719,2024-2025
General_Training,Saudi Arabia,8,0.009715318572074107,2024-2025
General_Training,Saudi Arabia,8.5,0.004066877541798464,2024-2025
General_Training,Saudi Arabia,9,2.2593764121102574e-4,2024-2025
General_Training,South Africa,<4,0.0022197558268590455,2024-2025
General_Training,South Africa,4,0.0031076581576026637,2024-2025
General_Training,South Africa,4.5,0.011986681465038847,2024-2025
General_Training,South Africa,5,0.03307436182019978,2024-2025
General_Training,South Africa,5.5,0.07192008879023307,2024-2025
General_Training,South Africa,6,0.11675915649278579,2024-2025
General_Training,South Africa,6.5,0.14006659267480578,2024-2025
General_Training,South Africa,7,0.15072142064372918,2024-2025
General_Training,South Africa,7.5,0.1611542730299667,2024-2025
General_Training,South Africa,8,0.17203107658157601,2024-2025
General_Training,South Africa,8.5,0.12563817980022196,2024-2025
General_Training,South Africa,9,0.011320754716981131,2024-2025
General_Training,Spain,<4,0.0022564874012786762,2024-2025
General_Training,Spain,4,0.011282437006393382,2024-2025
General_Training,Spain,4.5,0.03723204212109816,2024-2025
General_Training,Spain,5,0.08273787138021813,2024-2025
General_Training,Spain,5.5,0.1560737119217751,2024-2025
General_Training,Spain,6,0.18277547950357279,2024-2025
General_Training,Spain,6.5,0.16472358029334339,2024-2025
General_Training,Spain,7,0.1470477623166604,2024-2025
General_Training,Spain,7.5,0.11808950733358406,2024-2025
General_Training,Spain,8,0.0735238811583302,2024-2025
General_Training,Spain,8.5,0.02425723956374577,2024-2025
General_Training,Spain,9,0,2024-2025
General_Training,Sri Lanka,<4,0.031488362996283985,2024-2025
General_Training,Sri Lanka,4,0.06062976725992568,2024-2025
General_Training,Sri Lanka,4.5,0.11050264032857422,2024-2025
General_Training,Sri Lanka,5,0.12810483082339136,2024-2025
General_Training,Sri Lanka,5.5,0.1336788578134168,2024-2025
General_Training,Sri Lanka,6,0.13944846469782907,2024-2025
General_Training,Sri Lanka,6.5,0.12487776256600823,2024-2025
General_Training,Sri Lanka,7,0.10571093291609623,2024-2025
General_Training,Sri Lanka,7.5,0.08497946411108938,2024-2025
General_Training,Sri Lanka,8,0.05710932916096225,2024-2025
General_Training,Sri Lanka,8.5,0.022296107960101702,2024-2025
General_Training,Sri Lanka,9,0.0011734793663211423,2024-2025
General_Training,Taiwan,<4,0.010661764705882353,2024-2025
General_Training,Taiwan,4,0.01875,2024-2025
General_Training,Taiwan,4.5,0.05514705882352941,2024-2025
General_Training,Taiwan,5,0.09705882352941178,2024-2025
General_Training,Taiwan,5.5,0.15551470588235294,2024-2025
General_Training,Taiwan,6,0.20147058823529412,2024-2025
General_Training,Taiwan,6.5,0.17022058823529412,2024-2025
General_Training,Taiwan,7,0.12058823529411765,2024-2025
General_Training,Taiwan,7.5,0.09301470588235296,2024-2025
General_Training,Taiwan,8,0.05955882352941177,2024-2025
General_Training,Taiwan,8.5,0.016544117647058824,2024-2025
General_Training,Taiwan,9,0.0014705882352941176,2024-2025
General_Training,Thailand,<4,0.05409674234945706,2024-2025
General_Training,Thailand,4,0.08213228035538006,2024-2025
General_Training,Thailand,4.5,0.136426456071076,2024-2025
General_Training,Thailand,5,0.17808489634748273,2024-2025
General_Training,Thailand,5.5,0.20868706811451132,2024-2025
General_Training,Thailand,6,0.171964461994077,2024-2025
General_Training,Thailand,6.5,0.08430404738400789,2024-2025
General_Training,Thailand,7,0.041855873642645605,2024-2025
General_Training,Thailand,7.5,0.02250740375123396,2024-2025
General_Training,Thailand,8,0.0140177690029615,2024-2025
General_Training,Thailand,8.5,0.005133267522211254,2024-2025
General_Training,Thailand,9,7.897334649555774e-4,2024-2025
General_Training,Turkey,<4,0.04249137461412747,2024-2025
General_Training,Turkey,4,0.06482658434719447,2024-2025
General_Training,Turkey,4.5,0.09097512257127292,2024-2025
General_Training,Turkey,5,0.11893953150535681,2024-2025
General_Training,Turkey,5.5,0.14272743780642816,2024-2025
General_Training,Turkey,6,0.1594334483384783,2024-2025
General_Training,Turkey,6.5,0.12765571091338296,2024-2025
General_Training,Turkey,7,0.09969130197929907,2024-2025
General_Training,Turkey,7.5,0.07608498274922824,2024-2025
General_Training,Turkey,8,0.05411294715816234,2024-2025
General_Training,Turkey,8.5,0.021972035591065912,2024-2025
General_Training,Turkey,9,0.0010895224260032686,2024-2025
General_Training,Ukraine,<4,0.012134583563154992,2024-2025
General_Training,Ukraine,4,0.014892443463872036,2024-2025
General_Training,Ukraine,4.5,0.03364589078874793,2024-2025
General_Training,Ukraine,5,0.07280750137892995,2024-2025
General_Training,Ukraine,5.5,0.10424710424710425,2024-2025
General_Training,Ukraine,6,0.13182570325427467,2024-2025
General_Training,Ukraine,6.5,0.15278543849972423,2024-2025
General_Training,Ukraine,7,0.14671814671814673,2024-2025
General_Training,Ukraine,7.5,0.15444015444015446,2024-2025
General_Training,Ukraine,8,0.1329288472145615,2024-2025
General_Training,Ukraine,8.5,0.042471042471042476,2024-2025
General_Training,Ukraine,9,0.0011031439602868175,2024-2025
General_Training,United States of America,<4,6.651147322913202e-4,2024-2025
General_Training,United States of America,4,0.0013302294645826404,2024-2025
General_Training,United States of America,4.5,0.0013302294645826404,2024-2025
General_Training,United States of America,5,0.002993016295310941,2024-2025
General_Training,United States of America,5.5,0.008979048885932824,2024-2025
General_Training,United States of America,6,0.012304622547389423,2024-2025
General_Training,United States of America,6.5,0.020285999334885268,2024-2025
General_Training,United States of America,7,0.040571998669770536,2024-2025
General_Training,United States of America,7.5,0.08879281676089125,2024-2025
General_Training,United States of America,8,0.2128367143332225,2024-2025
General_Training,United States of America,8.5,0.4702361157299634,2024-2025
General_Training,United States of America,9,0.13967409378117723,2024-2025
General_Training,Vietnam,<4,0.04977556109725685,2024-2025
General_Training,Vietnam,4,0.06733167082294264,2024-2025
General_Training,Vietnam,4.5,0.11092269326683292,2024-2025
General_Training,Vietnam,5,0.14084788029925188,2024-2025
General_Training,Vietnam,5.5,0.130573566084788,2024-2025
General_Training,Vietnam,6,0.12379052369077308,2024-2025
General_Training,Vietnam,6.5,0.11231920199501247,2024-2025
General_Training,Vietnam,7,0.09047381546134663,2024-2025
General_Training,Vietnam,7.5,0.09017456359102244,2024-2025
General_Training,Vietnam,8,0.06364089775561096,2024-2025
General_Training,Vietnam,8.5,0.019551122194513715,2024-2025
General_Training,Vietnam,9,5.98503740648379e-4,2024-2025
General_Training,Zimbabwe,<4,0.0025456088247772595,2024-2025
General_Training,Zimbabwe,4,0.009333899024183284,2024-2025
General_Training,Zimbabwe,4.5,0.024748974685334466,2024-2025
General_Training,Zimbabwe,5,0.07085277895630038,2024-2025
General_Training,Zimbabwe,5.5,0.1558478291613633,2024-2025
General_Training,Zimbabwe,6,0.21086126431904964,2024-2025
General_Training,Zimbabwe,6.5,0.1978503747701881,2024-2025
General_Training,Zimbabwe,7,0.14170555791260075,2024-2025
General_Training,Zimbabwe,7.5,0.09970301230377598,2024-2025
General_Training,Zimbabwe,8,0.061660302644604724,2024-2025
General_Training,Zimbabwe,8.5,0.023193324847970587,2024-2025
General_Training,Zimbabwe,9,0.0016970725498515063,2024-2025
Academic,Azerbaijan,<4,0.001203079884504331,2023-2024
Academic,Azerbaijan,4,0.003007699711260828,2023-2024
Academic,Azerbaijan,4.5,0.009985563041385948,2023-2024
Academic,Azerbaijan,5,0.03994225216554379,2023-2024
Academic,Azerbaijan,5.5,0.11345043310875841,2023-2024
Academic,Azerbaijan,6,0.19886910490856594,2023-2024
Academic,Azerbaijan,6.5,0.21944177093359,2023-2024
Academic,Azerbaijan,7,0.19201154956689123,2023-2024
Academic,Azerbaijan,7.5,0.1373917228103946,2023-2024
Academic,Azerbaijan,8,0.07519249278152068,2023-2024
Academic,Azerbaijan,8.5,0.009143407122232916,2023-2024
Academic,Azerbaijan,9,3.609239653512993e-4,2023-2024
Academic,Bangladesh,<4,0.012752278141355463,2023-2024
Academic,Bangladesh,4,0.036335136954153795,2023-2024
Academic,Bangladesh,4.5,0.0866623568689615,2023-2024
Academic,Bangladesh,5,0.1480149839268161,2023-2024
Academic,Bangladesh,5.5,0.20412500774878012,2023-2024
Academic,Bangladesh,6,0.20391246977975755,2023-2024
Academic,Bangladesh,6.5,0.14189566156870734,2023-2024
Academic,Bangladesh,7,0.0855022537880465,2023-2024
Academic,Bangladesh,7.5,0.05169986096474527,2023-2024
Academic,Bangladesh,8,0.024610125663074186,2023-2024
Academic,Bangladesh,8.5,0.004454441600765137,2023-2024
Academic,Bangladesh,9,3.5422994837098504e-5,2023-2024
Academic,Cambodia,<4,0.003929273084479371,2023-2024
Academic,Cambodia,4,0.012827920952270888,2023-2024
Academic,Cambodia,4.5,0.04969374783312146,2023-2024
Academic,Cambodia,5,0.1330174505951693,2023-2024
Academic,Cambodia,5.5,0.2059401363688894,2023-2024
Academic,Cambodia,6,0.21634115335721713,2023-2024
Academic,Cambodia,6.5,0.15948226048769212,2023-2024
Academic,Cambodia,7,0.11429562001617936,2023-2024
Academic,Cambodia,7.5,0.07142031665318387,2023-2024
Academic,Cambodia,8,0.0287761470010401,2023-2024
Academic,Cambodia,8.5,0.004275973650756963,2023-2024
Academic,Cambodia,9,0,2023-2024
Academic,China,<4,0.005580602505802072,2023-2024
Academic,China,4,0.01426286338082928,2023-2024
Academic,China,4.5,0.04468705631610923,2023-2024
Academic,China,5,0.11694356692878421,2023-2024
Academic,China,5.5,0.22056971312909027,2023-2024
Academic,China,6,0.26285255101654037,2023-2024
Academic,China,6.5,0.1833660574175012,2023-2024
Academic,China,7,0.09715641606840976,2023-2024
Academic,China,7.5,0.043411304375136045,2023-2024
Academic,China,8,0.01019735167759214,2023-2024
Academic,China,8.5,9.616873714636599e-4,2023-2024
Academic,China,9,1.0829812741707884e-5,2023-2024
Academic,Colombia,<4,0.001969149983590417,2023-2024
Academic,Colombia,4,0.0049228749589760425,2023-2024
Academic,Colombia,4.5,0.01764030193633082,2023-2024
Academic,Colombia,5,0.04619297669839186,2023-2024
Academic,Colombia,5.5,0.10781096160157533,2023-2024
Academic,Colombia,6,0.17755169018706926,2023-2024
Academic,Colombia,6.5,0.19494584837545126,2023-2024
Academic,Colombia,7,0.1882999671808336,2023-2024
Academic,Colombia,7.5,0.1588447653429603,2023-2024
Academic,Colombia,8,0.08426320971447326,2023-2024
Academic,Colombia,8.5,0.01723006235641615,2023-2024
Academic,Colombia,9,3.2819166393173617e-4,2023-2024
Academic,Egypt,<4,0.003036013400335009,2023-2024
Academic,Egypt,4,0.006072026800670018,2023-2024
Academic,Egypt,4.5,0.020885678391959803,2023-2024
Academic,Egypt,5,0.05103643216080402,2023-2024
Academic,Egypt,5.5,0.101392378559464,2023-2024
Academic,Egypt,6,0.15316164154103853,2023-2024
Academic,Egypt,6.5,0.17676926298157455,2023-2024
Academic,Egypt,7,0.1828412897822446,2023-2024
Academic,Egypt,7.5,0.16886515912897823,2023-2024
Academic,Egypt,8,0.11264656616415411,2023-2024
Academic,Egypt,8.5,0.023031825795644893,2023-2024
Academic,Egypt,9,2.6172529313232834e-4,2023-2024
Academic,France,<4,4.3163914967087513e-4,2023-2024
Academic,France,4,0.0021581957483543758,2023-2024
Academic,France,4.5,0.010251429804683283,2023-2024
Academic,France,5,0.0324268911190245,2023-2024
Academic,France,5.5,0.07861228013380814,2023-2024
Academic,France,6,0.13537282831552822,2023-2024
Academic,France,6.5,0.17163051688788172,2023-2024
Academic,France,7,0.1946153016078558,2023-2024
Academic,France,7.5,0.20535232545591886,2023-2024
Academic,France,8,0.13440164022876874,2023-2024
Academic,France,8.5,0.034153447717707994,2023-2024
Academic,France,9,5.935038307974533e-4,2023-2024
Academic,Ghana,<4,1.3339558460614953e-4,2023-2024
Academic,Ghana,4,0.0015340492229707198,2023-2024
Academic,Ghana,4.5,0.00433535649969986,2023-2024
Academic,Ghana,5,0.021876875875408524,2023-2024
Academic,Ghana,5.5,0.09030881077836322,2023-2024
Academic,Ghana,6,0.1934902954712199,2023-2024
Academic,Ghana,6.5,0.27719602481157873,2023-2024
Academic,Ghana,7,0.24818248515974123,2023-2024
Academic,Ghana,7.5,0.11765490562262389,2023-2024
Academic,Ghana,8,0.03908490628960181,2023-2024
Academic,Ghana,8.5,0.0060694990995798035,2023-2024
Academic,Ghana,9,1.3339558460614953e-4,2023-2024
Academic,Hong Kong,<4,9.855554528935293e-4,2023-2024
Academic,Hong Kong,4,0.00320305522190397,2023-2024
Academic,Hong Kong,4.5,0.013089408358742186,2023-2024
Academic,Hong Kong,5,0.047676245033724474,2023-2024
Academic,Hong Kong,5.5,0.11829745295512643,2023-2024
Academic,Hong Kong,6,0.16926914903446366,2023-2024
Academic,Hong Kong,6.5,0.16782161446302626,2023-2024
Academic,Hong Kong,7,0.17062428778219224,2023-2024
Academic,Hong Kong,7.5,0.15673411561797407,2023-2024
Academic,Hong Kong,8,0.11715790446271829,2023-2024
Academic,Hong Kong,8.5,0.034094058948535524,2023-2024
Academic,Hong Kong,9,0.001047152668699375,2023-2024
Academic,India,<4,8.167542781700975e-4,2023-2024
Academic,India,4,0.0029276351980069702,2023-2024
Academic,India,4.5,0.01226996153050055,2023-2024
Academic,India,5,0.05416311589892386,2023-2024
Academic,India,5.5,0.1743956857472649,2023-2024
Academic,India,6,0.2629762302128223,2023-2024
Academic,India,6.5,0.19921718391329724,2023-2024
Academic,India,7,0.13575649534095763,2023-2024
Academic,India,7.5,0.09333562074257509,2023-2024
Academic,India,8,0.053463839975833025,2023-2024
Academic,India,8.5,0.010567457749748727,2023-2024
Academic,India,9,1.10019411899625e-4,2023-2024
Academic,Indonesia,<4,0.0022744669218151994,2023-2024
Academic,Indonesia,4,0.004242755604155276,2023-2024
Academic,Indonesia,4.5,0.012487698195735373,2023-2024
Academic,Indonesia,5,0.03564789502460361,2023-2024
Academic,Indonesia,5.5,0.09141607435757244,2023-2024
Academic,Indonesia,6,0.16500820120284307,2023-2024
Academic,Indonesia,6.5,0.20314926189174412,2023-2024
Academic,Indonesia,7,0.2014434117003827,2023-2024
Academic,Indonesia,7.5,0.17305631492618917,2023-2024
Academic,Indonesia,8,0.09268452706396937,2023-2024
Academic,Indonesia,8.5,0.018283214871514488,2023-2024
Academic,Indonesia,9,3.06178239475123e-4,2023-2024
Academic,"Iran, Islamic Republic of",<4,9.431345353675451e-4,2023-2024
Academic,"Iran, Islamic Republic of",4,0.003578363384188627,2023-2024
Academic,"Iran, Islamic Republic of",4.5,0.012399445214979196,2023-2024
Academic,"Iran, Islamic Republic of",5,0.043411927877947294,2023-2024
Academic,"Iran, Islamic Republic of",5.5,0.12224687933425799,2023-2024
Academic,"Iran, Islamic Republic of",6,0.23004160887656033,2023-2024
Academic,"Iran, Islamic Republic of",6.5,0.2404715672676838,2023-2024
Academic,"Iran, Islamic Republic of",7,0.1803606102635229,2023-2024
Academic,"Iran, Islamic Republic of",7.5,0.1094868238557559,2023-2024
Academic,"Iran, Islamic Republic of",8,0.049847434119278784,2023-2024
Academic,"Iran, Islamic Republic of",8.5,0.007045769764216367,2023-2024
Academic,"Iran, Islamic Republic of",9,1.6643550624133148e-4,2023-2024
Academic,Italy,<4,3.382949932341001e-4,2023-2024
Academic,Italy,4,0.001390768305517967,2023-2024
Academic,Italy,4.5,0.0045105999097880016,2023-2024
Academic,Italy,5,0.020222522928882873,2023-2024
Academic,Italy,5.5,0.05675838219816568,2023-2024
Academic,Italy,6,0.1120132310930687,2023-2024
Academic,Italy,6.5,0.16880920162381596,2023-2024
Academic,Italy,7,0.20534506089309876,2023-2024
Academic,Italy,7.5,0.23872350022552996,2023-2024
Academic,Italy,8,0.1617425950984814,2023-2024
Academic,Italy,8.5,0.02976995940460081,2023-2024
Academic,Italy,9,3.758833258156668e-4,2023-2024
Academic,Japan,<4,0.006450549224079303,2023-2024
Academic,Japan,4,0.01879521051872308,2023-2024
Academic,Japan,4.5,0.056468066690023286,2023-2024
Academic,Japan,5,0.14615749232322817,2023-2024
Academic,Japan,5.5,0.23906188817674093,2023-2024
Academic,Japan,6,0.22780949240566328,2023-2024
Academic,Japan,6.5,0.15656492797230182,2023-2024
Academic,Japan,7,0.08678358716484967,2023-2024
Academic,Japan,7.5,0.04218617974980937,2023-2024
Academic,Japan,8,0.015539022731488161,2023-2024
Academic,Japan,8.5,0.004080539125775406,2023-2024
Academic,Japan,9,1.0304391731756076e-4,2023-2024
Academic,Jordan,<4,0.006282469493777939,2023-2024
Academic,Jordan,4,0.01292738915065845,2023-2024
Academic,Jordan,4.5,0.02887519632717168,2023-2024
Academic,Jordan,5,0.06451612903225806,2023-2024
Academic,Jordan,5.5,0.11997100398695179,2023-2024
Academic,Jordan,6,0.16129032258064516,2023-2024
Academic,Jordan,6.5,0.1757883291047481,2023-2024
Academic,Jordan,7,0.17252627763682493,2023-2024
Academic,Jordan,7.5,0.1515041681768757,2023-2024
Academic,Jordan,8,0.08698803914461761,2023-2024
Academic,Jordan,8.5,0.01920985864443639,2023-2024
Academic,Jordan,9,1.2081672103419114e-4,2023-2024
Academic,Kazakhstan,<4,0.004419235854965551,2023-2024
Academic,Kazakhstan,4,0.009221240169810008,2023-2024
Academic,Kazakhstan,4.5,0.027106966385969797,2023-2024
Academic,Kazakhstan,5,0.08198204467951842,2023-2024
Academic,Kazakhstan,5.5,0.16090194168000557,2023-2024
Academic,Kazakhstan,6,0.20519869162780988,2023-2024
Academic,Kazakhstan,6.5,0.18797411093325908,2023-2024
Academic,Kazakhstan,7,0.1572830398775141,2023-2024
Academic,Kazakhstan,7.5,0.11145521609019417,2023-2024
Academic,Kazakhstan,8,0.04885517433363491,2023-2024
Academic,Kazakhstan,8.5,0.00549794696916974,2023-2024
Academic,Kazakhstan,9,1.0439139814879254e-4,2023-2024
Academic,Kenya,<4,1.551750892256763e-4,2023-2024
Academic,Kenya,4,9.310505353540578e-4,2023-2024
Academic,Kenya,4.5,0.005431128122898671,2023-2024
Academic,Kenya,5,0.02570733978172037,2023-2024
Academic,Kenya,5.5,0.09455335436817876,2023-2024
Academic,Kenya,6,0.19407231159157917,2023-2024
Academic,Kenya,6.5,0.2496767185641132,2023-2024
Academic,Kenya,7,0.22241762789013603,2023-2024
Academic,Kenya,7.5,0.13851962964878706,2023-2024
Academic,Kenya,8,0.05912170899498267,2023-2024
Academic,Kenya,8.5,0.009258780323798685,2023-2024
Academic,Kenya,9,1.551750892256763e-4,2023-2024
Academic,"Korea, Republic of",<4,0.0019618261331589486,2023-2024
Academic,"Korea, Republic of",4,0.005885478399476847,2023-2024
Academic,"Korea, Republic of",4.5,0.02133485919810357,2023-2024
Academic,"Korea, Republic of",5,0.07058486941594802,2023-2024
Academic,"Korea, Republic of",5.5,0.1721911145624719,2023-2024
Academic,"Korea, Republic of",6,0.24097764335635755,2023-2024
Academic,"Korea, Republic of",6.5,0.2088936118036539,2023-2024
Academic,"Korea, Republic of",7,0.14558384763150367,2023-2024
Academic,"Korea, Republic of",7.5,0.08685167777005763,2023-2024
Academic,"Korea, Republic of",8,0.037152082396697594,2023-2024
Academic,"Korea, Republic of",8.5,0.008419503821473823,2023-2024
Academic,"Korea, Republic of",9,1.6348551109657906e-4,2023-2024
Academic,Kuwait,<4,0.022612302711452852,2023-2024
Academic,Kuwait,4,0.061614730878186974,2023-2024
Academic,Kuwait,4.5,0.12823755564548767,2023-2024
Academic,Kuwait,5,0.17619384864427357,2023-2024
Academic,Kuwait,5.5,0.18575475515985432,2023-2024
Academic,Kuwait,6,0.15595912585997573,2023-2024
Academic,Kuwait,6.5,0.108559287737758,2023-2024
Academic,Kuwait,7,0.08458114123836503,2023-2024
Academic,Kuwait,7.5,0.04997976527721571,2023-2024
Academic,Kuwait,8,0.02291582355321732,2023-2024
Academic,Kuwait,8.5,0.0035916632942128695,2023-2024
Academic,Kuwait,9,0,2023-2024
Academic,Malaysia,<4,7.199424046076314e-4,2023-2024
Academic,Malaysia,4,0.0015998720102391808,2023-2024
Academic,Malaysia,4.5,0.004079673626109911,2023-2024
Academic,Malaysia,5,0.017118630509559234,2023-2024
Academic,Malaysia,5.5,0.056315494760419166,2023-2024
Academic,Malaysia,6,0.11903047756179505,2023-2024
Academic,Malaysia,6.5,0.1505479561635069,2023-2024
Academic,Malaysia,7,0.18150547956163507,2023-2024
Academic,Malaysia,7.5,0.21630269578433722,2023-2024
Academic,Malaysia,8,0.18878489720822333,2023-2024
Academic,Malaysia,8.5,0.06183505319574434,2023-2024
Academic,Malaysia,9,0.0021598272138228943,2023-2024
Academic,Mexico,<4,0.013896081477645435,2023-2024
Academic,Mexico,4,0.01294665976178146,2023-2024
Academic,Mexico,4.5,0.020628344553771792,2023-2024
Academic,Mexico,5,0.0472984636630416,2023-2024
Academic,Mexico,5.5,0.10495425513550836,2023-2024
Academic,Mexico,6,0.1687381322285517,2023-2024
Academic,Mexico,6.5,0.18090799240462627,2023-2024
Academic,Mexico,7,0.183411013291904,2023-2024
Academic,Mexico,7.5,0.15855342654928362,2023-2024
Academic,Mexico,8,0.08907301916105645,2023-2024
Academic,Mexico,8.5,0.019419989642672192,2023-2024
Academic,Mexico,9,1.7262213015708613e-4,2023-2024
Academic,Mongolia,<4,0.00514734268433921,2023-2024
Academic,Mongolia,4,0.00990863466735298,2023-2024
Academic,Mongolia,4.5,0.033972461716638785,2023-2024
Academic,Mongolia,5,0.07540857032556943,2023-2024
Academic,Mongolia,5.5,0.15351949556041694,2023-2024
Academic,Mongolia,6,0.19058036288765925,2023-2024
Academic,Mongolia,6.5,0.1936687684982628,2023-2024
Academic,Mongolia,7,0.16008235748294944,2023-2024
Academic,Mongolia,7.5,0.11504310899498135,2023-2024
Academic,Mongolia,8,0.05610603525929739,2023-2024
Academic,Mongolia,8.5,0.006562861922532493,2023-2024
Academic,Mongolia,9,0,2023-2024
Academic,Myanmar,<4,5.377789728421619e-4,2023-2024
Academic,Myanmar,4,4.0333422963162143e-4,2023-2024
Academic,Myanmar,4.5,0.009276687281527293,2023-2024
Academic,Myanmar,5,0.03858564130142512,2023-2024
Academic,Myanmar,5.5,0.12167249260553913,2023-2024
Academic,Myanmar,6,0.20207044904544233,2023-2024
Academic,Myanmar,6.5,0.2079860177467061,2023-2024
Academic,Myanmar,7,0.18190373756386127,2023-2024
Academic,Myanmar,7.5,0.14076364614143588,2023-2024
Academic,Myanmar,8,0.08429685399300889,2023-2024
Academic,Myanmar,8.5,0.012503361118580265,2023-2024
Academic,Myanmar,9,0,2023-2024
Academic,Nepal,<4,9.580874749072328e-4,2023-2024
Academic,Nepal,4,0.003665064784962589,2023-2024
Academic,Nepal,4.5,0.014553804975971774,2023-2024
Academic,Nepal,5,0.06276233347527221,2023-2024
Academic,Nepal,5.5,0.18491088265709593,2023-2024
Academic,Nepal,6,0.2773891355921893,2023-2024
Academic,Nepal,6.5,0.22700590060222642,2023-2024
Academic,Nepal,7,0.13475576373258716,2023-2024
Academic,Nepal,7.5,0.06711174645659712,2023-2024
Academic,Nepal,8,0.02386094044649918,2023-2024
Academic,Nepal,8.5,0.0029655088509033395,2023-2024
Academic,Nepal,9,6.083095078776081e-5,2023-2024
Academic,Nigeria,<4,6.854562316035643e-4,2023-2024
Academic,Nigeria,4,0.0018346034434095397,2023-2024
Academic,Nigeria,4.5,0.00721745090923753,2023-2024
Academic,Nigeria,5,0.024797387202128943,2023-2024
Academic,Nigeria,5.5,0.07523890165719124,2023-2024
Academic,Nigeria,6,0.16362243457925083,2023-2024
Academic,Nigeria,6.5,0.2409378654086529,2023-2024
Academic,Nigeria,7,0.2335591306802145,2023-2024
Academic,Nigeria,7.5,0.16152574492963992,2023-2024
Academic,Nigeria,8,0.07862586186040885,2023-2024
Academic,Nigeria,8.5,0.011874521188661747,2023-2024
Academic,Nigeria,9,8.064190960041933e-5,2023-2024
Academic,Oman,<4,0.014362023785527112,2023-2024
Academic,Oman,4,0.03960894980850635,2023-2024
Academic,Oman,4.5,0.13066921991533964,2023-2024
Academic,Oman,5,0.25650070550292275,2023-2024
Academic,Oman,5.5,0.2691997581132836,2023-2024
Academic,Oman,6,0.14755089699657326,2023-2024
Academic,Oman,6.5,0.067728280588591,2023-2024
Academic,Oman,7,0.03915541221527918,2023-2024
Academic,Oman,7.5,0.022576093529530335,2023-2024
Academic,Oman,8,0.010229792380568434,2023-2024
Academic,Oman,8.5,0.00236847409796412,2023-2024
Academic,Oman,9,5.0393065914130216e-5,2023-2024
Academic,Pakistan,<4,0.006831923300274415,2023-2024
Academic,Pakistan,4,0.01316283889186204,2023-2024
Academic,Pakistan,4.5,0.031278822176423034,2023-2024
Academic,Pakistan,5,0.07355704086628786,2023-2024
Academic,Pakistan,5.5,0.1499721029798572,2023-2024
Academic,Pakistan,6,0.2144540723956139,2023-2024
Academic,Pakistan,6.5,0.18962003119911638,2023-2024
Academic,Pakistan,7,0.14693189711123508,2023-2024
Academic,Pakistan,7.5,0.10154515331974538,2023-2024
Academic,Pakistan,8,0.05972239618323218,2023-2024
Academic,Pakistan,8.5,0.012764310032679367,2023-2024
Academic,Pakistan,9,1.5941154367306968e-4,2023-2024
Academic,Philippines,<4,8.013496415014762e-4,2023-2024
Academic,Philippines,4,0.0018557570645297342,2023-2024
Academic,Philippines,4.5,0.0070012652889076335,2023-2024
Academic,Philippines,5,0.026697595951075494,2023-2024
Academic,Philippines,5.5,0.06427667650780261,2023-2024
Academic,Philippines,6,0.1411640657950232,2023-2024
Academic,Philippines,6.5,0.21623787431463515,2023-2024
Academic,Philippines,7,0.23403627161535215,2023-2024
Academic,Philippines,7.5,0.18059890341628004,2023-2024
Academic,Philippines,8,0.10113876001687051,2023-2024
Academic,Philippines,8.5,0.025601012231126107,2023-2024
Academic,Philippines,9,5.904681568958245e-4,2023-2024
Academic,Russian Federation,<4,6.996268656716419e-4,2023-2024
Academic,Russian Federation,4,0.002332089552238806,2023-2024
Academic,Russian Federation,4.5,0.008784203980099502,2023-2024
Academic,Russian Federation,5,0.029384328358208957,2023-2024
Academic,Russian Federation,5.5,0.0845771144278607,2023-2024
Academic,Russian Federation,6,0.13774875621890548,2023-2024
Academic,Russian Federation,6.5,0.17241915422885573,2023-2024
Academic,Russian Federation,7,0.1851679104477612,2023-2024
Academic,Russian Federation,7.5,0.2064676616915423,2023-2024
Academic,Russian Federation,8,0.138681592039801,2023-2024
Academic,Russian Federation,8.5,0.03311567164179105,2023-2024
Academic,Russian Federation,9,6.218905472636816e-4,2023-2024
Academic,Saudi Arabia,<4,0.021926803508288562,2023-2024
Academic,Saudi Arabia,4,0.039697846351655415,2023-2024
Academic,Saudi Arabia,4.5,0.08384993341598936,2023-2024
Academic,Saudi Arabia,5,0.14242090278734446,2023-2024
Academic,Saudi Arabia,5.5,0.18994811039169768,2023-2024
Academic,Saudi Arabia,6,0.18248610919777747,2023-2024
Academic,Saudi Arabia,6.5,0.1397575423612068,2023-2024
Academic,Saudi Arabia,7,0.10272305643568905,2023-2024
Academic,Saudi Arabia,7.5,0.06392065022730403,2023-2024
Academic,Saudi Arabia,8,0.028814804610368738,2023-2024
Academic,Saudi Arabia,8.5,0.004408320705331314,2023-2024
Academic,Saudi Arabia,9,4.592000734720118e-5,2023-2024
Academic,Spain,<4,5.289605924358636e-4,2023-2024
Academic,Spain,4,5.289605924358636e-4,2023-2024
Academic,Spain,4.5,0.003306003702724147,2023-2024
Academic,Spain,5,0.017191219254165568,2023-2024
Academic,Spain,5.5,0.04972229568897117,2023-2024
Academic,Spain,6,0.10460195715419202,2023-2024
Academic,Spain,6.5,0.1581592171383232,2023-2024
Academic,Spain,7,0.19836022216344884,2023-2024
Academic,Spain,7.5,0.23142025919069031,2023-2024
Academic,Spain,8,0.19121925416556468,2023-2024
Academic,Spain,8.5,0.04430044961650357,2023-2024
Academic,Spain,9,6.612007405448295e-4,2023-2024
Academic,Sri Lanka,<4,0.0015139547130068457,2023-2024
Academic,Sri Lanka,4,0.005134281200631911,2023-2024
Academic,Sri Lanka,4.5,0.018101632438125327,2023-2024
Academic,Sri Lanka,5,0.06648235913638757,2023-2024
Academic,Sri Lanka,5.5,0.1613020010531859,2023-2024
Academic,Sri Lanka,6,0.2380858346498157,2023-2024
Academic,Sri Lanka,6.5,0.2007635597682991,2023-2024
Academic,Sri Lanka,7,0.13908636124275936,2023-2024
Academic,Sri Lanka,7.5,0.0964652448657188,2023-2024
Academic,Sri Lanka,8,0.059175882043180625,2023-2024
Academic,Sri Lanka,8.5,0.013724328593996839,2023-2024
Academic,Sri Lanka,9,1.6456029489204843e-4,2023-2024
Academic,Thailand,<4,0.010716620711219762,2023-2024
Academic,Thailand,4,0.017226186076920887,2023-2024
Academic,Thailand,4.5,0.041899997157395036,2023-2024
Academic,Thailand,5,0.10077034594502403,2023-2024
Academic,Thailand,5.5,0.18604849484067199,2023-2024
Academic,Thailand,6,0.21458824867108217,2023-2024
Academic,Thailand,6.5,0.17012990704681769,2023-2024
Academic,Thailand,7,0.12319849910457943,2023-2024
Academic,Thailand,7.5,0.08246396998209159,2023-2024
Academic,Thailand,8,0.04352028198641235,2023-2024
Academic,Thailand,8.5,0.009295318229625628,2023-2024
Academic,Thailand,9,1.421302481594133e-4,2023-2024
Academic,Turkey,<4,0.00372572536810677,2023-2024
Academic,Turkey,4,0.007655600071452268,2023-2024
Academic,Turkey,4.5,0.02495725623293439,2023-2024
Academic,Turkey,5,0.062265547247811776,2023-2024
Academic,Turkey,5.5,0.13070661188659505,2023-2024
Academic,Turkey,6,0.18840431775844027,2023-2024
Academic,Turkey,6.5,0.18552070839819326,2023-2024
Academic,Turkey,7,0.16446780820169957,2023-2024
Academic,Turkey,7.5,0.13943399596805062,2023-2024
Academic,Turkey,8,0.0792609794064358,2023-2024
Academic,Turkey,8.5,0.013524893459565672,2023-2024
Academic,Turkey,9,7.655600071452267e-5,2023-2024
Academic,Ukraine,<4,0.0010596962204168139,2023-2024
Academic,Ukraine,4,0.0049452490286117975,2023-2024
Academic,Ukraine,4.5,0.013776050865418579,2023-2024
Academic,Ukraine,5,0.0466266336983398,2023-2024
Academic,Ukraine,5.5,0.11362298363358059,2023-2024
Academic,Ukraine,6,0.18109030966678438,2023-2024
Academic,Ukraine,6.5,0.19310020016484164,2023-2024
Academic,Ukraine,7,0.18144354174025668,2023-2024
Academic,Ukraine,7.5,0.16072059342988343,2023-2024
Academic,Ukraine,8,0.08854350641704933,2023-2024
Academic,Ukraine,8.5,0.014953491110326149,2023-2024
Academic,Ukraine,9,1.1774402449075708e-4,2023-2024
Academic,United Arab Emirates,<4,0.04779829121108921,2023-2024
Academic,United Arab Emirates,4,0.07109995817649518,2023-2024
Academic,United Arab Emirates,4.5,0.14273764712911513,2023-2024
Academic,United Arab Emirates,5,0.17625619884089144,2023-2024
Academic,United Arab Emirates,5.5,0.17464300651251716,2023-2024
Academic,United Arab Emirates,6,0.13801756587202008,2023-2024
Academic,United Arab Emirates,6.5,0.10270657823982791,2023-2024
Academic,United Arab Emirates,7,0.07629802234570114,2023-2024
Academic,United Arab Emirates,7.5,0.04666308179482583,2023-2024
Academic,United Arab Emirates,8,0.01989603871661588,2023-2024
Academic,United Arab Emirates,8.5,0.0037641154328732747,2023-2024
Academic,United Arab Emirates,9,1.1949572802772301e-4,2023-2024
Academic,Uzbekistan,<4,0.007222966777174297,2023-2024
Academic,Uzbekistan,4,0.01701347252592227,2023-2024
Academic,Uzbekistan,4.5,0.049940043732806666,2023-2024
Academic,Uzbekistan,5,0.13078930662340413,2023-2024
Academic,Uzbekistan,5.5,0.21324680821048175,2023-2024
Academic,Uzbekistan,6,0.2118078577978416,2023-2024
Academic,Uzbekistan,6.5,0.1641532058968752,2023-2024
Academic,Uzbekistan,7,0.11449530930380193,2023-2024
Academic,Uzbekistan,7.5,0.06272130916272838,2023-2024
Academic,Uzbekistan,8,0.023291246384989774,2023-2024
Academic,Uzbekistan,8.5,0.004923467588347323,2023-2024
Academic,Uzbekistan,9,3.9500599562671934e-4,2023-2024
Academic,Vietnam,<4,0.0070938919308968975,2023-2024
Academic,Vietnam,4,0.015376289316184897,2023-2024
Academic,Vietnam,4.5,0.03958147629356085,2023-2024
Academic,Vietnam,5,0.09592406299078908,2023-2024
Academic,Vietnam,5.5,0.17901863406765992,2023-2024
Academic,Vietnam,6,0.21274778216392887,2023-2024
Academic,Vietnam,6.5,0.17719873509062353,2023-2024
Academic,Vietnam,7,0.13341504308332272,2023-2024
Academic,Vietnam,7.5,0.09156797826732883,2023-2024
Academic,Vietnam,8,0.04147565686149667,2023-2024
Academic,Vietnam,8.5,0.0065261683433082895,2023-2024
Academic,Vietnam,9,7.428159089944395e-5,2023-2024
Academic,Zimbabwe,<4,2.6965080221113657e-4,2023-2024
Academic,Zimbabwe,4,0.0012134286099501146,2023-2024
Academic,Zimbabwe,4.5,0.002696508022111366,2023-2024
Academic,Zimbabwe,5,0.013078063907240124,2023-2024
Academic,Zimbabwe,5.5,0.035054604287447756,2023-2024
Academic,Zimbabwe,6,0.11257920992314953,2023-2024
Academic,Zimbabwe,6.5,0.22313603882971553,2023-2024
Academic,Zimbabwe,7,0.2699204530133477,2023-2024
Academic,Zimbabwe,7.5,0.20115949844950787,2023-2024
Academic,Zimbabwe,8,0.11203990831872725,2023-2024
Academic,Zimbabwe,8.5,0.028313334232169342,2023-2024
Academic,Zimbabwe,9,5.393016044222731e-4,2023-2024
General_Training,Argentina,<4,0.011719745222929935,2023-2024
General_Training,Argentina,4,0.02496815286624204,2023-2024
General_Training,Argentina,4.5,0.05656050955414013,2023-2024
General_Training,Argentina,5,0.09783439490445861,2023-2024
General_Training,Argentina,5.5,0.1253503184713376,2023-2024
General_Training,Argentina,6,0.16203821656050954,2023-2024
General_Training,Argentina,6.5,0.15235668789808918,2023-2024
General_Training,Argentina,7,0.14420382165605095,2023-2024
General_Training,Argentina,7.5,0.12917197452229298,2023-2024
General_Training,Argentina,8,0.07388535031847134,2023-2024
General_Training,Argentina,8.5,0.02140127388535032,2023-2024
General_Training,Argentina,9,5.095541401273886e-4,2023-2024
General_Training,Bangladesh,<4,0.0784764207980653,2023-2024
General_Training,Bangladesh,4,0.113180169286578,2023-2024
General_Training,Bangladesh,4.5,0.17442563482466744,2023-2024
General_Training,Bangladesh,5,0.18585247883917774,2023-2024
General_Training,Bangladesh,5.5,0.12750906892382105,2023-2024
General_Training,Bangladesh,6,0.09443772672309553,2023-2024
General_Training,Bangladesh,6.5,0.07805320435308344,2023-2024
General_Training,Bangladesh,7,0.05773881499395405,2023-2024
General_Training,Bangladesh,7.5,0.04534461910519951,2023-2024
General_Training,Bangladesh,8,0.03143893591293833,2023-2024
General_Training,Bangladesh,8.5,0.01275695284159613,2023-2024
General_Training,Bangladesh,9,7.859733978234583e-4,2023-2024
General_Training,Brazil,<4,0.014069026159595514,2023-2024
General_Training,Brazil,4,0.021103539239393274,2023-2024
General_Training,Brazil,4.5,0.03803033633765663,2023-2024
General_Training,Brazil,5,0.06199164651571774,2023-2024
General_Training,Brazil,5.5,0.09342712684106397,2023-2024
General_Training,Brazil,6,0.1400307759947241,2023-2024
General_Training,Brazil,6.5,0.14662563200703452,2023-2024
General_Training,Brazil,7,0.1534403165530886,2023-2024
General_Training,Brazil,7.5,0.15695757309298744,2023-2024
General_Training,Brazil,8,0.1323367773136953,2023-2024
General_Training,Brazil,8.5,0.040228621675093425,2023-2024
General_Training,Brazil,9,0.0017586282699494392,2023-2024
General_Training,Cameroon,<4,0.03614159584124102,2023-2024
General_Training,Cameroon,4,0.05008664081194818,2023-2024
General_Training,Cameroon,4.5,0.09398465219902631,2023-2024
General_Training,Cameroon,5,0.15215776879280468,2023-2024
General_Training,Cameroon,5.5,0.19679841571086723,2023-2024
General_Training,Cameroon,6,0.19844871689083254,2023-2024
General_Training,Cameroon,6.5,0.13895535935308193,2023-2024
General_Training,Cameroon,7,0.08028715240531396,2023-2024
General_Training,Cameroon,7.5,0.03680171631322716,2023-2024
General_Training,Cameroon,8,0.013862529911708886,2023-2024
General_Training,Cameroon,8.5,0.002475451769948015,2023-2024
General_Training,Cameroon,9,0,2023-2024
General_Training,Chile,<4,0.017699115044247787,2023-2024
General_Training,Chile,4,0.03388116308470291,2023-2024
General_Training,Chile,4.5,0.08217446270543614,2023-2024
General_Training,Chile,5,0.11403286978508216,2023-2024
General_Training,Chile,5.5,0.15701643489254108,2023-2024
General_Training,Chile,6,0.16915297092288242,2023-2024
General_Training,Chile,6.5,0.15170670037926676,2023-2024
General_Training,Chile,7,0.1281921618204804,2023-2024
General_Training,Chile,7.5,0.0920353982300885,2023-2024
General_Training,Chile,8,0.04702907711757269,2023-2024
General_Training,Chile,8.5,0.006826801517067004,2023-2024
General_Training,Chile,9,2.5284450063211124e-4,2023-2024
General_Training,China,<4,0.018996012055161497,2023-2024
General_Training,China,4,0.027063228713202835,2023-2024
General_Training,China,4.5,0.05936253767237967,2023-2024
General_Training,China,5,0.10234710341258485,2023-2024
General_Training,China,5.5,0.1401260312338275,2023-2024
General_Training,China,6,0.16052239033151694,2023-2024
General_Training,China,6.5,0.14332247557003255,2023-2024
General_Training,China,7,0.1334591616183141,2023-2024
General_Training,China,7.5,0.123108770434412,2023-2024
General_Training,China,8,0.07555785564248531,2023-2024
General_Training,China,8.5,0.015830010045967912,2023-2024
General_Training,China,9,3.0442327011476753e-4,2023-2024
General_Training,Colombia,<4,0.009261083743842364,2023-2024
General_Training,Colombia,4,0.01576354679802956,2023-2024
General_Training,Colombia,4.5,0.03783251231527093,2023-2024
General_Training,Colombia,5,0.08847290640394088,2023-2024
General_Training,Colombia,5.5,0.15014778325123154,2023-2024
General_Training,Colombia,6,0.18876847290640394,2023-2024
General_Training,Colombia,6.5,0.16433497536945813,2023-2024
General_Training,Colombia,7,0.14798029556650247,2023-2024
General_Training,Colombia,7.5,0.11251231527093596,2023-2024
General_Training,Colombia,8,0.06975369458128079,2023-2024
General_Training,Colombia,8.5,0.014975369458128078,2023-2024
General_Training,Colombia,9,1.9704433497536947e-4,2023-2024
General_Training,Egypt,<4,0.013410931174089069,2023-2024
General_Training,Egypt,4,0.017965587044534412,2023-2024
General_Training,Egypt,4.5,0.04326923076923077,2023-2024
General_Training,Egypt,5,0.08704453441295547,2023-2024
General_Training,Egypt,5.5,0.11740890688259109,2023-2024
General_Training,Egypt,6,0.1591599190283401,2023-2024
General_Training,Egypt,6.5,0.14929149797570848,2023-2024
General_Training,Egypt,7,0.14979757085020243,2023-2024
General_Training,Egypt,7.5,0.12651821862348178,2023-2024
General_Training,Egypt,8,0.09615384615384615,2023-2024
General_Training,Egypt,8.5,0.03795546558704453,2023-2024
General_Training,Egypt,9,0.0020242914979757085,2023-2024
General_Training,France,<4,0.0036775973030953113,2023-2024
General_Training,France,4,0.009500459699662888,2023-2024
General_Training,France,4.5,0.017162120747778117,2023-2024
General_Training,France,5,0.04137296965982225,2023-2024
General_Training,France,5.5,0.07355194606190622,2023-2024
General_Training,France,6,0.12503830830524057,2023-2024
General_Training,France,6.5,0.14403922770456634,2023-2024
General_Training,France,7,0.1648789457554398,2023-2024
General_Training,France,7.5,0.18633159669016244,2023-2024
General_Training,France,8,0.16518541219736438,2023-2024
General_Training,France,8.5,0.06466441924609255,2023-2024
General_Training,France,9,0.004596996628869139,2023-2024
General_Training,Ghana,<4,0.005690636316606311,2023-2024
General_Training,Ghana,4,0.019555095706156232,2023-2024
General_Training,Ghana,4.5,0.05628556647697879,2023-2024
General_Training,Ghana,5,0.13936885669943094,2023-2024
General_Training,Ghana,5.5,0.2091050181065701,2023-2024
General_Training,Ghana,6,0.2134505949301604,2023-2024
General_Training,Ghana,6.5,0.15075012933264356,2023-2024
General_Training,Ghana,7,0.09963786859803415,2023-2024
General_Training,Ghana,7.5,0.06259699948266943,2023-2024
General_Training,Ghana,8,0.03248836006207967,2023-2024
General_Training,Ghana,8.5,0.010863942058975683,2023-2024
General_Training,Ghana,9,2.0693222969477495e-4,2023-2024
General_Training,Hong Kong,<4,0.0018281535648994515,2023-2024
General_Training,Hong Kong,4,0.01096892138939671,2023-2024
General_Training,Hong Kong,4.5,0.027422303473491776,2023-2024
General_Training,Hong Kong,5,0.05144946461217028,2023-2024
General_Training,Hong Kong,5.5,0.10577174196918256,2023-2024
General_Training,Hong Kong,6,0.1475581091668843,2023-2024
General_Training,Hong Kong,6.5,0.16139984330112303,2023-2024
General_Training,Hong Kong,7,0.1590493601462523,2023-2024
General_Training,Hong Kong,7.5,0.16531731522590756,2023-2024
General_Training,Hong Kong,8,0.12535910159310526,2023-2024
General_Training,Hong Kong,8.5,0.041002872812744846,2023-2024
General_Training,Hong Kong,9,0.0028728127448419956,2023-2024
General_Training,India,<4,0.009146127313796456,2023-2024
General_Training,India,4,0.016514046366503138,2023-2024
General_Training,India,4.5,0.03729061690148135,2023-2024
General_Training,India,5,0.0697826593270905,2023-2024
General_Training,India,5.5,0.11195687937389323,2023-2024
General_Training,India,6,0.18144378680724738,2023-2024
General_Training,India,6.5,0.20606143506212635,2023-2024
General_Training,India,7,0.17056011711774993,2023-2024
General_Training,India,7.5,0.11670369726836156,2023-2024
General_Training,India,8,0.0638602276550202,2023-2024
General_Training,India,8.5,0.016129568904645893,2023-2024
General_Training,India,9,5.508379020839418e-4,2023-2024
General_Training,Indonesia,<4,0.029744912054516993,2023-2024
General_Training,Indonesia,4,0.048439082788470395,2023-2024
General_Training,Indonesia,4.5,0.11327009853577678,2023-2024
General_Training,Indonesia,5,0.17506216041992817,2023-2024
General_Training,Indonesia,5.5,0.1985449857261258,2023-2024
General_Training,Indonesia,6,0.15949903306013447,2023-2024
General_Training,Indonesia,6.5,0.10212726770420849,2023-2024
General_Training,Indonesia,7,0.07275071369371028,2023-2024
General_Training,Indonesia,7.5,0.05442490100377567,2023-2024
General_Training,Indonesia,8,0.03333640298370016,2023-2024
General_Training,Indonesia,8.5,0.011971636430610555,2023-2024
General_Training,Indonesia,9,8.288055990422691e-4,2023-2024
General_Training,"Iran, Islamic Republic of",<4,0.014053659426902721,2023-2024
General_Training,"Iran, Islamic Republic of",4,0.02564336557766016,2023-2024
General_Training,"Iran, Islamic Republic of",4.5,0.06269392224858551,2023-2024
General_Training,"Iran, Islamic Republic of",5,0.1176309545537507,2023-2024
General_Training,"Iran, Islamic Republic of",5.5,0.14382186530388757,2023-2024
General_Training,"Iran, Islamic Republic of",6,0.16599744478919512,2023-2024
General_Training,"Iran, Islamic Republic of",6.5,0.1472896513962402,2023-2024
General_Training,"Iran, Islamic Republic of",7,0.12456652673845593,2023-2024
General_Training,"Iran, Islamic Republic of",7.5,0.10430735535681696,2023-2024
General_Training,"Iran, Islamic Republic of",8,0.07291476546815112,2023-2024
General_Training,"Iran, Islamic Republic of",8.5,0.020259171381638987,2023-2024
General_Training,"Iran, Islamic Republic of",9,8.213177587150941e-4,2023-2024
General_Training,Italy,<4,0.007627765064836003,2023-2024
General_Training,Italy,4,0.014492753623188406,2023-2024
General_Training,Italy,4.5,0.033053648614289347,2023-2024
General_Training,Italy,5,0.06254767353165523,2023-2024
General_Training,Italy,5.5,0.10246631070429699,2023-2024
General_Training,Italy,6,0.16628527841342486,2023-2024
General_Training,Italy,6.5,0.16882786676837022,2023-2024
General_Training,Italy,7,0.16221713704551236,2023-2024
General_Training,Italy,7.5,0.14263920671243327,2023-2024
General_Training,Italy,8,0.1034833460462751,2023-2024
General_Training,Italy,8.5,0.034324942791762014,2023-2024
General_Training,Italy,9,0.0020340706839562673,2023-2024
General_Training,Japan,<4,0.02445302445302445,2023-2024
General_Training,Japan,4,0.03552123552123552,2023-2024
General_Training,Japan,4.5,0.09111969111969112,2023-2024
General_Training,Japan,5,0.15624195624195625,2023-2024
General_Training,Japan,5.5,0.1987129987129987,2023-2024
General_Training,Japan,6,0.2082368082368082,2023-2024
General_Training,Japan,6.5,0.12767052767052767,2023-2024
General_Training,Japan,7,0.07310167310167309,2023-2024
General_Training,Japan,7.5,0.04658944658944659,2023-2024
General_Training,Japan,8,0.026769626769626766,2023-2024
General_Training,Japan,8.5,0.011068211068211067,2023-2024
General_Training,Japan,9,5.148005148005148e-4,2023-2024
General_Training,Kenya,<4,0.0041883062489529235,2023-2024
General_Training,Kenya,4,0.007874015748031496,2023-2024
General_Training,Kenya,4.5,0.024459708493885075,2023-2024
General_Training,Kenya,5,0.07170380298207406,2023-2024
General_Training,Kenya,5.5,0.14240241246439939,2023-2024
General_Training,Kenya,6,0.19601273245099685,2023-2024
General_Training,Kenya,6.5,0.19969844195007538,2023-2024
General_Training,Kenya,7,0.16049589545987605,2023-2024
General_Training,Kenya,7.5,0.1129167364717708,2023-2024
General_Training,Kenya,8,0.060144077734963976,2023-2024
General_Training,Kenya,8.5,0.01909867649522533,2023-2024
General_Training,Kenya,9,0.0010051934997487016,2023-2024
General_Training,"Korea, Republic of",<4,0.015863205603625877,2023-2024
General_Training,"Korea, Republic of",4,0.032138442521631644,2023-2024
General_Training,"Korea, Republic of",4.5,0.07313555830243099,2023-2024
General_Training,"Korea, Republic of",5,0.12360939431396786,2023-2024
General_Training,"Korea, Republic of",5.5,0.17140502678203542,2023-2024
General_Training,"Korea, Republic of",6,0.1915945611866502,2023-2024
General_Training,"Korea, Republic of",6.5,0.1489493201483313,2023-2024
General_Training,"Korea, Republic of",7,0.10156571899464359,2023-2024
General_Training,"Korea, Republic of",7.5,0.07828594973217964,2023-2024
General_Training,"Korea, Republic of",8,0.042851256695508856,2023-2024
General_Training,"Korea, Republic of",8.5,0.01915945611866502,2023-2024
General_Training,"Korea, Republic of",9,0.0014421096003296252,2023-2024
General_Training,Lebanon,<4,0.013278008298755186,2023-2024
General_Training,Lebanon,4,0.022821576763485476,2023-2024
General_Training,Lebanon,4.5,0.03941908713692946,2023-2024
General_Training,Lebanon,5,0.06431535269709543,2023-2024
General_Training,Lebanon,5.5,0.08962655601659751,2023-2024
General_Training,Lebanon,6,0.12365145228215767,2023-2024
General_Training,Lebanon,6.5,0.13443983402489626,2023-2024
General_Training,Lebanon,7,0.15601659751037344,2023-2024
General_Training,Lebanon,7.5,0.17136929460580913,2023-2024
General_Training,Lebanon,8,0.12987551867219918,2023-2024
General_Training,Lebanon,8.5,0.05435684647302904,2023-2024
General_Training,Lebanon,9,8.298755186721991e-4,2023-2024
General_Training,Malaysia,<4,0.011121408711770158,2023-2024
General_Training,Malaysia,4,0.017145505097312327,2023-2024
General_Training,Malaysia,4.5,0.04031510658016682,2023-2024
General_Training,Malaysia,5,0.06487488415199258,2023-2024
General_Training,Malaysia,5.5,0.09314179796107507,2023-2024
General_Training,Malaysia,6,0.10611677479147358,2023-2024
General_Training,Malaysia,6.5,0.1190917516218721,2023-2024
General_Training,Malaysia,7,0.1190917516218721,2023-2024
General_Training,Malaysia,7.5,0.16404077849860982,2023-2024
General_Training,Malaysia,8,0.15848007414272472,2023-2024
General_Training,Malaysia,8.5,0.09731232622798888,2023-2024
General_Training,Malaysia,9,0.009267840593141797,2023-2024
General_Training,Mexico,<4,0.011206133883810086,2023-2024
General_Training,Mexico,4,0.018873488646416987,2023-2024
General_Training,Mexico,4.5,0.03007962253022707,2023-2024
General_Training,Mexico,5,0.058979652020053085,2023-2024
General_Training,Mexico,5.5,0.11618991447950458,2023-2024
General_Training,Mexico,6,0.16337363609554703,2023-2024
General_Training,Mexico,6.5,0.15895016219404307,2023-2024
General_Training,Mexico,7,0.14921851961073432,2023-2024
General_Training,Mexico,7.5,0.1415511648481274,2023-2024
General_Training,Mexico,8,0.11117664405780006,2023-2024
General_Training,Mexico,8.5,0.03981126511353583,2023-2024
General_Training,Mexico,9,5.897965202005308e-4,2023-2024
General_Training,Morocco,<4,0.019614474129184985,2023-2024
General_Training,Morocco,4,0.031450794724382815,2023-2024
General_Training,Morocco,4.5,0.08251606357795062,2023-2024
General_Training,Morocco,5,0.1474467365573216,2023-2024
General_Training,Morocco,5.5,0.17686844775109908,2023-2024
General_Training,Morocco,6,0.17619208657423063,2023-2024
General_Training,Morocco,6.5,0.11937774771728103,2023-2024
General_Training,Morocco,7,0.10652688535678051,2023-2024
General_Training,Morocco,7.5,0.07135610415962124,2023-2024
General_Training,Morocco,8,0.05038890767669935,2023-2024
General_Training,Morocco,8.5,0.018261751775448087,2023-2024
General_Training,Morocco,9,0,2023-2024
General_Training,Nepal,<4,0.02963861686454632,2023-2024
General_Training,Nepal,4,0.053037524915503946,2023-2024
General_Training,Nepal,4.5,0.12444752578213017,2023-2024
General_Training,Nepal,5,0.20088395874859175,2023-2024
General_Training,Nepal,5.5,0.20556374035878325,2023-2024
General_Training,Nepal,6,0.1494930236588959,2023-2024
General_Training,Nepal,6.5,0.09628217349857007,2023-2024
General_Training,Nepal,7,0.07158332611144813,2023-2024
General_Training,Nepal,7.5,0.044111274807175666,2023-2024
General_Training,Nepal,8,0.020799029378629,2023-2024
General_Training,Nepal,8.5,0.004073143253314845,2023-2024
General_Training,Nepal,9,8.666262241095415e-5,2023-2024
General_Training,Nigeria,<4,0.004668690194464451,2023-2024
General_Training,Nigeria,4,0.012578454573515793,2023-2024
General_Training,Nigeria,4.5,0.03724663031176047,2023-2024
General_Training,Nigeria,5,0.08235157938059472,2023-2024
General_Training,Nigeria,5.5,0.13011883938676816,2023-2024
General_Training,Nigeria,6,0.16499897108756045,2023-2024
General_Training,Nigeria,6.5,0.1733460232534211,2023-2024
General_Training,Nigeria,7,0.15599598724148575,2023-2024
General_Training,Nigeria,7.5,0.1290384813252392,2023-2024
General_Training,Nigeria,8,0.08666015022121616,2023-2024
General_Training,Nigeria,8.5,0.02245601399320918,2023-2024
General_Training,Nigeria,9,5.401790307644819e-4,2023-2024
General_Training,Pakistan,<4,0.062074127606855246,2023-2024
General_Training,Pakistan,4,0.08659405327276481,2023-2024
General_Training,Pakistan,4.5,0.15118469956638447,2023-2024
General_Training,Pakistan,5,0.1836413380136279,2023-2024
General_Training,Pakistan,5.5,0.15559828618624819,2023-2024
General_Training,Pakistan,6,0.11566952302291968,2023-2024
General_Training,Pakistan,6.5,0.08383233532934131,2023-2024
General_Training,Pakistan,7,0.06603603138550486,2023-2024
General_Training,Pakistan,7.5,0.05024003716704522,2023-2024
General_Training,Pakistan,8,0.033476151145983894,2023-2024
General_Training,Pakistan,8.5,0.010995250877555233,2023-2024
General_Training,Pakistan,9,6.581664257691513e-4,2023-2024
General_Training,Peru,<4,0.022815533980582524,2023-2024
General_Training,Peru,4,0.0441747572815534,2023-2024
General_Training,Peru,4.5,0.079126213592233,2023-2024
General_Training,Peru,5,0.1524271844660194,2023-2024
General_Training,Peru,5.5,0.1563106796116505,2023-2024
General_Training,Peru,6,0.15922330097087378,2023-2024
General_Training,Peru,6.5,0.129126213592233,2023-2024
General_Training,Peru,7,0.10436893203883495,2023-2024
General_Training,Peru,7.5,0.08689320388349514,2023-2024
General_Training,Peru,8,0.05145631067961164,2023-2024
General_Training,Peru,8.5,0.013106796116504855,2023-2024
General_Training,Peru,9,9.70873786407767e-4,2023-2024
General_Training,Philippines,<4,0.018518518518518517,2023-2024
General_Training,Philippines,4,0.04076797385620916,2023-2024
General_Training,Philippines,4.5,0.10495642701525056,2023-2024
General_Training,Philippines,5,0.16680283224400874,2023-2024
General_Training,Philippines,5.5,0.184041394335512,2023-2024
General_Training,Philippines,6,0.16424291938997823,2023-2024
General_Training,Philippines,6.5,0.13167211328976036,2023-2024
General_Training,Philippines,7,0.08820806100217865,2023-2024
General_Training,Philippines,7.5,0.05860566448801743,2023-2024
General_Training,Philippines,8,0.03191721132897604,2023-2024
General_Training,Philippines,8.5,0.00991285403050109,2023-2024
General_Training,Philippines,9,3.540305010893247e-4,2023-2024
General_Training,Russian Federation,<4,0.0029737766964044337,2023-2024
General_Training,Russian Federation,4,0.007569613409029468,2023-2024
General_Training,Russian Federation,4.5,0.02379021357123547,2023-2024
General_Training,Russian Federation,5,0.043795620437956206,2023-2024
General_Training,Russian Federation,5.5,0.08191403081914031,2023-2024
General_Training,Russian Federation,6,0.12381724790483915,2023-2024
General_Training,Russian Federation,6.5,0.1492295214922952,2023-2024
General_Training,Russian Federation,7,0.16382806163828062,2023-2024
General_Training,Russian Federation,7.5,0.18275209516085428,2023-2024
General_Training,Russian Federation,8,0.16274668829413355,2023-2024
General_Training,Russian Federation,8.5,0.05569072722357394,2023-2024
General_Training,Russian Federation,9,0.001892403352257367,2023-2024
General_Training,Saudi Arabia,<4,0.12011508031647086,2023-2024
General_Training,Saudi Arabia,4,0.10836729801006953,2023-2024
General_Training,Saudi Arabia,4.5,0.14456964756653082,2023-2024
General_Training,Saudi Arabia,5,0.16183169503716133,2023-2024
General_Training,Saudi Arabia,5.5,0.16039319108127548,2023-2024
General_Training,Saudi Arabia,6,0.13114361064492927,2023-2024
General_Training,Saudi Arabia,6.5,0.08031647087029489,2023-2024
General_Training,Saudi Arabia,7,0.052984895708463195,2023-2024
General_Training,Saudi Arabia,7.5,0.025413569887317192,2023-2024
General_Training,Saudi Arabia,8,0.013186286262287222,2023-2024
General_Training,Saudi Arabia,8.5,0.0014385039558858787,2023-2024
General_Training,Saudi Arabia,9,2.397506593143131e-4,2023-2024
General_Training,South Africa,<4,0.002715654952076677,2023-2024
General_Training,South Africa,4,0.007028753993610224,2023-2024
General_Training,South Africa,4.5,0.021725239616613417,2023-2024
General_Training,South Africa,5,0.050479233226837054,2023-2024
General_Training,South Africa,5.5,0.0900958466453674,2023-2024
General_Training,South Africa,6,0.11182108626198083,2023-2024
General_Training,South Africa,6.5,0.12971246006389778,2023-2024
General_Training,South Africa,7,0.14089456869009584,2023-2024
General_Training,South Africa,7.5,0.15303514376996805,2023-2024
General_Training,South Africa,8,0.1507987220447284,2023-2024
General_Training,South Africa,8.5,0.13019169329073482,2023-2024
General_Training,South Africa,9,0.011501597444089455,2023-2024
General_Training,Spain,<4,0.00358196375895491,2023-2024
General_Training,Spain,4,0.009481668773704172,2023-2024
General_Training,Spain,4.5,0.02865571007163928,2023-2024
General_Training,Spain,5,0.06911083017277708,2023-2024
General_Training,Spain,5.5,0.13822166034555416,2023-2024
General_Training,Spain,6,0.1913190054782975,2023-2024
General_Training,Spain,6.5,0.17404129793510326,2023-2024
General_Training,Spain,7,0.15634218289085547,2023-2024
General_Training,Spain,7.5,0.1264222503160556,2023-2024
General_Training,Spain,8,0.08069953645174884,2023-2024
General_Training,Spain,8.5,0.0212810788032027,2023-2024
General_Training,Spain,9,8.428150021070375e-4,2023-2024
General_Training,Sri Lanka,<4,0.03846153846153846,2023-2024
General_Training,Sri Lanka,4,0.06463983992885726,2023-2024
General_Training,Sri Lanka,4.5,0.12844597598932858,2023-2024
General_Training,Sri Lanka,5,0.18141396176078256,2023-2024
General_Training,Sri Lanka,5.5,0.17107603379279682,2023-2024
General_Training,Sri Lanka,6,0.1345598043574922,2023-2024
General_Training,Sri Lanka,6.5,0.09548688305913738,2023-2024
General_Training,Sri Lanka,7,0.07481102712316584,2023-2024
General_Training,Sri Lanka,7.5,0.058748332592263225,2023-2024
General_Training,Sri Lanka,8,0.03773899510893731,2023-2024
General_Training,Sri Lanka,8.5,0.01395064473099155,2023-2024
General_Training,Sri Lanka,9,6.669630947087594e-4,2023-2024
General_Training,Thailand,<4,0.06603958455810308,2023-2024
General_Training,Thailand,4,0.08798745835782873,2023-2024
General_Training,Thailand,4.5,0.14677640603566527,2023-2024
General_Training,Thailand,5,0.2051734273956496,2023-2024
General_Training,Thailand,5.5,0.2059572800313541,2023-2024
General_Training,Thailand,6,0.14187732706251224,2023-2024
General_Training,Thailand,6.5,0.0672153635116598,2023-2024
General_Training,Thailand,7,0.0393885949441505,2023-2024
General_Training,Thailand,7.5,0.021751910640799527,2023-2024
General_Training,Thailand,8,0.011365863217715069,2023-2024
General_Training,Thailand,8.5,0.005682931608857534,2023-2024
General_Training,Thailand,9,7.838526357044876e-4,2023-2024
General_Training,Tunisia,<4,0.030303030303030307,2023-2024
General_Training,Tunisia,4,0.05407925407925409,2023-2024
General_Training,Tunisia,4.5,0.09836829836829837,2023-2024
General_Training,Tunisia,5,0.14125874125874127,2023-2024
General_Training,Tunisia,5.5,0.17529137529137528,2023-2024
General_Training,Tunisia,6,0.16829836829836833,2023-2024
General_Training,Tunisia,6.5,0.12680652680652682,2023-2024
General_Training,Tunisia,7,0.08764568764568764,2023-2024
General_Training,Tunisia,7.5,0.06713286713286713,2023-2024
General_Training,Tunisia,8,0.0358974358974359,2023-2024
General_Training,Tunisia,8.5,0.01491841491841492,2023-2024
General_Training,Tunisia,9,0,2023-2024
General_Training,Turkey,<4,0.04787317532569455,2023-2024
General_Training,Turkey,4,0.056035159315649036,2023-2024
General_Training,Turkey,4.5,0.08727044420028253,2023-2024
General_Training,Turkey,5,0.11411081462878668,2023-2024
General_Training,Turkey,5.5,0.1536650447339507,2023-2024
General_Training,Turkey,6,0.16433840841312197,2023-2024
General_Training,Turkey,6.5,0.13310312352848844,2023-2024
General_Training,Turkey,7,0.10233872233558311,2023-2024
General_Training,Turkey,7.5,0.07706796421283943,2023-2024
General_Training,Turkey,8,0.04928582640087898,2023-2024
General_Training,Turkey,8.5,0.013969549521268245,2023-2024
General_Training,Turkey,9,9.417673834562862e-4,2023-2024
General_Training,Uganda,<4,0.007097791798107255,2023-2024
General_Training,Uganda,4,0.018927444794952678,2023-2024
General_Training,Uganda,4.5,0.05875394321766561,2023-2024
General_Training,Uganda,5,0.15220820189274448,2023-2024
General_Training,Uganda,5.5,0.2567034700315457,2023-2024
General_Training,Uganda,6,0.2117507886435331,2023-2024
General_Training,Uganda,6.5,0.1447160883280757,2023-2024
General_Training,Uganda,7,0.07689274447949526,2023-2024
General_Training,Uganda,7.5,0.044952681388012616,2023-2024
General_Training,Uganda,8,0.022870662460567823,2023-2024
General_Training,Uganda,8.5,0.0047318611987381696,2023-2024
General_Training,Uganda,9,3.943217665615142e-4,2023-2024
General_Training,Ukraine,<4,0.015082956259426848,2023-2024
General_Training,Ukraine,4,0.02073906485671191,2023-2024
General_Training,Ukraine,4.5,0.04638009049773755,2023-2024
General_Training,Ukraine,5,0.08295625942684764,2023-2024
General_Training,Ukraine,5.5,0.09653092006033182,2023-2024
General_Training,Ukraine,6,0.1297134238310709,2023-2024
General_Training,Ukraine,6.5,0.14102564102564102,2023-2024
General_Training,Ukraine,7,0.15196078431372548,2023-2024
General_Training,Ukraine,7.5,0.15346907993966816,2023-2024
General_Training,Ukraine,8,0.12141779788838612,2023-2024
General_Training,Ukraine,8.5,0.03959276018099547,2023-2024
General_Training,Ukraine,9,0.0011312217194570135,2023-2024
General_Training,Vietnam,<4,0.053933747412008286,2023-2024
General_Training,Vietnam,4,0.0720496894409938,2023-2024
General_Training,Vietnam,4.5,0.12598343685300206,2023-2024
General_Training,Vietnam,5,0.15320910973084886,2023-2024
General_Training,Vietnam,5.5,0.13871635610766045,2023-2024
General_Training,Vietnam,6,0.1232919254658385,2023-2024
General_Training,Vietnam,6.5,0.09937888198757763,2023-2024
General_Training,Vietnam,7,0.08840579710144927,2023-2024
General_Training,Vietnam,7.5,0.0787784679089027,2023-2024
General_Training,Vietnam,8,0.05144927536231884,2023-2024
General_Training,Vietnam,8.5,0.013768115942028985,2023-2024
General_Training,Vietnam,9,0.0010351966873706003,2023-2024
General_Training,Zimbabwe,<4,0.0031085485083980945,2023-2024
General_Training,Zimbabwe,4,0.010378540987716218,2023-2024
General_Training,Zimbabwe,4.5,0.03730258210077714,2023-2024
General_Training,Zimbabwe,5,0.10614189019804461,2023-2024
General_Training,Zimbabwe,5.5,0.20732013035848582,2023-2024
General_Training,Zimbabwe,6,0.2309852093256455,2023-2024
General_Training,Zimbabwe,6.5,0.1768362998245174,2023-2024
General_Training,Zimbabwe,7,0.1168212584607671,2023-2024
General_Training,Zimbabwe,7.5,0.06613186262221107,2023-2024
General_Training,Zimbabwe,8,0.03369265480070193,2023-2024
General_Training,Zimbabwe,8.5,0.010729506141890197,2023-2024
General_Training,Zimbabwe,9,5.515166708448232e-4,2023-2024
Academic,Bangladesh,<4,0,2022-2023
Academic,Bangladesh,4,0.01,2022-2023
Academic,Bangladesh,4.5,0.05,2022-2023
Academic,Bangladesh,5,0.11,2022-2023
Academic,Bangladesh,5.5,0.19,2022-2023
Academic,Bangladesh,6,0.23,2022-2023
Academic,Bangladesh,6.5,0.18,2022-2023
Academic,Bangladesh,7,0.12,2022-2023
Academic,Bangladesh,7.5,0.07,2022-2023
Academic,Bangladesh,8,0.03,2022-2023
Academic,Bangladesh,8.5,0.01,2022-2023
Academic,Bangladesh,9,0,2022-2023
Academic,Bhutan,<4,0,2022-2023
Academic,Bhutan,4,0,2022-2023
Academic,Bhutan,4.5,0,2022-2023
Academic,Bhutan,5,0.05,2022-2023
Academic,Bhutan,5.5,0.22,2022-2023
Academic,Bhutan,6,0.35,2022-2023
Academic,Bhutan,6.5,0.23,2022-2023
Academic,Bhutan,7,0.1,2022-2023
Academic,Bhutan,7.5,0.03,2022-2023
Academic,Bhutan,8,0.01,2022-2023
Academic,Bhutan,8.5,0,2022-2023
Academic,Bhutan,9,0,2022-2023
Academic,Brazil,<4,0,2022-2023
Academic,Brazil,4,0,2022-2023
Academic,Brazil,4.5,0.01,2022-2023
Academic,Brazil,5,0.03,2022-2023
Academic,Brazil,5.5,0.07,2022-2023
Academic,Brazil,6,0.13,2022-2023
Academic,Brazil,6.5,0.17,2022-2023
Academic,Brazil,7,0.18,2022-2023
Academic,Brazil,7.5,0.21,2022-2023
Academic,Brazil,8,0.15,2022-2023
Academic,Brazil,8.5,0.04,2022-2023
Academic,Brazil,9,0,2022-2023
Academic,Cambodia,<4,0,2022-2023
Academic,Cambodia,4,0.01,2022-2023
Academic,Cambodia,4.5,0.05,2022-2023
Academic,Cambodia,5,0.16,2022-2023
Academic,Cambodia,5.5,0.23,2022-2023
Academic,Cambodia,6,0.21,2022-2023
Academic,Cambodia,6.5,0.14,2022-2023
Academic,Cambodia,7,0.1,2022-2023
Academic,Cambodia,7.5,0.06,2022-2023
Academic,Cambodia,8,0.03,2022-2023
Academic,Cambodia,8.5,0,2022-2023
Academic,Cambodia,9,0,2022-2023
Academic,China,<4,0,2022-2023
Academic,China,4,0.01,2022-2023
Academic,China,4.5,0.03,2022-2023
Academic,China,5,0.1,2022-2023
Academic,China,5.5,0.2,2022-2023
Academic,China,6,0.26,2022-2023
Academic,China,6.5,0.2,2022-2023
Academic,China,7,0.12,2022-2023
Academic,China,7.5,0.06,2022-2023
Academic,China,8,0.01,2022-2023
Academic,China,8.5,0,2022-2023
Academic,China,9,0,2022-2023
Academic,Colombia,<4,0,2022-2023
Academic,Colombia,4,0,2022-2023
Academic,Colombia,4.5,0.02,2022-2023
Academic,Colombia,5,0.04,2022-2023
Academic,Colombia,5.5,0.11,2022-2023
Academic,Colombia,6,0.17,2022-2023
Academic,Colombia,6.5,0.2,2022-2023
Academic,Colombia,7,0.19,2022-2023
Academic,Colombia,7.5,0.16,2022-2023
Academic,Colombia,8,0.09,2022-2023
Academic,Colombia,8.5,0.01,2022-2023
Academic,Colombia,9,0,2022-2023
Academic,Egypt,<4,0,2022-2023
Academic,Egypt,4,0.01,2022-2023
Academic,Egypt,4.5,0.02,2022-2023
Academic,Egypt,5,0.05,2022-2023
Academic,Egypt,5.5,0.11,2022-2023
Academic,Egypt,6,0.16,2022-2023
Academic,Egypt,6.5,0.19,2022-2023
Academic,Egypt,7,0.18,2022-2023
Academic,Egypt,7.5,0.16,2022-2023
Academic,Egypt,8,0.1,2022-2023
Academic,Egypt,8.5,0.02,2022-2023
Academic,Egypt,9,0,2022-2023
Academic,France,<4,0,2022-2023
Academic,France,4,0,2022-2023
Academic,France,4.5,0.01,2022-2023
Academic,France,5,0.04,2022-2023
Academic,France,5.5,0.09,2022-2023
Academic,France,6,0.15,2022-2023
Academic,France,6.5,0.18,2022-2023
Academic,France,7,0.19,2022-2023
Academic,France,7.5,0.19,2022-2023
Academic,France,8,0.13,2022-2023
Academic,France,8.5,0.03,2022-2023
Academic,France,9,0,2022-2023
Academic,Ghana,<4,0,2022-2023
Academic,Ghana,4,0,2022-2023
Academic,Ghana,4.5,0,2022-2023
Academic,Ghana,5,0.01,2022-2023
Academic,Ghana,5.5,0.06,2022-2023
Academic,Ghana,6,0.17,2022-2023
Academic,Ghana,6.5,0.3,2022-2023
Academic,Ghana,7,0.27,2022-2023
Academic,Ghana,7.5,0.14,2022-2023
Academic,Ghana,8,0.04,2022-2023
Academic,Ghana,8.5,0.01,2022-2023
Academic,Ghana,9,0,2022-2023
Academic,"Hong Kong, SAR of China",<4,0,2022-2023
Academic,"Hong Kong, SAR of China",4,0,2022-2023
Academic,"Hong Kong, SAR of China",4.5,0.01,2022-2023
Academic,"Hong Kong, SAR of China",5,0.04,2022-2023
Academic,"Hong Kong, SAR of China",5.5,0.11,2022-2023
Academic,"Hong Kong, SAR of China",6,0.17,2022-2023
Academic,"Hong Kong, SAR of China",6.5,0.18,2022-2023
Academic,"Hong Kong, SAR of China",7,0.18,2022-2023
Academic,"Hong Kong, SAR of China",7.5,0.17,2022-2023
Academic,"Hong Kong, SAR of China",8,0.11,2022-2023
Academic,"Hong Kong, SAR of China",8.5,0.03,2022-2023
Academic,"Hong Kong, SAR of China",9,0,2022-2023
Academic,India,<4,0,2022-2023
Academic,India,4,0,2022-2023
Academic,India,4.5,0.01,2022-2023
Academic,India,5,0.06,2022-2023
Academic,India,5.5,0.18,2022-2023
Academic,India,6,0.28,2022-2023
Academic,India,6.5,0.21,2022-2023
Academic,India,7,0.12,2022-2023
Academic,India,7.5,0.07,2022-2023
Academic,India,8,0.03,2022-2023
Academic,India,8.5,0.01,2022-2023
Academic,India,9,0,2022-2023
Academic,Indonesia,<4,0,2022-2023
Academic,Indonesia,4,0,2022-2023
Academic,Indonesia,4.5,0.01,2022-2023
Academic,Indonesia,5,0.04,2022-2023
Academic,Indonesia,5.5,0.09,2022-2023
Academic,Indonesia,6,0.17,2022-2023
Academic,Indonesia,6.5,0.21,2022-2023
Academic,Indonesia,7,0.2,2022-2023
Academic,Indonesia,7.5,0.17,2022-2023
Academic,Indonesia,8,0.09,2022-2023
Academic,Indonesia,8.5,0.02,2022-2023
Academic,Indonesia,9,0,2022-2023
Academic,Iran,<4,0,2022-2023
Academic,Iran,4,0,2022-2023
Academic,Iran,4.5,0.01,2022-2023
Academic,Iran,5,0.03,2022-2023
Academic,Iran,5.5,0.11,2022-2023
Academic,Iran,6,0.22,2022-2023
Academic,Iran,6.5,0.26,2022-2023
Academic,Iran,7,0.2,2022-2023
Academic,Iran,7.5,0.12,2022-2023
Academic,Iran,8,0.05,2022-2023
Academic,Iran,8.5,0.01,2022-2023
Academic,Iran,9,0,2022-2023
Academic,Italy,<4,0,2022-2023
Academic,Italy,4,0,2022-2023
Academic,Italy,4.5,0.01,2022-2023
Academic,Italy,5,0.02,2022-2023
Academic,Italy,5.5,0.06,2022-2023
Academic,Italy,6,0.12,2022-2023
Academic,Italy,6.5,0.17,2022-2023
Academic,Italy,7,0.21,2022-2023
Academic,Italy,7.5,0.22,2022-2023
Academic,Italy,8,0.16,2022-2023
Academic,Italy,8.5,0.03,2022-2023
Academic,Italy,9,0,2022-2023
Academic,Japan,<4,0.01,2022-2023
Academic,Japan,4,0.02,2022-2023
Academic,Japan,4.5,0.06,2022-2023
Academic,Japan,5,0.15,2022-2023
Academic,Japan,5.5,0.24,2022-2023
Academic,Japan,6,0.23,2022-2023
Academic,Japan,6.5,0.15,2022-2023
Academic,Japan,7,0.09,2022-2023
Academic,Japan,7.5,0.04,2022-2023
Academic,Japan,8,0.02,2022-2023
Academic,Japan,8.5,0,2022-2023
Academic,Japan,9,0,2022-2023
Academic,Jordan,<4,0.01,2022-2023
Academic,Jordan,4,0.01,2022-2023
Academic,Jordan,4.5,0.03,2022-2023
Academic,Jordan,5,0.07,2022-2023
Academic,Jordan,5.5,0.13,2022-2023
Academic,Jordan,6,0.18,2022-2023
Academic,Jordan,6.5,0.18,2022-2023
Academic,Jordan,7,0.17,2022-2023
Academic,Jordan,7.5,0.13,2022-2023
Academic,Jordan,8,0.08,2022-2023
Academic,Jordan,8.5,0.01,2022-2023
Academic,Jordan,9,0,2022-2023
Academic,Kazakhstan,<4,0.01,2022-2023
Academic,Kazakhstan,4,0.01,2022-2023
Academic,Kazakhstan,4.5,0.03,2022-2023
Academic,Kazakhstan,5,0.08,2022-2023
Academic,Kazakhstan,5.5,0.16,2022-2023
Academic,Kazakhstan,6,0.21,2022-2023
Academic,Kazakhstan,6.5,0.19,2022-2023
Academic,Kazakhstan,7,0.15,2022-2023
Academic,Kazakhstan,7.5,0.11,2022-2023
Academic,Kazakhstan,8,0.05,2022-2023
Academic,Kazakhstan,8.5,0,2022-2023
Academic,Kazakhstan,9,0,2022-2023
Academic,Kenya,<4,0,2022-2023
Academic,Kenya,4,0,2022-2023
Academic,Kenya,4.5,0,2022-2023
Academic,Kenya,5,0.02,2022-2023
Academic,Kenya,5.5,0.08,2022-2023
Academic,Kenya,6,0.18,2022-2023
Academic,Kenya,6.5,0.27,2022-2023
Academic,Kenya,7,0.23,2022-2023
Academic,Kenya,7.5,0.14,2022-2023
Academic,Kenya,8,0.06,2022-2023
Academic,Kenya,8.5,0.01,2022-2023
Academic,Kenya,9,0,2022-2023
Academic,"Korea, Republic of",<4,0,2022-2023
Academic,"Korea, Republic of",4,0.01,2022-2023
Academic,"Korea, Republic of",4.5,0.02,2022-2023
Academic,"Korea, Republic of",5,0.07,2022-2023
Academic,"Korea, Republic of",5.5,0.18,2022-2023
Academic,"Korea, Republic of",6,0.26,2022-2023
Academic,"Korea, Republic of",6.5,0.21,2022-2023
Academic,"Korea, Republic of",7,0.14,2022-2023
Academic,"Korea, Republic of",7.5,0.08,2022-2023
Academic,"Korea, Republic of",8,0.03,2022-2023
Academic,"Korea, Republic of",8.5,0.01,2022-2023
Academic,"Korea, Republic of",9,0,2022-2023
Academic,Kuwait,<4,0.04,2022-2023
Academic,Kuwait,4,0.06,2022-2023
Academic,Kuwait,4.5,0.14,2022-2023
Academic,Kuwait,5,0.18,2022-2023
Academic,Kuwait,5.5,0.19,2022-2023
Academic,Kuwait,6,0.15,2022-2023
Academic,Kuwait,6.5,0.1,2022-2023
Academic,Kuwait,7,0.07,2022-2023
Academic,Kuwait,7.5,0.04,2022-2023
Academic,Kuwait,8,0.02,2022-2023
Academic,Kuwait,8.5,0,2022-2023
Academic,Kuwait,9,0,2022-2023
Academic,Malaysia,<4,0,2022-2023
Academic,Malaysia,4,0,2022-2023
Academic,Malaysia,4.5,0,2022-2023
Academic,Malaysia,5,0.02,2022-2023
Academic,Malaysia,5.5,0.06,2022-2023
Academic,Malaysia,6,0.12,2022-2023
Academic,Malaysia,6.5,0.17,2022-2023
Academic,Malaysia,7,0.19,2022-2023
Academic,Malaysia,7.5,0.21,2022-2023
Academic,Malaysia,8,0.18,2022-2023
Academic,Malaysia,8.5,0.05,2022-2023
Academic,Malaysia,9,0,2022-2023
Academic,Mexico,<4,0.02,2022-2023
Academic,Mexico,4,0.01,2022-2023
Academic,Mexico,4.5,0.02,2022-2023
Academic,Mexico,5,0.04,2022-2023
Academic,Mexico,5.5,0.09,2022-2023
Academic,Mexico,6,0.16,2022-2023
Academic,Mexico,6.5,0.19,2022-2023
Academic,Mexico,7,0.19,2022-2023
Academic,Mexico,7.5,0.17,2022-2023
Academic,Mexico,8,0.1,2022-2023
Academic,Mexico,8.5,0.02,2022-2023
Academic,Mexico,9,0,2022-2023
Academic,Myanmar,<4,0,2022-2023
Academic,Myanmar,4,0,2022-2023
Academic,Myanmar,4.5,0.01,2022-2023
Academic,Myanmar,5,0.04,2022-2023
Academic,Myanmar,5.5,0.11,2022-2023
Academic,Myanmar,6,0.2,2022-2023
Academic,Myanmar,6.5,0.22,2022-2023
Academic,Myanmar,7,0.2,2022-2023
Academic,Myanmar,7.5,0.14,2022-2023
Academic,Myanmar,8,0.07,2022-2023
Academic,Myanmar,8.5,0.01,2022-2023
Academic,Myanmar,9,0,2022-2023
Academic,Nepal,<4,0,2022-2023
Academic,Nepal,4,0,2022-2023
Academic,Nepal,4.5,0.02,2022-2023
Academic,Nepal,5,0.08,2022-2023
Academic,Nepal,5.5,0.22,2022-2023
Academic,Nepal,6,0.28,2022-2023
Academic,Nepal,6.5,0.21,2022-2023
Academic,Nepal,7,0.12,2022-2023
Academic,Nepal,7.5,0.05,2022-2023
Academic,Nepal,8,0.02,2022-2023
Academic,Nepal,8.5,0,2022-2023
Academic,Nepal,9,0,2022-2023
Academic,Nigeria,<4,0,2022-2023
Academic,Nigeria,4,0,2022-2023
Academic,Nigeria,4.5,0.01,2022-2023
Academic,Nigeria,5,0.02,2022-2023
Academic,Nigeria,5.5,0.07,2022-2023
Academic,Nigeria,6,0.16,2022-2023
Academic,Nigeria,6.5,0.24,2022-2023
Academic,Nigeria,7,0.25,2022-2023
Academic,Nigeria,7.5,0.17,2022-2023
Academic,Nigeria,8,0.08,2022-2023
Academic,Nigeria,8.5,0.01,2022-2023
Academic,Nigeria,9,0,2022-2023
Academic,Oman,<4,0.02,2022-2023
Academic,Oman,4,0.05,2022-2023
Academic,Oman,4.5,0.15,2022-2023
Academic,Oman,5,0.27,2022-2023
Academic,Oman,5.5,0.24,2022-2023
Academic,Oman,6,0.14,2022-2023
Academic,Oman,6.5,0.06,2022-2023
Academic,Oman,7,0.03,2022-2023
Academic,Oman,7.5,0.02,2022-2023
Academic,Oman,8,0.01,2022-2023
Academic,Oman,8.5,0,2022-2023
Academic,Oman,9,0,2022-2023
Academic,Pakistan,<4,0,2022-2023
Academic,Pakistan,4,0.01,2022-2023
Academic,Pakistan,4.5,0.03,2022-2023
Academic,Pakistan,5,0.08,2022-2023
Academic,Pakistan,5.5,0.17,2022-2023
Academic,Pakistan,6,0.22,2022-2023
Academic,Pakistan,6.5,0.19,2022-2023
Academic,Pakistan,7,0.14,2022-2023
Academic,Pakistan,7.5,0.09,2022-2023
Academic,Pakistan,8,0.05,2022-2023
Academic,Pakistan,8.5,0.01,2022-2023
Academic,Pakistan,9,0,2022-2023
Academic,Philippines,<4,0,2022-2023
Academic,Philippines,4,0,2022-2023
Academic,Philippines,4.5,0.01,2022-2023
Academic,Philippines,5,0.02,2022-2023
Academic,Philippines,5.5,0.05,2022-2023
Academic,Philippines,6,0.15,2022-2023
Academic,Philippines,6.5,0.26,2022-2023
Academic,Philippines,7,0.25,2022-2023
Academic,Philippines,7.5,0.16,2022-2023
Academic,Philippines,8,0.08,2022-2023
Academic,Philippines,8.5,0.02,2022-2023
Academic,Philippines,9,0,2022-2023
Academic,Qatar,<4,0.03,2022-2023
Academic,Qatar,4,0.05,2022-2023
Academic,Qatar,4.5,0.13,2022-2023
Academic,Qatar,5,0.21,2022-2023
Academic,Qatar,5.5,0.21,2022-2023
Academic,Qatar,6,0.16,2022-2023
Academic,Qatar,6.5,0.11,2022-2023
Academic,Qatar,7,0.07,2022-2023
Academic,Qatar,7.5,0.03,2022-2023
Academic,Qatar,8,0.01,2022-2023
Academic,Qatar,8.5,0,2022-2023
Academic,Qatar,9,0,2022-2023
Academic,Russian Federation,<4,0,2022-2023
Academic,Russian Federation,4,0,2022-2023
Academic,Russian Federation,4.5,0.01,2022-2023
Academic,Russian Federation,5,0.02,2022-2023
Academic,Russian Federation,5.5,0.06,2022-2023
Academic,Russian Federation,6,0.14,2022-2023
Academic,Russian Federation,6.5,0.18,2022-2023
Academic,Russian Federation,7,0.19,2022-2023
Academic,Russian Federation,7.5,0.21,2022-2023
Academic,Russian Federation,8,0.16,2022-2023
Academic,Russian Federation,8.5,0.03,2022-2023
Academic,Russian Federation,9,0,2022-2023
Academic,Saudi Arabia,<4,0.03,2022-2023
Academic,Saudi Arabia,4,0.04,2022-2023
Academic,Saudi Arabia,4.5,0.09,2022-2023
Academic,Saudi Arabia,5,0.15,2022-2023
Academic,Saudi Arabia,5.5,0.19,2022-2023
Academic,Saudi Arabia,6,0.18,2022-2023
Academic,Saudi Arabia,6.5,0.14,2022-2023
Academic,Saudi Arabia,7,0.1,2022-2023
Academic,Saudi Arabia,7.5,0.06,2022-2023
Academic,Saudi Arabia,8,0.02,2022-2023
Academic,Saudi Arabia,8.5,0,2022-2023
Academic,Saudi Arabia,9,0,2022-2023
Academic,Spain,<4,0,2022-2023
Academic,Spain,4,0,2022-2023
Academic,Spain,4.5,0,2022-2023
Academic,Spain,5,0.01,2022-2023
Academic,Spain,5.5,0.05,2022-2023
Academic,Spain,6,0.11,2022-2023
Academic,Spain,6.5,0.16,2022-2023
Academic,Spain,7,0.21,2022-2023
Academic,Spain,7.5,0.23,2022-2023
Academic,Spain,8,0.18,2022-2023
Academic,Spain,8.5,0.04,2022-2023
Academic,Spain,9,0,2022-2023
Academic,Sri Lanka,<4,0,2022-2023
Academic,Sri Lanka,4,0,2022-2023
Academic,Sri Lanka,4.5,0.02,2022-2023
Academic,Sri Lanka,5,0.06,2022-2023
Academic,Sri Lanka,5.5,0.16,2022-2023
Academic,Sri Lanka,6,0.23,2022-2023
Academic,Sri Lanka,6.5,0.2,2022-2023
Academic,Sri Lanka,7,0.15,2022-2023
Academic,Sri Lanka,7.5,0.11,2022-2023
Academic,Sri Lanka,8,0.06,2022-2023
Academic,Sri Lanka,8.5,0.01,2022-2023
Academic,Sri Lanka,9,0,2022-2023
Academic,Thailand,<4,0.02,2022-2023
Academic,Thailand,4,0.02,2022-2023
Academic,Thailand,4.5,0.05,2022-2023
Academic,Thailand,5,0.1,2022-2023
Academic,Thailand,5.5,0.19,2022-2023
Academic,Thailand,6,0.21,2022-2023
Academic,Thailand,6.5,0.17,2022-2023
Academic,Thailand,7,0.13,2022-2023
Academic,Thailand,7.5,0.08,2022-2023
Academic,Thailand,8,0.04,2022-2023
Academic,Thailand,8.5,0.01,2022-2023
Academic,Thailand,9,0,2022-2023
Academic,Turkey,<4,0,2022-2023
Academic,Turkey,4,0.01,2022-2023
Academic,Turkey,4.5,0.02,2022-2023
Academic,Turkey,5,0.05,2022-2023
Academic,Turkey,5.5,0.13,2022-2023
Academic,Turkey,6,0.2,2022-2023
Academic,Turkey,6.5,0.19,2022-2023
Academic,Turkey,7,0.17,2022-2023
Academic,Turkey,7.5,0.14,2022-2023
Academic,Turkey,8,0.08,2022-2023
Academic,Turkey,8.5,0.02,2022-2023
Academic,Turkey,9,0,2022-2023
Academic,United Arab Emirates,<4,0.05,2022-2023
Academic,United Arab Emirates,4,0.08,2022-2023
Academic,United Arab Emirates,4.5,0.16,2022-2023
Academic,United Arab Emirates,5,0.18,2022-2023
Academic,United Arab Emirates,5.5,0.17,2022-2023
Academic,United Arab Emirates,6,0.14,2022-2023
Academic,United Arab Emirates,6.5,0.1,2022-2023
Academic,United Arab Emirates,7,0.06,2022-2023
Academic,United Arab Emirates,7.5,0.04,2022-2023
Academic,United Arab Emirates,8,0.02,2022-2023
Academic,United Arab Emirates,8.5,0,2022-2023
Academic,United Arab Emirates,9,0,2022-2023
Academic,Uzbekistan,<4,0.01,2022-2023
Academic,Uzbekistan,4,0.02,2022-2023
Academic,Uzbekistan,4.5,0.06,2022-2023
Academic,Uzbekistan,5,0.15,2022-2023
Academic,Uzbekistan,5.5,0.24,2022-2023
Academic,Uzbekistan,6,0.21,2022-2023
Academic,Uzbekistan,6.5,0.15,2022-2023
Academic,Uzbekistan,7,0.09,2022-2023
Academic,Uzbekistan,7.5,0.04,2022-2023
Academic,Uzbekistan,8,0.02,2022-2023
Academic,Uzbekistan,8.5,0,2022-2023
Academic,Uzbekistan,9,0,2022-2023
Academic,Vietnam,<4,0.01,2022-2023
Academic,Vietnam,4,0.01,2022-2023
Academic,Vietnam,4.5,0.03,2022-2023
Academic,Vietnam,5,0.08,2022-2023
Academic,Vietnam,5.5,0.17,2022-2023
Academic,Vietnam,6,0.22,2022-2023
Academic,Vietnam,6.5,0.19,2022-2023
Academic,Vietnam,7,0.14,2022-2023
Academic,Vietnam,7.5,0.1,2022-2023
Academic,Vietnam,8,0.04,2022-2023
Academic,Vietnam,8.5,0.01,2022-2023
Academic,Vietnam,9,0,2022-2023
Academic,Zimbabwe,<4,0,2022-2023
Academic,Zimbabwe,4,0,2022-2023
Academic,Zimbabwe,4.5,0.01,2022-2023
Academic,Zimbabwe,5,0.01,2022-2023
Academic,Zimbabwe,5.5,0.05,2022-2023
Academic,Zimbabwe,6,0.14,2022-2023
Academic,Zimbabwe,6.5,0.23,2022-2023
Academic,Zimbabwe,7,0.25,2022-2023
Academic,Zimbabwe,7.5,0.18,2022-2023
Academic,Zimbabwe,8,0.09,2022-2023
Academic,Zimbabwe,8.5,0.02,2022-2023
Academic,Zimbabwe,9,0,2022-2023
General_Training,Argentina,<4,0.01,2022-2023
General_Training,Argentina,4,0.02,2022-2023
General_Training,Argentina,4.5,0.04,2022-2023
General_Training,Argentina,5,0.07,2022-2023
General_Training,Argentina,5.5,0.13,2022-2023
General_Training,Argentina,6,0.18,2022-2023
General_Training,Argentina,6.5,0.18,2022-2023
General_Training,Argentina,7,0.16,2022-2023
General_Training,Argentina,7.5,0.13,2022-2023
General_Training,Argentina,8,0.08,2022-2023
General_Training,Argentina,8.5,0.02,2022-2023
General_Training,Argentina,9,0,2022-2023
General_Training,Bangladesh,<4,0.05,2022-2023
General_Training,Bangladesh,4,0.08,2022-2023
General_Training,Bangladesh,4.5,0.13,2022-2023
General_Training,Bangladesh,5,0.15,2022-2023
General_Training,Bangladesh,5.5,0.14,2022-2023
General_Training,Bangladesh,6,0.13,2022-2023
General_Training,Bangladesh,6.5,0.11,2022-2023
General_Training,Bangladesh,7,0.09,2022-2023
General_Training,Bangladesh,7.5,0.06,2022-2023
General_Training,Bangladesh,8,0.04,2022-2023
General_Training,Bangladesh,8.5,0.01,2022-2023
General_Training,Bangladesh,9,0,2022-2023
General_Training,Brazil,<4,0.01,2022-2023
General_Training,Brazil,4,0.01,2022-2023
General_Training,Brazil,4.5,0.03,2022-2023
General_Training,Brazil,5,0.05,2022-2023
General_Training,Brazil,5.5,0.1,2022-2023
General_Training,Brazil,6,0.14,2022-2023
General_Training,Brazil,6.5,0.16,2022-2023
General_Training,Brazil,7,0.16,2022-2023
General_Training,Brazil,7.5,0.17,2022-2023
General_Training,Brazil,8,0.13,2022-2023
General_Training,Brazil,8.5,0.04,2022-2023
General_Training,Brazil,9,0,2022-2023
General_Training,Cameroon,<4,0.02,2022-2023
General_Training,Cameroon,4,0.04,2022-2023
General_Training,Cameroon,4.5,0.08,2022-2023
General_Training,Cameroon,5,0.15,2022-2023
General_Training,Cameroon,5.5,0.2,2022-2023
General_Training,Cameroon,6,0.22,2022-2023
General_Training,Cameroon,6.5,0.15,2022-2023
General_Training,Cameroon,7,0.08,2022-2023
General_Training,Cameroon,7.5,0.04,2022-2023
General_Training,Cameroon,8,0.01,2022-2023
General_Training,Cameroon,8.5,0,2022-2023
General_Training,Cameroon,9,0,2022-2023
General_Training,Chile,<4,0.02,2022-2023
General_Training,Chile,4,0.03,2022-2023
General_Training,Chile,4.5,0.07,2022-2023
General_Training,Chile,5,0.11,2022-2023
General_Training,Chile,5.5,0.15,2022-2023
General_Training,Chile,6,0.19,2022-2023
General_Training,Chile,6.5,0.15,2022-2023
General_Training,Chile,7,0.13,2022-2023
General_Training,Chile,7.5,0.09,2022-2023
General_Training,Chile,8,0.05,2022-2023
General_Training,Chile,8.5,0.01,2022-2023
General_Training,Chile,9,0,2022-2023
General_Training,China,<4,0.01,2022-2023
General_Training,China,4,0.02,2022-2023
General_Training,China,4.5,0.05,2022-2023
General_Training,China,5,0.1,2022-2023
General_Training,China,5.5,0.14,2022-2023
General_Training,China,6,0.16,2022-2023
General_Training,China,6.5,0.15,2022-2023
General_Training,China,7,0.15,2022-2023
General_Training,China,7.5,0.14,2022-2023
General_Training,China,8,0.09,2022-2023
General_Training,China,8.5,0.02,2022-2023
General_Training,China,9,0,2022-2023
General_Training,Colombia,<4,0.01,2022-2023
General_Training,Colombia,4,0.01,2022-2023
General_Training,Colombia,4.5,0.03,2022-2023
General_Training,Colombia,5,0.08,2022-2023
General_Training,Colombia,5.5,0.14,2022-2023
General_Training,Colombia,6,0.19,2022-2023
General_Training,Colombia,6.5,0.18,2022-2023
General_Training,Colombia,7,0.16,2022-2023
General_Training,Colombia,7.5,0.12,2022-2023
General_Training,Colombia,8,0.06,2022-2023
General_Training,Colombia,8.5,0.01,2022-2023
General_Training,Colombia,9,0,2022-2023
General_Training,Egypt,<4,0.01,2022-2023
General_Training,Egypt,4,0.02,2022-2023
General_Training,Egypt,4.5,0.04,2022-2023
General_Training,Egypt,5,0.07,2022-2023
General_Training,Egypt,5.5,0.13,2022-2023
General_Training,Egypt,6,0.16,2022-2023
General_Training,Egypt,6.5,0.16,2022-2023
General_Training,Egypt,7,0.16,2022-2023
General_Training,Egypt,7.5,0.13,2022-2023
General_Training,Egypt,8,0.09,2022-2023
General_Training,Egypt,8.5,0.03,2022-2023
General_Training,Egypt,9,0,2022-2023
General_Training,France,<4,0,2022-2023
General_Training,France,4,0.01,2022-2023
General_Training,France,4.5,0.01,2022-2023
General_Training,France,5,0.03,2022-2023
General_Training,France,5.5,0.06,2022-2023
General_Training,France,6,0.11,2022-2023
General_Training,France,6.5,0.14,2022-2023
General_Training,France,7,0.17,2022-2023
General_Training,France,7.5,0.2,2022-2023
General_Training,France,8,0.19,2022-2023
General_Training,France,8.5,0.07,2022-2023
General_Training,France,9,0,2022-2023
General_Training,Ghana,<4,0.01,2022-2023
General_Training,Ghana,4,0.01,2022-2023
General_Training,Ghana,4.5,0.03,2022-2023
General_Training,Ghana,5,0.09,2022-2023
General_Training,Ghana,5.5,0.17,2022-2023
General_Training,Ghana,6,0.22,2022-2023
General_Training,Ghana,6.5,0.17,2022-2023
General_Training,Ghana,7,0.13,2022-2023
General_Training,Ghana,7.5,0.09,2022-2023
General_Training,Ghana,8,0.06,2022-2023
General_Training,Ghana,8.5,0.02,2022-2023
General_Training,Ghana,9,0,2022-2023
General_Training,"Hong Kong, SAR of China",<4,0.01,2022-2023
General_Training,"Hong Kong, SAR of China",4,0.01,2022-2023
General_Training,"Hong Kong, SAR of China",4.5,0.03,2022-2023
General_Training,"Hong Kong, SAR of China",5,0.06,2022-2023
General_Training,"Hong Kong, SAR of China",5.5,0.13,2022-2023
General_Training,"Hong Kong, SAR of China",6,0.16,2022-2023
General_Training,"Hong Kong, SAR of China",6.5,0.16,2022-2023
General_Training,"Hong Kong, SAR of China",7,0.16,2022-2023
General_Training,"Hong Kong, SAR of China",7.5,0.16,2022-2023
General_Training,"Hong Kong, SAR of China",8,0.1,2022-2023
General_Training,"Hong Kong, SAR of China",8.5,0.02,2022-2023
General_Training,"Hong Kong, SAR of China",9,0,2022-2023
General_Training,India,<4,0.01,2022-2023
General_Training,India,4,0.01,2022-2023
General_Training,India,4.5,0.03,2022-2023
General_Training,India,5,0.06,2022-2023
General_Training,India,5.5,0.11,2022-2023
General_Training,India,6,0.19,2022-2023
General_Training,India,6.5,0.2,2022-2023
General_Training,India,7,0.17,2022-2023
General_Training,India,7.5,0.12,2022-2023
General_Training,India,8,0.07,2022-2023
General_Training,India,8.5,0.02,2022-2023
General_Training,India,9,0,2022-2023
General_Training,Indonesia,<4,0.03,2022-2023
General_Training,Indonesia,4,0.04,2022-2023
General_Training,Indonesia,4.5,0.1,2022-2023
General_Training,Indonesia,5,0.15,2022-2023
General_Training,Indonesia,5.5,0.19,2022-2023
General_Training,Indonesia,6,0.17,2022-2023
General_Training,Indonesia,6.5,0.11,2022-2023
General_Training,Indonesia,7,0.08,2022-2023
General_Training,Indonesia,7.5,0.07,2022-2023
General_Training,Indonesia,8,0.04,2022-2023
General_Training,Indonesia,8.5,0.01,2022-2023
General_Training,Indonesia,9,0,2022-2023
General_Training,Iran,<4,0.02,2022-2023
General_Training,Iran,4,0.02,2022-2023
General_Training,Iran,4.5,0.05,2022-2023
General_Training,Iran,5,0.11,2022-2023
General_Training,Iran,5.5,0.16,2022-2023
General_Training,Iran,6,0.18,2022-2023
General_Training,Iran,6.5,0.16,2022-2023
General_Training,Iran,7,0.13,2022-2023
General_Training,Iran,7.5,0.1,2022-2023
General_Training,Iran,8,0.06,2022-2023
General_Training,Iran,8.5,0.01,2022-2023
General_Training,Iran,9,0,2022-2023
General_Training,Italy,<4,0.01,2022-2023
General_Training,Italy,4,0.02,2022-2023
General_Training,Italy,4.5,0.03,2022-2023
General_Training,Italy,5,0.07,2022-2023
General_Training,Italy,5.5,0.13,2022-2023
General_Training,Italy,6,0.18,2022-2023
General_Training,Italy,6.5,0.17,2022-2023
General_Training,Italy,7,0.15,2022-2023
General_Training,Italy,7.5,0.13,2022-2023
General_Training,Italy,8,0.09,2022-2023
General_Training,Italy,8.5,0.02,2022-2023
General_Training,Italy,9,0,2022-2023
General_Training,Japan,<4,0.01,2022-2023
General_Training,Japan,4,0.03,2022-2023
General_Training,Japan,4.5,0.08,2022-2023
General_Training,Japan,5,0.14,2022-2023
General_Training,Japan,5.5,0.21,2022-2023
General_Training,Japan,6,0.22,2022-2023
General_Training,Japan,6.5,0.13,2022-2023
General_Training,Japan,7,0.09,2022-2023
General_Training,Japan,7.5,0.05,2022-2023
General_Training,Japan,8,0.03,2022-2023
General_Training,Japan,8.5,0.01,2022-2023
General_Training,Japan,9,0,2022-2023
General_Training,Jordan,<4,0.01,2022-2023
General_Training,Jordan,4,0.02,2022-2023
General_Training,Jordan,4.5,0.04,2022-2023
General_Training,Jordan,5,0.09,2022-2023
General_Training,Jordan,5.5,0.16,2022-2023
General_Training,Jordan,6,0.17,2022-2023
General_Training,Jordan,6.5,0.17,2022-2023
General_Training,Jordan,7,0.15,2022-2023
General_Training,Jordan,7.5,0.12,2022-2023
General_Training,Jordan,8,0.07,2022-2023
General_Training,Jordan,8.5,0.02,2022-2023
General_Training,Jordan,9,0,2022-2023
General_Training,Kenya,<4,0,2022-2023
General_Training,Kenya,4,0.01,2022-2023
General_Training,Kenya,4.5,0.02,2022-2023
General_Training,Kenya,5,0.07,2022-2023
General_Training,Kenya,5.5,0.14,2022-2023
General_Training,Kenya,6,0.2,2022-2023
General_Training,Kenya,6.5,0.2,2022-2023
General_Training,Kenya,7,0.16,2022-2023
General_Training,Kenya,7.5,0.11,2022-2023
General_Training,Kenya,8,0.06,2022-2023
General_Training,Kenya,8.5,0.02,2022-2023
General_Training,Kenya,9,0,2022-2023
General_Training,"Korea, Republic of",<4,0.02,2022-2023
General_Training,"Korea, Republic of",4,0.03,2022-2023
General_Training,"Korea, Republic of",4.5,0.07,2022-2023
General_Training,"Korea, Republic of",5,0.14,2022-2023
General_Training,"Korea, Republic of",5.5,0.21,2022-2023
General_Training,"Korea, Republic of",6,0.21,2022-2023
General_Training,"Korea, Republic of",6.5,0.14,2022-2023
General_Training,"Korea, Republic of",7,0.09,2022-2023
General_Training,"Korea, Republic of",7.5,0.06,2022-2023
General_Training,"Korea, Republic of",8,0.03,2022-2023
General_Training,"Korea, Republic of",8.5,0.01,2022-2023
General_Training,"Korea, Republic of",9,0,2022-2023
General_Training,Lebanon,<4,0,2022-2023
General_Training,Lebanon,4,0.01,2022-2023
General_Training,Lebanon,4.5,0.02,2022-2023
General_Training,Lebanon,5,0.05,2022-2023
General_Training,Lebanon,5.5,0.08,2022-2023
General_Training,Lebanon,6,0.14,2022-2023
General_Training,Lebanon,6.5,0.17,2022-2023
General_Training,Lebanon,7,0.19,2022-2023
General_Training,Lebanon,7.5,0.17,2022-2023
General_Training,Lebanon,8,0.13,2022-2023
General_Training,Lebanon,8.5,0.04,2022-2023
General_Training,Lebanon,9,0,2022-2023
General_Training,Malaysia,<4,0.03,2022-2023
General_Training,Malaysia,4,0.02,2022-2023
General_Training,Malaysia,4.5,0.03,2022-2023
General_Training,Malaysia,5,0.06,2022-2023
General_Training,Malaysia,5.5,0.08,2022-2023
General_Training,Malaysia,6,0.1,2022-2023
General_Training,Malaysia,6.5,0.12,2022-2023
General_Training,Malaysia,7,0.14,2022-2023
General_Training,Malaysia,7.5,0.17,2022-2023
General_Training,Malaysia,8,0.16,2022-2023
General_Training,Malaysia,8.5,0.08,2022-2023
General_Training,Malaysia,9,0.01,2022-2023
General_Training,Mauritius,<4,0,2022-2023
General_Training,Mauritius,4,0.01,2022-2023
General_Training,Mauritius,4.5,0.02,2022-2023
General_Training,Mauritius,5,0.04,2022-2023
General_Training,Mauritius,5.5,0.08,2022-2023
General_Training,Mauritius,6,0.13,2022-2023
General_Training,Mauritius,6.5,0.19,2022-2023
General_Training,Mauritius,7,0.2,2022-2023
General_Training,Mauritius,7.5,0.18,2022-2023
General_Training,Mauritius,8,0.12,2022-2023
General_Training,Mauritius,8.5,0.03,2022-2023
General_Training,Mauritius,9,0,2022-2023
General_Training,Mexico,<4,0.01,2022-2023
General_Training,Mexico,4,0.01,2022-2023
General_Training,Mexico,4.5,0.03,2022-2023
General_Training,Mexico,5,0.06,2022-2023
General_Training,Mexico,5.5,0.11,2022-2023
General_Training,Mexico,6,0.16,2022-2023
General_Training,Mexico,6.5,0.18,2022-2023
General_Training,Mexico,7,0.16,2022-2023
General_Training,Mexico,7.5,0.14,2022-2023
General_Training,Mexico,8,0.11,2022-2023
General_Training,Mexico,8.5,0.03,2022-2023
General_Training,Mexico,9,0,2022-2023
General_Training,Morocco,<4,0.02,2022-2023
General_Training,Morocco,4,0.02,2022-2023
General_Training,Morocco,4.5,0.05,2022-2023
General_Training,Morocco,5,0.11,2022-2023
General_Training,Morocco,5.5,0.15,2022-2023
General_Training,Morocco,6,0.17,2022-2023
General_Training,Morocco,6.5,0.15,2022-2023
General_Training,Morocco,7,0.14,2022-2023
General_Training,Morocco,7.5,0.11,2022-2023
General_Training,Morocco,8,0.07,2022-2023
General_Training,Morocco,8.5,0.01,2022-2023
General_Training,Morocco,9,0,2022-2023
General_Training,Nepal,<4,0.03,2022-2023
General_Training,Nepal,4,0.05,2022-2023
General_Training,Nepal,4.5,0.11,2022-2023
General_Training,Nepal,5,0.17,2022-2023
General_Training,Nepal,5.5,0.19,2022-2023
General_Training,Nepal,6,0.16,2022-2023
General_Training,Nepal,6.5,0.11,2022-2023
General_Training,Nepal,7,0.08,2022-2023
General_Training,Nepal,7.5,0.05,2022-2023
General_Training,Nepal,8,0.03,2022-2023
General_Training,Nepal,8.5,0.01,2022-2023
General_Training,Nepal,9,0,2022-2023
General_Training,Nigeria,<4,0.01,2022-2023
General_Training,Nigeria,4,0.01,2022-2023
General_Training,Nigeria,4.5,0.03,2022-2023
General_Training,Nigeria,5,0.07,2022-2023
General_Training,Nigeria,5.5,0.13,2022-2023
General_Training,Nigeria,6,0.18,2022-2023
General_Training,Nigeria,6.5,0.18,2022-2023
General_Training,Nigeria,7,0.17,2022-2023
General_Training,Nigeria,7.5,0.13,2022-2023
General_Training,Nigeria,8,0.08,2022-2023
General_Training,Nigeria,8.5,0.02,2022-2023
General_Training,Nigeria,9,0,2022-2023
General_Training,Pakistan,<4,0.02,2022-2023
General_Training,Pakistan,4,0.03,2022-2023
General_Training,Pakistan,4.5,0.06,2022-2023
General_Training,Pakistan,5,0.09,2022-2023
General_Training,Pakistan,5.5,0.13,2022-2023
General_Training,Pakistan,6,0.16,2022-2023
General_Training,Pakistan,6.5,0.16,2022-2023
General_Training,Pakistan,7,0.14,2022-2023
General_Training,Pakistan,7.5,0.12,2022-2023
General_Training,Pakistan,8,0.08,2022-2023
General_Training,Pakistan,8.5,0.03,2022-2023
General_Training,Pakistan,9,0,2022-2023
General_Training,Philippines,<4,0.02,2022-2023
General_Training,Philippines,4,0.04,2022-2023
General_Training,Philippines,4.5,0.09,2022-2023
General_Training,Philippines,5,0.15,2022-2023
General_Training,Philippines,5.5,0.18,2022-2023
General_Training,Philippines,6,0.17,2022-2023
General_Training,Philippines,6.5,0.14,2022-2023
General_Training,Philippines,7,0.1,2022-2023
General_Training,Philippines,7.5,0.06,2022-2023
General_Training,Philippines,8,0.03,2022-2023
General_Training,Philippines,8.5,0.01,2022-2023
General_Training,Philippines,9,0,2022-2023
General_Training,Russian Federation,<4,0.01,2022-2023
General_Training,Russian Federation,4,0.01,2022-2023
General_Training,Russian Federation,4.5,0.02,2022-2023
General_Training,Russian Federation,5,0.04,2022-2023
General_Training,Russian Federation,5.5,0.07,2022-2023
General_Training,Russian Federation,6,0.11,2022-2023
General_Training,Russian Federation,6.5,0.15,2022-2023
General_Training,Russian Federation,7,0.18,2022-2023
General_Training,Russian Federation,7.5,0.2,2022-2023
General_Training,Russian Federation,8,0.17,2022-2023
General_Training,Russian Federation,8.5,0.04,2022-2023
General_Training,Russian Federation,9,0,2022-2023
General_Training,Saudi Arabia,<4,0.2,2022-2023
General_Training,Saudi Arabia,4,0.12,2022-2023
General_Training,Saudi Arabia,4.5,0.13,2022-2023
General_Training,Saudi Arabia,5,0.15,2022-2023
General_Training,Saudi Arabia,5.5,0.13,2022-2023
General_Training,Saudi Arabia,6,0.11,2022-2023
General_Training,Saudi Arabia,6.5,0.07,2022-2023
General_Training,Saudi Arabia,7,0.05,2022-2023
General_Training,Saudi Arabia,7.5,0.03,2022-2023
General_Training,Saudi Arabia,8,0.01,2022-2023
General_Training,Saudi Arabia,8.5,0,2022-2023
General_Training,Saudi Arabia,9,0,2022-2023
General_Training,South Africa,<4,0,2022-2023
General_Training,South Africa,4,0.01,2022-2023
General_Training,South Africa,4.5,0.02,2022-2023
General_Training,South Africa,5,0.04,2022-2023
General_Training,South Africa,5.5,0.07,2022-2023
General_Training,South Africa,6,0.09,2022-2023
General_Training,South Africa,6.5,0.12,2022-2023
General_Training,South Africa,7,0.14,2022-2023
General_Training,South Africa,7.5,0.17,2022-2023
General_Training,South Africa,8,0.2,2022-2023
General_Training,South Africa,8.5,0.14,2022-2023
General_Training,South Africa,9,0.01,2022-2023
General_Training,Spain,<4,0,2022-2023
General_Training,Spain,4,0.01,2022-2023
General_Training,Spain,4.5,0.02,2022-2023
General_Training,Spain,5,0.05,2022-2023
General_Training,Spain,5.5,0.12,2022-2023
General_Training,Spain,6,0.17,2022-2023
General_Training,Spain,6.5,0.19,2022-2023
General_Training,Spain,7,0.16,2022-2023
General_Training,Spain,7.5,0.14,2022-2023
General_Training,Spain,8,0.1,2022-2023
General_Training,Spain,8.5,0.03,2022-2023
General_Training,Spain,9,0,2022-2023
General_Training,Sri Lanka,<4,0.01,2022-2023
General_Training,Sri Lanka,4,0.02,2022-2023
General_Training,Sri Lanka,4.5,0.04,2022-2023
General_Training,Sri Lanka,5,0.1,2022-2023
General_Training,Sri Lanka,5.5,0.14,2022-2023
General_Training,Sri Lanka,6,0.17,2022-2023
General_Training,Sri Lanka,6.5,0.16,2022-2023
General_Training,Sri Lanka,7,0.14,2022-2023
General_Training,Sri Lanka,7.5,0.11,2022-2023
General_Training,Sri Lanka,8,0.07,2022-2023
General_Training,Sri Lanka,8.5,0.02,2022-2023
General_Training,Sri Lanka,9,0,2022-2023
General_Training,Thailand,<4,0.06,2022-2023
General_Training,Thailand,4,0.06,2022-2023
General_Training,Thailand,4.5,0.13,2022-2023
General_Training,Thailand,5,0.22,2022-2023
General_Training,Thailand,5.5,0.25,2022-2023
General_Training,Thailand,6,0.16,2022-2023
General_Training,Thailand,6.5,0.07,2022-2023
General_Training,Thailand,7,0.03,2022-2023
General_Training,Thailand,7.5,0.02,2022-2023
General_Training,Thailand,8,0.01,2022-2023
General_Training,Thailand,8.5,0,2022-2023
General_Training,Thailand,9,0,2022-2023
General_Training,Turkey,<4,0.04,2022-2023
General_Training,Turkey,4,0.04,2022-2023
General_Training,Turkey,4.5,0.06,2022-2023
General_Training,Turkey,5,0.09,2022-2023
General_Training,Turkey,5.5,0.14,2022-2023
General_Training,Turkey,6,0.19,2022-2023
General_Training,Turkey,6.5,0.16,2022-2023
General_Training,Turkey,7,0.12,2022-2023
General_Training,Turkey,7.5,0.09,2022-2023
General_Training,Turkey,8,0.06,2022-2023
General_Training,Turkey,8.5,0.02,2022-2023
General_Training,Turkey,9,0,2022-2023
General_Training,Uganda,<4,0.01,2022-2023
General_Training,Uganda,4,0.01,2022-2023
General_Training,Uganda,4.5,0.05,2022-2023
General_Training,Uganda,5,0.14,2022-2023
General_Training,Uganda,5.5,0.23,2022-2023
General_Training,Uganda,6,0.22,2022-2023
General_Training,Uganda,6.5,0.16,2022-2023
General_Training,Uganda,7,0.09,2022-2023
General_Training,Uganda,7.5,0.05,2022-2023
General_Training,Uganda,8,0.02,2022-2023
General_Training,Uganda,8.5,0.01,2022-2023
General_Training,Uganda,9,0,2022-2023
General_Training,United States of America,<4,0,2022-2023
General_Training,United States of America,4,0,2022-2023
General_Training,United States of America,4.5,0,2022-2023
General_Training,United States of America,5,0.01,2022-2023
General_Training,United States of America,5.5,0.01,2022-2023
General_Training,United States of America,6,0.01,2022-2023
General_Training,United States of America,6.5,0.03,2022-2023
General_Training,United States of America,7,0.04,2022-2023
General_Training,United States of America,7.5,0.11,2022-2023
General_Training,United States of America,8,0.24,2022-2023
General_Training,United States of America,8.5,0.44,2022-2023
General_Training,United States of America,9,0.11,2022-2023
General_Training,Vietnam,<4,0.04,2022-2023
General_Training,Vietnam,4,0.04,2022-2023
General_Training,Vietnam,4.5,0.09,2022-2023
General_Training,Vietnam,5,0.14,2022-2023
General_Training,Vietnam,5.5,0.16,2022-2023
General_Training,Vietnam,6,0.16,2022-2023
General_Training,Vietnam,6.5,0.13,2022-2023
General_Training,Vietnam,7,0.1,2022-2023
General_Training,Vietnam,7.5,0.09,2022-2023
General_Training,Vietnam,8,0.05,2022-2023
General_Training,Vietnam,8.5,0.01,2022-2023
General_Training,Vietnam,9,0,2022-2023
General_Training,Zimbabwe,<4,0,2022-2023
General_Training,Zimbabwe,4,0.01,2022-2023
General_Training,Zimbabwe,4.5,0.03,2022-2023
General_Training,Zimbabwe,5,0.08,2022-2023
General_Training,Zimbabwe,5.5,0.18,2022-2023
General_Training,Zimbabwe,6,0.25,2022-2023
General_Training,Zimbabwe,6.5,0.21,2022-2023
General_Training,Zimbabwe,7,0.13,2022-2023
General_Training,Zimbabwe,7.5,0.07,2022-2023
General_Training,Zimbabwe,8,0.03,2022-2023
General_Training,Zimbabwe,8.5,0.01,2022-2023
General_Training,Zimbabwe,9,0,2022-2023
