type,language,band,percent,year
Academic,Arabic,<4,0.021293445306636252,2024-2025
Academic,Arabic,4,0.037102483939789724,2024-2025
Academic,Arabic,4.5,0.08149190045329094,2024-2025
Academic,Arabic,5,0.13799074506373848,2024-2025
Academic,Arabic,5.5,0.17022936403340286,2024-2025
Academic,Arabic,6,0.15888822566442287,2024-2025
Academic,Arabic,6.5,0.13594591240315115,2024-2025
Academic,Arabic,7,0.11427423215351609,2024-2025
Academic,Arabic,7.5,0.08553428640659075,2024-2025
Academic,Arabic,8,0.04757486392406934,2024-2025
Academic,Arabic,8.5,0.009574071994657431,2024-2025
Academic,Arabic,9,1.0046865673405946e-4,2024-2025
Academic,Azeri,<4,5.400297016335898e-4,2024-2025
Academic,Azeri,4,0.0033751856352099365,2024-2025
Academic,Azeri,4.5,0.009720534629404616,2024-2025
Academic,Azeri,5,0.03874713109221007,2024-2025
Academic,Azeri,5.5,0.10881598487916834,2024-2025
Academic,Azeri,6,0.18739030646685567,2024-2025
Academic,Azeri,6.5,0.2183070068853787,2024-2025
Academic,Azeri,7,0.20494127176994734,2024-2025
Academic,Azeri,7.5,0.14729310112056163,2024-2025
Academic,Azeri,8,0.07168894289185905,2024-2025
Academic,Azeri,8.5,0.00904549750236263,2024-2025
Academic,Azeri,9,1.3500742540839745e-4,2024-2025
Academic,Bengali,<4,0.004276805395934208,2024-2025
Academic,Bengali,4,0.015176064962224692,2024-2025
Academic,Bengali,4.5,0.047242685155528756,2024-2025
Academic,Bengali,5,0.11858243683704807,2024-2025
Academic,Bengali,5.5,0.21193737400380577,2024-2025
Academic,Bengali,6,0.22984531906475497,2024-2025
Academic,Bengali,6.5,0.16552367315409686,2024-2025
Academic,Bengali,7,0.10285999585507848,2024-2025
Academic,Bengali,7.5,0.06451005143470806,2024-2025
Academic,Bengali,8,0.03289560449912391,2024-2025
Academic,Bengali,8.5,0.006980424666051208,2024-2025
Academic,Bengali,9,1.6956497164496862e-4,2024-2025
Academic,Burmese,<4,8.868617762574434e-4,2024-2025
Academic,Burmese,4,0.004814392499683264,2024-2025
Academic,Burmese,4.5,0.013429621183326999,2024-2025
Academic,Burmese,5,0.0459901178259217,2024-2025
Academic,Burmese,5.5,0.12073989611047764,2024-2025
Academic,Burmese,6,0.2001773723552515,2024-2025
Academic,Burmese,6.5,0.20144431774990498,2024-2025
Academic,Burmese,7,0.17623210439630055,2024-2025
Academic,Burmese,7.5,0.1382237425566958,2024-2025
Academic,Burmese,8,0.08298492334980363,2024-2025
Academic,Burmese,8.5,0.01469656657798049,2024-2025
Academic,Burmese,9,3.800836183960472e-4,2024-2025
Academic,Chinese,<4,0.005016950836365442,2024-2025
Academic,Chinese,4,0.013787301153650329,2024-2025
Academic,Chinese,4.5,0.044422988562842276,2024-2025
Academic,Chinese,5,0.11846854678141079,2024-2025
Academic,Chinese,5.5,0.22392385990620123,2024-2025
Academic,Chinese,6,0.26022327914860854,2024-2025
Academic,Chinese,6.5,0.1790900360541599,2024-2025
Academic,Chinese,7,0.09508198078491273,2024-2025
Academic,Chinese,7.5,0.04394385320037585,2024-2025
Academic,Chinese,8,0.013876298218816878,2024-2025
Academic,Chinese,8.5,0.002135929563997169,2024-2025
Academic,Chinese,9,2.897578865887632e-5,2024-2025
Academic,English,<4,5.075319907132445e-4,2024-2025
Academic,English,4,0.0014362075481885428,2024-2025
Academic,English,4.5,0.005248096755034825,2024-2025
Academic,English,5,0.019059446034231414,2024-2025
Academic,English,5.5,0.0575994816694563,2024-2025
Academic,English,6,0.11985313967928299,2024-2025
Academic,English,6.5,0.16009934668754386,2024-2025
Academic,English,7,0.18105933804870147,2024-2025
Academic,English,7.5,0.19492468009286756,2024-2025
Academic,English,8,0.17672911829814805,2024-2025
Academic,English,8.5,0.0803088386156255,2024-2025
Academic,English,9,0.003174774580206253,2024-2025
Academic,Farsi,<4,8.612028132625232e-4,2024-2025
Academic,Farsi,4,0.0023922300368403424,2024-2025
Academic,Farsi,4.5,0.010717190565044735,2024-2025
Academic,Farsi,5,0.03521362614228984,2024-2025
Academic,Farsi,5.5,0.10650208124013204,2024-2025
Academic,Farsi,6,0.20707143198890005,2024-2025
Academic,Farsi,6.5,0.2277402995072006,2024-2025
Academic,Farsi,7,0.18831634850007176,2024-2025
Academic,Farsi,7.5,0.13664417970432036,2024-2025
Academic,Farsi,8,0.07219750251184152,2024-2025
Academic,Farsi,8.5,0.012296062389359359,2024-2025
Academic,Farsi,9,4.784460073680685e-5,2024-2025
Academic,Filipino,<4,6.524221171097701e-4,2024-2025
Academic,Filipino,4,0.002691241233077802,2024-2025
Academic,Filipino,4.5,0.00774751264067852,2024-2025
Academic,Filipino,5,0.024955145979448704,2024-2025
Academic,Filipino,5.5,0.06369270918284131,2024-2025
Academic,Filipino,6,0.1472842929375306,2024-2025
Academic,Filipino,6.5,0.2109770021203719,2024-2025
Academic,Filipino,7,0.22353612787473498,2024-2025
Academic,Filipino,7.5,0.18479856467134237,2024-2025
Academic,Filipino,8,0.10870983526341543,2024-2025
Academic,Filipino,8.5,0.024465829391616376,2024-2025
Academic,Filipino,9,4.893165878323276e-4,2024-2025
Academic,French,<4,0.0019280894062198737,2024-2025
Academic,French,4,0.006034205734280715,2024-2025
Academic,French,4.5,0.016388759952868925,2024-2025
Academic,French,5,0.043774770593066024,2024-2025
Academic,French,5.5,0.08987038954547077,2024-2025
Academic,French,6,0.1416074552790374,2024-2025
Academic,French,6.5,0.16813653729424785,2024-2025
Academic,French,7,0.18388260077837684,2024-2025
Academic,French,7.5,0.19034527082515088,2024-2025
Academic,French,8,0.1283964723104938,2024-2025
Academic,French,8.5,0.029099867890170317,2024-2025
Academic,French,9,5.355803906166315e-4,2024-2025
Academic,German,<4,0,2024-2025
Academic,German,4,2.2732439190725165e-4,2024-2025
Academic,German,4.5,6.81973175721755e-4,2024-2025
Academic,German,5,0.003978176858376904,2024-2025
Academic,German,5.5,0.012048192771084338,2024-2025
Academic,German,6,0.0312571038872471,2024-2025
Academic,German,6.5,0.07206183223459878,2024-2025
Academic,German,7,0.13412139122527847,2024-2025
Academic,German,7.5,0.24460104569220278,2024-2025
Academic,German,8,0.3561036599227097,2024-2025
Academic,German,8.5,0.14196408274607866,2024-2025
Academic,German,9,0.0029552170947942714,2024-2025
Academic,Greek,<4,1.4190435646374344e-4,2024-2025
Academic,Greek,4,7.095217823187173e-4,2024-2025
Academic,Greek,4.5,0.0011352348517099475,2024-2025
Academic,Greek,5,0.005534269902085994,2024-2025
Academic,Greek,5.5,0.031077054065559814,2024-2025
Academic,Greek,6,0.07549311763871151,2024-2025
Academic,Greek,6.5,0.14162054775081595,2024-2025
Academic,Greek,7,0.20107847310912447,2024-2025
Academic,Greek,7.5,0.2473392933163048,2024-2025
Academic,Greek,8,0.23641265786859658,2024-2025
Academic,Greek,8.5,0.05874840357598979,2024-2025
Academic,Greek,9,7.095217823187173e-4,2024-2025
Academic,Gujarati,<4,0.0012861959884589982,2024-2025
Academic,Gujarati,4,0.004970973685125318,2024-2025
Academic,Gujarati,4.5,0.01974484652553273,2024-2025
Academic,Gujarati,5,0.07018458650537074,2024-2025
Academic,Gujarati,5.5,0.18079744151284458,2024-2025
Academic,Gujarati,6,0.24406437932353042,2024-2025
Academic,Gujarati,6.5,0.1992213299961762,2024-2025
Academic,Gujarati,7,0.13950012166718812,2024-2025
Academic,Gujarati,7.5,0.09083324642819898,2024-2025
Academic,Gujarati,8,0.042062085027983455,2024-2025
Academic,Gujarati,8.5,0.007195745124621963,2024-2025
Academic,Gujarati,9,1.3904821496854035e-4,2024-2025
Academic,Hindi,<4,6.681550771637631e-4,2024-2025
Academic,Hindi,4,0.0018089076479311636,2024-2025
Academic,Hindi,4.5,0.006485993188077506,2024-2025
Academic,Hindi,5,0.026351384384726954,2024-2025
Academic,Hindi,5.5,0.08863647474862703,2024-2025
Academic,Hindi,6,0.17378550592376513,2024-2025
Academic,Hindi,6.5,0.19844205791763767,2024-2025
Academic,Hindi,7,0.1924938480843505,2024-2025
Academic,Hindi,7.5,0.1693854602936623,2024-2025
Academic,Hindi,8,0.1140426641461467,2024-2025
Academic,Hindi,8.5,0.027541026351384383,2024-2025
Academic,Hindi,9,3.585222365268973e-4,2024-2025
Academic,Indonesian,<4,0.001675427757649375,2024-2025
Academic,Indonesian,4,0.003560283985004922,2024-2025
Academic,Indonesian,4.5,0.010618023414102916,2024-2025
Academic,Indonesian,5,0.035309639992460576,2024-2025
Academic,Indonesian,5.5,0.09200192674192131,2024-2025
Academic,Indonesian,6,0.17124965967873673,2024-2025
Academic,Indonesian,6.5,0.2088839556849358,2024-2025
Academic,Indonesian,7,0.2011769879997487,2024-2025
Academic,Indonesian,7.5,0.16896688935893947,2024-2025
Academic,Indonesian,8,0.09080818446459613,2024-2025
Academic,Indonesian,8.5,0.01549770675825672,2024-2025
Academic,Indonesian,9,2.513141636474062e-4,2024-2025
Academic,Italian,<4,5.576830129754248e-4,2024-2025
Academic,Italian,4,0.0016358701713945795,2024-2025
Academic,Italian,4.5,0.005948618805071197,2024-2025
Academic,Italian,5,0.02126631222812953,2024-2025
Academic,Italian,5.5,0.053872179053426034,2024-2025
Academic,Italian,6,0.1074469271665985,2024-2025
Academic,Italian,6.5,0.15737814626166488,2024-2025
Academic,Italian,7,0.2085734468528089,2024-2025
Academic,Italian,7.5,0.24512027363646502,2024-2025
Academic,Italian,8,0.1676395137004127,2024-2025
Academic,Italian,8.5,0.030375134773394805,2024-2025
Academic,Italian,9,1.8589433765847492e-4,2024-2025
Academic,Japanese,<4,0.007940770293079637,2024-2025
Academic,Japanese,4,0.02424428417983735,2024-2025
Academic,Japanese,4.5,0.06442765075955194,2024-2025
Academic,Japanese,5,0.15135415068282954,2024-2025
Academic,Japanese,5.5,0.2425195642166641,2024-2025
Academic,Japanese,6,0.2200207150529385,2024-2025
Academic,Japanese,6.5,0.14742212674543503,2024-2025
Academic,Japanese,7,0.08571812183520025,2024-2025
Academic,Japanese,7.5,0.039569587233389596,2024-2025
Academic,Japanese,8,0.013982660733466318,2024-2025
Academic,Japanese,8.5,0.0027428264538898266,2024-2025
Academic,Japanese,9,5.754181371796839e-5,2024-2025
Academic,Kannada,<4,0,2024-2025
Academic,Kannada,4,2.8776978417266187e-4,2024-2025
Academic,Kannada,4.5,0.0033093525179856116,2024-2025
Academic,Kannada,5,0.022589928057553957,2024-2025
Academic,Kannada,5.5,0.09568345323741008,2024-2025
Academic,Kannada,6,0.19971223021582735,2024-2025
Academic,Kannada,6.5,0.21784172661870504,2024-2025
Academic,Kannada,7,0.19122302158273383,2024-2025
Academic,Kannada,7.5,0.15697841726618705,2024-2025
Academic,Kannada,8,0.09093525179856116,2024-2025
Academic,Kannada,8.5,0.021151079136690648,2024-2025
Academic,Kannada,9,2.8776978417266187e-4,2024-2025
Academic,Kazakh,<4,0.005166454429688922,2024-2025
Academic,Kazakh,4,0.011933782062943423,2024-2025
Academic,Kazakh,4.5,0.039476077860651264,2024-2025
Academic,Kazakh,5,0.09226851009641622,2024-2025
Academic,Kazakh,5.5,0.1690376569037657,2024-2025
Academic,Kazakh,6,0.2082226669092232,2024-2025
Academic,Kazakh,6.5,0.18555575768601057,2024-2025
Academic,Kazakh,7,0.14538839366927414,2024-2025
Academic,Kazakh,7.5,0.09830816809168637,2024-2025
Academic,Kazakh,8,0.04009459705293796,2024-2025
Academic,Kazakh,8.5,0.004438784791704566,2024-2025
Academic,Kazakh,9,1.0915044569765326e-4,2024-2025
Academic,Khmer,<4,0.0037403962798220787,2024-2025
Academic,Khmer,4,0.01142337242215932,2024-2025
Academic,Khmer,4.5,0.04902951880307319,2024-2025
Academic,Khmer,5,0.13768701981399112,2024-2025
Academic,Khmer,5.5,0.20551961180752124,2024-2025
Academic,Khmer,6,0.213303679741205,2024-2025
Academic,Khmer,6.5,0.16265669227658716,2024-2025
Academic,Khmer,7,0.10735948241002831,2024-2025
Academic,Khmer,7.5,0.0736959158916296,2024-2025
Academic,Khmer,8,0.031237363526081682,2024-2025
Academic,Khmer,8.5,0.004346947027901334,2024-2025
Academic,Khmer,9,0,2024-2025
Academic,Korean,<4,0.0022256061848424506,2024-2025
Academic,Korean,4,0.005739721213541057,2024-2025
Academic,Korean,4.5,0.021436101675061495,2024-2025
Academic,Korean,5,0.07063371207684198,2024-2025
Academic,Korean,5.5,0.1677794697590879,2024-2025
Academic,Korean,6,0.23482097536214908,2024-2025
Academic,Korean,6.5,0.21049549021904648,2024-2025
Academic,Korean,7,0.1534106438639647,2024-2025
Academic,Korean,7.5,0.08761860138221858,2024-2025
Academic,Korean,8,0.03697629924641755,2024-2025
Academic,Korean,8.5,0.008629104681582133,2024-2025
Academic,Korean,9,2.3427433524657375e-4,2024-2025
Academic,Malayalam,<4,3.181673560292714e-4,2024-2025
Academic,Malayalam,4,0.0010991235935556647,2024-2025
Academic,Malayalam,4.5,0.0067972116969889805,2024-2025
Academic,Malayalam,5,0.029705261331096522,2024-2025
Academic,Malayalam,5.5,0.10129291643768258,2024-2025
Academic,Malayalam,6,0.19769762531455182,2024-2025
Academic,Malayalam,6.5,0.22370057559367137,2024-2025
Academic,Malayalam,7,0.18893356087120008,2024-2025
Academic,Malayalam,7.5,0.1475718045873948,2024-2025
Academic,Malayalam,8,0.08338877158476268,2024-2025
Academic,Malayalam,8.5,0.019292511497411277,2024-2025
Academic,Malayalam,9,2.024701356549909e-4,2024-2025
Academic,Marathi,<4,3.496259002866932e-4,2024-2025
Academic,Marathi,4,0.0010488777008600798,2024-2025
Academic,Marathi,4.5,0.003915810083210965,2024-2025
Academic,Marathi,5,0.021047479197258932,2024-2025
Academic,Marathi,5.5,0.08488916858960911,2024-2025
Academic,Marathi,6,0.17781973288581215,2024-2025
Academic,Marathi,6.5,0.22390042654359835,2024-2025
Academic,Marathi,7,0.19893713726312842,2024-2025
Academic,Marathi,7.5,0.16670162925669532,2024-2025
Academic,Marathi,8,0.10383889238514789,2024-2025
Academic,Marathi,8.5,0.017341444654219985,2024-2025
Academic,Marathi,9,2.0977554017201594e-4,2024-2025
Academic,Mongolian,<4,0.004480183802412407,2024-2025
Academic,Mongolian,4,0.010913268236645606,2024-2025
Academic,Mongolian,4.5,0.03262492820218265,2024-2025
Academic,Mongolian,5,0.07800114876507754,2024-2025
Academic,Mongolian,5.5,0.14865020103388857,2024-2025
Academic,Mongolian,6,0.18184951177484204,2024-2025
Academic,Mongolian,6.5,0.19058012636415853,2024-2025
Academic,Mongolian,7,0.16932797242963815,2024-2025
Academic,Mongolian,7.5,0.12280298678920161,2024-2025
Academic,Mongolian,8,0.05307294658242389,2024-2025
Academic,Mongolian,8.5,0.007581849511774842,2024-2025
Academic,Mongolian,9,1.1487650775416428e-4,2024-2025
Academic,Nepali,<4,0.0013713437555458756,2024-2025
Academic,Nepali,4,0.00451736766532759,2024-2025
Academic,Nepali,4.5,0.01819853830889115,2024-2025
Academic,Nepali,5,0.07405256279947728,2024-2025
Academic,Nepali,5.5,0.18879370149879804,2024-2025
Academic,Nepali,6,0.2571188874368779,2024-2025
Academic,Nepali,6.5,0.21288095122856265,2024-2025
Academic,Nepali,7,0.13782811416033428,2024-2025
Academic,Nepali,7.5,0.07352015875320653,2024-2025
Academic,Nepali,8,0.028733685042672992,2024-2025
Academic,Nepali,8.5,0.002920155526515335,2024-2025
Academic,Nepali,9,6.453382379039414e-5,2024-2025
Academic,Other,<4,0.00657583338968152,2024-2025
Academic,Other,4,0.013827845019947257,2024-2025
Academic,Other,4.5,0.03500912840624789,2024-2025
Academic,Other,5,0.07121847318953275,2024-2025
Academic,Other,5.5,0.13488065454053688,2024-2025
Academic,Other,6,0.1910879707891,2024-2025
Academic,Other,6.5,0.18403881263100952,2024-2025
Academic,Other,7,0.15949354249780243,2024-2025
Academic,Other,7.5,0.12069781594428292,2024-2025
Academic,Other,8,0.06599499628101968,2024-2025
Academic,Other,8.5,0.016735411454459396,2024-2025
Academic,Other,9,4.395158563797418e-4,2024-2025
Academic,Portuguese,<4,0.0031799476243920695,2024-2025
Academic,Portuguese,4,0.005331088664421998,2024-2025
Academic,Portuguese,4.5,0.013655069210624768,2024-2025
Academic,Portuguese,5,0.033857089412644974,2024-2025
Academic,Portuguese,5.5,0.06705948372615039,2024-2025
Academic,Portuguese,6,0.11700336700336701,2024-2025
Academic,Portuguese,6.5,0.15778151889263003,2024-2025
Academic,Portuguese,7,0.17648709315375985,2024-2025
Academic,Portuguese,7.5,0.21202768424990648,2024-2025
Academic,Portuguese,8,0.16853722409277969,2024-2025
Academic,Portuguese,8.5,0.04414515525626637,2024-2025
Academic,Portuguese,9,9.352787130564909e-4,2024-2025
Academic,Punjabi,<4,0.002219795563989187,2024-2025
Academic,Punjabi,4,0.005137752636007232,2024-2025
Academic,Punjabi,4.5,0.01475089955425073,2024-2025
Academic,Punjabi,5,0.06104437800970265,2024-2025
Academic,Punjabi,5.5,0.20132113639211613,2024-2025
Academic,Punjabi,6,0.2946778611195646,2024-2025
Academic,Punjabi,6.5,0.21788009523639032,2024-2025
Academic,Punjabi,7,0.11979735414690033,2024-2025
Academic,Punjabi,7.5,0.06127709851237894,2024-2025
Academic,Punjabi,8,0.019691734841839566,2024-2025
Academic,Punjabi,8.5,0.002183992409731297,2024-2025
Academic,Punjabi,9,1.790157712894506e-5,2024-2025
Academic,Russian,<4,0.0024834684779031146,2024-2025
Academic,Russian,4,0.00607402531342569,2024-2025
Academic,Russian,4.5,0.019777983902336854,2024-2025
Academic,Russian,5,0.05505520481134615,2024-2025
Academic,Russian,5.5,0.1169923102241106,2024-2025
Academic,Russian,6,0.1680979025163819,2024-2025
Academic,Russian,6.5,0.18246012985847224,2024-2025
Academic,Russian,7,0.17399239998803145,2024-2025
Academic,Russian,7.5,0.15591993058256784,2024-2025
Academic,Russian,8,0.09799228030280363,2024-2025
Academic,Russian,8.5,0.02061578049729212,2024-2025
Academic,Russian,9,5.385835253283863e-4,2024-2025
Academic,Sinhalese,<4,8.626097867001256e-4,2024-2025
Academic,Sinhalese,4,0.0039993726474278546,2024-2025
Academic,Sinhalese,4.5,0.016468005018820578,2024-2025
Academic,Sinhalese,5,0.05301129234629862,2024-2025
Academic,Sinhalese,5.5,0.1378607277289837,2024-2025
Academic,Sinhalese,6,0.2132214554579674,2024-2025
Academic,Sinhalese,6.5,0.2072616060225847,2024-2025
Academic,Sinhalese,7,0.1586417816813049,2024-2025
Academic,Sinhalese,7.5,0.12147114178168131,2024-2025
Academic,Sinhalese,8,0.07136135508155583,2024-2025
Academic,Sinhalese,8.5,0.015683814303638646,2024-2025
Academic,Sinhalese,9,1.5683814303638646e-4,2024-2025
Academic,Spanish,<4,0.005857621994425811,2024-2025
Academic,Spanish,4,0.007416505267135907,2024-2025
Academic,Spanish,4.5,0.01563607161415277,2024-2025
Academic,Spanish,5,0.04164107893618026,2024-2025
Academic,Spanish,5.5,0.09405262412017573,2024-2025
Academic,Spanish,6,0.14967641362369505,2024-2025
Academic,Spanish,6.5,0.1814681846095706,2024-2025
Academic,Spanish,7,0.1819169540365629,2024-2025
Academic,Spanish,7.5,0.17653172091265532,2024-2025
Academic,Spanish,8,0.11873494260475224,2024-2025
Academic,Spanish,8.5,0.02671359062780481,2024-2025
Academic,Spanish,9,3.5429165288865797e-4,2024-2025
Academic,Swahili,<4,2.54474510136568e-4,2024-2025
Academic,Swahili,4,0.0011027228772584614,2024-2025
Academic,Swahili,4.5,0.0044957163457460345,2024-2025
Academic,Swahili,5,0.024768852319959286,2024-2025
Academic,Swahili,5.5,0.08703028246670624,2024-2025
Academic,Swahili,6,0.1927220290100942,2024-2025
Academic,Swahili,6.5,0.2593095258291628,2024-2025
Academic,Swahili,7,0.23055390618373062,2024-2025
Academic,Swahili,7.5,0.1360590380863517,2024-2025
Academic,Swahili,8,0.05623886674018153,2024-2025
Academic,Swahili,8.5,0.007294935957248283,2024-2025
Academic,Swahili,9,1.6964967342437867e-4,2024-2025
Academic,Tagalog,<4,0.0014131778837661192,2024-2025
Academic,Tagalog,4,0.003532944709415298,2024-2025
Academic,Tagalog,4.5,0.007772478360713655,2024-2025
Academic,Tagalog,5,0.02384737678855326,2024-2025
Academic,Tagalog,5.5,0.07790143084260731,2024-2025
Academic,Tagalog,6,0.169051404345522,2024-2025
Academic,Tagalog,6.5,0.22575516693163752,2024-2025
Academic,Tagalog,7,0.24165341812400637,2024-2025
Academic,Tagalog,7.5,0.15332980038862393,2024-2025
Academic,Tagalog,8,0.08143437555202261,2024-2025
Academic,Tagalog,8.5,0.014131778837661192,2024-2025
Academic,Tagalog,9,1.766472354707649e-4,2024-2025
Academic,Tamil,<4,0.001001351824963701,2024-2025
Academic,Tamil,4,0.0029039202923947325,2024-2025
Academic,Tamil,4.5,0.011465478395834377,2024-2025
Academic,Tamil,5,0.04325839883843188,2024-2025
Academic,Tamil,5.5,0.11215140439593452,2024-2025
Academic,Tamil,6,0.19371151053922794,2024-2025
Academic,Tamil,6.5,0.20437590747509138,2024-2025
Academic,Tamil,7,0.17168177039002652,2024-2025
Academic,Tamil,7.5,0.14038952585991088,2024-2025
Academic,Tamil,8,0.09482801782406249,2024-2025
Academic,Tamil,8.5,0.0237821058428879,2024-2025
Academic,Tamil,9,4.506083212336654e-4,2024-2025
Academic,Telugu,<4,4.052028040034037e-4,2024-2025
Academic,Telugu,4,0.0017828923376149762,2024-2025
Academic,Telugu,4.5,0.009643826735281007,2024-2025
Academic,Telugu,5,0.04708456582519551,2024-2025
Academic,Telugu,5.5,0.1545848697272985,2024-2025
Academic,Telugu,6,0.23902913408160786,2024-2025
Academic,Telugu,6.5,0.22391506949228088,2024-2025
Academic,Telugu,7,0.16054135094614852,2024-2025
Academic,Telugu,7.5,0.10186798492645568,2024-2025
Academic,Telugu,8,0.05206856031443738,2024-2025
Academic,Telugu,8.5,0.008995502248875561,2024-2025
Academic,Telugu,9,8.104056080068074e-5,2024-2025
Academic,Thai,<4,0.007613187905907212,2024-2025
Academic,Thai,4,0.013392995867126565,2024-2025
Academic,Thai,4.5,0.03651222771200398,2024-2025
Academic,Thai,5,0.09371989683353531,2024-2025
Academic,Thai,5.5,0.17581802927193063,2024-2025
Academic,Thai,6,0.20857027438550696,2024-2025
Academic,Thai,6.5,0.17612877163543705,2024-2025
Academic,Thai,7,0.13178583636307137,2024-2025
Academic,Thai,7.5,0.09763525061371617,2024-2025
Academic,Thai,8,0.04804076939809204,2024-2025
Academic,Thai,8.5,0.010658463068270096,2024-2025
Academic,Thai,9,1.2429694540256673e-4,2024-2025
Academic,Turkish,<4,0.0040366884823006734,2024-2025
Academic,Turkish,4,0.009840921033774423,2024-2025
Academic,Turkish,4.5,0.028949505565375244,2024-2025
Academic,Turkish,5,0.06690393159126737,2024-2025
Academic,Turkish,5.5,0.13433334925715376,2024-2025
Academic,Turkish,6,0.1818898390101753,2024-2025
Academic,Turkish,6.5,0.1835857258873549,2024-2025
Academic,Turkish,7,0.16087039602541442,2024-2025
Academic,Turkish,7.5,0.13808340897148041,2024-2025
Academic,Turkish,8,0.07748531027564133,2024-2025
Academic,Turkish,8.5,0.0139970381693976,2024-2025
Academic,Turkish,9,2.3885730664501026e-5,2024-2025
Academic,Ukrainian,<4,0.0014921946740128558,2024-2025
Academic,Ukrainian,4,0.0039026629935720843,2024-2025
Academic,Ukrainian,4.5,0.01618457300275482,2024-2025
Academic,Ukrainian,5,0.051423324150596875,2024-2025
Academic,Ukrainian,5.5,0.11179981634527088,2024-2025
Academic,Ukrainian,6,0.1819329660238751,2024-2025
Academic,Ukrainian,6.5,0.18468778696051424,2024-2025
Academic,Ukrainian,7,0.18709825528007343,2024-2025
Academic,Ukrainian,7.5,0.15404040404040403,2024-2025
Academic,Ukrainian,8,0.09171258034894399,2024-2025
Academic,Ukrainian,8.5,0.015725436179981633,2024-2025
Academic,Ukrainian,9,0,2024-2025
Academic,Urdu,<4,0.0035724645425260684,2024-2025
Academic,Urdu,4,0.008839559701378605,2024-2025
Academic,Urdu,4.5,0.02193859635730752,2024-2025
Academic,Urdu,5,0.05718996656539595,2024-2025
Academic,Urdu,5.5,0.1401657989954352,2024-2025
Academic,Urdu,6,0.21630204119021085,2024-2025
Academic,Urdu,6.5,0.19770690523808798,2024-2025
Academic,Urdu,7,0.15576861421963023,2024-2025
Academic,Urdu,7.5,0.11244103143463459,2024-2025
Academic,Urdu,8,0.06925085113204378,2024-2025
Academic,Urdu,8.5,0.01665623425596556,2024-2025
Academic,Urdu,9,1.6793636738370407e-4,2024-2025
Academic,Uzbek,<4,0.006950255067613161,2024-2025
Academic,Uzbek,4,0.016032821398688224,2024-2025
Academic,Uzbek,4.5,0.04638451780075036,2024-2025
Academic,Uzbek,5,0.11403816567248778,2024-2025
Academic,Uzbek,5.5,0.20167885772895355,2024-2025
Academic,Uzbek,6,0.21625414990957922,2024-2025
Academic,Uzbek,6.5,0.17899268536262788,2024-2025
Academic,Uzbek,7,0.12494264352614107,2024-2025
Academic,Uzbek,7.5,0.06596669275823909,2024-2025
Academic,Uzbek,8,0.023563389025344814,2024-2025
Academic,Uzbek,8.5,0.004993387135955087,2024-2025
Academic,Uzbek,9,2.024346136198008e-4,2024-2025
Academic,Vietnamese,<4,0.005687104300156968,2024-2025
Academic,Vietnamese,4,0.012877092706479576,2024-2025
Academic,Vietnamese,4.5,0.03479057429257098,2024-2025
Academic,Vietnamese,5,0.09069309198127834,2024-2025
Academic,Vietnamese,5.5,0.17463990419710204,2024-2025
Academic,Vietnamese,6,0.2149410535456137,2024-2025
Academic,Vietnamese,6.5,0.18505035854520815,2024-2025
Academic,Vietnamese,7,0.13960600581115187,2024-2025
Academic,Vietnamese,7.5,0.09358912579855627,2024-2025
Academic,Vietnamese,8,0.04079256859592456,2024-2025
Academic,Vietnamese,8.5,0.007147048860432163,2024-2025
Academic,Vietnamese,9,1.8607136552526994e-4,2024-2025
General_Training,Afrikaans,<4,0.006302521008403362,2024-2025
General_Training,Afrikaans,4,0.0075630252100840345,2024-2025
General_Training,Afrikaans,4.5,0.015126050420168069,2024-2025
General_Training,Afrikaans,5,0.034453781512605045,2024-2025
General_Training,Afrikaans,5.5,0.08655462184873951,2024-2025
General_Training,Afrikaans,6,0.14747899159663866,2024-2025
General_Training,Afrikaans,6.5,0.17899159663865546,2024-2025
General_Training,Afrikaans,7,0.1689075630252101,2024-2025
General_Training,Afrikaans,7.5,0.1512605042016807,2024-2025
General_Training,Afrikaans,8,0.13067226890756303,2024-2025
General_Training,Afrikaans,8.5,0.06722689075630253,2024-2025
General_Training,Afrikaans,9,0.00546218487394958,2024-2025
General_Training,Akan,<4,0.007412398921832883,2024-2025
General_Training,Akan,4,0.023584905660377357,2024-2025
General_Training,Akan,4.5,0.05154986522911051,2024-2025
General_Training,Akan,5,0.11287061994609164,2024-2025
General_Training,Akan,5.5,0.1923854447439353,2024-2025
General_Training,Akan,6,0.20855795148247977,2024-2025
General_Training,Akan,6.5,0.18059299191374664,2024-2025
General_Training,Akan,7,0.12297843665768193,2024-2025
General_Training,Akan,7.5,0.06334231805929919,2024-2025
General_Training,Akan,8,0.030660377358490566,2024-2025
General_Training,Akan,8.5,0.006064690026954177,2024-2025
General_Training,Akan,9,0,2024-2025
General_Training,Arabic,<4,0.064810126582278485,2024-2025
General_Training,Arabic,4,0.05726582278481013,2024-2025
General_Training,Arabic,4.5,0.08283544303797469,2024-2025
General_Training,Arabic,5,0.11458227848101267,2024-2025
General_Training,Arabic,5.5,0.14329113924050632,2024-2025
General_Training,Arabic,6,0.1448607594936709,2024-2025
General_Training,Arabic,6.5,0.12860759493670887,2024-2025
General_Training,Arabic,7,0.1029873417721519,2024-2025
General_Training,Arabic,7.5,0.08293670886075949,2024-2025
General_Training,Arabic,8,0.05660759493670886,2024-2025
General_Training,Arabic,8.5,0.02020253164556962,2024-2025
General_Training,Arabic,9,0.0010126582278481013,2024-2025
General_Training,Bengali,<4,0.022789598108747044,2024-2025
General_Training,Bengali,4,0.03451536643026005,2024-2025
General_Training,Bengali,4.5,0.06591016548463358,2024-2025
General_Training,Bengali,5,0.09739952718676122,2024-2025
General_Training,Bengali,5.5,0.1111111111111111,2024-2025
General_Training,Bengali,6,0.14174940898345154,2024-2025
General_Training,Bengali,6.5,0.15640661938534278,2024-2025
General_Training,Bengali,7,0.1408983451536643,2024-2025
General_Training,Bengali,7.5,0.113096926713948,2024-2025
General_Training,Bengali,8,0.07952718676122932,2024-2025
General_Training,Bengali,8.5,0.03451536643026005,2024-2025
General_Training,Bengali,9,0.0020803782505910166,2024-2025
General_Training,Chinese,<4,0.015336269875376018,2024-2025
General_Training,Chinese,4,0.024145896003437903,2024-2025
General_Training,Chinese,4.5,0.050413622690159,2024-2025
General_Training,Chinese,5,0.08559840996991834,2024-2025
General_Training,Chinese,5.5,0.1264503652771809,2024-2025
General_Training,Chinese,6,0.163327245380318,2024-2025
General_Training,Chinese,6.5,0.15811667382896433,2024-2025
General_Training,Chinese,7,0.14329071766222604,2024-2025
General_Training,Chinese,7.5,0.13295015040825095,2024-2025
General_Training,Chinese,8,0.08095186935969059,2024-2025
General_Training,Chinese,8.5,0.018666738289643315,2024-2025
General_Training,Chinese,9,7.520412548345509e-4,2024-2025
General_Training,Dari,<4,0.028962188254223652,2024-2025
General_Training,Dari,4,0.0756234915526951,2024-2025
General_Training,Dari,4.5,0.19710378117457764,2024-2025
General_Training,Dari,5,0.2823813354786806,2024-2025
General_Training,Dari,5.5,0.19629927594529362,2024-2025
General_Training,Dari,6,0.1166532582461786,2024-2025
General_Training,Dari,6.5,0.058728881737731296,2024-2025
General_Training,Dari,7,0.024939662107803698,2024-2025
General_Training,Dari,7.5,0.014481094127111826,2024-2025
General_Training,Dari,8,0.004022526146419952,2024-2025
General_Training,Dari,8.5,8.045052292839903e-4,2024-2025
General_Training,Dari,9,0,2024-2025
General_Training,English,<4,0.0031573131265293236,2024-2025
General_Training,English,4,0.0064837680276941465,2024-2025
General_Training,English,4.5,0.017286289367748047,2024-2025
General_Training,English,5,0.041315697484298,2024-2025
General_Training,English,5.5,0.08751395419640742,2024-2025
General_Training,English,6,0.1564899698927641,2024-2025
General_Training,English,6.5,0.18130870629094642,2024-2025
General_Training,English,7,0.16083127544174192,2024-2025
General_Training,English,7.5,0.1371175986378449,2024-2025
General_Training,English,8,0.1144977053099241,2024-2025
General_Training,English,8.5,0.08115422347011264,2024-2025
General_Training,English,9,0.012843498753988927,2024-2025
General_Training,Farsi,<4,0.013243313425084393,2024-2025
General_Training,Farsi,4,0.02609711763178395,2024-2025
General_Training,Farsi,4.5,0.06115294728641911,2024-2025
General_Training,Farsi,5,0.10529732537003376,2024-2025
General_Training,Farsi,5.5,0.12399376785250585,2024-2025
General_Training,Farsi,6,0.13840560893274473,2024-2025
General_Training,Farsi,6.5,0.1600882887561672,2024-2025
General_Training,Farsi,7,0.13736691768371853,2024-2025
General_Training,Farsi,7.5,0.1146455466112698,2024-2025
General_Training,Farsi,8,0.09088548428979486,2024-2025
General_Training,Farsi,8.5,0.028044663723708126,2024-2025
General_Training,Farsi,9,7.790184367696703e-4,2024-2025
General_Training,Filipino,<4,0.020267408796660415,2024-2025
General_Training,Filipino,4,0.0392643233105451,2024-2025
General_Training,Filipino,4.5,0.09462157420291609,2024-2025
General_Training,Filipino,5,0.14580434388045252,2024-2025
General_Training,Filipino,5.5,0.17139572871922076,2024-2025
General_Training,Filipino,6,0.17175872708572812,2024-2025
General_Training,Filipino,6.5,0.1353378909794906,2024-2025
General_Training,Filipino,7,0.1011555448000484,2024-2025
General_Training,Filipino,7.5,0.0700586847359187,2024-2025
General_Training,Filipino,8,0.0392643233105451,2024-2025
General_Training,Filipino,8.5,0.010647952084215621,2024-2025
General_Training,Filipino,9,4.234980942585759e-4,2024-2025
General_Training,French,<4,0.03934484600320456,2024-2025
General_Training,French,4,0.055011572013530345,2024-2025
General_Training,French,4.5,0.09827309951931636,2024-2025
General_Training,French,5,0.12524479259391133,2024-2025
General_Training,French,5.5,0.1490119280754851,2024-2025
General_Training,French,6,0.14224675093466263,2024-2025
General_Training,French,6.5,0.1154530888374577,2024-2025
General_Training,French,7,0.09266512373152928,2024-2025
General_Training,French,7.5,0.08750222538721736,2024-2025
General_Training,French,8,0.06782980238561509,2024-2025
General_Training,French,8.5,0.025636460744169486,2024-2025
General_Training,French,9,0.0017803097739006585,2024-2025
General_Training,German,<4,0.004291845493562232,2024-2025
General_Training,German,4,8.583690987124463e-4,2024-2025
General_Training,German,4.5,0.007725321888412017,2024-2025
General_Training,German,5,0.026180257510729613,2024-2025
General_Training,German,5.5,0.050643776824034335,2024-2025
General_Training,German,6,0.08927038626609442,2024-2025
General_Training,German,6.5,0.1446351931330472,2024-2025
General_Training,German,7,0.15236051502145923,2024-2025
General_Training,German,7.5,0.18326180257510727,2024-2025
General_Training,German,8,0.21373390557939914,2024-2025
General_Training,German,8.5,0.12145922746781115,2024-2025
General_Training,German,9,0.005579399141630901,2024-2025
General_Training,Gujarati,<4,0.007946878583428891,2024-2025
General_Training,Gujarati,4,0.015093735832955544,2024-2025
General_Training,Gujarati,4.5,0.0283207552201392,2024-2025
General_Training,Gujarati,5,0.05002800074668658,2024-2025
General_Training,Gujarati,5.5,0.07194858529560788,2024-2025
General_Training,Gujarati,6,0.1694711858982906,2024-2025
General_Training,Gujarati,6.5,0.2668604496119896,2024-2025
General_Training,Gujarati,7,0.2121923251286701,2024-2025
General_Training,Gujarati,7.5,0.12130990159737592,2024-2025
General_Training,Gujarati,8,0.04904130776820715,2024-2025
General_Training,Gujarati,8.5,0.0075202005386810315,2024-2025
General_Training,Gujarati,9,2.6667377796741243e-4,2024-2025
General_Training,Hindi,<4,0.00427040395713108,2024-2025
General_Training,Hindi,4,0.007023907666941468,2024-2025
General_Training,Hindi,4.5,0.013421269579554822,2024-2025
General_Training,Hindi,5,0.026859027205276175,2024-2025
General_Training,Hindi,5.5,0.05871393239901072,2024-2025
General_Training,Hindi,6,0.16619950535861502,2024-2025
General_Training,Hindi,6.5,0.2453091508656224,2024-2025
General_Training,Hindi,7,0.2193734542456719,2024-2025
General_Training,Hindi,7.5,0.14892003297609235,2024-2025
General_Training,Hindi,8,0.08646331409727948,2024-2025
General_Training,Hindi,8.5,0.02267106347897774,2024-2025
General_Training,Hindi,9,7.749381698268755e-4,2024-2025
General_Training,Ibo/Igbo,<4,0.004352921479993303,2024-2025
General_Training,Ibo/Igbo,4,0.0065293822199899544,2024-2025
General_Training,Ibo/Igbo,4.5,0.021597187343043694,2024-2025
General_Training,Ibo/Igbo,5,0.06864222333835593,2024-2025
General_Training,Ibo/Igbo,5.5,0.13393604553825547,2024-2025
General_Training,Ibo/Igbo,6,0.1767955801104972,2024-2025
General_Training,Ibo/Igbo,6.5,0.1774652603381885,2024-2025
General_Training,Ibo/Igbo,7,0.15436129248283945,2024-2025
General_Training,Ibo/Igbo,7.5,0.13661476644902057,2024-2025
General_Training,Ibo/Igbo,8,0.0977733132429265,2024-2025
General_Training,Ibo/Igbo,8.5,0.021429767286120876,2024-2025
General_Training,Ibo/Igbo,9,5.02260170768458e-4,2024-2025
General_Training,Indonesian,<4,0.017428700769578993,2024-2025
General_Training,Indonesian,4,0.043684925305568126,2024-2025
General_Training,Indonesian,4.5,0.09947940244454503,2024-2025
General_Training,Indonesian,5,0.1654594839293798,2024-2025
General_Training,Indonesian,5.5,0.19081032141240378,2024-2025
General_Training,Indonesian,6,0.15708465368945224,2024-2025
General_Training,Indonesian,6.5,0.1165685830692621,2024-2025
General_Training,Indonesian,7,0.0835219556360344,2024-2025
General_Training,Indonesian,7.5,0.06405613399728384,2024-2025
General_Training,Indonesian,8,0.04311905839746491,2024-2025
General_Training,Indonesian,8.5,0.017768220914440924,2024-2025
General_Training,Indonesian,9,0.0010185604345857855,2024-2025
General_Training,Italian,<4,0.007598282127518996,2024-2025
General_Training,Italian,4,0.005946481665014867,2024-2025
General_Training,Italian,4.5,0.02345556656755864,2024-2025
General_Training,Italian,5,0.06706309877766765,2024-2025
General_Training,Italian,5.5,0.096795507102742,2024-2025
General_Training,Italian,6,0.15592996366038983,2024-2025
General_Training,Italian,6.5,0.17509084902543773,2024-2025
General_Training,Italian,7,0.16848364717542122,2024-2025
General_Training,Italian,7.5,0.1443673604228609,2024-2025
General_Training,Italian,8,0.1212421539478031,2024-2025
General_Training,Italian,8.5,0.03303600925008259,2024-2025
General_Training,Italian,9,9.910802775024777e-4,2024-2025
General_Training,Japanese,<4,0.01587736107309061,2024-2025
General_Training,Japanese,4,0.03202846975088968,2024-2025
General_Training,Japanese,4.5,0.07856556255132768,2024-2025
General_Training,Japanese,5,0.16123733917328223,2024-2025
General_Training,Japanese,5.5,0.2173555981385163,2024-2025
General_Training,Japanese,6,0.20284697508896798,2024-2025
General_Training,Japanese,6.5,0.133041335888311,2024-2025
General_Training,Japanese,7,0.07473309608540926,2024-2025
General_Training,Japanese,7.5,0.052285792499315635,2024-2025
General_Training,Japanese,8,0.02272105119080208,2024-2025
General_Training,Japanese,8.5,0.008212428141253765,2024-2025
General_Training,Japanese,9,0.0010949904188338353,2024-2025
General_Training,Kannada,<4,0.003453038674033149,2024-2025
General_Training,Kannada,4,0.0048342541436464095,2024-2025
General_Training,Kannada,4.5,0.021408839779005526,2024-2025
General_Training,Kannada,5,0.041436464088397795,2024-2025
General_Training,Kannada,5.5,0.08356353591160222,2024-2025
General_Training,Kannada,6,0.12638121546961326,2024-2025
General_Training,Kannada,6.5,0.18991712707182323,2024-2025
General_Training,Kannada,7,0.2154696132596685,2024-2025
General_Training,Kannada,7.5,0.15883977900552487,2024-2025
General_Training,Kannada,8,0.11602209944751381,2024-2025
General_Training,Kannada,8.5,0.03798342541436464,2024-2025
General_Training,Kannada,9,6.906077348066299e-4,2024-2025
General_Training,Korean,<4,0.011499540018399264,2024-2025
General_Training,Korean,4,0.025758969641214352,2024-2025
General_Training,Korean,4.5,0.06209751609935602,2024-2025
General_Training,Korean,5,0.1140754369825207,2024-2025
General_Training,Korean,5.5,0.18077276908923642,2024-2025
General_Training,Korean,6,0.19480220791168354,2024-2025
General_Training,Korean,6.5,0.1501839926402944,2024-2025
General_Training,Korean,7,0.10855565777368906,2024-2025
General_Training,Korean,7.5,0.07819687212511499,2024-2025
General_Training,Korean,8,0.05128794848206072,2024-2025
General_Training,Korean,8.5,0.021159153633854646,2024-2025
General_Training,Korean,9,0.001609935602575897,2024-2025
General_Training,Malayalam,<4,0.0036812931070960096,2024-2025
General_Training,Malayalam,4,0.008039605636186688,2024-2025
General_Training,Malayalam,4.5,0.01878728896035205,2024-2025
General_Training,Malayalam,5,0.043159988152160114,2024-2025
General_Training,Malayalam,5.5,0.08670079972919224,2024-2025
General_Training,Malayalam,6,0.1717090509033978,2024-2025
General_Training,Malayalam,6.5,0.24313459992383532,2024-2025
General_Training,Malayalam,7,0.2106799813819659,2024-2025
General_Training,Malayalam,7.5,0.13523462954343501,2024-2025
General_Training,Malayalam,8,0.06512080565311218,2024-2025
General_Training,Malayalam,8.5,0.013286506156645369,2024-2025
General_Training,Malayalam,9,4.6545085262133455e-4,2024-2025
General_Training,Marathi,<4,0.004743551734361103,2024-2025
General_Training,Marathi,4,0.006818855618144085,2024-2025
General_Training,Marathi,4.5,0.01304476726949303,2024-2025
General_Training,Marathi,5,0.026682478505781204,2024-2025
General_Training,Marathi,5.5,0.053957900978357544,2024-2025
General_Training,Marathi,6,0.11503112955825674,2024-2025
General_Training,Marathi,6.5,0.17906907797213162,2024-2025
General_Training,Marathi,7,0.219389267714201,2024-2025
General_Training,Marathi,7.5,0.19833975689297362,2024-2025
General_Training,Marathi,8,0.13400533649570115,2024-2025
General_Training,Marathi,8.5,0.04802846131040616,2024-2025
General_Training,Marathi,9,8.894159501927068e-4,2024-2025
General_Training,Nepali,<4,0.015436524673133698,2024-2025
General_Training,Nepali,4,0.029354702657106702,2024-2025
General_Training,Nepali,4.5,0.05769717418810628,2024-2025
General_Training,Nepali,5,0.08511176718684099,2024-2025
General_Training,Nepali,5.5,0.10485027414592998,2024-2025
General_Training,Nepali,6,0.14955714888232813,2024-2025
General_Training,Nepali,6.5,0.20860396457191058,2024-2025
General_Training,Nepali,7,0.18279207085617885,2024-2025
General_Training,Nepali,7.5,0.11277941796710249,2024-2025
General_Training,Nepali,8,0.046900042176296924,2024-2025
General_Training,Nepali,8.5,0.006748207507380853,2024-2025
General_Training,Nepali,9,1.687051876845213e-4,2024-2025
General_Training,Other,<4,0.014240344227025921,2024-2025
General_Training,Other,4,0.02424614964313766,2024-2025
General_Training,Other,4.5,0.050507120172113514,2024-2025
General_Training,Other,5,0.0800464433288939,2024-2025
General_Training,Other,5.5,0.12648977222279137,2024-2025
General_Training,Other,6,0.18935901376225114,2024-2025
General_Training,Other,6.5,0.18604651162790697,2024-2025
General_Training,Other,7,0.14288153536181403,2024-2025
General_Training,Other,7.5,0.10214117406003483,2024-2025
General_Training,Other,8,0.06023972953590821,2024-2025
General_Training,Other,8.5,0.022026431718061675,2024-2025
General_Training,Other,9,0.001775774340060786,2024-2025
General_Training,Pashto,<4,0.06384284837323512,2024-2025
General_Training,Pashto,4,0.09576427255985268,2024-2025
General_Training,Pashto,4.5,0.17372621240024558,2024-2025
General_Training,Pashto,5,0.1810926949048496,2024-2025
General_Training,Pashto,5.5,0.14426028238182936,2024-2025
General_Training,Pashto,6,0.1172498465316145,2024-2025
General_Training,Pashto,6.5,0.08594229588704728,2024-2025
General_Training,Pashto,7,0.06813996316758747,2024-2025
General_Training,Pashto,7.5,0.04112952731737263,2024-2025
General_Training,Pashto,8,0.022099447513812157,2024-2025
General_Training,Pashto,8.5,0.006752608962553714,2024-2025
General_Training,Pashto,9,0,2024-2025
General_Training,Portuguese,<4,0.019824707846410685,2024-2025
General_Training,Portuguese,4,0.014190317195325543,2024-2025
General_Training,Portuguese,4.5,0.02671118530884808,2024-2025
General_Training,Portuguese,5,0.05321368948247079,2024-2025
General_Training,Portuguese,5.5,0.09119365609348914,2024-2025
General_Training,Portuguese,6,0.1396076794657763,2024-2025
General_Training,Portuguese,6.5,0.14503338898163606,2024-2025
General_Training,Portuguese,7,0.15818030050083473,2024-2025
General_Training,Portuguese,7.5,0.1540066777963272,2024-2025
General_Training,Portuguese,8,0.1448247078464107,2024-2025
General_Training,Portuguese,8.5,0.05133555926544241,2024-2025
General_Training,Portuguese,9,0.0018781302170283807,2024-2025
General_Training,Punjabi,<4,0.006826311861440667,2024-2025
General_Training,Punjabi,4,0.011857580358751318,2024-2025
General_Training,Punjabi,4.5,0.023013871374527116,2024-2025
General_Training,Punjabi,5,0.04232184677149548,2024-2025
General_Training,Punjabi,5.5,0.10236894253287696,2024-2025
General_Training,Punjabi,6,0.2533456005352961,2024-2025
General_Training,Punjabi,6.5,0.2744293177548447,2024-2025
General_Training,Punjabi,7,0.16967341791697763,2024-2025
General_Training,Punjabi,7.5,0.08467586277890728,2024-2025
General_Training,Punjabi,8,0.028328229147901278,2024-2025
General_Training,Punjabi,8.5,0.0031332835782484497,2024-2025
General_Training,Punjabi,9,2.5735388733046814e-5,2024-2025
General_Training,Russian,<4,0.005151843817787419,2024-2025
General_Training,Russian,4,0.010845986984815618,2024-2025
General_Training,Russian,4.5,0.023590021691973967,2024-2025
General_Training,Russian,5,0.050704989154013023,2024-2025
General_Training,Russian,5.5,0.09164859002169198,2024-2025
General_Training,Russian,6,0.11686550976138829,2024-2025
General_Training,Russian,6.5,0.13774403470715835,2024-2025
General_Training,Russian,7,0.15753796095444686,2024-2025
General_Training,Russian,7.5,0.16702819956616055,2024-2025
General_Training,Russian,8,0.1651301518438178,2024-2025
General_Training,Russian,8.5,0.06860086767895879,2024-2025
General_Training,Russian,9,0.005151843817787419,2024-2025
General_Training,Shona,<4,0.0026555386949924124,2024-2025
General_Training,Shona,4,0.00834597875569044,2024-2025
General_Training,Shona,4.5,0.026176024279210924,2024-2025
General_Training,Shona,5,0.07321699544764795,2024-2025
General_Training,Shona,5.5,0.1627465857359636,2024-2025
General_Training,Shona,6,0.21547799696509862,2024-2025
General_Training,Shona,6.5,0.2022003034901366,2024-2025
General_Training,Shona,7,0.1445371775417299,2024-2025
General_Training,Shona,7.5,0.09578907435508345,2024-2025
General_Training,Shona,8,0.05349013657056146,2024-2025
General_Training,Shona,8.5,0.01422610015174507,2024-2025
General_Training,Shona,9,0.0011380880121396055,2024-2025
General_Training,Sinhalese,<4,0.009690893901420217,2024-2025
General_Training,Sinhalese,4,0.024060150375939848,2024-2025
General_Training,Sinhalese,4.5,0.06098579782790309,2024-2025
General_Training,Sinhalese,5,0.11010860484544695,2024-2025
General_Training,Sinhalese,5.5,0.14753550543024227,2024-2025
General_Training,Sinhalese,6,0.16357560568086882,2024-2025
General_Training,Sinhalese,6.5,0.15722639933166246,2024-2025
General_Training,Sinhalese,7,0.1314954051796157,2024-2025
General_Training,Sinhalese,7.5,0.10543024227234753,2024-2025
General_Training,Sinhalese,8,0.06649958228905596,2024-2025
General_Training,Sinhalese,8.5,0.022389306599832914,2024-2025
General_Training,Sinhalese,9,0.0010025062656641604,2024-2025
General_Training,Spanish,<4,0.010666666666666666,2024-2025
General_Training,Spanish,4,0.02155191256830601,2024-2025
General_Training,Spanish,4.5,0.048087431693989074,2024-2025
General_Training,Spanish,5,0.09425136612021857,2024-2025
General_Training,Spanish,5.5,0.1417704918032787,2024-2025
General_Training,Spanish,6,0.1671693989071038,2024-2025
General_Training,Spanish,6.5,0.15540983606557376,2024-2025
General_Training,Spanish,7,0.13604371584699454,2024-2025
General_Training,Spanish,7.5,0.1153224043715847,2024-2025
General_Training,Spanish,8,0.07930054644808743,2024-2025
General_Training,Spanish,8.5,0.029027322404371586,2024-2025
General_Training,Spanish,9,0.0013989071038251367,2024-2025
General_Training,Swahili,<4,0.009109730848861283,2024-2025
General_Training,Swahili,4,0.024844720496894408,2024-2025
General_Training,Swahili,4.5,0.049275362318840575,2024-2025
General_Training,Swahili,5,0.0927536231884058,2024-2025
General_Training,Swahili,5.5,0.12877846790890268,2024-2025
General_Training,Swahili,6,0.18302277432712216,2024-2025
General_Training,Swahili,6.5,0.18302277432712216,2024-2025
General_Training,Swahili,7,0.14658385093167703,2024-2025
General_Training,Swahili,7.5,0.1031055900621118,2024-2025
General_Training,Swahili,8,0.06335403726708075,2024-2025
General_Training,Swahili,8.5,0.015320910973084887,2024-2025
General_Training,Swahili,9,8.281573498964803e-4,2024-2025
General_Training,Tagalog,<4,0.018507695304889927,2024-2025
General_Training,Tagalog,4,0.040132476134813945,2024-2025
General_Training,Tagalog,4.5,0.09848042080654587,2024-2025
General_Training,Tagalog,5,0.14932787843366452,2024-2025
General_Training,Tagalog,5.5,0.17855055523085914,2024-2025
General_Training,Tagalog,6,0.18010909799337618,2024-2025
General_Training,Tagalog,6.5,0.1398792129359049,2024-2025
General_Training,Tagalog,7,0.08961620884473018,2024-2025
General_Training,Tagalog,7.5,0.06234171050068186,2024-2025
General_Training,Tagalog,8,0.034872394311318916,2024-2025
General_Training,Tagalog,8.5,0.007890122735242547,2024-2025
General_Training,Tagalog,9,2.922267679719462e-4,2024-2025
General_Training,Tamil,<4,0.02915260592425947,2024-2025
General_Training,Tamil,4,0.052774653168353954,2024-2025
General_Training,Tamil,4.5,0.08764529433820772,2024-2025
General_Training,Tamil,5,0.09664416947881514,2024-2025
General_Training,Tamil,5.5,0.10442444694413199,2024-2025
General_Training,Tamil,6,0.12664041994750655,2024-2025
General_Training,Tamil,6.5,0.15363704536932885,2024-2025
General_Training,Tamil,7,0.14341957255343082,2024-2025
General_Training,Tamil,7.5,0.11079865016872892,2024-2025
General_Training,Tamil,8,0.06927259092613423,2024-2025
General_Training,Tamil,8.5,0.024184476940382456,2024-2025
General_Training,Tamil,9,0.0014060742407199101,2024-2025
General_Training,Telugu,<4,0.0029433406916850625,2024-2025
General_Training,Telugu,4,0.005886681383370125,2024-2025
General_Training,Telugu,4.5,0.013350152423000106,2024-2025
General_Training,Telugu,5,0.02964364553768527,2024-2025
General_Training,Telugu,5.5,0.05949752969620519,2024-2025
General_Training,Telugu,6,0.1510564490696941,2024-2025
General_Training,Telugu,6.5,0.25575528224534844,2024-2025
General_Training,Telugu,7,0.250078839482813,2024-2025
General_Training,Telugu,7.5,0.15336907389887522,2024-2025
General_Training,Telugu,8,0.06475349521707137,2024-2025
General_Training,Telugu,8.5,0.013350152423000106,2024-2025
General_Training,Telugu,9,3.1535793125197093e-4,2024-2025
General_Training,Thai,<4,0.05628517823639775,2024-2025
General_Training,Thai,4,0.08278611632270168,2024-2025
General_Training,Thai,4.5,0.1327392120075047,2024-2025
General_Training,Thai,5,0.17847091932457787,2024-2025
General_Training,Thai,5.5,0.20825515947467166,2024-2025
General_Training,Thai,6,0.16768292682926828,2024-2025
General_Training,Thai,6.5,0.0872420262664165,2024-2025
General_Training,Thai,7,0.04385553470919325,2024-2025
General_Training,Thai,7.5,0.023217636022514074,2024-2025
General_Training,Thai,8,0.014305816135084425,2024-2025
General_Training,Thai,8.5,0.004455909943714822,2024-2025
General_Training,Thai,9,7.035647279549719e-4,2024-2025
General_Training,Turkish,<4,0.04255725190839695,2024-2025
General_Training,Turkish,4,0.0648854961832061,2024-2025
General_Training,Turkish,4.5,0.09160305343511452,2024-2025
General_Training,Turkish,5,0.11851145038167939,2024-2025
General_Training,Turkish,5.5,0.13797709923664123,2024-2025
General_Training,Turkish,6,0.1568702290076336,2024-2025
General_Training,Turkish,6.5,0.12862595419847328,2024-2025
General_Training,Turkish,7,0.1017175572519084,2024-2025
General_Training,Turkish,7.5,0.07729007633587787,2024-2025
General_Training,Turkish,8,0.056297709923664126,2024-2025
General_Training,Turkish,8.5,0.02290076335877863,2024-2025
General_Training,Turkish,9,7.633587786259542e-4,2024-2025
General_Training,Ukrainian,<4,0.012717536813922356,2024-2025
General_Training,Ukrainian,4,0.014056224899598393,2024-2025
General_Training,Ukrainian,4.5,0.03413654618473896,2024-2025
General_Training,Ukrainian,5,0.07228915662650602,2024-2025
General_Training,Ukrainian,5.5,0.10240963855421686,2024-2025
General_Training,Ukrainian,6,0.13119143239625167,2024-2025
General_Training,Ukrainian,6.5,0.1539491298527443,2024-2025
General_Training,Ukrainian,7,0.142570281124498,2024-2025
General_Training,Ukrainian,7.5,0.15796519410977242,2024-2025
General_Training,Ukrainian,8,0.1358768406961178,2024-2025
General_Training,Ukrainian,8.5,0.040160642570281124,2024-2025
General_Training,Ukrainian,9,0.002677376171352075,2024-2025
General_Training,Urdu,<4,0.04277189472594944,2024-2025
General_Training,Urdu,4,0.07036666551688456,2024-2025
General_Training,Urdu,4.5,0.11603601117588216,2024-2025
General_Training,Urdu,5,0.13221344555206788,2024-2025
General_Training,Urdu,5.5,0.1274188541271429,2024-2025
General_Training,Urdu,6,0.11889896864544168,2024-2025
General_Training,Urdu,6.5,0.11658790659170087,2024-2025
General_Training,Urdu,7,0.10724017798627161,2024-2025
General_Training,Urdu,7.5,0.08537132213445553,2024-2025
General_Training,Urdu,8,0.060915456520989265,2024-2025
General_Training,Urdu,8.5,0.020799558483667345,2024-2025
General_Training,Urdu,9,0.001379738539546756,2024-2025
General_Training,Vietnamese,<4,0.051105398457583544,2024-2025
General_Training,Vietnamese,4,0.06848329048843187,2024-2025
General_Training,Vietnamese,4.5,0.1130077120822622,2024-2025
General_Training,Vietnamese,5,0.1420051413881748,2024-2025
General_Training,Vietnamese,5.5,0.1307969151670951,2024-2025
General_Training,Vietnamese,6,0.11928020565552698,2024-2025
General_Training,Vietnamese,6.5,0.11125964010282775,2024-2025
General_Training,Vietnamese,7,0.0900771208226221,2024-2025
General_Training,Vietnamese,7.5,0.09048843187660667,2024-2025
General_Training,Vietnamese,8,0.06395886889460153,2024-2025
General_Training,Vietnamese,8.5,0.018920308483290488,2024-2025
General_Training,Vietnamese,9,6.169665809768638e-4,2024-2025
General_Training,Yoruba,<4,0.004027777777777778,2024-2025
General_Training,Yoruba,4,0.011388888888888888,2024-2025
General_Training,Yoruba,4.5,0.035277777777777776,2024-2025
General_Training,Yoruba,5,0.07597222222222222,2024-2025
General_Training,Yoruba,5.5,0.13805555555555554,2024-2025
General_Training,Yoruba,6,0.1826388888888889,2024-2025
General_Training,Yoruba,6.5,0.19597222222222221,2024-2025
General_Training,Yoruba,7,0.15305555555555556,2024-2025
General_Training,Yoruba,7.5,0.11777777777777777,2024-2025
General_Training,Yoruba,8,0.06875,2024-2025
General_Training,Yoruba,8.5,0.016666666666666666,2024-2025
General_Training,Yoruba,9,4.1666666666666664e-4,2024-2025
Academic,Akan,<4,3.8955979742890534e-4,2023-2024
Academic,Akan,4,0.002077652252954162,2023-2024
Academic,Akan,4.5,0.005194130632385405,2023-2024
Academic,Akan,5,0.02558109336449812,2023-2024
Academic,Akan,5.5,0.0998571614076094,2023-2024
Academic,Akan,6,0.20581742630827166,2023-2024
Academic,Akan,6.5,0.28463835865472015,2023-2024
Academic,Akan,7,0.24425399298792366,2023-2024
Academic,Akan,7.5,0.10141540059732503,2023-2024
Academic,Akan,8,0.027009479288404106,2023-2024
Academic,Akan,8.5,0.003765744708479418,2023-2024
Academic,Akan,9,0,2023-2024
Academic,Arabic,<4,0.01829593369844424,2023-2024
Academic,Arabic,4,0.036428294479716954,2023-2024
Academic,Arabic,4.5,0.08409465419473658,2023-2024
Academic,Arabic,5,0.1415935637086221,2023-2024
Academic,Arabic,5.5,0.1747443415887171,2023-2024
Academic,Arabic,6,0.16279140212281298,2023-2024
Academic,Arabic,6.5,0.1347719672369505,2023-2024
Academic,Arabic,7,0.11149008869287064,2023-2024
Academic,Arabic,7.5,0.08218630349440216,2023-2024
Academic,Arabic,8,0.04500678524693452,2023-2024
Academic,Arabic,8.5,0.008530024717685263,2023-2024
Academic,Arabic,9,6.664081810691611e-5,2023-2024
Academic,Bengali,<4,0.012413091109845936,2023-2024
Academic,Bengali,4,0.035401894311888615,2023-2024
Academic,Bengali,4.5,0.08440729430843814,2023-2024
Academic,Bengali,5,0.14435070648517156,2023-2024
Academic,Bengali,5.5,0.2000069009540569,2023-2024
Academic,Bengali,6,0.20124044649172748,2023-2024
Academic,Bengali,6.5,0.14230629884581542,2023-2024
Academic,Bengali,7,0.08859962389800391,2023-2024
Academic,Bengali,7.5,0.056173766023152695,2023-2024
Academic,Bengali,8,0.029027138001828753,2023-2024
Academic,Bengali,8.5,0.0060297086072149475,2023-2024
Academic,Bengali,9,4.313096285561479e-5,2023-2024
Academic,Burmese,<4,5.553241704845203e-4,2023-2024
Academic,Burmese,4,4.1649312786339027e-4,2023-2024
Academic,Burmese,4.5,0.008885186727752325,2023-2024
Academic,Burmese,5,0.03776204359294738,2023-2024
Academic,Burmese,5.5,0.12133833125086771,2023-2024
Academic,Burmese,6,0.2031098153547133,2023-2024
Academic,Burmese,6.5,0.2089407191448008,2023-2024
Academic,Burmese,7,0.1832569762598917,2023-2024
Academic,Burmese,7.5,0.1402193530473414,2023-2024
Academic,Burmese,8,0.0834374566152992,2023-2024
Academic,Burmese,8.5,0.012078300708038316,2023-2024
Academic,Burmese,9,0,2023-2024
Academic,Chinese,<4,0.005324910207096824,2023-2024
Academic,Chinese,4,0.013603688514150343,2023-2024
Academic,Chinese,4.5,0.04285299437043075,2023-2024
Academic,Chinese,5,0.11300506915964031,2023-2024
Academic,Chinese,5.5,0.21505769671650918,2023-2024
Academic,Chinese,6,0.25865145069669104,2023-2024
Academic,Chinese,6.5,0.1838795628805054,2023-2024
Academic,Chinese,7,0.10163996229971724,2023-2024
Academic,Chinese,7.5,0.049087805996382815,2023-2024
Academic,Chinese,8,0.014730621290470489,2023-2024
Academic,Chinese,8.5,0.0021234429528491734,2023-2024
Academic,Chinese,9,4.279491555646127e-5,2023-2024
Academic,English,<4,5.281943755301951e-4,2023-2024
Academic,English,4,0.0016165949069257488,2023-2024
Academic,English,4.5,0.006346335451446132,2023-2024
Academic,English,5,0.022096131376346494,2023-2024
Academic,English,5.5,0.07150631432367112,2023-2024
Academic,English,6,0.1420842870176225,2023-2024
Academic,English,6.5,0.18253917441618517,2023-2024
Academic,English,7,0.19100629031483585,2023-2024
Academic,English,7.5,0.1764729420426717,2023-2024
Academic,English,8,0.14546953278806601,2023-2024
Academic,English,8.5,0.058117387198489044,2023-2024
Academic,English,9,0.0022168157882100615,2023-2024
Academic,Farsi,<4,7.645747053201657e-4,2023-2024
Academic,Farsi,4,0.0031857279388340237,2023-2024
Academic,Farsi,4.5,0.011755336094297549,2023-2024
Academic,Farsi,5,0.04224275246893915,2023-2024
Academic,Farsi,5.5,0.11889136667728577,2023-2024
Academic,Farsi,6,0.2266008282892641,2023-2024
Academic,Farsi,6.5,0.23915259636827016,2023-2024
Academic,Farsi,7,0.18330678560050973,2023-2024
Academic,Farsi,7.5,0.11401720293086971,2023-2024
Academic,Farsi,8,0.05285122650525645,2023-2024
Academic,Farsi,8.5,0.007104173303599874,2023-2024
Academic,Farsi,9,1.2742911755336096e-4,2023-2024
Academic,Filipino,<4,4.7807676546919825e-4,2023-2024
Academic,Filipino,4,0.001775713700314165,2023-2024
Academic,Filipino,4.5,0.006488184674224833,2023-2024
Academic,Filipino,5,0.024040431635022536,2023-2024
Academic,Filipino,5.5,0.060852342576150804,2023-2024
Academic,Filipino,6,0.13802759185903565,2023-2024
Academic,Filipino,6.5,0.21663707143832808,2023-2024
Academic,Filipino,7,0.23664799890725313,2023-2024
Academic,Filipino,7.5,0.19000136593361563,2023-2024
Academic,Filipino,8,0.10333287802212812,2023-2024
Academic,Filipino,8.5,0.021445157765332606,2023-2024
Academic,Filipino,9,2.731867231252561e-4,2023-2024
Academic,French,<4,0.0019786157299950535,2023-2024
Academic,French,4,0.004946539324987634,2023-2024
Academic,French,4.5,0.014991819184962521,2023-2024
Academic,French,5,0.04360564666489099,2023-2024
Academic,French,5.5,0.08957041208477606,2023-2024
Academic,French,6,0.14211787983714472,2023-2024
Academic,French,6.5,0.1717590654845706,2023-2024
Academic,French,7,0.1857615768045356,2023-2024
Academic,French,7.5,0.19009931128952476,2023-2024
Academic,French,8,0.12385373463719038,2023-2024
Academic,French,8.5,0.03104904683992238,2023-2024
Academic,French,9,2.6635211749933413e-4,2023-2024
Academic,German,<4,0,2023-2024
Academic,German,4,2.673439379762064e-4,2023-2024
Academic,German,4.5,8.020318139286192e-4,2023-2024
Academic,German,5,0.0022724234727977545,2023-2024
Academic,German,5.5,0.010426413581072049,2023-2024
Academic,German,6,0.02967517711535891,2023-2024
Academic,German,6.5,0.0716481753776233,2023-2024
Academic,German,7,0.1379494719957225,2023-2024
Academic,German,7.5,0.23700040101590694,2023-2024
Academic,German,8,0.3637214276166288,2023-2024
Academic,German,8.5,0.14396471060018715,2023-2024
Academic,German,9,0.0022724234727977545,2023-2024
Academic,Gujarati,<4,0.001550147263990079,2023-2024
Academic,Gujarati,4,0.005563306291875506,2023-2024
Academic,Gujarati,4.5,0.022098210441103015,2023-2024
Academic,Gujarati,5,0.08410410100070617,2023-2024
Academic,Gujarati,5.5,0.2188635698169104,2023-2024
Academic,Gujarati,6,0.28973974749823456,2023-2024
Academic,Gujarati,6.5,0.18498424016948278,2023-2024
Academic,Gujarati,7,0.10770078713033295,2023-2024
Academic,Gujarati,7.5,0.05799273153171773,2023-2024
Academic,Gujarati,8,0.02419952117673401,2023-2024
Academic,Gujarati,8.5,0.0031864138204240515,2023-2024
Academic,Gujarati,9,1.7223858488778656e-5,2023-2024
Academic,Hindi,<4,5.710905790450549e-4,2023-2024
Academic,Hindi,4,0.0017948561055701725,2023-2024
Academic,Hindi,4.5,0.006506353382691876,2023-2024
Academic,Hindi,5,0.03205245874890371,2023-2024
Academic,Hindi,5.5,0.12078565746802912,2023-2024
Academic,Hindi,6,0.2240000815843684,2023-2024
Academic,Hindi,6.5,0.21117093964796343,2023-2024
Academic,Hindi,7,0.17218380958208407,2023-2024
Academic,Hindi,7.5,0.13373717595708662,2023-2024
Academic,Hindi,8,0.08237981602724917,2023-2024
Academic,Hindi,8.5,0.01471578045646454,2023-2024
Academic,Hindi,9,1.0198046054375982e-4,2023-2024
Academic,Ibo/Igbo,<4,8.248273017836891e-4,2023-2024
Academic,Ibo/Igbo,4,0.0017527580162903392,2023-2024
Academic,Ibo/Igbo,4.5,0.008351376430559852,2023-2024
Academic,Ibo/Igbo,5,0.02886895556242912,2023-2024
Academic,Ibo/Igbo,5.5,0.08866893494174657,2023-2024
Academic,Ibo/Igbo,6,0.191050623775647,2023-2024
Academic,Ibo/Igbo,6.5,0.26250128879265905,2023-2024
Academic,Ibo/Igbo,7,0.2263119909268997,2023-2024
Academic,Ibo/Igbo,7.5,0.13568409114341684,2023-2024
Academic,Ibo/Igbo,8,0.05196412001237241,2023-2024
Academic,Ibo/Igbo,8.5,0.004021033096195484,2023-2024
Academic,Ibo/Igbo,9,0,2023-2024
Academic,Indonesian,<4,0.0022353427120538425,2023-2024
Academic,Indonesian,4,0.003863255339310445,2023-2024
Academic,Indonesian,4.5,0.012318682119688023,2023-2024
Academic,Indonesian,5,0.03598415822338849,2023-2024
Academic,Indonesian,5.5,0.09342274704181548,2023-2024
Academic,Indonesian,6,0.16714046213280853,2023-2024
Academic,Indonesian,6.5,0.20492261340719684,2023-2024
Academic,Indonesian,7,0.20198265179677818,2023-2024
Academic,Indonesian,7.5,0.17192701120101078,2023-2024
Academic,Indonesian,8,0.08931651966858616,2023-2024
Academic,Indonesian,8.5,0.01664358432344437,2023-2024
Academic,Indonesian,9,2.4297203391889595e-4,2023-2024
Academic,Italian,<4,2.759490676863642e-4,2023-2024
Academic,Italian,4,0.0013403240430480549,2023-2024
Academic,Italian,4.5,0.004375763787598061,2023-2024
Academic,Italian,5,0.01955296251034809,2023-2024
Academic,Italian,5.5,0.0559388181495644,2023-2024
Academic,Italian,6,0.11219300666219892,2023-2024
Academic,Italian,6.5,0.1681712461071471,2023-2024
Academic,Italian,7,0.2050301572909686,2023-2024
Academic,Italian,7.5,0.24409666101628102,2023-2024
Academic,Italian,8,0.1609177277565341,2023-2024
Academic,Italian,8.5,0.027870855836322782,2023-2024
Academic,Italian,9,2.365277723025979e-4,2023-2024
Academic,Japanese,<4,0.0064622751446066495,2023-2024
Academic,Japanese,4,0.018708816238320235,2023-2024
Academic,Japanese,4.5,0.056444265525351194,2023-2024
Academic,Japanese,5,0.14664067631417252,2023-2024
Academic,Japanese,5.5,0.24039663537936737,2023-2024
Academic,Japanese,6,0.2294849248892938,2023-2024
Academic,Japanese,6.5,0.15687437760874634,2023-2024
Academic,Japanese,7,0.08570459986863571,2023-2024
Academic,Japanese,7.5,0.041422124287560654,2023-2024
Academic,Japanese,8,0.014386507617009556,2023-2024
Academic,Japanese,8.5,0.0033900459774985703,2023-2024
Academic,Japanese,9,8.475114943746425e-5,2023-2024
Academic,Kannada,<4,2.4169184290030211e-4,2023-2024
Academic,Kannada,4,6.042296072507553e-4,2023-2024
Academic,Kannada,4.5,0.002900302114803626,2023-2024
Academic,Kannada,5,0.017885196374622356,2023-2024
Academic,Kannada,5.5,0.09522658610271904,2023-2024
Academic,Kannada,6,0.21933534743202418,2023-2024
Academic,Kannada,6.5,0.22960725075528698,2023-2024
Academic,Kannada,7,0.19250755287009064,2023-2024
Academic,Kannada,7.5,0.14102719033232627,2023-2024
Academic,Kannada,8,0.08362537764350453,2023-2024
Academic,Kannada,8.5,0.017039274924471298,2023-2024
Academic,Kannada,9,0,2023-2024
Academic,Kazakh,<4,0.004741653223835362,2023-2024
Academic,Kazakh,4,0.009532189470596862,2023-2024
Academic,Kazakh,4.5,0.029232047709830376,2023-2024
Academic,Kazakh,5,0.08622965244170698,2023-2024
Academic,Kazakh,5.5,0.16326929657330008,2023-2024
Academic,Kazakh,6,0.21063694578872755,2023-2024
Academic,Kazakh,6.5,0.19171921591631225,2023-2024
Academic,Kazakh,7,0.157207801730459,2023-2024
Academic,Kazakh,7.5,0.10299652930537224,2023-2024
Academic,Kazakh,8,0.04067067507454661,2023-2024
Academic,Kazakh,8.5,0.0037151097423864686,2023-2024
Academic,Kazakh,9,4.888302292613775e-5,2023-2024
Academic,Khmer,<4,0.0040317799122494965,2023-2024
Academic,Khmer,4,0.01256966678524843,2023-2024
Academic,Khmer,4.5,0.048381358946993955,2023-2024
Academic,Khmer,5,0.13245582829360847,2023-2024
Academic,Khmer,5.5,0.2058579390489743,2023-2024
Academic,Khmer,6,0.21854618759634772,2023-2024
Academic,Khmer,6.5,0.16138977825210485,2023-2024
Academic,Khmer,7,0.11573579983398555,2023-2024
Academic,Khmer,7.5,0.07031898494011622,2023-2024
Academic,Khmer,8,0.026799478240246654,2023-2024
Academic,Khmer,8.5,0.0039131981501245115,2023-2024
Academic,Khmer,9,0,2023-2024
Academic,Korean,<4,0.0018209536715507752,2023-2024
Academic,Korean,4,0.005716947573473363,2023-2024
Academic,Korean,4.5,0.020623359024307616,2023-2024
Academic,Korean,5,0.06978910815617854,2023-2024
Academic,Korean,5.5,0.17172016600321843,2023-2024
Academic,Korean,6,0.2417210129584145,2023-2024
Academic,Korean,6.5,0.2097484543067672,2023-2024
Academic,Korean,7,0.14648090116032864,2023-2024
Academic,Korean,7.5,0.08698229863640215,2023-2024
Academic,Korean,8,0.03722368086728212,2023-2024
Academic,Korean,8.5,0.008003726602862709,2023-2024
Academic,Korean,9,1.693910392140256e-4,2023-2024
Academic,Malayalam,<4,4.646009792359101e-4,2023-2024
Academic,Malayalam,4,0.0019120117222400914,2023-2024
Academic,Malayalam,4.5,0.009077588363532396,2023-2024
Academic,Malayalam,5,0.03775776419713377,2023-2024
Academic,Malayalam,5.5,0.13010614345448698,2023-2024
Academic,Malayalam,6,0.23051356277474,2023-2024
Academic,Malayalam,6.5,0.22581394517708442,2023-2024
Academic,Malayalam,7,0.1740288052607126,2023-2024
Academic,Malayalam,7.5,0.1177048711625746,2023-2024
Academic,Malayalam,8,0.06243522390193345,2023-2024
Academic,Malayalam,8.5,0.01013187520102927,2023-2024
Academic,Malayalam,9,5.3607805296451156e-5,2023-2024
Academic,Marathi,<4,2.7665578487246173e-4,2023-2024
Academic,Marathi,4,6.63973883693908e-4,2023-2024
Academic,Marathi,4.5,0.0038178498312399713,2023-2024
Academic,Marathi,5,0.018148619487633487,2023-2024
Academic,Marathi,5.5,0.08626127372323354,2023-2024
Academic,Marathi,6,0.19410169866651913,2023-2024
Academic,Marathi,6.5,0.2332761578044597,2023-2024
Academic,Marathi,7,0.20262269684059095,2023-2024
Academic,Marathi,7.5,0.15636584960991534,2023-2024
Academic,Marathi,8,0.09135174016488685,2023-2024
Academic,Marathi,8.5,0.0130028218890057,2023-2024
Academic,Marathi,9,1.1066231394898468e-4,2023-2024
Academic,Mongolian,<4,0.005592272496187086,2023-2024
Academic,Mongolian,4,0.010167768174885612,2023-2024
Academic,Mongolian,4.5,0.034316217590238944,2023-2024
Academic,Mongolian,5,0.07574987290289781,2023-2024
Academic,Mongolian,5.5,0.1545500762582613,2023-2024
Academic,Mongolian,6,0.19217081850533804,2023-2024
Academic,Mongolian,6.5,0.1940772750381291,2023-2024
Academic,Mongolian,7,0.15963396034570412,2023-2024
Academic,Mongolian,7.5,0.1128622267412303,2023-2024
Academic,Mongolian,8,0.054651753940010164,2023-2024
Academic,Mongolian,8.5,0.006227758007117438,2023-2024
Academic,Mongolian,9,0,2023-2024
Academic,Nepali,<4,9.702159115409492e-4,2023-2024
Academic,Nepali,4,0.0036806603628299506,2023-2024
Academic,Nepali,4.5,0.014676440693627375,2023-2024
Academic,Nepali,5,0.0631410355129824,2023-2024
Academic,Nepali,5.5,0.18614285274278497,2023-2024
Academic,Nepali,6,0.2789909754519974,2023-2024
Academic,Nepali,6.5,0.2269381217851973,2023-2024
Academic,Nepali,7,0.13358179074136817,2023-2024
Academic,Nepali,7.5,0.06619028552068254,2023-2024
Academic,Nepali,8,0.02288477531031509,2023-2024
Academic,Nepali,8.5,0.0027566452089814275,2023-2024
Academic,Nepali,9,4.6200757692426153e-5,2023-2024
Academic,Other,<4,0.003997601439136518,2023-2024
Academic,Other,4,0.009454327403557864,2023-2024
Academic,Other,4.5,0.02416550069958025,2023-2024
Academic,Other,5,0.05718568858684789,2023-2024
Academic,Other,5.5,0.11954827103737756,2023-2024
Academic,Other,6,0.1872476514091545,2023-2024
Academic,Other,6.5,0.19106536078352987,2023-2024
Academic,Other,7,0.1729162502498501,2023-2024
Academic,Other,7.5,0.13711772936238256,2023-2024
Academic,Other,8,0.077833300019988,2023-2024
Academic,Other,8.5,0.018868678792724365,2023-2024
Academic,Other,9,5.996402158704777e-4,2023-2024
Academic,Portuguese,<4,0.003469292076887014,2023-2024
Academic,Portuguese,4,0.004875761837787155,2023-2024
Academic,Portuguese,4.5,0.013502109704641352,2023-2024
Academic,Portuguese,5,0.029160806375996252,2023-2024
Academic,Portuguese,5.5,0.07266760431317394,2023-2024
Academic,Portuguese,6,0.11195499296765121,2023-2024
Academic,Portuguese,6.5,0.15611814345991562,2023-2024
Academic,Portuguese,7,0.18537271448663856,2023-2024
Academic,Portuguese,7.5,0.20656352555086735,2023-2024
Academic,Portuguese,8,0.1718706047819972,2023-2024
Academic,Portuguese,8.5,0.043788091889357714,2023-2024
Academic,Portuguese,9,6.563525550867324e-4,2023-2024
Academic,Punjabi,<4,0.0012614875278269308,2023-2024
Academic,Punjabi,4,0.004446600833380901,2023-2024
Academic,Punjabi,4.5,0.018402876876534052,2023-2024
Academic,Punjabi,5,0.08279582167931959,2023-2024
Academic,Punjabi,5.5,0.25900450938980535,2023-2024
Academic,Punjabi,6,0.33739939494263377,2023-2024
Academic,Punjabi,6.5,0.17977624293624067,2023-2024
Academic,Punjabi,7,0.07575774872995035,2023-2024
Academic,Punjabi,7.5,0.03179405217192763,2023-2024
Academic,Punjabi,8,0.008682002397397113,2023-2024
Academic,Punjabi,8.5,6.79262514983732e-4,2023-2024
Academic,Punjabi,9,0,2023-2024
Academic,Russian,<4,0.0019293025080932605,2023-2024
Academic,Russian,4,0.004905006376508289,2023-2024
Academic,Russian,4.5,0.01635002125502763,2023-2024
Academic,Russian,5,0.0521892678460482,2023-2024
Academic,Russian,5.5,0.11902815473660117,2023-2024
Academic,Russian,6,0.16663941663124163,2023-2024
Academic,Russian,6.5,0.18014453418789445,2023-2024
Academic,Russian,7,0.17442202674863477,2023-2024
Academic,Russian,7.5,0.16209411072234392,2023-2024
Academic,Russian,8,0.1004218305483797,2023-2024
Academic,Russian,8.5,0.021549328014126415,2023-2024
Academic,Russian,9,3.270004251005526e-4,2023-2024
Academic,Sinhalese,<4,8.793853559196518e-4,2023-2024
Academic,Sinhalese,4,0.003054707025826159,2023-2024
Academic,Sinhalese,4.5,0.011987410904378413,2023-2024
Academic,Sinhalese,5,0.05595667870036101,2023-2024
Academic,Sinhalese,5.5,0.14880125890956214,2023-2024
Academic,Sinhalese,6,0.23817458113486992,2023-2024
Academic,Sinhalese,6.5,0.21429232620568361,2023-2024
Academic,Sinhalese,7,0.15282791817087846,2023-2024
Academic,Sinhalese,7.5,0.10348977135980747,2023-2024
Academic,Sinhalese,8,0.0591502360455429,2023-2024
Academic,Sinhalese,8.5,0.011385726187170231,2023-2024
Academic,Sinhalese,9,0,2023-2024
Academic,Spanish,<4,0.004669005375665648,2023-2024
Academic,Spanish,4,0.005981374454231128,2023-2024
Academic,Spanish,4.5,0.014284632662847335,2023-2024
Academic,Spanish,5,0.0380839411452944,2023-2024
Academic,Spanish,5.5,0.08886252933902027,2023-2024
Academic,Spanish,6,0.15210862377911818,2023-2024
Academic,Spanish,6.5,0.18118264644272267,2023-2024
Academic,Spanish,7,0.19203492920778334,2023-2024
Academic,Spanish,7.5,0.17928980642556092,2023-2024
Academic,Spanish,8,0.11730560533023748,2023-2024
Academic,Spanish,8.5,0.02581833783408626,2023-2024
Academic,Spanish,9,3.7856800343234986e-4,2023-2024
Academic,Swahili,<4,5.575689991636465e-4,2023-2024
Academic,Swahili,4,0.0013939224979091164,2023-2024
Academic,Swahili,4.5,0.007736269863395595,2023-2024
Academic,Swahili,5,0.030457206579314187,2023-2024
Academic,Swahili,5.5,0.10837747421243378,2023-2024
Academic,Swahili,6,0.20427934206858098,2023-2024
Academic,Swahili,6.5,0.25278784499581824,2023-2024
Academic,Swahili,7,0.21145804293281295,2023-2024
Academic,Swahili,7.5,0.12914691943127962,2023-2024
Academic,Swahili,8,0.04822971842765542,2023-2024
Academic,Swahili,8.5,0.005575689991636466,2023-2024
Academic,Swahili,9,0,2023-2024
Academic,Tagalog,<4,0.001247574161352925,2023-2024
Academic,Tagalog,4,0.0016634322151372332,2023-2024
Academic,Tagalog,4.5,0.008039922373163293,2023-2024
Academic,Tagalog,5,0.031743831438868865,2023-2024
Academic,Tagalog,5.5,0.07513168838369837,2023-2024
Academic,Tagalog,6,0.15539229276406988,2023-2024
Academic,Tagalog,6.5,0.234266703631827,2023-2024
Academic,Tagalog,7,0.25103964513446075,2023-2024
Academic,Tagalog,7.5,0.15830329914056004,2023-2024
Academic,Tagalog,8,0.06792348211810369,2023-2024
Academic,Tagalog,8.5,0.014693651233712225,2023-2024
Academic,Tagalog,9,5.544774050457444e-4,2023-2024
Academic,Tamil,<4,0.0011798777217633808,2023-2024
Academic,Tamil,4,0.00429046444277593,2023-2024
Academic,Tamil,4.5,0.015695949086488612,2023-2024
Academic,Tamil,5,0.05348779005327327,2023-2024
Academic,Tamil,5.5,0.14197861918552682,2023-2024
Academic,Tamil,6,0.21756230111909614,2023-2024
Academic,Tamil,6.5,0.1974686259787622,2023-2024
Academic,Tamil,7,0.15767456827201543,2023-2024
Academic,Tamil,7.5,0.11766598734312989,2023-2024
Academic,Tamil,8,0.07583395902606456,2023-2024
Academic,Tamil,8.5,0.01698308841932139,2023-2024
Academic,Tamil,9,1.7876935178233043e-4,2023-2024
Academic,Telugu,<4,4.698364968990791e-4,2023-2024
Academic,Telugu,4,0.0013625258410073296,2023-2024
Academic,Telugu,4.5,0.008527532418718287,2023-2024
Academic,Telugu,5,0.04470494267994738,2023-2024
Academic,Telugu,5.5,0.15492858485247135,2023-2024
Academic,Telugu,6,0.26301447096410446,2023-2024
Academic,Telugu,6.5,0.23414301822965608,2023-2024
Academic,Telugu,7,0.15969742529599698,2023-2024
Academic,Telugu,7.5,0.08943337718473972,2023-2024
Academic,Telugu,8,0.03930182296560797,2023-2024
Academic,Telugu,8.5,0.004345987596316481,2023-2024
Academic,Telugu,9,7.047547453486188e-5,2023-2024
Academic,Thai,<4,0.010539591027835329,2023-2024
Academic,Thai,4,0.017175629823139055,2023-2024
Academic,Thai,4.5,0.04164789958862564,2023-2024
Academic,Thai,5,0.09930036333063087,2023-2024
Academic,Thai,5.5,0.18646968741554815,2023-2024
Academic,Thai,6,0.21619673903251957,2023-2024
Academic,Thai,6.5,0.17223673542924062,2023-2024
Academic,Thai,7,0.12449328889289253,2023-2024
Academic,Thai,7.5,0.08179443293396992,2023-2024
Academic,Thai,8,0.04179803621295378,2023-2024
Academic,Thai,8.5,0.008227487013181996,2023-2024
Academic,Thai,9,1.2010929946251088e-4,2023-2024
Academic,Turkish,<4,0.0036972818603702383,2023-2024
Academic,Turkish,4,0.0075985516854505586,2023-2024
Academic,Turkish,4.5,0.02401958284461217,2023-2024
Academic,Turkish,5,0.06038043755418431,2023-2024
Academic,Turkish,5.5,0.12914988015707074,2023-2024
Academic,Turkish,6,0.18822989443622828,2023-2024
Academic,Turkish,6.5,0.1855780508949972,2023-2024
Academic,Turkish,7,0.16545973787546536,2023-2024
Academic,Turkish,7.5,0.14082819113672293,2023-2024
Academic,Turkish,8,0.08083023101637003,2023-2024
Academic,Turkish,8.5,0.014126166556173188,2023-2024
Academic,Turkish,9,1.0199398235504106e-4,2023-2024
Academic,Ukrainian,<4,0.0011835875854813256,2023-2024
Academic,Ukrainian,4,0.004471330878485008,2023-2024
Academic,Ukrainian,4.5,0.013545502367175171,2023-2024
Academic,Ukrainian,5,0.0461599158337717,2023-2024
Academic,Ukrainian,5.5,0.11533403471856918,2023-2024
Academic,Ukrainian,6,0.1793792740662809,2023-2024
Academic,Ukrainian,6.5,0.19042609153077325,2023-2024
Academic,Ukrainian,7,0.18332456601788533,2023-2024
Academic,Ukrainian,7.5,0.1618884797475013,2023-2024
Academic,Ukrainian,8,0.09008416622830089,2023-2024
Academic,Ukrainian,8.5,0.01407154129405576,2023-2024
Academic,Ukrainian,9,1.315097317201473e-4,2023-2024
Academic,Urdu,<4,0.0067208444833582025,2023-2024
Academic,Urdu,4,0.012936084152372027,2023-2024
Academic,Urdu,4.5,0.03005265689164026,2023-2024
Academic,Urdu,5,0.06921853226621943,2023-2024
Academic,Urdu,5.5,0.14488660887151472,2023-2024
Academic,Urdu,6,0.21010962992193957,2023-2024
Academic,Urdu,6.5,0.19159956098703926,2023-2024
Academic,Urdu,7,0.15099086211786758,2023-2024
Academic,Urdu,7.5,0.10681826589880504,2023-2024
Academic,Urdu,8,0.0633485836899286,2023-2024
Academic,Urdu,8.5,0.013170388822434057,2023-2024
Academic,Urdu,9,1.4798189688128153e-4,2023-2024
Academic,Uzbek,<4,0.007568984122090334,2023-2024
Academic,Uzbek,4,0.017928164020348386,2023-2024
Academic,Uzbek,4.5,0.05151842145830122,2023-2024
Academic,Uzbek,5,0.1343147834129798,2023-2024
Academic,Uzbek,5.5,0.21741945429320178,2023-2024
Academic,Uzbek,6,0.21301063665793124,2023-2024
Academic,Uzbek,6.5,0.16326499152150453,2023-2024
Academic,Uzbek,7,0.11140743024510559,2023-2024
Academic,Uzbek,7.5,0.05882534299367967,2023-2024
Academic,Uzbek,8,0.020425466317249886,2023-2024
Academic,Uzbek,8.5,0.004008016032064128,2023-2024
Academic,Uzbek,9,3.083089255433945e-4,2023-2024
Academic,Vietnamese,<4,0.007114901944101757,2023-2024
Academic,Vietnamese,4,0.015399668183945208,2023-2024
Academic,Vietnamese,4.5,0.03956268345599183,2023-2024
Academic,Vietnamese,5,0.09591291955587695,2023-2024
Academic,Vietnamese,5.5,0.17914344663291787,2023-2024
Academic,Vietnamese,6,0.21278768026545283,2023-2024
Academic,Vietnamese,6.5,0.17726102862976983,2023-2024
Academic,Vietnamese,7,0.1333645297145531,2023-2024
Academic,Vietnamese,7.5,0.09149934062194238,2023-2024
Academic,Vietnamese,8,0.0413812906793721,2023-2024
Academic,Vietnamese,8.5,0.006492746841366402,2023-2024
Academic,Vietnamese,9,7.976347470966095e-5,2023-2024
General_Training,Afrikaans,<4,0.002592352559948153,2023-2024
General_Training,Afrikaans,4,0.009721322099805573,2023-2024
General_Training,Afrikaans,4.5,0.02559948152948801,2023-2024
General_Training,Afrikaans,5,0.04439403758911212,2023-2024
General_Training,Afrikaans,5.5,0.10434219053791315,2023-2024
General_Training,Afrikaans,6,0.14193130265716136,2023-2024
General_Training,Afrikaans,6.5,0.16040181464679196,2023-2024
General_Training,Afrikaans,7,0.1594296824368114,2023-2024
General_Training,Afrikaans,7.5,0.15003240440699936,2023-2024
General_Training,Afrikaans,8,0.11438755670771224,2023-2024
General_Training,Afrikaans,8.5,0.08230719377835385,2023-2024
General_Training,Afrikaans,9,0.004860661049902786,2023-2024
General_Training,Akan,<4,0.0068654374264417424,2023-2024
General_Training,Akan,4,0.02295017653981954,2023-2024
General_Training,Akan,4.5,0.06355433503334641,2023-2024
General_Training,Akan,5,0.15182424480188308,2023-2024
General_Training,Akan,5.5,0.22538250294233034,2023-2024
General_Training,Akan,6,0.2263632797175363,2023-2024
General_Training,Akan,6.5,0.14731267163593567,2023-2024
General_Training,Akan,7,0.08728913299333073,2023-2024
General_Training,Akan,7.5,0.04276186739898,2023-2024
General_Training,Akan,8,0.021577089054531193,2023-2024
General_Training,Akan,8.5,0.004119262455865046,2023-2024
General_Training,Akan,9,0,2023-2024
General_Training,Arabic,<4,0.04210714126410634,2023-2024
General_Training,Arabic,4,0.04754895401222178,2023-2024
General_Training,Arabic,4.5,0.08479414782104465,2023-2024
General_Training,Arabic,5,0.12377893750836344,2023-2024
General_Training,Arabic,5.5,0.15130023640661938,2023-2024
General_Training,Arabic,6,0.1541103528257282,2023-2024
General_Training,Arabic,6.5,0.12583076854453812,2023-2024
General_Training,Arabic,7,0.1091484901199875,2023-2024
General_Training,Arabic,7.5,0.08171640126678265,2023-2024
General_Training,Arabic,8,0.05825415941835051,2023-2024
General_Training,Arabic,8.5,0.02042910031669566,2023-2024
General_Training,Arabic,9,9.813104955618004e-4,2023-2024
General_Training,Bengali,<4,0.07358893636159208,2023-2024
General_Training,Bengali,4,0.10670114684056667,2023-2024
General_Training,Bengali,4.5,0.16449291657297052,2023-2024
General_Training,Bengali,5,0.17719811108612546,2023-2024
General_Training,Bengali,5.5,0.12395997301551606,2023-2024
General_Training,Bengali,6,0.09472678210029234,2023-2024
General_Training,Bengali,6.5,0.08123454013941983,2023-2024
General_Training,Bengali,7,0.06594333258376434,2023-2024
General_Training,Bengali,7.5,0.05396896784348999,2023-2024
General_Training,Bengali,8,0.041263773330335055,2023-2024
General_Training,Bengali,8.5,0.015965819653699122,2023-2024
General_Training,Bengali,9,9.557004722284685e-4,2023-2024
General_Training,Chinese,<4,0.016946073597342605,2023-2024
General_Training,Chinese,4,0.025146623760834586,2023-2024
General_Training,Chinese,4.5,0.05592463798204183,2023-2024
General_Training,Chinese,5,0.09762806871853429,2023-2024
General_Training,Chinese,5.5,0.1385270151035449,2023-2024
General_Training,Chinese,6,0.1598847770799813,2023-2024
General_Training,Chinese,6.5,0.1443660144288161,2023-2024
General_Training,Chinese,7,0.13541288213006694,2023-2024
General_Training,Chinese,7.5,0.1272382830746873,2023-2024
General_Training,Chinese,8,0.07979965744537292,2023-2024
General_Training,Chinese,8.5,0.018658846732755488,2023-2024
General_Training,Chinese,9,4.6711994602169506e-4,2023-2024
General_Training,English,<4,0.0044515942325042985,2023-2024
General_Training,English,4,0.0102310062475529,2023-2024
General_Training,English,4.5,0.028633198849224585,2023-2024
General_Training,English,5,0.0652418160461672,2023-2024
General_Training,English,5.5,0.11298367465059667,2023-2024
General_Training,English,6,0.1538225831162862,2023-2024
General_Training,English,6.5,0.1650068944384863,2023-2024
General_Training,English,7,0.15221388080281906,2023-2024
General_Training,English,7.5,0.13116456428851098,2023-2024
General_Training,English,8,0.10658291200653695,2023-2024
General_Training,English,8.5,0.06189673663244982,2023-2024
General_Training,English,9,0.007771138688865056,2023-2024
General_Training,Farsi,<4,0.015160582485537602,2023-2024
General_Training,Farsi,4,0.024536205864751644,2023-2024
General_Training,Farsi,4.5,0.05964492319968083,2023-2024
General_Training,Farsi,5,0.11160981448234589,2023-2024
General_Training,Farsi,5.5,0.13893875922601237,2023-2024
General_Training,Farsi,6,0.1656692599241971,2023-2024
General_Training,Farsi,6.5,0.15130660283263514,2023-2024
General_Training,Farsi,7,0.12736884101336524,2023-2024
General_Training,Farsi,7.5,0.10742070616397367,2023-2024
General_Training,Farsi,8,0.07610213445042888,2023-2024
General_Training,Farsi,8.5,0.021344504288848994,2023-2024
General_Training,Farsi,9,8.976660682226212e-4,2023-2024
General_Training,Filipino,<4,0.019467116990336805,2023-2024
General_Training,Filipino,4,0.039074960127591714,2023-2024
General_Training,Filipino,4.5,0.1038089877099165,2023-2024
General_Training,Filipino,5,0.16769865841073273,2023-2024
General_Training,Filipino,5.5,0.18224036025893614,2023-2024
General_Training,Filipino,6,0.16427432216905902,2023-2024
General_Training,Filipino,6.5,0.13251712168120838,2023-2024
General_Training,Filipino,7,0.08992400788066422,2023-2024
General_Training,Filipino,7.5,0.060606060606060615,2023-2024
General_Training,Filipino,8,0.031288113331456986,2023-2024
General_Training,Filipino,8.5,0.00881883854020077,2023-2024
General_Training,Filipino,9,2.8145229383619476e-4,2023-2024
General_Training,French,<4,0.04134725167183168,2023-2024
General_Training,French,4,0.05765780459957593,2023-2024
General_Training,French,4.5,0.10112542815201436,2023-2024
General_Training,French,5,0.14606100146794979,2023-2024
General_Training,French,5.5,0.15128037840482794,2023-2024
General_Training,French,6,0.14100473006034905,2023-2024
General_Training,French,6.5,0.11017778502691242,2023-2024
General_Training,French,7,0.09288859892350353,2023-2024
General_Training,French,7.5,0.07804599575925625,2023-2024
General_Training,French,8,0.05863643777524058,2023-2024
General_Training,French,8.5,0.02030663839504159,2023-2024
General_Training,French,9,0.0014679497634969827,2023-2024
General_Training,German,<4,0.004362578768783325,2023-2024
General_Training,German,4,0.004847309743092584,2023-2024
General_Training,German,4.5,0.015511391177896268,2023-2024
General_Training,German,5,0.028599127484246246,2023-2024
General_Training,German,5.5,0.05428986912263694,2023-2024
General_Training,German,6,0.0746485700436258,2023-2024
General_Training,German,6.5,0.11391177896267571,2023-2024
General_Training,German,7,0.159476490547746,2023-2024
General_Training,German,7.5,0.1827435773145904,2023-2024
General_Training,German,8,0.21279689772176444,2023-2024
General_Training,German,8.5,0.14008725157537566,2023-2024
General_Training,German,9,0.00872515753756665,2023-2024
General_Training,Gujarati,<4,0.023045935733691413,2023-2024
General_Training,Gujarati,4,0.0377541142303969,2023-2024
General_Training,Gujarati,4.5,0.0763201448958561,2023-2024
General_Training,Gujarati,5,0.10982731161977329,2023-2024
General_Training,Gujarati,5.5,0.12072572838272493,2023-2024
General_Training,Gujarati,6,0.14723792274302844,2023-2024
General_Training,Gujarati,6.5,0.1779970646098117,2023-2024
General_Training,Gujarati,7,0.15638759641507666,2023-2024
General_Training,Gujarati,7.5,0.09933485307435282,2023-2024
General_Training,Gujarati,8,0.04384348749336414,2023-2024
General_Training,Gujarati,8.5,0.007494613246728914,2023-2024
General_Training,Gujarati,9,3.122755519470381e-5,2023-2024
General_Training,Hindi,<4,0.00823319056925444,2023-2024
General_Training,Hindi,4,0.012911139756330825,2023-2024
General_Training,Hindi,4.5,0.028296394860493162,2023-2024
General_Training,Hindi,5,0.049066489251112316,2023-2024
General_Training,Hindi,5.5,0.08160422470788806,2023-2024
General_Training,Hindi,6,0.14378976256809015,2023-2024
General_Training,Hindi,6.5,0.19279387916337476,2023-2024
General_Training,Hindi,7,0.1965570293983118,2023-2024
General_Training,Hindi,7.5,0.15882157262256227,2023-2024
General_Training,Hindi,8,0.10214561936047238,2023-2024
General_Training,Hindi,8.5,0.025136180298557114,2023-2024
General_Training,Hindi,9,6.445174435527464e-4,2023-2024
General_Training,Ibo/Igbo,<4,0.004216216216216217,2023-2024
General_Training,Ibo/Igbo,4,0.013513513513513513,2023-2024
General_Training,Ibo/Igbo,4.5,0.036756756756756756,2023-2024
General_Training,Ibo/Igbo,5,0.0958918918918919,2023-2024
General_Training,Ibo/Igbo,5.5,0.1451891891891892,2023-2024
General_Training,Ibo/Igbo,6,0.1820540540540541,2023-2024
General_Training,Ibo/Igbo,6.5,0.17794594594594595,2023-2024
General_Training,Ibo/Igbo,7,0.14464864864864865,2023-2024
General_Training,Ibo/Igbo,7.5,0.10756756756756758,2023-2024
General_Training,Ibo/Igbo,8,0.07567567567567568,2023-2024
General_Training,Ibo/Igbo,8.5,0.01654054054054054,2023-2024
General_Training,Ibo/Igbo,9,0,2023-2024
General_Training,Indonesian,<4,0.030513468013468013,2023-2024
General_Training,Indonesian,4,0.048085016835016835,2023-2024
General_Training,Indonesian,4.5,0.11195286195286196,2023-2024
General_Training,Indonesian,5,0.1767676767676768,2023-2024
General_Training,Indonesian,5.5,0.20191498316498319,2023-2024
General_Training,Indonesian,6,0.16087962962962965,2023-2024
General_Training,Indonesian,6.5,0.10248316498316498,2023-2024
General_Training,Indonesian,7,0.07249579124579125,2023-2024
General_Training,Indonesian,7.5,0.052504208754208755,2023-2024
General_Training,Indonesian,8,0.030618686868686868,2023-2024
General_Training,Indonesian,8.5,0.0110479797979798,2023-2024
General_Training,Indonesian,9,7.365319865319866e-4,2023-2024
General_Training,Italian,<4,0.006356641017062563,2023-2024
General_Training,Italian,4,0.009033121445299433,2023-2024
General_Training,Italian,4.5,0.02843760455001673,2023-2024
General_Training,Italian,5,0.0545332887253262,2023-2024
General_Training,Italian,5.5,0.10137169621947141,2023-2024
General_Training,Italian,6,0.17296754767480763,2023-2024
General_Training,Italian,6.5,0.17330210772833723,2023-2024
General_Training,Italian,7,0.16192706590833056,2023-2024
General_Training,Italian,7.5,0.14954834392773506,2023-2024
General_Training,Italian,8,0.10772833723653397,2023-2024
General_Training,Italian,8.5,0.03312144529943125,2023-2024
General_Training,Italian,9,0.001672800267648043,2023-2024
General_Training,Japanese,<4,0.02636976267213595,2023-2024
General_Training,Japanese,4,0.035745678288895404,2023-2024
General_Training,Japanese,4.5,0.0893641957222385,2023-2024
General_Training,Japanese,5,0.15646059185467331,2023-2024
General_Training,Japanese,5.5,0.20011719894520952,2023-2024
General_Training,Japanese,6,0.20421916202754176,2023-2024
General_Training,Japanese,6.5,0.13067682390858482,2023-2024
General_Training,Japanese,7,0.07705830647524173,2023-2024
General_Training,Japanese,7.5,0.04775857017286844,2023-2024
General_Training,Japanese,8,0.022560796952827426,2023-2024
General_Training,Japanese,8.5,0.00937591561675945,2023-2024
General_Training,Japanese,9,2.929973630237328e-4,2023-2024
General_Training,Kannada,<4,0.0051867219917012455,2023-2024
General_Training,Kannada,4,0.009854771784232365,2023-2024
General_Training,Kannada,4.5,0.01815352697095436,2023-2024
General_Training,Kannada,5,0.04719917012448133,2023-2024
General_Training,Kannada,5.5,0.10165975103734441,2023-2024
General_Training,Kannada,6,0.15560165975103735,2023-2024
General_Training,Kannada,6.5,0.20643153526970956,2023-2024
General_Training,Kannada,7,0.1919087136929461,2023-2024
General_Training,Kannada,7.5,0.14211618257261413,2023-2024
General_Training,Kannada,8,0.09232365145228216,2023-2024
General_Training,Kannada,8.5,0.028526970954356846,2023-2024
General_Training,Kannada,9,0.001037344398340249,2023-2024
General_Training,Korean,<4,0.014939094461043438,2023-2024
General_Training,Korean,4,0.029878188922086876,2023-2024
General_Training,Korean,4.5,0.07124798896805333,2023-2024
General_Training,Korean,5,0.1195127556883475,2023-2024
General_Training,Korean,5.5,0.17214433463571596,2023-2024
General_Training,Korean,6,0.19053091243392323,2023-2024
General_Training,Korean,6.5,0.14847161572052403,2023-2024
General_Training,Korean,7,0.10480349344978167,2023-2024
General_Training,Korean,7.5,0.08319926453688808,2023-2024
General_Training,Korean,8,0.04366812227074236,2023-2024
General_Training,Korean,8.5,0.020455067800505634,2023-2024
General_Training,Korean,9,0.001149161112387957,2023-2024
General_Training,Malayalam,<4,0.005650193961882273,2023-2024
General_Training,Malayalam,4,0.01602293810086018,2023-2024
General_Training,Malayalam,4.5,0.04157530780907404,2023-2024
General_Training,Malayalam,5,0.08614437510541405,2023-2024
General_Training,Malayalam,5.5,0.1346348456738067,2023-2024
General_Training,Malayalam,6,0.17389104402091413,2023-2024
General_Training,Malayalam,6.5,0.18789003204587618,2023-2024
General_Training,Malayalam,7,0.16507842806544104,2023-2024
General_Training,Malayalam,7.5,0.11726260752234778,2023-2024
General_Training,Malayalam,8,0.059706527238994764,2023-2024
General_Training,Malayalam,8.5,0.011722044189576657,2023-2024
General_Training,Malayalam,9,4.216562658121099e-4,2023-2024
General_Training,Marathi,<4,0.004726368159203981,2023-2024
General_Training,Marathi,4,0.004477611940298508,2023-2024
General_Training,Marathi,4.5,0.01492537313432836,2023-2024
General_Training,Marathi,5,0.04228855721393035,2023-2024
General_Training,Marathi,5.5,0.07039800995024877,2023-2024
General_Training,Marathi,6,0.13333333333333333,2023-2024
General_Training,Marathi,6.5,0.16691542288557215,2023-2024
General_Training,Marathi,7,0.19154228855721395,2023-2024
General_Training,Marathi,7.5,0.18532338308457713,2023-2024
General_Training,Marathi,8,0.14179104477611942,2023-2024
General_Training,Marathi,8.5,0.042786069651741296,2023-2024
General_Training,Marathi,9,0.001492537313432836,2023-2024
General_Training,Nepali,<4,0.029247424480530818,2023-2024
General_Training,Nepali,4,0.05316919853326349,2023-2024
General_Training,Nepali,4.5,0.12432338047843547,2023-2024
General_Training,Nepali,5,0.20054129561725162,2023-2024
General_Training,Nepali,5.5,0.20621616902392176,2023-2024
General_Training,Nepali,6,0.14920551772306617,2023-2024
General_Training,Nepali,6.5,0.0965601536581107,2023-2024
General_Training,Nepali,7,0.07036843024270997,2023-2024
General_Training,Nepali,7.5,0.04522437576392527,2023-2024
General_Training,Nepali,8,0.020866072987602582,2023-2024
General_Training,Nepali,8.5,0.0041906757464641176,2023-2024
General_Training,Nepali,9,8.730574471800244e-5,2023-2024
General_Training,Other,<4,0.010506170910795188,2023-2024
General_Training,Other,4,0.022066864552413686,2023-2024
General_Training,Other,4.5,0.05190595219496954,2023-2024
General_Training,Other,5,0.09154819559443837,2023-2024
General_Training,Other,5.5,0.13693172941727855,2023-2024
General_Training,Other,6,0.178683018278394,2023-2024
General_Training,Other,6.5,0.15852991720043744,2023-2024
General_Training,Other,7,0.13369004842993282,2023-2024
General_Training,Other,7.5,0.1081081081081081,2023-2024
General_Training,Other,8,0.07471488829870333,2023-2024
General_Training,Other,8.5,0.02987814403999375,2023-2024
General_Training,Other,9,0.0034369629745352286,2023-2024
General_Training,Pashto,<4,0.066156202143951,2023-2024
General_Training,Pashto,4,0.09004594180704441,2023-2024
General_Training,Pashto,4.5,0.17243491577335376,2023-2024
General_Training,Pashto,5,0.21745788667687596,2023-2024
General_Training,Pashto,5.5,0.1666156202143951,2023-2024
General_Training,Pashto,6,0.11669218989280246,2023-2024
General_Training,Pashto,6.5,0.06768759571209801,2023-2024
General_Training,Pashto,7,0.04961715160796325,2023-2024
General_Training,Pashto,7.5,0.029402756508422664,2023-2024
General_Training,Pashto,8,0.01807044410413476,2023-2024
General_Training,Pashto,8.5,0.005819295558958652,2023-2024
General_Training,Pashto,9,0,2023-2024
General_Training,Portuguese,<4,0.013544448683708507,2023-2024
General_Training,Portuguese,4,0.019648988935520792,2023-2024
General_Training,Portuguese,4.5,0.0343380389164441,2023-2024
General_Training,Portuguese,5,0.05818389927508585,2023-2024
General_Training,Portuguese,5.5,0.088325066768409,2023-2024
General_Training,Portuguese,6,0.13029378099961847,2023-2024
General_Training,Portuguese,6.5,0.13773368943151468,2023-2024
General_Training,Portuguese,7,0.16043494849294163,2023-2024
General_Training,Portuguese,7.5,0.1671117893933613,2023-2024
General_Training,Portuguese,8,0.14269362838611216,2023-2024
General_Training,Portuguese,8.5,0.04540251812285387,2023-2024
General_Training,Portuguese,9,0.002289202594429607,2023-2024
General_Training,Punjabi,<4,0.0097302785586026,2023-2024
General_Training,Punjabi,4,0.018116180466113248,2023-2024
General_Training,Punjabi,4.5,0.04079196006355235,2023-2024
General_Training,Punjabi,5,0.08034295706455827,2023-2024
General_Training,Punjabi,5.5,0.13344113416502928,2023-2024
General_Training,Punjabi,6,0.22191615978339552,2023-2024
General_Training,Punjabi,6.5,0.2254604254999107,2023-2024
General_Training,Punjabi,7,0.1523846233395068,2023-2024
General_Training,Punjabi,7.5,0.08348296966221362,2023-2024
General_Training,Punjabi,8,0.030873656798503322,2023-2024
General_Training,Punjabi,8.5,0.0034408521279696153,2023-2024
General_Training,Punjabi,9,1.8802470644642705e-5,2023-2024
General_Training,Russian,<4,0.006124401913875598,2023-2024
General_Training,Russian,4,0.012057416267942583,2023-2024
General_Training,Russian,4.5,0.0292822966507177,2023-2024
General_Training,Russian,5,0.05645933014354067,2023-2024
General_Training,Russian,5.5,0.0830622009569378,2023-2024
General_Training,Russian,6,0.12133971291866029,2023-2024
General_Training,Russian,6.5,0.14430622009569377,2023-2024
General_Training,Russian,7,0.1601913875598086,2023-2024
General_Training,Russian,7.5,0.17952153110047844,2023-2024
General_Training,Russian,8,0.15406698564593302,2023-2024
General_Training,Russian,8.5,0.05129186602870814,2023-2024
General_Training,Russian,9,0.002296650717703349,2023-2024
General_Training,Shona,<4,0.0031718180591172895,2023-2024
General_Training,Shona,4,0.010730193008503173,2023-2024
General_Training,Shona,4.5,0.03839924416250506,2023-2024
General_Training,Shona,5,0.11155351599406128,2023-2024
General_Training,Shona,5.5,0.2136590633013902,2023-2024
General_Training,Shona,6,0.23147523282494262,2023-2024
General_Training,Shona,6.5,0.174719935213929,2023-2024
General_Training,Shona,7,0.1137130516938858,2023-2024
General_Training,Shona,7.5,0.062289107841814004,2023-2024
General_Training,Shona,8,0.031110811175597247,2023-2024
General_Training,Shona,8.5,0.008975570252395735,2023-2024
General_Training,Shona,9,2.0245647185855042e-4,2023-2024
General_Training,Sinhalese,<4,0.012661898318190605,2023-2024
General_Training,Sinhalese,4,0.031896385076358016,2023-2024
General_Training,Sinhalese,4.5,0.08621689541851923,2023-2024
General_Training,Sinhalese,5,0.16209162961531023,2023-2024
General_Training,Sinhalese,5.5,0.18567562342934466,2023-2024
General_Training,Sinhalese,6,0.16566789097235646,2023-2024
General_Training,Sinhalese,6.5,0.12323603324956504,2023-2024
General_Training,Sinhalese,7,0.09742895805142084,2023-2024
General_Training,Sinhalese,7.5,0.07587473419679103,2023-2024
General_Training,Sinhalese,8,0.044268316257490815,2023-2024
General_Training,Sinhalese,8.5,0.014498356852890006,2023-2024
General_Training,Sinhalese,9,4.832785617630002e-4,2023-2024
General_Training,Spanish,<4,0.012186411927506474,2023-2024
General_Training,Spanish,4,0.02147129720560664,2023-2024
General_Training,Spanish,4.5,0.04803142576555665,2023-2024
General_Training,Spanish,5,0.08999196500312472,2023-2024
General_Training,Spanish,5.5,0.13597000267833229,2023-2024
General_Training,Spanish,6,0.1682885456655656,2023-2024
General_Training,Spanish,6.5,0.15712882778323364,2023-2024
General_Training,Spanish,7,0.14378180519596465,2023-2024
General_Training,Spanish,7.5,0.11900723149718775,2023-2024
General_Training,Spanish,8,0.08021605213820195,2023-2024
General_Training,Spanish,8.5,0.023033657709133112,2023-2024
General_Training,Spanish,9,8.927774305865548e-4,2023-2024
General_Training,Swahili,<4,0.008319914117015567,2023-2024
General_Training,Swahili,4,0.014224369296833066,2023-2024
General_Training,Swahili,4.5,0.048577563070316694,2023-2024
General_Training,Swahili,5,0.09178743961352658,2023-2024
General_Training,Swahili,5.5,0.1457326892109501,2023-2024
General_Training,Swahili,6,0.18760064412238325,2023-2024
General_Training,Swahili,6.5,0.1838432635534085,2023-2024
General_Training,Swahili,7,0.15056360708534622,2023-2024
General_Training,Swahili,7.5,0.10654857756307033,2023-2024
General_Training,Swahili,8,0.05287171229200215,2023-2024
General_Training,Swahili,8.5,0.009661835748792272,2023-2024
General_Training,Swahili,9,2.6838432635534085e-4,2023-2024
General_Training,Tagalog,<4,0.017854283426741394,2023-2024
General_Training,Tagalog,4,0.04507606084867894,2023-2024
General_Training,Tagalog,4.5,0.10896717373899119,2023-2024
General_Training,Tagalog,5,0.16565252201761407,2023-2024
General_Training,Tagalog,5.5,0.18518815052041632,2023-2024
General_Training,Tagalog,6,0.16533226581265012,2023-2024
General_Training,Tagalog,6.5,0.1309047237790232,2023-2024
General_Training,Tagalog,7,0.08935148118494796,2023-2024
General_Training,Tagalog,7.5,0.055564451561249,2023-2024
General_Training,Tagalog,8,0.029063250600480383,2023-2024
General_Training,Tagalog,8.5,0.00688550840672538,2023-2024
General_Training,Tagalog,9,1.6012810248198557e-4,2023-2024
General_Training,Tamil,<4,0.044011822153688,2023-2024
General_Training,Tamil,4,0.06412233359033667,2023-2024
General_Training,Tamil,4.5,0.11455923927011051,2023-2024
General_Training,Tamil,5,0.14225134926754046,2023-2024
General_Training,Tamil,5.5,0.13531225905936778,2023-2024
General_Training,Tamil,6,0.12528912875867385,2023-2024
General_Training,Tamil,6.5,0.12040606527884862,2023-2024
General_Training,Tamil,7,0.09997429966589565,2023-2024
General_Training,Tamil,7.5,0.08474685170907222,2023-2024
General_Training,Tamil,8,0.05339244410177332,2023-2024
General_Training,Tamil,8.5,0.015484451297866873,2023-2024
General_Training,Tamil,9,4.497558468260087e-4,2023-2024
General_Training,Telugu,<4,0.0031440891124685593,2023-2024
General_Training,Telugu,4,0.007096658282429034,2023-2024
General_Training,Telugu,4.5,0.022906934962270933,2023-2024
General_Training,Telugu,5,0.05192238591448078,2023-2024
General_Training,Telugu,5.5,0.09638878907653611,2023-2024
General_Training,Telugu,6,0.1763384836507366,2023-2024
General_Training,Telugu,6.5,0.23239310097017607,2023-2024
General_Training,Telugu,7,0.20427596119295724,2023-2024
General_Training,Telugu,7.5,0.1325907294286741,2023-2024
General_Training,Telugu,8,0.06099532878189005,2023-2024
General_Training,Telugu,8.5,0.011767876392382321,2023-2024
General_Training,Telugu,9,1.7966223499820338e-4,2023-2024
General_Training,Thai,<4,0.0691329479768786,2023-2024
General_Training,Thai,4,0.09317919075144507,2023-2024
General_Training,Thai,4.5,0.15236994219653177,2023-2024
General_Training,Thai,5,0.20046242774566472,2023-2024
General_Training,Thai,5.5,0.2,2023-2024
General_Training,Thai,6,0.13942196531791906,2023-2024
General_Training,Thai,6.5,0.07028901734104047,2023-2024
General_Training,Thai,7,0.03953757225433526,2023-2024
General_Training,Thai,7.5,0.020578034682080925,2023-2024
General_Training,Thai,8,0.010867052023121387,2023-2024
General_Training,Thai,8.5,0.003930635838150289,2023-2024
General_Training,Thai,9,2.3121387283236994e-4,2023-2024
General_Training,Turkish,<4,0.04846605744125327,2023-2024
General_Training,Turkish,4,0.056951697127937344,2023-2024
General_Training,Turkish,4.5,0.0859986945169713,2023-2024
General_Training,Turkish,5,0.11178198433420367,2023-2024
General_Training,Turkish,5.5,0.15176240208877287,2023-2024
General_Training,Turkish,6,0.16546997389033943,2023-2024
General_Training,Turkish,6.5,0.133322454308094,2023-2024
General_Training,Turkish,7,0.1032963446475196,2023-2024
General_Training,Turkish,7.5,0.07947127937336815,2023-2024
General_Training,Turkish,8,0.04813968668407311,2023-2024
General_Training,Turkish,8.5,0.014360313315926894,2023-2024
General_Training,Turkish,9,9.7911227154047e-4,2023-2024
General_Training,Ukrainian,<4,0.017439192290041303,2023-2024
General_Training,Ukrainian,4,0.021110601193207894,2023-2024
General_Training,Ukrainian,4.5,0.050940798531436446,2023-2024
General_Training,Ukrainian,5,0.08444240477283158,2023-2024
General_Training,Ukrainian,5.5,0.10371730151445618,2023-2024
General_Training,Ukrainian,6,0.12391005048187242,2023-2024
General_Training,Ukrainian,6.5,0.1349242771913722,2023-2024
General_Training,Ukrainian,7,0.14547957778797613,2023-2024
General_Training,Ukrainian,7.5,0.1564938044974759,2023-2024
General_Training,Ukrainian,8,0.12207434603028913,2023-2024
General_Training,Ukrainian,8.5,0.03900871959614502,2023-2024
General_Training,Ukrainian,9,4.589261128958238e-4,2023-2024
General_Training,Urdu,<4,0.06092081942211781,2023-2024
General_Training,Urdu,4,0.08489619828806177,2023-2024
General_Training,Urdu,4.5,0.14798785430663755,2023-2024
General_Training,Urdu,5,0.17957490073231386,2023-2024
General_Training,Urdu,5.5,0.1529478037453801,2023-2024
General_Training,Urdu,6,0.11711526043169421,2023-2024
General_Training,Urdu,6.5,0.08691590069109545,2023-2024
General_Training,Urdu,7,0.0695079895030433,2023-2024
General_Training,Urdu,7.5,0.053364109750903374,2023-2024
General_Training,Urdu,8,0.03544783809406043,2023-2024
General_Training,Urdu,8.5,0.010840443510160341,2023-2024
General_Training,Urdu,9,4.808815245318275e-4,2023-2024
General_Training,Vietnamese,<4,0.05546075085324232,2023-2024
General_Training,Vietnamese,4,0.07401877133105803,2023-2024
General_Training,Vietnamese,4.5,0.128839590443686,2023-2024
General_Training,Vietnamese,5,0.15582337883959047,2023-2024
General_Training,Vietnamese,5.5,0.13843856655290104,2023-2024
General_Training,Vietnamese,6,0.12116040955631399,2023-2024
General_Training,Vietnamese,6.5,0.09737627986348123,2023-2024
General_Training,Vietnamese,7,0.08692406143344711,2023-2024
General_Training,Vietnamese,7.5,0.07753839590443687,2023-2024
General_Training,Vietnamese,8,0.049594709897610924,2023-2024
General_Training,Vietnamese,8.5,0.013651877133105804,2023-2024
General_Training,Vietnamese,9,0.00117320819112628,2023-2024
General_Training,Yoruba,<4,0.006694982362680873,2023-2024
General_Training,Yoruba,4,0.01734936289683968,2023-2024
General_Training,Yoruba,4.5,0.05550356345835433,2023-2024
General_Training,Yoruba,5,0.1112950831473616,2023-2024
General_Training,Yoruba,5.5,0.15636023324454684,2023-2024
General_Training,Yoruba,6,0.17925275358145562,2023-2024
General_Training,Yoruba,6.5,0.17392556331437622,2023-2024
General_Training,Yoruba,7,0.13757108919444244,2023-2024
General_Training,Yoruba,7.5,0.095961413865092507,2023-2024
General_Training,Yoruba,8,0.053991793247426395,2023-2024
General_Training,Yoruba,8.5,0.012094161687423513,2023-2024
General_Training,Yoruba,9,0,2023-2024
General_Training,Zulu,<4,0.0018148820326678765,2023-2024
General_Training,Zulu,4,0.013309134906231096,2023-2024
General_Training,Zulu,4.5,0.049001814882032674,2023-2024
General_Training,Zulu,5,0.12401693889897157,2023-2024
General_Training,Zulu,5.5,0.20508166969147004,2023-2024
General_Training,Zulu,6,0.20750151240169387,2023-2024
General_Training,Zulu,6.5,0.18330308529945555,2023-2024
General_Training,Zulu,7,0.11010284331518451,2023-2024
General_Training,Zulu,7.5,0.06533575317604355,2023-2024
General_Training,Zulu,8,0.029038112522686024,2023-2024
General_Training,Zulu,8.5,0.011494252873563218,2023-2024
General_Training,Zulu,9,0,2023-2024
Academic,Akan,<4,0,2022-2023
Academic,Akan,4,0,2022-2023
Academic,Akan,4.5,0,2022-2023
Academic,Akan,5,0.02,2022-2023
Academic,Akan,5.5,0.06,2022-2023
Academic,Akan,6,0.19,2022-2023
Academic,Akan,6.5,0.31,2022-2023
Academic,Akan,7,0.26,2022-2023
Academic,Akan,7.5,0.12,2022-2023
Academic,Akan,8,0.03,2022-2023
Academic,Akan,8.5,0,2022-2023
Academic,Akan,9,0,2022-2023
Academic,Arabic,<4,0.02,2022-2023
Academic,Arabic,4,0.04,2022-2023
Academic,Arabic,4.5,0.09,2022-2023
Academic,Arabic,5,0.15,2022-2023
Academic,Arabic,5.5,0.17,2022-2023
Academic,Arabic,6,0.17,2022-2023
Academic,Arabic,6.5,0.14,2022-2023
Academic,Arabic,7,0.11,2022-2023
Academic,Arabic,7.5,0.08,2022-2023
Academic,Arabic,8,0.04,2022-2023
Academic,Arabic,8.5,0.01,2022-2023
Academic,Arabic,9,0,2022-2023
Academic,Bengali,<4,0,2022-2023
Academic,Bengali,4,0.01,2022-2023
Academic,Bengali,4.5,0.04,2022-2023
Academic,Bengali,5,0.11,2022-2023
Academic,Bengali,5.5,0.19,2022-2023
Academic,Bengali,6,0.22,2022-2023
Academic,Bengali,6.5,0.18,2022-2023
Academic,Bengali,7,0.12,2022-2023
Academic,Bengali,7.5,0.08,2022-2023
Academic,Bengali,8,0.04,2022-2023
Academic,Bengali,8.5,0.01,2022-2023
Academic,Bengali,9,0,2022-2023
Academic,Burmese,<4,0,2022-2023
Academic,Burmese,4,0,2022-2023
Academic,Burmese,4.5,0.01,2022-2023
Academic,Burmese,5,0.04,2022-2023
Academic,Burmese,5.5,0.11,2022-2023
Academic,Burmese,6,0.2,2022-2023
Academic,Burmese,6.5,0.22,2022-2023
Academic,Burmese,7,0.2,2022-2023
Academic,Burmese,7.5,0.14,2022-2023
Academic,Burmese,8,0.07,2022-2023
Academic,Burmese,8.5,0.01,2022-2023
Academic,Burmese,9,0,2022-2023
Academic,Chinese,<4,0,2022-2023
Academic,Chinese,4,0.01,2022-2023
Academic,Chinese,4.5,0.03,2022-2023
Academic,Chinese,5,0.09,2022-2023
Academic,Chinese,5.5,0.19,2022-2023
Academic,Chinese,6,0.26,2022-2023
Academic,Chinese,6.5,0.2,2022-2023
Academic,Chinese,7,0.13,2022-2023
Academic,Chinese,7.5,0.07,2022-2023
Academic,Chinese,8,0.02,2022-2023
Academic,Chinese,8.5,0,2022-2023
Academic,Chinese,9,0,2022-2023
Academic,Dzongkha,<4,0,2022-2023
Academic,Dzongkha,4,0,2022-2023
Academic,Dzongkha,4.5,0,2022-2023
Academic,Dzongkha,5,0.05,2022-2023
Academic,Dzongkha,5.5,0.22,2022-2023
Academic,Dzongkha,6,0.35,2022-2023
Academic,Dzongkha,6.5,0.23,2022-2023
Academic,Dzongkha,7,0.1,2022-2023
Academic,Dzongkha,7.5,0.03,2022-2023
Academic,Dzongkha,8,0.01,2022-2023
Academic,Dzongkha,8.5,0,2022-2023
Academic,Dzongkha,9,0,2022-2023
Academic,English,<4,0,2022-2023
Academic,English,4,0,2022-2023
Academic,English,4.5,0.01,2022-2023
Academic,English,5,0.02,2022-2023
Academic,English,5.5,0.08,2022-2023
Academic,English,6,0.16,2022-2023
Academic,English,6.5,0.2,2022-2023
Academic,English,7,0.2,2022-2023
Academic,English,7.5,0.17,2022-2023
Academic,English,8,0.12,2022-2023
Academic,English,8.5,0.04,2022-2023
Academic,English,9,0,2022-2023
Academic,Farsi,<4,0,2022-2023
Academic,Farsi,4,0,2022-2023
Academic,Farsi,4.5,0.01,2022-2023
Academic,Farsi,5,0.03,2022-2023
Academic,Farsi,5.5,0.1,2022-2023
Academic,Farsi,6,0.22,2022-2023
Academic,Farsi,6.5,0.26,2022-2023
Academic,Farsi,7,0.2,2022-2023
Academic,Farsi,7.5,0.12,2022-2023
Academic,Farsi,8,0.05,2022-2023
Academic,Farsi,8.5,0.01,2022-2023
Academic,Farsi,9,0,2022-2023
Academic,Filipino,<4,0,2022-2023
Academic,Filipino,4,0,2022-2023
Academic,Filipino,4.5,0,2022-2023
Academic,Filipino,5,0.02,2022-2023
Academic,Filipino,5.5,0.05,2022-2023
Academic,Filipino,6,0.14,2022-2023
Academic,Filipino,6.5,0.25,2022-2023
Academic,Filipino,7,0.26,2022-2023
Academic,Filipino,7.5,0.17,2022-2023
Academic,Filipino,8,0.08,2022-2023
Academic,Filipino,8.5,0.01,2022-2023
Academic,Filipino,9,0,2022-2023
Academic,French,<4,0,2022-2023
Academic,French,4,0,2022-2023
Academic,French,4.5,0.01,2022-2023
Academic,French,5,0.04,2022-2023
Academic,French,5.5,0.1,2022-2023
Academic,French,6,0.15,2022-2023
Academic,French,6.5,0.18,2022-2023
Academic,French,7,0.18,2022-2023
Academic,French,7.5,0.18,2022-2023
Academic,French,8,0.12,2022-2023
Academic,French,8.5,0.03,2022-2023
Academic,French,9,0,2022-2023
Academic,German,<4,0,2022-2023
Academic,German,4,0,2022-2023
Academic,German,4.5,0,2022-2023
Academic,German,5,0,2022-2023
Academic,German,5.5,0.01,2022-2023
Academic,German,6,0.04,2022-2023
Academic,German,6.5,0.08,2022-2023
Academic,German,7,0.15,2022-2023
Academic,German,7.5,0.24,2022-2023
Academic,German,8,0.34,2022-2023
Academic,German,8.5,0.13,2022-2023
Academic,German,9,0,2022-2023
Academic,Greek,<4,0,2022-2023
Academic,Greek,4,0,2022-2023
Academic,Greek,4.5,0,2022-2023
Academic,Greek,5,0.01,2022-2023
Academic,Greek,5.5,0.03,2022-2023
Academic,Greek,6,0.09,2022-2023
Academic,Greek,6.5,0.17,2022-2023
Academic,Greek,7,0.21,2022-2023
Academic,Greek,7.5,0.24,2022-2023
Academic,Greek,8,0.2,2022-2023
Academic,Greek,8.5,0.04,2022-2023
Academic,Greek,9,0,2022-2023
Academic,Gujurati,<4,0,2022-2023
Academic,Gujurati,4,0.01,2022-2023
Academic,Gujurati,4.5,0.02,2022-2023
Academic,Gujurati,5,0.08,2022-2023
Academic,Gujurati,5.5,0.21,2022-2023
Academic,Gujurati,6,0.31,2022-2023
Academic,Gujurati,6.5,0.21,2022-2023
Academic,Gujurati,7,0.1,2022-2023
Academic,Gujurati,7.5,0.05,2022-2023
Academic,Gujurati,8,0.02,2022-2023
Academic,Gujurati,8.5,0,2022-2023
Academic,Gujurati,9,0,2022-2023
Academic,Hindi,<4,0,2022-2023
Academic,Hindi,4,0,2022-2023
Academic,Hindi,4.5,0.01,2022-2023
Academic,Hindi,5,0.04,2022-2023
Academic,Hindi,5.5,0.13,2022-2023
Academic,Hindi,6,0.25,2022-2023
Academic,Hindi,6.5,0.23,2022-2023
Academic,Hindi,7,0.16,2022-2023
Academic,Hindi,7.5,0.11,2022-2023
Academic,Hindi,8,0.06,2022-2023
Academic,Hindi,8.5,0.01,2022-2023
Academic,Hindi,9,0,2022-2023
Academic,Ibo/lgbo,<4,0.01,2022-2023
Academic,Ibo/lgbo,4,0,2022-2023
Academic,Ibo/lgbo,4.5,0.01,2022-2023
Academic,Ibo/lgbo,5,0.02,2022-2023
Academic,Ibo/lgbo,5.5,0.08,2022-2023
Academic,Ibo/lgbo,6,0.18,2022-2023
Academic,Ibo/lgbo,6.5,0.26,2022-2023
Academic,Ibo/lgbo,7,0.24,2022-2023
Academic,Ibo/lgbo,7.5,0.15,2022-2023
Academic,Ibo/lgbo,8,0.05,2022-2023
Academic,Ibo/lgbo,8.5,0.01,2022-2023
Academic,Ibo/lgbo,9,0,2022-2023
Academic,Indonesian,<4,0,2022-2023
Academic,Indonesian,4,0,2022-2023
Academic,Indonesian,4.5,0.01,2022-2023
Academic,Indonesian,5,0.04,2022-2023
Academic,Indonesian,5.5,0.09,2022-2023
Academic,Indonesian,6,0.18,2022-2023
Academic,Indonesian,6.5,0.21,2022-2023
Academic,Indonesian,7,0.2,2022-2023
Academic,Indonesian,7.5,0.17,2022-2023
Academic,Indonesian,8,0.09,2022-2023
Academic,Indonesian,8.5,0.01,2022-2023
Academic,Indonesian,9,0,2022-2023
Academic,Italian,<4,0,2022-2023
Academic,Italian,4,0,2022-2023
Academic,Italian,4.5,0.01,2022-2023
Academic,Italian,5,0.02,2022-2023
Academic,Italian,5.5,0.06,2022-2023
Academic,Italian,6,0.12,2022-2023
Academic,Italian,6.5,0.17,2022-2023
Academic,Italian,7,0.21,2022-2023
Academic,Italian,7.5,0.22,2022-2023
Academic,Italian,8,0.16,2022-2023
Academic,Italian,8.5,0.03,2022-2023
Academic,Italian,9,0,2022-2023
Academic,Japanese,<4,0.01,2022-2023
Academic,Japanese,4,0.02,2022-2023
Academic,Japanese,4.5,0.06,2022-2023
Academic,Japanese,5,0.15,2022-2023
Academic,Japanese,5.5,0.24,2022-2023
Academic,Japanese,6,0.23,2022-2023
Academic,Japanese,6.5,0.16,2022-2023
Academic,Japanese,7,0.09,2022-2023
Academic,Japanese,7.5,0.04,2022-2023
Academic,Japanese,8,0.01,2022-2023
Academic,Japanese,8.5,0,2022-2023
Academic,Japanese,9,0,2022-2023
Academic,Kannada,<4,0,2022-2023
Academic,Kannada,4,0,2022-2023
Academic,Kannada,4.5,0,2022-2023
Academic,Kannada,5,0.02,2022-2023
Academic,Kannada,5.5,0.08,2022-2023
Academic,Kannada,6,0.19,2022-2023
Academic,Kannada,6.5,0.25,2022-2023
Academic,Kannada,7,0.22,2022-2023
Academic,Kannada,7.5,0.15,2022-2023
Academic,Kannada,8,0.08,2022-2023
Academic,Kannada,8.5,0.01,2022-2023
Academic,Kannada,9,0,2022-2023
Academic,Kazakh,<4,0.01,2022-2023
Academic,Kazakh,4,0.01,2022-2023
Academic,Kazakh,4.5,0.03,2022-2023
Academic,Kazakh,5,0.09,2022-2023
Academic,Kazakh,5.5,0.17,2022-2023
Academic,Kazakh,6,0.22,2022-2023
Academic,Kazakh,6.5,0.19,2022-2023
Academic,Kazakh,7,0.15,2022-2023
Academic,Kazakh,7.5,0.09,2022-2023
Academic,Kazakh,8,0.04,2022-2023
Academic,Kazakh,8.5,0,2022-2023
Academic,Kazakh,9,0,2022-2023
Academic,Korean,<4,0,2022-2023
Academic,Korean,4,0.01,2022-2023
Academic,Korean,4.5,0.02,2022-2023
Academic,Korean,5,0.07,2022-2023
Academic,Korean,5.5,0.18,2022-2023
Academic,Korean,6,0.26,2022-2023
Academic,Korean,6.5,0.21,2022-2023
Academic,Korean,7,0.14,2022-2023
Academic,Korean,7.5,0.08,2022-2023
Academic,Korean,8,0.03,2022-2023
Academic,Korean,8.5,0.01,2022-2023
Academic,Korean,9,0,2022-2023
Academic,Malayalam,<4,0,2022-2023
Academic,Malayalam,4,0,2022-2023
Academic,Malayalam,4.5,0.01,2022-2023
Academic,Malayalam,5,0.05,2022-2023
Academic,Malayalam,5.5,0.14,2022-2023
Academic,Malayalam,6,0.24,2022-2023
Academic,Malayalam,6.5,0.24,2022-2023
Academic,Malayalam,7,0.16,2022-2023
Academic,Malayalam,7.5,0.1,2022-2023
Academic,Malayalam,8,0.05,2022-2023
Academic,Malayalam,8.5,0.01,2022-2023
Academic,Malayalam,9,0,2022-2023
Academic,Marathi,<4,0,2022-2023
Academic,Marathi,4,0,2022-2023
Academic,Marathi,4.5,0,2022-2023
Academic,Marathi,5,0.02,2022-2023
Academic,Marathi,5.5,0.08,2022-2023
Academic,Marathi,6,0.2,2022-2023
Academic,Marathi,6.5,0.24,2022-2023
Academic,Marathi,7,0.22,2022-2023
Academic,Marathi,7.5,0.15,2022-2023
Academic,Marathi,8,0.08,2022-2023
Academic,Marathi,8.5,0.01,2022-2023
Academic,Marathi,9,0,2022-2023
Academic,Nepali,<4,0,2022-2023
Academic,Nepali,4,0,2022-2023
Academic,Nepali,4.5,0.02,2022-2023
Academic,Nepali,5,0.08,2022-2023
Academic,Nepali,5.5,0.22,2022-2023
Academic,Nepali,6,0.28,2022-2023
Academic,Nepali,6.5,0.21,2022-2023
Academic,Nepali,7,0.12,2022-2023
Academic,Nepali,7.5,0.05,2022-2023
Academic,Nepali,8,0.02,2022-2023
Academic,Nepali,8.5,0,2022-2023
Academic,Nepali,9,0,2022-2023
Academic,Other,<4,0,2022-2023
Academic,Other,4,0,2022-2023
Academic,Other,4.5,0.01,2022-2023
Academic,Other,5,0.03,2022-2023
Academic,Other,5.5,0.1,2022-2023
Academic,Other,6,0.18,2022-2023
Academic,Other,6.5,0.23,2022-2023
Academic,Other,7,0.21,2022-2023
Academic,Other,7.5,0.14,2022-2023
Academic,Other,8,0.07,2022-2023
Academic,Other,8.5,0.01,2022-2023
Academic,Other,9,0,2022-2023
Academic,Portuguese,<4,0,2022-2023
Academic,Portuguese,4,0,2022-2023
Academic,Portuguese,4.5,0.01,2022-2023
Academic,Portuguese,5,0.03,2022-2023
Academic,Portuguese,5.5,0.07,2022-2023
Academic,Portuguese,6,0.12,2022-2023
Academic,Portuguese,6.5,0.16,2022-2023
Academic,Portuguese,7,0.19,2022-2023
Academic,Portuguese,7.5,0.22,2022-2023
Academic,Portuguese,8,0.17,2022-2023
Academic,Portuguese,8.5,0.04,2022-2023
Academic,Portuguese,9,0,2022-2023
Academic,Punjabi,<4,0.01,2022-2023
Academic,Punjabi,4,0.01,2022-2023
Academic,Punjabi,4.5,0.02,2022-2023
Academic,Punjabi,5,0.09,2022-2023
Academic,Punjabi,5.5,0.25,2022-2023
Academic,Punjabi,6,0.34,2022-2023
Academic,Punjabi,6.5,0.19,2022-2023
Academic,Punjabi,7,0.07,2022-2023
Academic,Punjabi,7.5,0.02,2022-2023
Academic,Punjabi,8,0.01,2022-2023
Academic,Punjabi,8.5,0,2022-2023
Academic,Punjabi,9,0,2022-2023
Academic,Russian,<4,0,2022-2023
Academic,Russian,4,0,2022-2023
Academic,Russian,4.5,0.02,2022-2023
Academic,Russian,5,0.05,2022-2023
Academic,Russian,5.5,0.11,2022-2023
Academic,Russian,6,0.16,2022-2023
Academic,Russian,6.5,0.18,2022-2023
Academic,Russian,7,0.18,2022-2023
Academic,Russian,7.5,0.17,2022-2023
Academic,Russian,8,0.11,2022-2023
Academic,Russian,8.5,0.02,2022-2023
Academic,Russian,9,0,2022-2023
Academic,Singhalese,<4,0,2022-2023
Academic,Singhalese,4,0,2022-2023
Academic,Singhalese,4.5,0.01,2022-2023
Academic,Singhalese,5,0.05,2022-2023
Academic,Singhalese,5.5,0.15,2022-2023
Academic,Singhalese,6,0.24,2022-2023
Academic,Singhalese,6.5,0.21,2022-2023
Academic,Singhalese,7,0.16,2022-2023
Academic,Singhalese,7.5,0.11,2022-2023
Academic,Singhalese,8,0.06,2022-2023
Academic,Singhalese,8.5,0.01,2022-2023
Academic,Singhalese,9,0,2022-2023
Academic,Spanish,<4,0.01,2022-2023
Academic,Spanish,4,0.01,2022-2023
Academic,Spanish,4.5,0.01,2022-2023
Academic,Spanish,5,0.03,2022-2023
Academic,Spanish,5.5,0.08,2022-2023
Academic,Spanish,6,0.15,2022-2023
Academic,Spanish,6.5,0.19,2022-2023
Academic,Spanish,7,0.19,2022-2023
Academic,Spanish,7.5,0.18,2022-2023
Academic,Spanish,8,0.12,2022-2023
Academic,Spanish,8.5,0.02,2022-2023
Academic,Spanish,9,0,2022-2023
Academic,Swahili,<4,0,2022-2023
Academic,Swahili,4,0,2022-2023
Academic,Swahili,4.5,0.01,2022-2023
Academic,Swahili,5,0.03,2022-2023
Academic,Swahili,5.5,0.1,2022-2023
Academic,Swahili,6,0.19,2022-2023
Academic,Swahili,6.5,0.27,2022-2023
Academic,Swahili,7,0.23,2022-2023
Academic,Swahili,7.5,0.13,2022-2023
Academic,Swahili,8,0.05,2022-2023
Academic,Swahili,8.5,0.01,2022-2023
Academic,Swahili,9,0,2022-2023
Academic,Tagalog,<4,0,2022-2023
Academic,Tagalog,4,0,2022-2023
Academic,Tagalog,4.5,0.01,2022-2023
Academic,Tagalog,5,0.02,2022-2023
Academic,Tagalog,5.5,0.06,2022-2023
Academic,Tagalog,6,0.17,2022-2023
Academic,Tagalog,6.5,0.28,2022-2023
Academic,Tagalog,7,0.25,2022-2023
Academic,Tagalog,7.5,0.14,2022-2023
Academic,Tagalog,8,0.05,2022-2023
Academic,Tagalog,8.5,0.01,2022-2023
Academic,Tagalog,9,0,2022-2023
Academic,Tamil,<4,0,2022-2023
Academic,Tamil,4,0,2022-2023
Academic,Tamil,4.5,0.01,2022-2023
Academic,Tamil,5,0.05,2022-2023
Academic,Tamil,5.5,0.13,2022-2023
Academic,Tamil,6,0.22,2022-2023
Academic,Tamil,6.5,0.21,2022-2023
Academic,Tamil,7,0.17,2022-2023
Academic,Tamil,7.5,0.12,2022-2023
Academic,Tamil,8,0.07,2022-2023
Academic,Tamil,8.5,0.01,2022-2023
Academic,Tamil,9,0,2022-2023
Academic,Telugu,<4,0,2022-2023
Academic,Telugu,4,0,2022-2023
Academic,Telugu,4.5,0.01,2022-2023
Academic,Telugu,5,0.05,2022-2023
Academic,Telugu,5.5,0.16,2022-2023
Academic,Telugu,6,0.27,2022-2023
Academic,Telugu,6.5,0.25,2022-2023
Academic,Telugu,7,0.16,2022-2023
Academic,Telugu,7.5,0.08,2022-2023
Academic,Telugu,8,0.03,2022-2023
Academic,Telugu,8.5,0,2022-2023
Academic,Telugu,9,0,2022-2023
Academic,Thai,<4,0.02,2022-2023
Academic,Thai,4,0.02,2022-2023
Academic,Thai,4.5,0.05,2022-2023
Academic,Thai,5,0.1,2022-2023
Academic,Thai,5.5,0.19,2022-2023
Academic,Thai,6,0.21,2022-2023
Academic,Thai,6.5,0.17,2022-2023
Academic,Thai,7,0.13,2022-2023
Academic,Thai,7.5,0.07,2022-2023
Academic,Thai,8,0.03,2022-2023
Academic,Thai,8.5,0.01,2022-2023
Academic,Thai,9,0,2022-2023
Academic,Turkish,<4,0,2022-2023
Academic,Turkish,4,0.01,2022-2023
Academic,Turkish,4.5,0.02,2022-2023
Academic,Turkish,5,0.05,2022-2023
Academic,Turkish,5.5,0.13,2022-2023
Academic,Turkish,6,0.2,2022-2023
Academic,Turkish,6.5,0.19,2022-2023
Academic,Turkish,7,0.17,2022-2023
Academic,Turkish,7.5,0.14,2022-2023
Academic,Turkish,8,0.08,2022-2023
Academic,Turkish,8.5,0.02,2022-2023
Academic,Turkish,9,0,2022-2023
Academic,Urdu,<4,0,2022-2023
Academic,Urdu,4,0.01,2022-2023
Academic,Urdu,4.5,0.03,2022-2023
Academic,Urdu,5,0.08,2022-2023
Academic,Urdu,5.5,0.16,2022-2023
Academic,Urdu,6,0.22,2022-2023
Academic,Urdu,6.5,0.2,2022-2023
Academic,Urdu,7,0.14,2022-2023
Academic,Urdu,7.5,0.09,2022-2023
Academic,Urdu,8,0.06,2022-2023
Academic,Urdu,8.5,0.01,2022-2023
Academic,Urdu,9,0,2022-2023
Academic,Uzbek,<4,0.01,2022-2023
Academic,Uzbek,4,0.02,2022-2023
Academic,Uzbek,4.5,0.07,2022-2023
Academic,Uzbek,5,0.15,2022-2023
Academic,Uzbek,5.5,0.24,2022-2023
Academic,Uzbek,6,0.22,2022-2023
Academic,Uzbek,6.5,0.14,2022-2023
Academic,Uzbek,7,0.09,2022-2023
Academic,Uzbek,7.5,0.04,2022-2023
Academic,Uzbek,8,0.01,2022-2023
Academic,Uzbek,8.5,0,2022-2023
Academic,Uzbek,9,0,2022-2023
Academic,Vietnamese,<4,0.01,2022-2023
Academic,Vietnamese,4,0.01,2022-2023
Academic,Vietnamese,4.5,0.03,2022-2023
Academic,Vietnamese,5,0.08,2022-2023
Academic,Vietnamese,5.5,0.17,2022-2023
Academic,Vietnamese,6,0.22,2022-2023
Academic,Vietnamese,6.5,0.19,2022-2023
Academic,Vietnamese,7,0.14,2022-2023
Academic,Vietnamese,7.5,0.1,2022-2023
Academic,Vietnamese,8,0.04,2022-2023
Academic,Vietnamese,8.5,0.01,2022-2023
Academic,Vietnamese,9,0,2022-2023
Academic,Yoruba,<4,0,2022-2023
Academic,Yoruba,4,0,2022-2023
Academic,Yoruba,4.5,0.01,2022-2023
Academic,Yoruba,5,0.02,2022-2023
Academic,Yoruba,5.5,0.07,2022-2023
Academic,Yoruba,6,0.17,2022-2023
Academic,Yoruba,6.5,0.26,2022-2023
Academic,Yoruba,7,0.25,2022-2023
Academic,Yoruba,7.5,0.15,2022-2023
Academic,Yoruba,8,0.06,2022-2023
Academic,Yoruba,8.5,0.01,2022-2023
Academic,Yoruba,9,0,2022-2023
General_Training,Afrikaans,<4,0,2022-2023
General_Training,Afrikaans,4,0.01,2022-2023
General_Training,Afrikaans,4.5,0.01,2022-2023
General_Training,Afrikaans,5,0.04,2022-2023
General_Training,Afrikaans,5.5,0.1,2022-2023
General_Training,Afrikaans,6,0.12,2022-2023
General_Training,Afrikaans,6.5,0.15,2022-2023
General_Training,Afrikaans,7,0.15,2022-2023
General_Training,Afrikaans,7.5,0.16,2022-2023
General_Training,Afrikaans,8,0.16,2022-2023
General_Training,Afrikaans,8.5,0.1,2022-2023
General_Training,Afrikaans,9,0,2022-2023
General_Training,Akan,<4,0.01,2022-2023
General_Training,Akan,4,0.01,2022-2023
General_Training,Akan,4.5,0.04,2022-2023
General_Training,Akan,5,0.1,2022-2023
General_Training,Akan,5.5,0.2,2022-2023
General_Training,Akan,6,0.24,2022-2023
General_Training,Akan,6.5,0.17,2022-2023
General_Training,Akan,7,0.12,2022-2023
General_Training,Akan,7.5,0.07,2022-2023
General_Training,Akan,8,0.04,2022-2023
General_Training,Akan,8.5,0.01,2022-2023
General_Training,Akan,9,0,2022-2023
General_Training,Albanian,<4,0.06,2022-2023
General_Training,Albanian,4,0.06,2022-2023
General_Training,Albanian,4.5,0.12,2022-2023
General_Training,Albanian,5,0.16,2022-2023
General_Training,Albanian,5.5,0.17,2022-2023
General_Training,Albanian,6,0.15,2022-2023
General_Training,Albanian,6.5,0.12,2022-2023
General_Training,Albanian,7,0.08,2022-2023
General_Training,Albanian,7.5,0.05,2022-2023
General_Training,Albanian,8,0.03,2022-2023
General_Training,Albanian,8.5,0.01,2022-2023
General_Training,Albanian,9,0,2022-2023
General_Training,Arabic,<4,0.05,2022-2023
General_Training,Arabic,4,0.04,2022-2023
General_Training,Arabic,4.5,0.06,2022-2023
General_Training,Arabic,5,0.1,2022-2023
General_Training,Arabic,5.5,0.14,2022-2023
General_Training,Arabic,6,0.16,2022-2023
General_Training,Arabic,6.5,0.14,2022-2023
General_Training,Arabic,7,0.12,2022-2023
General_Training,Arabic,7.5,0.1,2022-2023
General_Training,Arabic,8,0.06,2022-2023
General_Training,Arabic,8.5,0.02,2022-2023
General_Training,Arabic,9,0,2022-2023
General_Training,Bengali,<4,0.05,2022-2023
General_Training,Bengali,4,0.07,2022-2023
General_Training,Bengali,4.5,0.12,2022-2023
General_Training,Bengali,5,0.14,2022-2023
General_Training,Bengali,5.5,0.13,2022-2023
General_Training,Bengali,6,0.13,2022-2023
General_Training,Bengali,6.5,0.12,2022-2023
General_Training,Bengali,7,0.1,2022-2023
General_Training,Bengali,7.5,0.08,2022-2023
General_Training,Bengali,8,0.06,2022-2023
General_Training,Bengali,8.5,0.02,2022-2023
General_Training,Bengali,9,0,2022-2023
General_Training,Chinese,<4,0.01,2022-2023
General_Training,Chinese,4,0.01,2022-2023
General_Training,Chinese,4.5,0.04,2022-2023
General_Training,Chinese,5,0.09,2022-2023
General_Training,Chinese,5.5,0.14,2022-2023
General_Training,Chinese,6,0.16,2022-2023
General_Training,Chinese,6.5,0.15,2022-2023
General_Training,Chinese,7,0.15,2022-2023
General_Training,Chinese,7.5,0.14,2022-2023
General_Training,Chinese,8,0.09,2022-2023
General_Training,Chinese,8.5,0.02,2022-2023
General_Training,Chinese,9,0,2022-2023
General_Training,English,<4,0,2022-2023
General_Training,English,4,0.01,2022-2023
General_Training,English,4.5,0.02,2022-2023
General_Training,English,5,0.05,2022-2023
General_Training,English,5.5,0.1,2022-2023
General_Training,English,6,0.15,2022-2023
General_Training,English,6.5,0.17,2022-2023
General_Training,English,7,0.16,2022-2023
General_Training,English,7.5,0.15,2022-2023
General_Training,English,8,0.12,2022-2023
General_Training,English,8.5,0.07,2022-2023
General_Training,English,9,0.01,2022-2023
General_Training,Farsi,<4,0.02,2022-2023
General_Training,Farsi,4,0.02,2022-2023
General_Training,Farsi,4.5,0.05,2022-2023
General_Training,Farsi,5,0.11,2022-2023
General_Training,Farsi,5.5,0.16,2022-2023
General_Training,Farsi,6,0.17,2022-2023
General_Training,Farsi,6.5,0.16,2022-2023
General_Training,Farsi,7,0.13,2022-2023
General_Training,Farsi,7.5,0.1,2022-2023
General_Training,Farsi,8,0.06,2022-2023
General_Training,Farsi,8.5,0.01,2022-2023
General_Training,Farsi,9,0,2022-2023
General_Training,Filipino,<4,0.02,2022-2023
General_Training,Filipino,4,0.04,2022-2023
General_Training,Filipino,4.5,0.08,2022-2023
General_Training,Filipino,5,0.14,2022-2023
General_Training,Filipino,5.5,0.18,2022-2023
General_Training,Filipino,6,0.17,2022-2023
General_Training,Filipino,6.5,0.14,2022-2023
General_Training,Filipino,7,0.11,2022-2023
General_Training,Filipino,7.5,0.07,2022-2023
General_Training,Filipino,8,0.04,2022-2023
General_Training,Filipino,8.5,0.01,2022-2023
General_Training,Filipino,9,0,2022-2023
General_Training,French,<4,0.02,2022-2023
General_Training,French,4,0.03,2022-2023
General_Training,French,4.5,0.06,2022-2023
General_Training,French,5,0.1,2022-2023
General_Training,French,5.5,0.13,2022-2023
General_Training,French,6,0.14,2022-2023
General_Training,French,6.5,0.14,2022-2023
General_Training,French,7,0.12,2022-2023
General_Training,French,7.5,0.12,2022-2023
General_Training,French,8,0.1,2022-2023
General_Training,French,8.5,0.03,2022-2023
General_Training,French,9,0,2022-2023
General_Training,German,<4,0,2022-2023
General_Training,German,4,0,2022-2023
General_Training,German,4.5,0.01,2022-2023
General_Training,German,5,0.02,2022-2023
General_Training,German,5.5,0.05,2022-2023
General_Training,German,6,0.09,2022-2023
General_Training,German,6.5,0.12,2022-2023
General_Training,German,7,0.15,2022-2023
General_Training,German,7.5,0.16,2022-2023
General_Training,German,8,0.23,2022-2023
General_Training,German,8.5,0.14,2022-2023
General_Training,German,9,0.01,2022-2023
General_Training,Gujurati,<4,0.02,2022-2023
General_Training,Gujurati,4,0.02,2022-2023
General_Training,Gujurati,4.5,0.05,2022-2023
General_Training,Gujurati,5,0.09,2022-2023
General_Training,Gujurati,5.5,0.13,2022-2023
General_Training,Gujurati,6,0.19,2022-2023
General_Training,Gujurati,6.5,0.2,2022-2023
General_Training,Gujurati,7,0.15,2022-2023
General_Training,Gujurati,7.5,0.1,2022-2023
General_Training,Gujurati,8,0.05,2022-2023
General_Training,Gujurati,8.5,0.01,2022-2023
General_Training,Gujurati,9,0,2022-2023
General_Training,Hindi,<4,0.01,2022-2023
General_Training,Hindi,4,0.01,2022-2023
General_Training,Hindi,4.5,0.02,2022-2023
General_Training,Hindi,5,0.04,2022-2023
General_Training,Hindi,5.5,0.08,2022-2023
General_Training,Hindi,6,0.15,2022-2023
General_Training,Hindi,6.5,0.2,2022-2023
General_Training,Hindi,7,0.2,2022-2023
General_Training,Hindi,7.5,0.17,2022-2023
General_Training,Hindi,8,0.1,2022-2023
General_Training,Hindi,8.5,0.02,2022-2023
General_Training,Hindi,9,0,2022-2023
General_Training,Ibo/lgbo,<4,0.01,2022-2023
General_Training,Ibo/lgbo,4,0.01,2022-2023
General_Training,Ibo/lgbo,4.5,0.03,2022-2023
General_Training,Ibo/lgbo,5,0.08,2022-2023
General_Training,Ibo/lgbo,5.5,0.15,2022-2023
General_Training,Ibo/lgbo,6,0.2,2022-2023
General_Training,Ibo/lgbo,6.5,0.18,2022-2023
General_Training,Ibo/lgbo,7,0.15,2022-2023
General_Training,Ibo/lgbo,7.5,0.11,2022-2023
General_Training,Ibo/lgbo,8,0.07,2022-2023
General_Training,Ibo/lgbo,8.5,0.01,2022-2023
General_Training,Ibo/lgbo,9,0,2022-2023
General_Training,Indonesian,<4,0.03,2022-2023
General_Training,Indonesian,4,0.04,2022-2023
General_Training,Indonesian,4.5,0.1,2022-2023
General_Training,Indonesian,5,0.16,2022-2023
General_Training,Indonesian,5.5,0.19,2022-2023
General_Training,Indonesian,6,0.17,2022-2023
General_Training,Indonesian,6.5,0.11,2022-2023
General_Training,Indonesian,7,0.08,2022-2023
General_Training,Indonesian,7.5,0.07,2022-2023
General_Training,Indonesian,8,0.04,2022-2023
General_Training,Indonesian,8.5,0.01,2022-2023
General_Training,Indonesian,9,0,2022-2023
General_Training,Italian,<4,0.01,2022-2023
General_Training,Italian,4,0.01,2022-2023
General_Training,Italian,4.5,0.03,2022-2023
General_Training,Italian,5,0.07,2022-2023
General_Training,Italian,5.5,0.13,2022-2023
General_Training,Italian,6,0.18,2022-2023
General_Training,Italian,6.5,0.18,2022-2023
General_Training,Italian,7,0.15,2022-2023
General_Training,Italian,7.5,0.13,2022-2023
General_Training,Italian,8,0.09,2022-2023
General_Training,Italian,8.5,0.02,2022-2023
General_Training,Italian,9,0,2022-2023
General_Training,Japanese,<4,0.01,2022-2023
General_Training,Japanese,4,0.03,2022-2023
General_Training,Japanese,4.5,0.08,2022-2023
General_Training,Japanese,5,0.14,2022-2023
General_Training,Japanese,5.5,0.21,2022-2023
General_Training,Japanese,6,0.22,2022-2023
General_Training,Japanese,6.5,0.13,2022-2023
General_Training,Japanese,7,0.09,2022-2023
General_Training,Japanese,7.5,0.05,2022-2023
General_Training,Japanese,8,0.02,2022-2023
General_Training,Japanese,8.5,0.01,2022-2023
General_Training,Japanese,9,0,2022-2023
General_Training,Kannada,<4,0,2022-2023
General_Training,Kannada,4,0,2022-2023
General_Training,Kannada,4.5,0.01,2022-2023
General_Training,Kannada,5,0.03,2022-2023
General_Training,Kannada,5.5,0.08,2022-2023
General_Training,Kannada,6,0.15,2022-2023
General_Training,Kannada,6.5,0.21,2022-2023
General_Training,Kannada,7,0.21,2022-2023
General_Training,Kannada,7.5,0.16,2022-2023
General_Training,Kannada,8,0.11,2022-2023
General_Training,Kannada,8.5,0.03,2022-2023
General_Training,Kannada,9,0,2022-2023
General_Training,Korean,<4,0.02,2022-2023
General_Training,Korean,4,0.03,2022-2023
General_Training,Korean,4.5,0.07,2022-2023
General_Training,Korean,5,0.14,2022-2023
General_Training,Korean,5.5,0.21,2022-2023
General_Training,Korean,6,0.21,2022-2023
General_Training,Korean,6.5,0.14,2022-2023
General_Training,Korean,7,0.09,2022-2023
General_Training,Korean,7.5,0.06,2022-2023
General_Training,Korean,8,0.03,2022-2023
General_Training,Korean,8.5,0.01,2022-2023
General_Training,Korean,9,0,2022-2023
General_Training,Malayalam,<4,0.01,2022-2023
General_Training,Malayalam,4,0.02,2022-2023
General_Training,Malayalam,4.5,0.04,2022-2023
General_Training,Malayalam,5,0.08,2022-2023
General_Training,Malayalam,5.5,0.12,2022-2023
General_Training,Malayalam,6,0.17,2022-2023
General_Training,Malayalam,6.5,0.19,2022-2023
General_Training,Malayalam,7,0.16,2022-2023
General_Training,Malayalam,7.5,0.12,2022-2023
General_Training,Malayalam,8,0.06,2022-2023
General_Training,Malayalam,8.5,0.01,2022-2023
General_Training,Malayalam,9,0,2022-2023
General_Training,Marathi,<4,0,2022-2023
General_Training,Marathi,4,0.01,2022-2023
General_Training,Marathi,4.5,0.01,2022-2023
General_Training,Marathi,5,0.03,2022-2023
General_Training,Marathi,5.5,0.08,2022-2023
General_Training,Marathi,6,0.13,2022-2023
General_Training,Marathi,6.5,0.2,2022-2023
General_Training,Marathi,7,0.21,2022-2023
General_Training,Marathi,7.5,0.18,2022-2023
General_Training,Marathi,8,0.11,2022-2023
General_Training,Marathi,8.5,0.03,2022-2023
General_Training,Marathi,9,0,2022-2023
General_Training,Nepali,<4,0.03,2022-2023
General_Training,Nepali,4,0.05,2022-2023
General_Training,Nepali,4.5,0.11,2022-2023
General_Training,Nepali,5,0.17,2022-2023
General_Training,Nepali,5.5,0.19,2022-2023
General_Training,Nepali,6,0.16,2022-2023
General_Training,Nepali,6.5,0.12,2022-2023
General_Training,Nepali,7,0.08,2022-2023
General_Training,Nepali,7.5,0.05,2022-2023
General_Training,Nepali,8,0.03,2022-2023
General_Training,Nepali,8.5,0.01,2022-2023
General_Training,Nepali,9,0,2022-2023
General_Training,Other,<4,0.01,2022-2023
General_Training,Other,4,0.02,2022-2023
General_Training,Other,4.5,0.05,2022-2023
General_Training,Other,5,0.08,2022-2023
General_Training,Other,5.5,0.15,2022-2023
General_Training,Other,6,0.19,2022-2023
General_Training,Other,6.5,0.19,2022-2023
General_Training,Other,7,0.14,2022-2023
General_Training,Other,7.5,0.1,2022-2023
General_Training,Other,8,0.06,2022-2023
General_Training,Other,8.5,0.01,2022-2023
General_Training,Other,9,0,2022-2023
General_Training,Portuguese,<4,0.01,2022-2023
General_Training,Portuguese,4,0.01,2022-2023
General_Training,Portuguese,4.5,0.03,2022-2023
General_Training,Portuguese,5,0.05,2022-2023
General_Training,Portuguese,5.5,0.1,2022-2023
General_Training,Portuguese,6,0.14,2022-2023
General_Training,Portuguese,6.5,0.16,2022-2023
General_Training,Portuguese,7,0.16,2022-2023
General_Training,Portuguese,7.5,0.16,2022-2023
General_Training,Portuguese,8,0.13,2022-2023
General_Training,Portuguese,8.5,0.04,2022-2023
General_Training,Portuguese,9,0,2022-2023
General_Training,Punjabi,<4,0.01,2022-2023
General_Training,Punjabi,4,0.02,2022-2023
General_Training,Punjabi,4.5,0.04,2022-2023
General_Training,Punjabi,5,0.08,2022-2023
General_Training,Punjabi,5.5,0.16,2022-2023
General_Training,Punjabi,6,0.25,2022-2023
General_Training,Punjabi,6.5,0.21,2022-2023
General_Training,Punjabi,7,0.13,2022-2023
General_Training,Punjabi,7.5,0.07,2022-2023
General_Training,Punjabi,8,0.03,2022-2023
General_Training,Punjabi,8.5,0,2022-2023
General_Training,Punjabi,9,0,2022-2023
General_Training,Russian,<4,0.01,2022-2023
General_Training,Russian,4,0.01,2022-2023
General_Training,Russian,4.5,0.03,2022-2023
General_Training,Russian,5,0.04,2022-2023
General_Training,Russian,5.5,0.08,2022-2023
General_Training,Russian,6,0.12,2022-2023
General_Training,Russian,6.5,0.15,2022-2023
General_Training,Russian,7,0.17,2022-2023
General_Training,Russian,7.5,0.19,2022-2023
General_Training,Russian,8,0.15,2022-2023
General_Training,Russian,8.5,0.04,2022-2023
General_Training,Russian,9,0,2022-2023
General_Training,Shona,<4,0,2022-2023
General_Training,Shona,4,0.01,2022-2023
General_Training,Shona,4.5,0.03,2022-2023
General_Training,Shona,5,0.09,2022-2023
General_Training,Shona,5.5,0.19,2022-2023
General_Training,Shona,6,0.25,2022-2023
General_Training,Shona,6.5,0.2,2022-2023
General_Training,Shona,7,0.13,2022-2023
General_Training,Shona,7.5,0.06,2022-2023
General_Training,Shona,8,0.03,2022-2023
General_Training,Shona,8.5,0,2022-2023
General_Training,Shona,9,0,2022-2023
General_Training,Singhalese,<4,0.01,2022-2023
General_Training,Singhalese,4,0.02,2022-2023
General_Training,Singhalese,4.5,0.04,2022-2023
General_Training,Singhalese,5,0.1,2022-2023
General_Training,Singhalese,5.5,0.15,2022-2023
General_Training,Singhalese,6,0.17,2022-2023
General_Training,Singhalese,6.5,0.17,2022-2023
General_Training,Singhalese,7,0.14,2022-2023
General_Training,Singhalese,7.5,0.11,2022-2023
General_Training,Singhalese,8,0.07,2022-2023
General_Training,Singhalese,8.5,0.02,2022-2023
General_Training,Singhalese,9,0,2022-2023
General_Training,Spanish,<4,0.01,2022-2023
General_Training,Spanish,4,0.02,2022-2023
General_Training,Spanish,4.5,0.04,2022-2023
General_Training,Spanish,5,0.07,2022-2023
General_Training,Spanish,5.5,0.13,2022-2023
General_Training,Spanish,6,0.17,2022-2023
General_Training,Spanish,6.5,0.18,2022-2023
General_Training,Spanish,7,0.16,2022-2023
General_Training,Spanish,7.5,0.13,2022-2023
General_Training,Spanish,8,0.08,2022-2023
General_Training,Spanish,8.5,0.02,2022-2023
General_Training,Spanish,9,0,2022-2023
General_Training,Swahili,<4,0.01,2022-2023
General_Training,Swahili,4,0.01,2022-2023
General_Training,Swahili,4.5,0.03,2022-2023
General_Training,Swahili,5,0.1,2022-2023
General_Training,Swahili,5.5,0.15,2022-2023
General_Training,Swahili,6,0.2,2022-2023
General_Training,Swahili,6.5,0.18,2022-2023
General_Training,Swahili,7,0.16,2022-2023
General_Training,Swahili,7.5,0.1,2022-2023
General_Training,Swahili,8,0.05,2022-2023
General_Training,Swahili,8.5,0.01,2022-2023
General_Training,Swahili,9,0,2022-2023
General_Training,Tagalog,<4,0.02,2022-2023
General_Training,Tagalog,4,0.04,2022-2023
General_Training,Tagalog,4.5,0.1,2022-2023
General_Training,Tagalog,5,0.17,2022-2023
General_Training,Tagalog,5.5,0.19,2022-2023
General_Training,Tagalog,6,0.17,2022-2023
General_Training,Tagalog,6.5,0.14,2022-2023
General_Training,Tagalog,7,0.09,2022-2023
General_Training,Tagalog,7.5,0.05,2022-2023
General_Training,Tagalog,8,0.02,2022-2023
General_Training,Tagalog,8.5,0.01,2022-2023
General_Training,Tagalog,9,0,2022-2023
General_Training,Tamil,<4,0.01,2022-2023
General_Training,Tamil,4,0.02,2022-2023
General_Training,Tamil,4.5,0.04,2022-2023
General_Training,Tamil,5,0.07,2022-2023
General_Training,Tamil,5.5,0.12,2022-2023
General_Training,Tamil,6,0.18,2022-2023
General_Training,Tamil,6.5,0.18,2022-2023
General_Training,Tamil,7,0.17,2022-2023
General_Training,Tamil,7.5,0.12,2022-2023
General_Training,Tamil,8,0.08,2022-2023
General_Training,Tamil,8.5,0.02,2022-2023
General_Training,Tamil,9,0,2022-2023
General_Training,Telugu,<4,0,2022-2023
General_Training,Telugu,4,0.01,2022-2023
General_Training,Telugu,4.5,0.02,2022-2023
General_Training,Telugu,5,0.04,2022-2023
General_Training,Telugu,5.5,0.11,2022-2023
General_Training,Telugu,6,0.2,2022-2023
General_Training,Telugu,6.5,0.24,2022-2023
General_Training,Telugu,7,0.19,2022-2023
General_Training,Telugu,7.5,0.12,2022-2023
General_Training,Telugu,8,0.05,2022-2023
General_Training,Telugu,8.5,0.01,2022-2023
General_Training,Telugu,9,0,2022-2023
General_Training,Thai,<4,0.06,2022-2023
General_Training,Thai,4,0.06,2022-2023
General_Training,Thai,4.5,0.13,2022-2023
General_Training,Thai,5,0.22,2022-2023
General_Training,Thai,5.5,0.25,2022-2023
General_Training,Thai,6,0.16,2022-2023
General_Training,Thai,6.5,0.07,2022-2023
General_Training,Thai,7,0.03,2022-2023
General_Training,Thai,7.5,0.02,2022-2023
General_Training,Thai,8,0.01,2022-2023
General_Training,Thai,8.5,0,2022-2023
General_Training,Thai,9,0,2022-2023
General_Training,Turkish,<4,0.04,2022-2023
General_Training,Turkish,4,0.04,2022-2023
General_Training,Turkish,4.5,0.06,2022-2023
General_Training,Turkish,5,0.09,2022-2023
General_Training,Turkish,5.5,0.14,2022-2023
General_Training,Turkish,6,0.19,2022-2023
General_Training,Turkish,6.5,0.16,2022-2023
General_Training,Turkish,7,0.12,2022-2023
General_Training,Turkish,7.5,0.09,2022-2023
General_Training,Turkish,8,0.06,2022-2023
General_Training,Turkish,8.5,0.02,2022-2023
General_Training,Turkish,9,0,2022-2023
General_Training,Ukrainian,<4,0.01,2022-2023
General_Training,Ukrainian,4,0.03,2022-2023
General_Training,Ukrainian,4.5,0.05,2022-2023
General_Training,Ukrainian,5,0.07,2022-2023
General_Training,Ukrainian,5.5,0.11,2022-2023
General_Training,Ukrainian,6,0.13,2022-2023
General_Training,Ukrainian,6.5,0.16,2022-2023
General_Training,Ukrainian,7,0.14,2022-2023
General_Training,Ukrainian,7.5,0.15,2022-2023
General_Training,Ukrainian,8,0.1,2022-2023
General_Training,Ukrainian,8.5,0.03,2022-2023
General_Training,Ukrainian,9,0,2022-2023
General_Training,Urdu,<4,0.02,2022-2023
General_Training,Urdu,4,0.02,2022-2023
General_Training,Urdu,4.5,0.05,2022-2023
General_Training,Urdu,5,0.08,2022-2023
General_Training,Urdu,5.5,0.12,2022-2023
General_Training,Urdu,6,0.16,2022-2023
General_Training,Urdu,6.5,0.17,2022-2023
General_Training,Urdu,7,0.16,2022-2023
General_Training,Urdu,7.5,0.12,2022-2023
General_Training,Urdu,8,0.08,2022-2023
General_Training,Urdu,8.5,0.02,2022-2023
General_Training,Urdu,9,0,2022-2023
General_Training,Vietnamese,<4,0.04,2022-2023
General_Training,Vietnamese,4,0.04,2022-2023
General_Training,Vietnamese,4.5,0.09,2022-2023
General_Training,Vietnamese,5,0.14,2022-2023
General_Training,Vietnamese,5.5,0.16,2022-2023
General_Training,Vietnamese,6,0.16,2022-2023
General_Training,Vietnamese,6.5,0.13,2022-2023
General_Training,Vietnamese,7,0.1,2022-2023
General_Training,Vietnamese,7.5,0.09,2022-2023
General_Training,Vietnamese,8,0.05,2022-2023
General_Training,Vietnamese,8.5,0.01,2022-2023
General_Training,Vietnamese,9,0,2022-2023
General_Training,Yoruba,<4,0.01,2022-2023
General_Training,Yoruba,4,0.01,2022-2023
General_Training,Yoruba,4.5,0.03,2022-2023
General_Training,Yoruba,5,0.09,2022-2023
General_Training,Yoruba,5.5,0.15,2022-2023
General_Training,Yoruba,6,0.19,2022-2023
General_Training,Yoruba,6.5,0.2,2022-2023
General_Training,Yoruba,7,0.15,2022-2023
General_Training,Yoruba,7.5,0.1,2022-2023
General_Training,Yoruba,8,0.05,2022-2023
General_Training,Yoruba,8.5,0.01,2022-2023
General_Training,Yoruba,9,0,2022-2023
General_Training,Zulu,<4,0,2022-2023
General_Training,Zulu,4,0.01,2022-2023
General_Training,Zulu,4.5,0.04,2022-2023
General_Training,Zulu,5,0.09,2022-2023
General_Training,Zulu,5.5,0.2,2022-2023
General_Training,Zulu,6,0.23,2022-2023
General_Training,Zulu,6.5,0.21,2022-2023
General_Training,Zulu,7,0.12,2022-2023
General_Training,Zulu,7.5,0.07,2022-2023
General_Training,Zulu,8,0.03,2022-2023
General_Training,Zulu,8.5,0.01,2022-2023
General_Training,Zulu,9,0,2022-2023
