cip4,field_of_study,soc,occupation,ai_exposure,ai_exposure_language,ai_exposure_image
0100,"Agriculture, General",19-1011,Animal Scientists,1.041,0.972,1.12
0100,"Agriculture, General",19-1012,Food Scientists and Technologists,0.794,0.573,1.129
0100,"Agriculture, General",25-1041,"Agricultural Sciences Teachers, Postsecondary",0.755,1.154,-0.29
0100,"Agriculture, General",19-1013,Soil and Plant Scientists,0.632,0.609,0.804
0101,Agricultural Economics,19-3011,Economists,1.404,1.33,1.299
0101,Agricultural Economics,25-1063,"Economics Teachers, Postsecondary",1.319,1.462,0.55
0101,Agricultural Business Technology/Technician,43-1011,First-Line Supervisors/Managers of Office and Administrative Support Workers,1.039,1.134,0.626
0101,Farm/Farm and Ranch Management,25-9021,Farm and Home Management Advisors,0.86,0.784,0.996
0101,Agricultural/Farm Supplies Retailing and Wholesaling,41-4012,"Sales Representatives, Wholesale and Manufacturing, Except Technical and Scientific Products",0.822,1.039,0.178
0101,Agricultural/Farm Supplies Retailing and Wholesaling,13-1021,"Purchasing Agents and Buyers, Farm Products",0.769,0.737,0.621
0101,"Agricultural Business and Management, General",25-1041,"Agricultural Sciences Teachers, Postsecondary",0.755,1.154,-0.29
0101,"Agricultural Business and Management, General",11-9013,"Farmers, Ranchers, and Other Agricultural Managers",-0.144,-0.158,0.016
0101,"Agricultural Business and Management, General",45-1011,"First-Line Supervisors/Managers of Farming, Fishing, and Forestry Workers",-0.479,-0.558,-0.261
0102,"Agricultural Mechanization, General",25-1041,"Agricultural Sciences Teachers, Postsecondary",0.755,1.154,-0.29
0102,Irrigation Management Technology/Technician,25-1194,"Vocational Education Teachers, Postsecondary",0.162,0.39,-0.357
0102,Agricultural Mechanics and Equipment/Machine Technology/Technician,49-3011,Aircraft Mechanics and Service Technicians,-0.655,-0.814,-0.154
0102,Agricultural Power Machinery Operation,45-2091,Agricultural Equipment Operators,-1.145,-1.24,-0.855
0102,Agricultural Mechanics and Equipment/Machine Technology/Technician,49-3042,"Mobile Heavy Equipment Mechanics, Except Engines",-1.17,-1.259,-0.708
0102,"Agricultural Mechanization, General",49-3041,Farm Equipment Mechanics,-1.207,-1.239,-1.025
0103,Agroecology and Sustainable Agriculture,25-1043,"Forestry and Conservation Science Teachers, Postsecondary",1.26,1.563,0.435
0103,Apiculture,19-1011,Animal Scientists,1.041,0.972,1.12
0103,Animal/Livestock Husbandry and Production,25-9021,Farm and Home Management Advisors,0.86,0.784,0.996
0103,"Agricultural Production Operations, General",25-1041,"Agricultural Sciences Teachers, Postsecondary",0.755,1.154,-0.29
0103,Agroecology and Sustainable Agriculture,19-1013,Soil and Plant Scientists,0.632,0.609,0.804
0103,Agroecology and Sustainable Agriculture,19-1031,Conservation Scientists,0.069,0.074,0.244
0103,"Agricultural Production Operations, General",11-9013,"Farmers, Ranchers, and Other Agricultural Managers",-0.144,-0.158,0.016
0103,"Agricultural Production Operations, General",45-1011,"First-Line Supervisors/Managers of Farming, Fishing, and Forestry Workers",-0.479,-0.558,-0.261
0103,Animal/Livestock Husbandry and Production,45-2021,Animal Breeders,-1.044,-0.941,-1.072
0103,Apiculture,45-2093,"Farmworkers, Farm and Ranch Animals",-1.108,-1.089,-0.898
0104,Agricultural and Food Products Processing,25-1041,"Agricultural Sciences Teachers, Postsecondary",0.755,1.154,-0.29
0104,Agricultural and Food Products Processing,45-2011,Agricultural Inspectors,0.17,-0.008,0.507
0104,Agricultural and Food Products Processing,45-1011,"First-Line Supervisors/Managers of Farming, Fishing, and Forestry Workers",-0.479,-0.558,-0.261
0105,Animal Training,25-1041,"Agricultural Sciences Teachers, Postsecondary",0.755,1.154,-0.29
0105,Dog/Pet/Animal Grooming,25-1194,"Vocational Education Teachers, Postsecondary",0.162,0.39,-0.357
0105,Dog/Pet/Animal Grooming,39-2021,Nonfarm Animal Caretakers,-0.889,-0.528,-1.658
0105,Animal Training,39-2011,Animal Trainers,-0.917,-0.729,-1.03
0106,"Applied Horticulture/Horticulture Operations, General",25-9021,Farm and Home Management Advisors,0.86,0.784,0.996
0106,"Applied Horticulture/Horticulture Operations, General",25-1041,"Agricultural Sciences Teachers, Postsecondary",0.755,1.154,-0.29
0106,Floriculture/Floristry Operations and Management,41-1011,First-Line Supervisors/Managers of Retail Sales Workers,0.019,0.201,-0.503
0106,"Applied Horticulture/Horticulture Operations, General",11-9013,"Farmers, Ranchers, and Other Agricultural Managers",-0.144,-0.158,0.016
0106,Greenhouse Operations and Management,45-1011,"First-Line Supervisors/Managers of Farming, Fishing, and Forestry Workers",-0.479,-0.558,-0.261
0106,"Applied Horticulture/Horticulture Operations, General",37-1012,"First-Line Supervisors/Managers of Landscaping, Lawn Service, and Groundskeeping Workers",-0.555,-0.486,-0.461
0106,Landscaping and Groundskeeping,37-3012,"Pesticide Handlers, Sprayers, and Applicators, Vegetation",-0.885,-0.934,-0.626
0106,Plant Nursery Operations and Management,45-4011,Forest and Conservation Workers,-1.064,-1,-0.9
0106,"Applied Horticulture/Horticulture Operations, General",37-3011,Landscaping and Groundskeeping Workers,-1.824,-1.656,-1.702
0107,International Agriculture,19-1012,Food Scientists and Technologists,0.794,0.573,1.129
0107,International Agriculture,25-1041,"Agricultural Sciences Teachers, Postsecondary",0.755,1.154,-0.29
0108,Agricultural and Extension Education Services,25-9021,Farm and Home Management Advisors,0.86,0.784,0.996
0108,Agricultural Communication/Journalism,27-4011,Audio and Video Equipment Technicians,-0.012,-0.12,0.223
0109,"Animal Sciences, General",19-1011,Animal Scientists,1.041,0.972,1.12
0109,"Animal Sciences, General",25-9021,Farm and Home Management Advisors,0.86,0.784,0.996
0109,"Animal Sciences, General",25-1041,"Agricultural Sciences Teachers, Postsecondary",0.755,1.154,-0.29
0109,"Animal Sciences, General",11-9013,"Farmers, Ranchers, and Other Agricultural Managers",-0.144,-0.158,0.016
0109,"Animal Sciences, General",45-1011,"First-Line Supervisors/Managers of Farming, Fishing, and Forestry Workers",-0.479,-0.558,-0.261
0110,Food Science,19-1012,Food Scientists and Technologists,0.794,0.573,1.129
0110,Food Science,25-1041,"Agricultural Sciences Teachers, Postsecondary",0.755,1.154,-0.29
0110,Viticulture and Enology,19-1013,Soil and Plant Scientists,0.632,0.609,0.804
0110,Viticulture and Enology,11-9013,"Farmers, Ranchers, and Other Agricultural Managers",-0.144,-0.158,0.016
0110,Brewing Science,51-3092,Food Batchmakers,-0.379,-0.427,-0.649
0110,Viticulture and Enology,45-1011,"First-Line Supervisors/Managers of Farming, Fishing, and Forestry Workers",-0.479,-0.558,-0.261
0110,Brewing Science,51-9012,"Separating, Filtering, Clarifying, Precipitating, and Still Machine Setters, Operators, and Tenders",-0.938,-1.048,-0.584
0111,Range Science and Management,25-1043,"Forestry and Conservation Science Teachers, Postsecondary",1.26,1.563,0.435
0111,Range Science and Management,19-1011,Animal Scientists,1.041,0.972,1.12
0111,"Plant Sciences, General",25-9021,Farm and Home Management Advisors,0.86,0.784,0.996
0111,"Plant Sciences, General",25-1041,"Agricultural Sciences Teachers, Postsecondary",0.755,1.154,-0.29
0111,"Plant Sciences, General",19-1013,Soil and Plant Scientists,0.632,0.609,0.804
0111,Range Science and Management,19-1031,Conservation Scientists,0.069,0.074,0.244
0111,"Plant Sciences, General",11-9013,"Farmers, Ranchers, and Other Agricultural Managers",-0.144,-0.158,0.016
0111,"Plant Sciences, General",45-1011,"First-Line Supervisors/Managers of Farming, Fishing, and Forestry Workers",-0.479,-0.558,-0.261
0112,"Soil Science and Agronomy, General",25-1041,"Agricultural Sciences Teachers, Postsecondary",0.755,1.154,-0.29
0112,Soil Microbiology,19-1022,Microbiologists,0.696,0.474,1.22
0112,"Soil Science and Agronomy, General",19-1013,Soil and Plant Scientists,0.632,0.609,0.804
0181,Large Animal/Food Animal and Equine Surgery and Medicine,19-1011,Animal Scientists,1.041,0.972,1.12
0181,"Veterinary Sciences/Veterinary Clinical Sciences, General",25-1071,"Health Specialties Teachers, Postsecondary",0.925,1.226,0.064
0181,"Veterinary Sciences/Veterinary Clinical Sciences, General",29-1131,Veterinarians,-0.075,-0.084,-0.138
0183,Veterinary/Animal Health Technology/Technician and Veterinary Assistant,25-1071,"Health Specialties Teachers, Postsecondary",0.925,1.226,0.064
0183,Veterinary/Animal Health Technology/Technician and Veterinary Assistant,29-2056,Veterinary Technologists and Technicians,-0.362,-0.282,-0.674
0183,Veterinary/Animal Health Technology/Technician and Veterinary Assistant,31-9096,Veterinary Assistants and Laboratory Animal Caretakers,-0.774,-0.59,-1.299
0301,Environmental Studies,25-1053,"Environmental Science Teachers, Postsecondary",1.348,1.603,0.62
0301,"Natural Resources/Conservation, General",25-1043,"Forestry and Conservation Science Teachers, Postsecondary",1.26,1.563,0.435
0301,Environmental Studies,19-2041,"Environmental Scientists and Specialists, Including Health",1.014,0.87,1.229
0301,Environmental Studies,13-1041,"Compliance Officers, Except Agriculture, Construction, Health and Safety, and Transportation",0.698,0.572,0.825
0301,"Natural Resources/Conservation, General",19-1031,Conservation Scientists,0.069,0.074,0.244
0301,"Natural Resources/Conservation, General",19-1032,Foresters,-0.184,-0.196,0.2
0302,Environmental/Natural Resource Economics,19-3011,Economists,1.404,1.33,1.299
0302,Environmental/Natural Resources Law Enforcement and Protective Services,25-1111,"Criminal Justice and Law Enforcement Teachers, Postsecondary",1.39,1.754,0.38
0302,Energy and Environmental Policy,19-3099,"Social Scientists and Related Workers, All Other",1.328,1.085,1.903
0302,Environmental/Natural Resource Economics,25-1063,"Economics Teachers, Postsecondary",1.319,1.462,0.55
0302,"Environmental/Natural Resources Management and Policy, General",25-1043,"Forestry and Conservation Science Teachers, Postsecondary",1.26,1.563,0.435
0302,Environmental/Natural Resource Economics,19-4061,Social Science Research Assistants,1.205,1.126,1.262
0302,Environmental/Natural Resource Economics,11-9199,"Managers, All Other",0.965,0.91,0.964
0302,Environmental/Natural Resources Law Enforcement and Protective Services,13-1041,"Compliance Officers, Except Agriculture, Construction, Health and Safety, and Transportation",0.698,0.572,0.825
0302,Environmental/Natural Resources Law Enforcement and Protective Services,33-3021,Detectives and Criminal Investigators,0.226,0.151,0.408
0302,"Environmental/Natural Resources Management and Policy, General",19-1031,Conservation Scientists,0.069,0.074,0.244
0302,"Environmental/Natural Resources Management and Policy, General",19-1032,Foresters,-0.184,-0.196,0.2
0302,Environmental/Natural Resources Law Enforcement and Protective Services,33-1012,First-Line Supervisors/Managers of Police and Detectives,-0.192,-0.196,-0.144
0302,Environmental/Natural Resources Law Enforcement and Protective Services,33-2022,Forest Fire Inspectors and Prevention Specialists,-0.214,-0.342,0.281
0302,Environmental/Natural Resources Law Enforcement and Protective Services,33-3031,Fish and Game Wardens,-0.459,-0.506,-0.107
0302,Environmental/Natural Resources Law Enforcement and Protective Services,33-9092,"Lifeguards, Ski Patrol, and Other Recreational Protective Service Workers",-0.472,-0.316,-0.835
0302,Environmental/Natural Resources Law Enforcement and Protective Services,33-1021,First-Line Supervisors/Managers of Fire Fighting and Prevention Workers,-0.593,-0.636,-0.245
0302,Environmental/Natural Resources Law Enforcement and Protective Services,33-3051,Police and Sheriff's Patrol Officers,-0.668,-0.64,-0.621
0302,Environmental/Natural Resources Law Enforcement and Protective Services,33-2011,Fire Fighters,-1.32,-1.287,-1.017
0303,Fishing and Fisheries Sciences and Management,45-1011,"First-Line Supervisors/Managers of Farming, Fishing, and Forestry Workers",-0.479,-0.558,-0.261
0305,"Forestry, General",25-1043,"Forestry and Conservation Science Teachers, Postsecondary",1.26,1.563,0.435
0305,"Forestry, General",19-1031,Conservation Scientists,0.069,0.074,0.244
0305,"Forestry, General",19-1032,Foresters,-0.184,-0.196,0.2
0305,"Forestry, General",45-1011,"First-Line Supervisors/Managers of Farming, Fishing, and Forestry Workers",-0.479,-0.558,-0.261
0305,"Forestry, General",45-4011,Forest and Conservation Workers,-1.064,-1,-0.9
0306,"Wildlife, Fish and Wildlands Science and Management",25-1043,"Forestry and Conservation Science Teachers, Postsecondary",1.26,1.563,0.435
0306,"Wildlife, Fish and Wildlands Science and Management",19-1023,Zoologists and Wildlife Biologists,0.318,0.327,0.315
0306,"Wildlife, Fish and Wildlands Science and Management",19-1031,Conservation Scientists,0.069,0.074,0.244
0399,"Natural Resources and Conservation, Other",25-1043,"Forestry and Conservation Science Teachers, Postsecondary",1.26,1.563,0.435
0402,Architecture,25-1031,"Architecture Teachers, Postsecondary",1.222,1.246,1.323
0402,Architecture,17-1011,"Architects, Except Landscape and Naval",1.047,0.61,2.389
0402,Architecture,11-9041,Engineering Managers,0.837,0.647,1.326
0403,"City/Urban, Community, and Regional Planning",19-3051,Urban and Regional Planners,1.228,1.075,1.642
0403,"City/Urban, Community, and Regional Planning",25-1031,"Architecture Teachers, Postsecondary",1.222,1.246,1.323
0403,"City/Urban, Community, and Regional Planning",11-9041,Engineering Managers,0.837,0.647,1.326
0404,Sustainable Design/Architecture,19-3051,Urban and Regional Planners,1.228,1.075,1.642
0404,Environmental Design/Architecture,25-1031,"Architecture Teachers, Postsecondary",1.222,1.246,1.323
0404,Healthcare Environment Design/Architecture,27-1025,Interior Designers,1.122,0.822,2.421
0404,Environmental Design/Architecture,17-1011,"Architects, Except Landscape and Naval",1.047,0.61,2.389
0404,Environmental Design/Architecture,17-1012,Landscape Architects,1.034,0.836,1.78
0404,Environmental Design/Architecture,11-9041,Engineering Managers,0.837,0.647,1.326
0405,Interior Architecture,25-1031,"Architecture Teachers, Postsecondary",1.222,1.246,1.323
0405,Interior Architecture,27-1025,Interior Designers,1.122,0.822,2.421
0405,Interior Architecture,11-9041,Engineering Managers,0.837,0.647,1.326
0406,Landscape Architecture,25-1031,"Architecture Teachers, Postsecondary",1.222,1.246,1.323
0406,Landscape Architecture,17-1012,Landscape Architects,1.034,0.836,1.78
0406,Landscape Architecture,11-9041,Engineering Managers,0.837,0.647,1.326
0408,Architectural Conservation,25-1031,"Architecture Teachers, Postsecondary",1.222,1.246,1.323
0408,"Architectural History and Criticism, General",19-3093,Historians,1.099,1.491,0.26
0408,"Architectural History and Criticism, General",17-1011,"Architects, Except Landscape and Naval",1.047,0.61,2.389
0409,Architectural and Building Sciences/Technology,25-1031,"Architecture Teachers, Postsecondary",1.222,1.246,1.323
0409,Architectural Technology/Technician,17-3011,Architectural and Civil Drafters,0.923,0.554,1.902
0409,Architectural and Building Sciences/Technology,11-9041,Engineering Managers,0.837,0.647,1.326
0410,Real Estate Development,19-3051,Urban and Regional Planners,1.228,1.075,1.642
0410,Real Estate Development,11-9141,"Property, Real Estate, and Community Association Managers",1.215,1.215,1.054
0410,Real Estate Development,41-9021,Real Estate Brokers,1.15,1.348,0.454
0410,Real Estate Development,41-9022,Real Estate Sales Agents,0.865,0.701,1.148
0501,African Studies,25-1062,"Area, Ethnic, and Cultural Studies Teachers, Postsecondary",1.309,1.669,0.452
0502,Ethnic Studies,25-1062,"Area, Ethnic, and Cultural Studies Teachers, Postsecondary",1.309,1.669,0.452
0502,Deaf Studies,27-3091,Interpreters and Translators,1.111,1.352,-0.063
0901,"Communication, General",25-1122,"Communications Teachers, Postsecondary",1.347,1.702,0.31
0901,"Communication, General",27-3031,Public Relations Specialists,1.285,1.518,0.691
0901,"Communication, General",13-1131,Fundraisers,1.243,1.405,0.718
0901,"Communication, General",27-3041,Editors,1.128,1.191,1.229
0901,"Communication, General",27-3043,Writers and Authors,0.988,1.17,1.17
0901,"Communication, General",27-3011,Radio and Television Announcers,0.849,1.124,0.057
0904,Journalism,25-1122,"Communications Teachers, Postsecondary",1.347,1.702,0.31
0904,Journalism,43-9081,Proofreaders and Copy Markers,1.288,1.436,0.642
0904,Journalism,27-3041,Editors,1.128,1.191,1.229
0904,Journalism,27-3043,Writers and Authors,0.988,1.17,1.17
0904,Photojournalism,27-4032,Film and Video Editors,0.986,0.657,1.97
0904,Broadcast Journalism,27-3011,Radio and Television Announcers,0.849,1.124,0.057
0904,Photojournalism,27-4021,Photographers,-0.168,-0.382,0.929
0907,Radio and Television,25-1122,"Communications Teachers, Postsecondary",1.347,1.702,0.31
0907,Radio and Television,27-4032,Film and Video Editors,0.986,0.657,1.97
0907,Digital Communication and Media/Multimedia,11-9199,"Managers, All Other",0.965,0.91,0.964
0907,Radio and Television,27-2012,Producers and Directors,0.939,0.86,1.206
0907,Radio and Television,27-3011,Radio and Television Announcers,0.849,1.124,0.057
0909,"Public Relations, Advertising, and Applied Communication",25-1122,"Communications Teachers, Postsecondary",1.347,1.702,0.31
0909,"Organizational Communication, General",11-3121,Human Resources Managers,1.32,1.359,0.971
0909,"Public Relations, Advertising, and Applied Communication",11-2011,Advertising and Promotions Managers,1.294,1.217,1.615
0909,"Public Relations, Advertising, and Applied Communication",27-3031,Public Relations Specialists,1.285,1.518,0.691
0909,"Organizational Communication, General",11-3131,Training and Development Managers,1.284,1.337,1.2
0909,"Public Relations, Advertising, and Applied Communication",13-1131,Fundraisers,1.243,1.405,0.718
0909,"Organizational Communication, General",13-1151,Training and Development Specialists,1.198,1.323,0.948
0909,Technical and Scientific Communication,27-3042,Technical Writers,1.184,1.317,1.244
0909,Technical and Scientific Communication,27-3041,Editors,1.128,1.191,1.229
0909,Sports Communication,13-1011,"Agents and Business Managers of Artists, Performers, and Athletes",1.069,1.248,0.43
0909,Sports Communication,27-3011,Radio and Television Announcers,0.849,1.124,0.057
0909,Health Communication,21-1091,Health Educators,0.692,0.968,0.083
0909,Health Communication,21-1094,Community Health Workers,0.037,0.135,-0.167
0910,Publishing,27-3041,Editors,1.128,1.191,1.229
0999,"Communication, Journalism, and Related Programs, Other",25-1122,"Communications Teachers, Postsecondary",1.347,1.702,0.31
0999,"Communication, Journalism, and Related Programs, Other",27-3041,Editors,1.128,1.191,1.229
0999,"Communication, Journalism, and Related Programs, Other",27-3043,Writers and Authors,0.988,1.17,1.17
1001,Communications Technology/Technician,27-4032,Film and Video Editors,0.986,0.657,1.97
1001,Communications Technology/Technician,27-4014,Sound Engineering Technicians,0.472,0.338,0.453
1001,Communications Technology/Technician,27-4012,Broadcast Technicians,0.122,-0.111,0.576
1002,Radio and Television Broadcasting Technology/Technician,27-4032,Film and Video Editors,0.986,0.657,1.97
1002,Recording Arts Technology/Technician,27-4014,Sound Engineering Technicians,0.472,0.338,0.453
1002,Radio and Television Broadcasting Technology/Technician,27-4012,Broadcast Technicians,0.122,-0.111,0.576
1002,Photographic and Film/Video Technology/Technician,27-4011,Audio and Video Equipment Technicians,-0.012,-0.12,0.223
1002,Radio and Television Broadcasting Technology/Technician,27-4031,"Camera Operators, Television, Video, and Motion Picture",-0.447,-0.629,0.376
1003,"Animation, Interactive Technology, Video Graphics, and Special Effects",27-1014,Multi-Media Artists and Animators,0.706,0.432,1.845
1003,"Graphic Communications, General",51-5111,Prepress Technicians and Workers,0.411,-0.001,1.556
1003,Prepress/Desktop Publishing and Digital Imaging Design,43-9031,Desktop Publishers,0.344,-0.065,1.839
1003,"Graphic and Printing Equipment Operator, General Production",43-9021,Data Entry Keyers,0.311,0.172,0.294
1003,"Graphic Communications, Other",51-9194,Etchers and Engravers,-0.64,-0.775,-0.138
1003,Printing Management,51-5112,Printing Press Operators,-0.709,-0.844,-0.224
1101,"Computer and Information Sciences, General",25-1021,"Computer Science Teachers, Postsecondary",1.278,1.39,0.879
1101,"Computer and Information Sciences, General",11-3021,Computer and Information Systems Managers,1.06,0.945,1.275
1102,"Computer Programming/Programmer, General",25-1021,"Computer Science Teachers, Postsecondary",1.278,1.39,0.879
1104,Information Science/Studies,25-1021,"Computer Science Teachers, Postsecondary",1.278,1.39,0.879
1104,Information Science/Studies,11-3021,Computer and Information Systems Managers,1.06,0.945,1.275
1105,Computer Systems Analysis/Analyst,25-1021,"Computer Science Teachers, Postsecondary",1.278,1.39,0.879
1107,Computer Science,25-1021,"Computer Science Teachers, Postsecondary",1.278,1.39,0.879
1107,Computer Science,11-3021,Computer and Information Systems Managers,1.06,0.945,1.275
1108,"Modeling, Virtual Environments and Simulation",25-1021,"Computer Science Teachers, Postsecondary",1.278,1.39,0.879
1108,Data Modeling/Warehousing and Database Administration,11-3021,Computer and Information Systems Managers,1.06,0.945,1.275
1108,"Web Page, Digital/Multimedia and Information Resources Design",27-1024,Graphic Designers,0.716,0.527,1.917
1108,"Web Page, Digital/Multimedia and Information Resources Design",27-1014,Multi-Media Artists and Animators,0.706,0.432,1.845
1108,"Web Page, Digital/Multimedia and Information Resources Design",25-1194,"Vocational Education Teachers, Postsecondary",0.162,0.39,-0.357
1109,Computer Systems Networking and Telecommunications,25-1021,"Computer Science Teachers, Postsecondary",1.278,1.39,0.879
1109,Computer Systems Networking and Telecommunications,11-3021,Computer and Information Systems Managers,1.06,0.945,1.275
1110,Network and System Administration/Administrator,11-3021,Computer and Information Systems Managers,1.06,0.945,1.275
1110,Information Technology Project Management,11-9199,"Managers, All Other",0.965,0.91,0.964
1203,"Funeral Service and Mortuary Science, General",39-4031,"Morticians, Undertakers, and Funeral Directors",-0.19,-0.114,-0.396
1203,"Funeral Service and Mortuary Science, General",39-4011,Embalmers,-0.731,-0.657,-0.407
1205,Wine Steward/Sommelier,13-1022,"Wholesale and Retail Buyers, Except Farm Products",0.819,0.791,0.669
1205,Culinary Science/Culinology,19-1012,Food Scientists and Technologists,0.794,0.573,1.129
1205,"Restaurant, Culinary, and Catering Management/Manager",11-9051,Food Service Managers,-0.121,0.061,-0.71
1205,"Cooking and Related Culinary Arts, General",35-1012,First-Line Supervisors/Managers of Food Preparation and Serving Workers,-0.258,-0.15,-0.516
1205,"Cooking and Related Culinary Arts, General",35-1011,Chefs and Head Cooks,-0.268,-0.172,-0.453
1205,Baking and Pastry Arts/Baker/Pastry Chef,51-3011,Bakers,-0.385,-0.474,-0.054
1205,Bartending/Bartender,35-3011,Bartenders,-0.616,-0.411,-1.073
1205,"Cooking and Related Culinary Arts, General",35-2012,"Cooks, Institution and Cafeteria",-0.636,-0.559,-0.772
1205,"Cooking and Related Culinary Arts, General",35-2014,"Cooks, Restaurant",-0.742,-0.759,-0.528
1205,Culinary Arts/Chef Training,35-2013,"Cooks, Private Household",-0.787,-0.639,-0.749
1205,Meat Cutting/Meat Cutter,51-3021,Butchers and Meat Cutters,-0.971,-0.977,-0.916
1205,Meat Cutting/Meat Cutter,51-3023,Slaughterers and Meat Packers,-1.835,-1.543,-2.529
1301,"Education, General",25-1081,"Education Teachers, Postsecondary",1.193,1.624,0.041
1302,Bilingual and Multilingual Education,25-3011,"Adult Literacy, Remedial Education, and GED Teachers and Instructors",1.349,1.44,0.803
1302,Bilingual and Multilingual Education,25-3099,"Teachers and Instructors, All Other",1.325,1.486,0.531
1302,Bilingual and Multilingual Education,25-2022,"Middle School Teachers, Except Special and Vocational Education",1.286,1.284,1.01
1302,Bilingual and Multilingual Education,25-1081,"Education Teachers, Postsecondary",1.193,1.624,0.041
1302,Bilingual and Multilingual Education,25-2031,"Secondary School Teachers, Except Special and Vocational Education",1.191,1.249,0.934
1302,Bilingual and Multilingual Education,25-2021,"Elementary School Teachers, Except Special Education",0.887,1.017,0.571
1302,Bilingual and Multilingual Education,25-2012,"Kindergarten Teachers, Except Special Education",0.364,0.653,-0.334
1302,Bilingual and Multilingual Education,25-2011,"Preschool Teachers, Except Special Education",0.031,0.322,-0.427
1303,Curriculum and Instruction,25-9031,Instructional Coordinators,1.302,1.324,1.276
1303,Curriculum and Instruction,25-1081,"Education Teachers, Postsecondary",1.193,1.624,0.041
1304,"Educational Leadership and Administration, General",11-9033,"Education Administrators, Postsecondary",1.461,1.545,1.11
1304,Adult and Continuing Education Administration,11-3131,Training and Development Managers,1.284,1.337,1.2
1304,"Educational Leadership and Administration, General",11-9032,"Education Administrators, Elementary and Secondary School",1.049,1.199,0.617
1304,"Educational Leadership and Administration, General",11-9031,"Education Administrators, Preschool and Child Care Center/Program",0.838,0.967,0.426
1304,"Educational Leadership and Administration, General",11-9039,"Education Administrators, All Other",0.354,0.628,-0.152
1305,Educational/Instructional Technology,25-9031,Instructional Coordinators,1.302,1.324,1.276
1305,Educational/Instructional Technology,13-1151,Training and Development Specialists,1.198,1.323,0.948
1306,Educational Evaluation and Research,13-1111,Management Analysts,1.432,1.548,0.966
1306,Institutional Research,19-3022,Survey Researchers,1.427,1.279,1.287
1306,Educational Statistics and Research Methods,15-2041,Statisticians,1.383,1.243,1.335
1306,Educational Evaluation and Research,19-3099,"Social Scientists and Related Workers, All Other",1.328,1.085,1.903
1306,Learning Sciences,11-3131,Training and Development Managers,1.284,1.337,1.2
1306,Educational Evaluation and Research,25-1081,"Education Teachers, Postsecondary",1.193,1.624,0.041
1309,Social and Philosophical Foundations of Education,25-1081,"Education Teachers, Postsecondary",1.193,1.624,0.041
1310,Education/Teaching of Individuals with Emotional Disturbances,25-1081,"Education Teachers, Postsecondary",1.193,1.624,0.041
1310,Education/Teaching of Individuals with Hearing Impairments Including Deafness,27-3091,Interpreters and Translators,1.111,1.352,-0.063
1310,"Special Education and Teaching, General",25-2051,"Special Education Teachers, Preschool",0.375,0.655,-0.304
1310,"Special Education and Teaching, General",25-2059,"Special Education Teachers, All Other",-0.663,-0.236,-1.426
1312,Adult and Continuing Education and Teaching,25-3011,"Adult Literacy, Remedial Education, and GED Teachers and Instructors",1.349,1.44,0.803
1312,Montessori Teacher Education,25-3099,"Teachers and Instructors, All Other",1.325,1.486,0.531
1312,Junior High/Intermediate/Middle School Education and Teaching,25-2022,"Middle School Teachers, Except Special and Vocational Education",1.286,1.284,1.01
1312,Adult and Continuing Education and Teaching,13-1151,Training and Development Specialists,1.198,1.323,0.948
1312,Elementary Education and Teaching,25-1081,"Education Teachers, Postsecondary",1.193,1.624,0.041
1312,Junior High/Intermediate/Middle School Education and Teaching,25-2031,"Secondary School Teachers, Except Special and Vocational Education",1.191,1.249,0.934
1312,Elementary Education and Teaching,25-2021,"Elementary School Teachers, Except Special Education",0.887,1.017,0.571
1312,Adult and Continuing Education and Teaching,25-3021,Self-Enrichment Education Teachers,0.526,0.825,-0.041
1312,"Teacher Education, Multiple Levels",25-2012,"Kindergarten Teachers, Except Special Education",0.364,0.653,-0.334
1312,"Teacher Education, Multiple Levels",25-2011,"Preschool Teachers, Except Special Education",0.031,0.322,-0.427
1313,History Teacher Education,25-1125,"History Teachers, Postsecondary",1.437,1.813,0.481
1313,English/Language Arts Teacher Education,25-1123,"English Language and Literature Teachers, Postsecondary",1.418,1.857,0.375
1313,Business and Innovation/Entrepreneurship Teacher Education,25-1011,"Business Teachers, Postsecondary",1.349,1.618,0.377
1313,Science Teacher Education/General Science Teacher Education,25-1053,"Environmental Science Teachers, Postsecondary",1.348,1.603,0.62
1313,Mathematics Teacher Education,25-1022,"Mathematical Science Teachers, Postsecondary",1.339,1.407,0.619
1313,Foreign Language Teacher Education,25-1124,"Foreign Language and Literature Teachers, Postsecondary",1.334,1.814,-0.082
1313,Science Teacher Education/General Science Teacher Education,25-1052,"Chemistry Teachers, Postsecondary",1.334,1.45,0.813
1313,Psychology Teacher Education,25-1066,"Psychology Teachers, Postsecondary",1.334,1.716,0.307
1313,Driver and Safety Teacher Education,25-3099,"Teachers and Instructors, All Other",1.325,1.486,0.531
1313,Geography Teacher Education,25-1064,"Geography Teachers, Postsecondary",1.319,1.629,0.503
1313,Science Teacher Education/General Science Teacher Education,25-1051,"Atmospheric, Earth, Marine, and Space Sciences Teachers, Postsecondary",1.306,1.522,0.553
1313,Art Teacher Education,25-2022,"Middle School Teachers, Except Special and Vocational Education",1.286,1.284,1.01
1313,Computer Teacher Education,25-1021,"Computer Science Teachers, Postsecondary",1.278,1.39,0.879
1313,Science Teacher Education/General Science Teacher Education,25-1043,"Forestry and Conservation Science Teachers, Postsecondary",1.26,1.563,0.435
1313,Science Teacher Education/General Science Teacher Education,25-1042,"Biological Science Teachers, Postsecondary",1.228,1.493,0.521
1313,Family and Consumer Sciences/Home Economics Teacher Education,25-1192,"Home Economics Teachers, Postsecondary",1.212,1.468,0.614
1313,Agricultural Teacher Education,25-1081,"Education Teachers, Postsecondary",1.193,1.624,0.041
1313,Art Teacher Education,25-2031,"Secondary School Teachers, Except Special and Vocational Education",1.191,1.249,0.934
1313,Physical Education Teaching and Coaching,25-1193,"Recreation and Fitness Studies Teachers, Postsecondary",1.165,1.429,0.464
1313,Science Teacher Education/General Science Teacher Education,25-1054,"Physics Teachers, Postsecondary",1.044,1.24,0.334
1313,Health Occupations Teacher Education,25-1071,"Health Specialties Teachers, Postsecondary",0.925,1.226,0.064
1313,Environmental Education,25-2021,"Elementary School Teachers, Except Special Education",0.887,1.017,0.571
1313,Art Teacher Education,25-1121,"Art, Drama, and Music Teachers, Postsecondary",0.758,1.007,0.533
1313,Agricultural Teacher Education,25-1041,"Agricultural Sciences Teachers, Postsecondary",0.755,1.154,-0.29
1313,Agricultural Teacher Education,25-2023,"Vocational Education Teachers, Middle School",0.52,0.647,0.134
1313,Agricultural Teacher Education,25-2032,"Vocational Education Teachers, Secondary School",0.373,0.422,0.189
1313,Agricultural Teacher Education,25-1194,"Vocational Education Teachers, Postsecondary",0.162,0.39,-0.357
1313,Physical Education Teaching and Coaching,27-2022,Coaches and Scouts,0.117,0.319,0.073
1313,Physical Education Teaching and Coaching,39-9031,Fitness Trainers and Aerobics Instructors,-2.112,-1.257,-3.308
1314,Teaching English as a Second or Foreign Language/ESL Language Instructor,25-3011,"Adult Literacy, Remedial Education, and GED Teachers and Instructors",1.349,1.44,0.803
1314,Teaching English as a Second or Foreign Language/ESL Language Instructor,25-2022,"Middle School Teachers, Except Special and Vocational Education",1.286,1.284,1.01
1314,Teaching English as a Second or Foreign Language/ESL Language Instructor,25-2031,"Secondary School Teachers, Except Special and Vocational Education",1.191,1.249,0.934
1314,Teaching English as a Second or Foreign Language/ESL Language Instructor,25-2021,"Elementary School Teachers, Except Special Education",0.887,1.017,0.571
1314,Teaching English as a Second or Foreign Language/ESL Language Instructor,25-2012,"Kindergarten Teachers, Except Special Education",0.364,0.653,-0.334
1314,Teaching English as a Second or Foreign Language/ESL Language Instructor,25-2011,"Preschool Teachers, Except Special Education",0.031,0.322,-0.427
1399,"Education, Other",25-3099,"Teachers and Instructors, All Other",1.325,1.486,0.531
1399,"Education, Other",25-1081,"Education Teachers, Postsecondary",1.193,1.624,0.041
1401,"Engineering, General",25-1032,"Engineering Teachers, Postsecondary",1.351,1.337,1.163
1401,"Engineering, General",11-9041,Engineering Managers,0.837,0.647,1.326
1401,"Engineering, General",17-2199,"Engineers, All Other",0.788,0.581,1.213
1402,"Aerospace, Aeronautical, and Astronautical/Space Engineering, General",25-1032,"Engineering Teachers, Postsecondary",1.351,1.337,1.163
1402,"Aerospace, Aeronautical, and Astronautical/Space Engineering, General",17-2011,Aerospace Engineers,1.339,1.117,1.711
1402,"Aerospace, Aeronautical, and Astronautical/Space Engineering, General",11-9041,Engineering Managers,0.837,0.647,1.326
1402,Astronautical Engineering,17-3021,Aerospace Engineering and Operations Technicians,0.391,0.201,0.699
1402,"Aerospace, Aeronautical, and Astronautical/Space Engineering, Other",49-2091,Avionics Technicians,-0.173,-0.264,0.173
1403,Agricultural Engineering,25-1032,"Engineering Teachers, Postsecondary",1.351,1.337,1.163
1403,Agricultural Engineering,17-2021,Agricultural Engineers,0.941,0.69,1.422
1403,Agricultural Engineering,11-9041,Engineering Managers,0.837,0.647,1.326
1404,Architectural Engineering,25-1032,"Engineering Teachers, Postsecondary",1.351,1.337,1.163
1404,Architectural Engineering,25-1031,"Architecture Teachers, Postsecondary",1.222,1.246,1.323
1404,Architectural Engineering,11-9041,Engineering Managers,0.837,0.647,1.326
1404,Architectural Engineering,17-2199,"Engineers, All Other",0.788,0.581,1.213
1405,Bioengineering and Biomedical Engineering,25-1032,"Engineering Teachers, Postsecondary",1.351,1.337,1.163
1405,Bioengineering and Biomedical Engineering,17-2031,Biomedical Engineers,0.987,0.734,1.652
1405,Bioengineering and Biomedical Engineering,11-9041,Engineering Managers,0.837,0.647,1.326
1406,Ceramic Sciences and Engineering,25-1032,"Engineering Teachers, Postsecondary",1.351,1.337,1.163
1406,Ceramic Sciences and Engineering,17-2041,Chemical Engineers,1.341,0.906,2.256
1406,Ceramic Sciences and Engineering,17-2131,Materials Engineers,1.037,0.78,1.578
1406,Ceramic Sciences and Engineering,11-9041,Engineering Managers,0.837,0.647,1.326
1407,Chemical Engineering,25-1032,"Engineering Teachers, Postsecondary",1.351,1.337,1.163
1407,Chemical Engineering,17-2041,Chemical Engineers,1.341,0.906,2.256
1407,Chemical and Biomolecular Engineering,17-2031,Biomedical Engineers,0.987,0.734,1.652
1407,Chemical Engineering,11-9041,Engineering Managers,0.837,0.647,1.326
1407,Chemical and Biomolecular Engineering,17-2199,"Engineers, All Other",0.788,0.581,1.213
1408,"Civil Engineering, General",25-1032,"Engineering Teachers, Postsecondary",1.351,1.337,1.163
1408,Geotechnical and Geoenvironmental Engineering,17-2151,"Mining and Geological Engineers, Including Mining Safety Engineers",1.347,1.031,1.985
1408,Geotechnical and Geoenvironmental Engineering,17-2081,Environmental Engineers,1.344,1.044,1.89
1408,"Civil Engineering, General",17-2051,Civil Engineers,1.283,0.927,1.977
1408,Geotechnical and Geoenvironmental Engineering,17-2171,Petroleum Engineers,1.248,1.033,1.576
1408,"Civil Engineering, General",11-9041,Engineering Managers,0.837,0.647,1.326
1408,Geotechnical and Geoenvironmental Engineering,17-2199,"Engineers, All Other",0.788,0.581,1.213
1409,"Computer Engineering, General",25-1032,"Engineering Teachers, Postsecondary",1.351,1.337,1.163
1409,"Computer Engineering, General",17-2061,Computer Hardware Engineers,1.142,0.977,1.56
1409,"Computer Engineering, General",11-9041,Engineering Managers,0.837,0.647,1.326
1410,Electrical and Electronics Engineering,25-1032,"Engineering Teachers, Postsecondary",1.351,1.337,1.163
1410,Electrical and Electronics Engineering,17-2011,Aerospace Engineers,1.339,1.117,1.711
1410,Electrical and Electronics Engineering,17-2061,Computer Hardware Engineers,1.142,0.977,1.56
1410,Electrical and Electronics Engineering,17-2071,Electrical Engineers,1.127,0.901,1.51
1410,Electrical and Electronics Engineering,11-9041,Engineering Managers,0.837,0.647,1.326
1410,Laser and Optical Engineering,17-2199,"Engineers, All Other",0.788,0.581,1.213
1410,Electrical and Electronics Engineering,17-2072,"Electronics Engineers, Except Computer",0.665,0.457,1.105
1411,Engineering Mechanics,25-1032,"Engineering Teachers, Postsecondary",1.351,1.337,1.163
1411,Engineering Mechanics,17-2141,Mechanical Engineers,1.005,0.678,1.628
1411,Engineering Mechanics,11-9041,Engineering Managers,0.837,0.647,1.326
1411,Engineering Mechanics,17-2199,"Engineers, All Other",0.788,0.581,1.213
1412,Engineering Physics/Applied Physics,25-1032,"Engineering Teachers, Postsecondary",1.351,1.337,1.163
1412,Engineering Physics/Applied Physics,19-2012,Physicists,1.346,1.097,1.791
1412,Engineering Physics/Applied Physics,11-9121,Natural Sciences Managers,1.328,1.241,1.313
1412,Engineering Physics/Applied Physics,11-9041,Engineering Managers,0.837,0.647,1.326
1412,Engineering Physics/Applied Physics,17-2199,"Engineers, All Other",0.788,0.581,1.213
1413,Engineering Science,25-1032,"Engineering Teachers, Postsecondary",1.351,1.337,1.163
1413,Engineering Science,11-9041,Engineering Managers,0.837,0.647,1.326
1413,Engineering Science,17-2199,"Engineers, All Other",0.788,0.581,1.213
1414,Environmental/Environmental Health Engineering,25-1032,"Engineering Teachers, Postsecondary",1.351,1.337,1.163
1414,Environmental/Environmental Health Engineering,17-2081,Environmental Engineers,1.344,1.044,1.89
1414,Environmental/Environmental Health Engineering,17-2111,"Health and Safety Engineers, Except Mining Safety Engineers and Inspectors",0.995,0.764,1.575
1414,Environmental/Environmental Health Engineering,11-9041,Engineering Managers,0.837,0.647,1.326
1418,Materials Engineering,13-1051,Cost Estimators,1.368,1.134,1.478
1418,Materials Engineering,25-1032,"Engineering Teachers, Postsecondary",1.351,1.337,1.163
1418,Materials Engineering,17-2131,Materials Engineers,1.037,0.78,1.578
1418,Materials Engineering,11-9041,Engineering Managers,0.837,0.647,1.326
1419,Mechanical Engineering,13-1051,Cost Estimators,1.368,1.134,1.478
1419,Mechanical Engineering,25-1032,"Engineering Teachers, Postsecondary",1.351,1.337,1.163
1419,Mechanical Engineering,17-2011,Aerospace Engineers,1.339,1.117,1.711
1419,Mechanical Engineering,17-2141,Mechanical Engineers,1.005,0.678,1.628
1419,Mechanical Engineering,11-9041,Engineering Managers,0.837,0.647,1.326
1420,Metallurgical Engineering,25-1032,"Engineering Teachers, Postsecondary",1.351,1.337,1.163
1420,Metallurgical Engineering,17-2131,Materials Engineers,1.037,0.78,1.578
1420,Metallurgical Engineering,11-9041,Engineering Managers,0.837,0.647,1.326
1421,Mining and Mineral Engineering,25-1032,"Engineering Teachers, Postsecondary",1.351,1.337,1.163
1421,Mining and Mineral Engineering,17-2151,"Mining and Geological Engineers, Including Mining Safety Engineers",1.347,1.031,1.985
1421,Mining and Mineral Engineering,11-9041,Engineering Managers,0.837,0.647,1.326
1422,Naval Architecture and Marine Engineering,25-1032,"Engineering Teachers, Postsecondary",1.351,1.337,1.163
1422,Naval Architecture and Marine Engineering,11-9041,Engineering Managers,0.837,0.647,1.326
1422,Naval Architecture and Marine Engineering,17-2121,Marine Engineers and Naval Architects,0.547,0.343,1.186
1423,Nuclear Engineering,25-1032,"Engineering Teachers, Postsecondary",1.351,1.337,1.163
1423,Nuclear Engineering,17-2161,Nuclear Engineers,1.303,1.073,1.557
1423,Nuclear Engineering,11-9041,Engineering Managers,0.837,0.647,1.326
1424,Ocean Engineering,25-1032,"Engineering Teachers, Postsecondary",1.351,1.337,1.163
1424,Ocean Engineering,11-9041,Engineering Managers,0.837,0.647,1.326
1424,Ocean Engineering,17-2199,"Engineers, All Other",0.788,0.581,1.213
1425,Petroleum Engineering,25-1032,"Engineering Teachers, Postsecondary",1.351,1.337,1.163
1425,Petroleum Engineering,17-2171,Petroleum Engineers,1.248,1.033,1.576
1425,Petroleum Engineering,11-9041,Engineering Managers,0.837,0.647,1.326
1427,Systems Engineering,25-1032,"Engineering Teachers, Postsecondary",1.351,1.337,1.163
1427,Systems Engineering,17-2112,Industrial Engineers,1.138,0.905,1.485
1427,Systems Engineering,11-9041,Engineering Managers,0.837,0.647,1.326
1427,Systems Engineering,17-2199,"Engineers, All Other",0.788,0.581,1.213
1428,Textile Sciences and Engineering,25-1032,"Engineering Teachers, Postsecondary",1.351,1.337,1.163
1428,Textile Sciences and Engineering,17-2131,Materials Engineers,1.037,0.78,1.578
1428,Textile Sciences and Engineering,11-9041,Engineering Managers,0.837,0.647,1.326
1432,Polymer/Plastics Engineering,25-1032,"Engineering Teachers, Postsecondary",1.351,1.337,1.163
1432,Polymer/Plastics Engineering,17-2041,Chemical Engineers,1.341,0.906,2.256
1432,Polymer/Plastics Engineering,17-2131,Materials Engineers,1.037,0.78,1.578
1432,Polymer/Plastics Engineering,11-9041,Engineering Managers,0.837,0.647,1.326
1433,Construction Engineering,13-1051,Cost Estimators,1.368,1.134,1.478
1433,Construction Engineering,25-1032,"Engineering Teachers, Postsecondary",1.351,1.337,1.163
1433,Construction Engineering,17-2051,Civil Engineers,1.283,0.927,1.977
1433,Construction Engineering,11-9041,Engineering Managers,0.837,0.647,1.326
1433,Construction Engineering,17-2199,"Engineers, All Other",0.788,0.581,1.213
1434,Forest Engineering,25-1032,"Engineering Teachers, Postsecondary",1.351,1.337,1.163
1434,Forest Engineering,11-9041,Engineering Managers,0.837,0.647,1.326
1434,Forest Engineering,17-2199,"Engineers, All Other",0.788,0.581,1.213
1435,Industrial Engineering,25-1032,"Engineering Teachers, Postsecondary",1.351,1.337,1.163
1435,Industrial Engineering,17-2112,Industrial Engineers,1.138,0.905,1.485
1435,Industrial Engineering,11-9041,Engineering Managers,0.837,0.647,1.326
1435,Industrial Engineering,11-3051,Industrial Production Managers,0.509,0.354,0.655
1436,Manufacturing Engineering,13-1051,Cost Estimators,1.368,1.134,1.478
1436,Manufacturing Engineering,25-1032,"Engineering Teachers, Postsecondary",1.351,1.337,1.163
1436,Manufacturing Engineering,17-2112,Industrial Engineers,1.138,0.905,1.485
1436,Manufacturing Engineering,11-9041,Engineering Managers,0.837,0.647,1.326
1436,Manufacturing Engineering,17-2199,"Engineers, All Other",0.788,0.581,1.213
1437,Operations Research,15-2031,Operations Research Analysts,1.4,1.234,1.535
1437,Operations Research,25-1032,"Engineering Teachers, Postsecondary",1.351,1.337,1.163
1437,Operations Research,11-9121,Natural Sciences Managers,1.328,1.241,1.313
1438,Surveying Engineering,25-1032,"Engineering Teachers, Postsecondary",1.351,1.337,1.163
1438,Surveying Engineering,11-9041,Engineering Managers,0.837,0.647,1.326
1438,Surveying Engineering,17-1021,Cartographers and Photogrammetrists,0.817,0.472,1.699
1438,Surveying Engineering,17-2199,"Engineers, All Other",0.788,0.581,1.213
1438,Surveying Engineering,17-1022,Surveyors,0.146,-0.121,0.711
1439,Geological/Geophysical Engineering,25-1032,"Engineering Teachers, Postsecondary",1.351,1.337,1.163
1439,Geological/Geophysical Engineering,17-2151,"Mining and Geological Engineers, Including Mining Safety Engineers",1.347,1.031,1.985
1439,Geological/Geophysical Engineering,11-9041,Engineering Managers,0.837,0.647,1.326
1439,Geological/Geophysical Engineering,17-2199,"Engineers, All Other",0.788,0.581,1.213
1440,Paper Science and Engineering,25-1032,"Engineering Teachers, Postsecondary",1.351,1.337,1.163
1440,Paper Science and Engineering,17-2041,Chemical Engineers,1.341,0.906,2.256
1440,Paper Science and Engineering,11-9041,Engineering Managers,0.837,0.647,1.326
1440,Paper Science and Engineering,17-2199,"Engineers, All Other",0.788,0.581,1.213
1441,Electromechanical Engineering,25-1032,"Engineering Teachers, Postsecondary",1.351,1.337,1.163
1441,Electromechanical Engineering,17-2071,Electrical Engineers,1.127,0.901,1.51
1441,Electromechanical Engineering,17-2141,Mechanical Engineers,1.005,0.678,1.628
1441,Electromechanical Engineering,11-9041,Engineering Managers,0.837,0.647,1.326
1441,Electromechanical Engineering,17-2199,"Engineers, All Other",0.788,0.581,1.213
1442,"Mechatronics, Robotics, and Automation Engineering",25-1032,"Engineering Teachers, Postsecondary",1.351,1.337,1.163
1442,"Mechatronics, Robotics, and Automation Engineering",11-9041,Engineering Managers,0.837,0.647,1.326
1442,"Mechatronics, Robotics, and Automation Engineering",17-2199,"Engineers, All Other",0.788,0.581,1.213
1443,Biochemical Engineering,25-1032,"Engineering Teachers, Postsecondary",1.351,1.337,1.163
1443,Biochemical Engineering,17-2041,Chemical Engineers,1.341,0.906,2.256
1443,Biochemical Engineering,11-9041,Engineering Managers,0.837,0.647,1.326
1443,Biochemical Engineering,17-2199,"Engineers, All Other",0.788,0.581,1.213
1445,Biological/Biosystems Engineering,25-1032,"Engineering Teachers, Postsecondary",1.351,1.337,1.163
1445,Biological/Biosystems Engineering,17-2031,Biomedical Engineers,0.987,0.734,1.652
1445,Biological/Biosystems Engineering,11-9041,Engineering Managers,0.837,0.647,1.326
1445,Biological/Biosystems Engineering,17-2199,"Engineers, All Other",0.788,0.581,1.213
1499,"Engineering, Other",25-1032,"Engineering Teachers, Postsecondary",1.351,1.337,1.163
1499,"Engineering, Other",17-2111,"Health and Safety Engineers, Except Mining Safety Engineers and Inspectors",0.995,0.764,1.575
1499,"Engineering, Other",11-9041,Engineering Managers,0.837,0.647,1.326
1499,"Engineering, Other",17-2199,"Engineers, All Other",0.788,0.581,1.213
1500,"Engineering Technologies/Technicians, General",17-3022,Civil Engineering Technicians,0.932,0.553,1.676
1500,Applied Engineering Technologies/Technicians,17-3026,Industrial Engineering Technicians,0.611,0.347,1.199
1500,"Engineering Technologies/Technicians, General",17-3021,Aerospace Engineering and Operations Technicians,0.391,0.201,0.699
1500,"Engineering Technologies/Technicians, General",17-3023,Electrical and Electronic Engineering Technicians,0.352,0.078,0.998
1500,Applied Engineering Technologies/Technicians,17-3029,"Engineering Technicians, Except Drafters, All Other",0.194,-0.079,0.699
1500,"Engineering Technologies/Technicians, General",17-3024,Electro-Mechanical Technicians,-0.304,-0.568,0.34
1501,Architectural Engineering Technologies/Technicians,17-3022,Civil Engineering Technicians,0.932,0.553,1.676
1501,Architectural Engineering Technologies/Technicians,17-3011,Architectural and Civil Drafters,0.923,0.554,1.902
1501,Architectural Engineering Technologies/Technicians,17-3029,"Engineering Technicians, Except Drafters, All Other",0.194,-0.079,0.699
1502,Civil Engineering Technologies/Technicians,17-3022,Civil Engineering Technicians,0.932,0.553,1.676
1502,Civil Engineering Technologies/Technicians,53-6041,Traffic Technicians,0.4,0.129,1.031
1503,"Electrical, Electronic, and Communications Engineering Technology/Technician",17-3012,Electrical and Electronics Drafters,0.91,0.676,1.559
1503,Audio Engineering Technology/Technician,27-4014,Sound Engineering Technicians,0.472,0.338,0.453
1503,"Electrical, Electronic, and Communications Engineering Technology/Technician",17-3021,Aerospace Engineering and Operations Technicians,0.391,0.201,0.699
1503,"Electrical, Electronic, and Communications Engineering Technology/Technician",17-3023,Electrical and Electronic Engineering Technicians,0.352,0.078,0.998
1503,Laser and Optical Technology/Technician,17-3029,"Engineering Technicians, Except Drafters, All Other",0.194,-0.079,0.699
1503,"Electrical, Electronic, and Communications Engineering Technology/Technician",17-3024,Electro-Mechanical Technicians,-0.304,-0.568,0.34
1503,"Electrical, Electronic, and Communications Engineering Technology/Technician",49-2095,"Electrical and Electronics Repairers, Powerhouse, Substation, and Relay",-0.552,-0.672,-0.06
1504,Electromechanical/Electromechanical Engineering Technology/Technician,17-3012,Electrical and Electronics Drafters,0.91,0.676,1.559
1504,Automation Engineer Technology/Technician,17-3023,Electrical and Electronic Engineering Technicians,0.352,0.078,0.998
1504,Biomedical Technology/Technician,17-3029,"Engineering Technicians, Except Drafters, All Other",0.194,-0.079,0.699
1504,Biomedical Technology/Technician,49-9062,Medical Equipment Repairers,-0.277,-0.537,0.479
1504,Electromechanical/Electromechanical Engineering Technology/Technician,17-3024,Electro-Mechanical Technicians,-0.304,-0.568,0.34
1505,"Heating, Ventilation, Air Conditioning and Refrigeration Engineering Technology/Technician",17-3029,"Engineering Technicians, Except Drafters, All Other",0.194,-0.079,0.699
1505,Water Quality and Wastewater Treatment Management and Recycling Technology/Technician,17-3025,Environmental Engineering Technicians,0.044,-0.124,0.469
1505,Water Quality and Wastewater Treatment Management and Recycling Technology/Technician,51-8031,Water and Liquid Waste Treatment Plant and System Operators,-0.445,-0.559,-0.198
1505,Hazardous Materials Management and Waste Technology/Technician,47-4041,Hazardous Materials Removal Workers,-0.689,-0.744,-0.368
1505,"Heating, Ventilation, Air Conditioning and Refrigeration Engineering Technology/Technician",49-9021,"Heating, Air Conditioning, and Refrigeration Mechanics and Installers",-0.849,-0.896,-0.552
1506,Industrial Technology/Technician,17-3026,Industrial Engineering Technicians,0.611,0.347,1.199
1506,Semiconductor Manufacturing Technology/Technician,17-3023,Electrical and Electronic Engineering Technicians,0.352,0.078,0.998
1506,Plastics and Polymer Engineering Technology/Technician,17-3029,"Engineering Technicians, Except Drafters, All Other",0.194,-0.079,0.699
1506,Semiconductor Manufacturing Technology/Technician,51-9141,Semiconductor Processors,-0.637,-0.713,-0.281
1506,Welding Engineering Technology/Technician,51-4121,"Welders, Cutters, Solderers, and Brazers",-1.198,-1.298,-0.697
1507,Industrial Safety Technology/Technician,17-3026,Industrial Engineering Technicians,0.611,0.347,1.199
1507,Hazardous Materials Information Systems Technology/Technician,17-3025,Environmental Engineering Technicians,0.044,-0.124,0.469
1507,Quality Control Technology/Technician,51-9061,"Inspectors, Testers, Sorters, Samplers, and Weighers",-0.029,-0.156,0.112
1508,Aeronautical/Aerospace Engineering Technology/Technician,17-3013,Mechanical Drafters,0.841,0.382,1.986
1508,Aeronautical/Aerospace Engineering Technology/Technician,17-3021,Aerospace Engineering and Operations Technicians,0.391,0.201,0.699
1508,Marine Engineering Technology/Technician,17-3029,"Engineering Technicians, Except Drafters, All Other",0.194,-0.079,0.699
1508,Automotive Engineering Technology/Technician,17-3027,Mechanical Engineering Technicians,-0.119,-0.274,0.256
1508,Mechanical/Mechanical Engineering Technology/Technician,17-3024,Electro-Mechanical Technicians,-0.304,-0.568,0.34
1508,Marine Engineering Technology/Technician,49-3051,Motorboat Mechanics,-0.886,-0.938,-0.714
1508,Automotive Engineering Technology/Technician,49-3023,Automotive Service Technicians and Mechanics,-0.955,-1.031,-0.708
1509,Mining Technology/Technician,17-3029,"Engineering Technicians, Except Drafters, All Other",0.194,-0.079,0.699
1509,Petroleum Technology/Technician,51-8092,Gas Plant Operators,-0.298,-0.574,0.128
1509,Mining Technology/Technician,47-5013,"Service Unit Operators, Oil, Gas, and Mining",-0.972,-1.068,-0.758
1510,Construction Engineering Technology/Technician,13-1051,Cost Estimators,1.368,1.134,1.478
1510,Construction Engineering Technology/Technician,11-9021,Construction Managers,1.029,0.636,1.857
1510,Construction Engineering Technology/Technician,17-3022,Civil Engineering Technicians,0.932,0.553,1.676
1511,Surveying Technology/Surveying,17-1021,Cartographers and Photogrammetrists,0.817,0.472,1.699
1511,Hydraulics and Fluid Power Technology/Technician,17-3029,"Engineering Technicians, Except Drafters, All Other",0.194,-0.079,0.699
1511,Surveying Technology/Surveying,17-1022,Surveyors,0.146,-0.121,0.711
1511,Surveying Technology/Surveying,17-3031,Surveying and Mapping Technicians,0.085,-0.29,0.962
1511,Hydraulics and Fluid Power Technology/Technician,17-3027,Mechanical Engineering Technicians,-0.119,-0.274,0.256
1512,Computer Engineering Technology/Technician,17-3023,Electrical and Electronic Engineering Technicians,0.352,0.078,0.998
1512,Computer Engineering Technology/Technician,17-3029,"Engineering Technicians, Except Drafters, All Other",0.194,-0.079,0.699
1513,"Drafting and Design Technology/Technician, General",17-3011,Architectural and Civil Drafters,0.923,0.554,1.902
1513,"Drafting and Design Technology/Technician, General",17-3012,Electrical and Electronics Drafters,0.91,0.676,1.559
1513,"Drafting and Design Technology/Technician, General",17-3013,Mechanical Drafters,0.841,0.382,1.986
1514,Nuclear Engineering Technology/Technician,17-3029,"Engineering Technicians, Except Drafters, All Other",0.194,-0.079,0.699
1514,Nuclear Engineering Technology/Technician,19-4051,Nuclear Technicians,0.17,-0.091,0.514
1515,Engineering Design,25-1032,"Engineering Teachers, Postsecondary",1.351,1.337,1.163
1515,Engineering/Industrial Management,17-2112,Industrial Engineers,1.138,0.905,1.485
1515,Packaging Science,27-1021,Commercial and Industrial Designers,0.867,0.56,1.973
1515,Engineering/Industrial Management,11-9041,Engineering Managers,0.837,0.647,1.326
1515,Engineering Design,17-2199,"Engineers, All Other",0.788,0.581,1.213
1515,Engineering/Industrial Management,17-3026,Industrial Engineering Technicians,0.611,0.347,1.199
1515,Engineering/Industrial Management,11-3051,Industrial Production Managers,0.509,0.354,0.655
1515,Packaging Science,17-3029,"Engineering Technicians, Except Drafters, All Other",0.194,-0.079,0.699
1517,Energy Systems Technology/Technician,27-1021,Commercial and Industrial Designers,0.867,0.56,1.973
1517,Energy Systems Technology/Technician,17-3029,"Engineering Technicians, Except Drafters, All Other",0.194,-0.079,0.699
1517,Power Plant Technology/Technician,51-8013,Power Plant Operators,-0.348,-0.441,-0.181
1517,Power Plant Technology/Technician,49-2095,"Electrical and Electronics Repairers, Powerhouse, Substation, and Relay",-0.552,-0.672,-0.06
1517,Solar Energy Technology/Technician,47-2231,Solar Photovoltaic Installers,-0.944,-1.037,-0.292
1517,Wind Energy Technology/Technician,49-9081,Wind Turbine Service Technicians,-0.971,-0.984,-0.576
1601,Comparative Literature,25-1123,"English Language and Literature Teachers, Postsecondary",1.418,1.857,0.375
1601,"Foreign Languages and Literatures, General",25-1124,"Foreign Language and Literature Teachers, Postsecondary",1.334,1.814,-0.082
1601,"Linguistic, Comparative, and Related Language Studies and Services, Other",19-3099,"Social Scientists and Related Workers, All Other",1.328,1.085,1.903
1601,"Foreign Languages and Literatures, General",25-2031,"Secondary School Teachers, Except Special and Vocational Education",1.191,1.249,0.934
1601,"Foreign Languages and Literatures, General",27-3091,Interpreters and Translators,1.111,1.352,-0.063
1603,"East Asian Languages, Literatures, and Linguistics, General",25-1124,"Foreign Language and Literature Teachers, Postsecondary",1.334,1.814,-0.082
1603,"East Asian Languages, Literatures, and Linguistics, General",25-2031,"Secondary School Teachers, Except Special and Vocational Education",1.191,1.249,0.934
1603,"East Asian Languages, Literatures, and Linguistics, General",27-3091,Interpreters and Translators,1.111,1.352,-0.063
1604,"Slavic Languages, Literatures, and Linguistics, General",25-1124,"Foreign Language and Literature Teachers, Postsecondary",1.334,1.814,-0.082
1604,Russian Language and Literature,25-2031,"Secondary School Teachers, Except Special and Vocational Education",1.191,1.249,0.934
1604,"Slavic Languages, Literatures, and Linguistics, General",27-3091,Interpreters and Translators,1.111,1.352,-0.063
1605,"Germanic Languages, Literatures, and Linguistics, General",25-1124,"Foreign Language and Literature Teachers, Postsecondary",1.334,1.814,-0.082
1605,"Germanic Languages, Literatures, and Linguistics, General",25-2031,"Secondary School Teachers, Except Special and Vocational Education",1.191,1.249,0.934
1605,"Germanic Languages, Literatures, and Linguistics, General",27-3091,Interpreters and Translators,1.111,1.352,-0.063
1609,"Romance Languages, Literatures, and Linguistics, General",25-1124,"Foreign Language and Literature Teachers, Postsecondary",1.334,1.814,-0.082
1609,"Romance Languages, Literatures, and Linguistics, General",25-2031,"Secondary School Teachers, Except Special and Vocational Education",1.191,1.249,0.934
1609,"Romance Languages, Literatures, and Linguistics, General",27-3091,Interpreters and Translators,1.111,1.352,-0.063
1611,"Middle/Near Eastern and Semitic Languages, Literatures, and Linguistics, General",25-1124,"Foreign Language and Literature Teachers, Postsecondary",1.334,1.814,-0.082
1611,Arabic Language and Literature,25-2031,"Secondary School Teachers, Except Special and Vocational Education",1.191,1.249,0.934
1611,"Middle/Near Eastern and Semitic Languages, Literatures, and Linguistics, General",27-3091,Interpreters and Translators,1.111,1.352,-0.063
1616,American Sign Language (ASL),25-1124,"Foreign Language and Literature Teachers, Postsecondary",1.334,1.814,-0.082
1616,American Sign Language (ASL),25-2031,"Secondary School Teachers, Except Special and Vocational Education",1.191,1.249,0.934
1616,American Sign Language (ASL),27-3091,Interpreters and Translators,1.111,1.352,-0.063
1699,"Foreign Languages, Literatures, and Linguistics, Other",25-1124,"Foreign Language and Literature Teachers, Postsecondary",1.334,1.814,-0.082
1699,"Foreign Languages, Literatures, and Linguistics, Other",25-2031,"Secondary School Teachers, Except Special and Vocational Education",1.191,1.249,0.934
1699,"Foreign Languages, Literatures, and Linguistics, Other",27-3091,Interpreters and Translators,1.111,1.352,-0.063
1901,"Family and Consumer Sciences/Human Sciences, General",25-1192,"Home Economics Teachers, Postsecondary",1.212,1.468,0.614
1901,"Family and Consumer Sciences/Human Sciences, General",25-2031,"Secondary School Teachers, Except Special and Vocational Education",1.191,1.249,0.934
1901,"Family and Consumer Sciences/Human Sciences, General",25-9021,Farm and Home Management Advisors,0.86,0.784,0.996
1902,Consumer Merchandising/Retailing Management,13-1161,Market Research Analysts and Marketing Specialists,1.427,1.356,1.396
1902,Consumer Merchandising/Retailing Management,11-2021,Marketing Managers,1.315,1.204,1.61
1902,Family and Consumer Sciences/Human Sciences Communication,27-3031,Public Relations Specialists,1.285,1.518,0.691
1902,Consumer Merchandising/Retailing Management,11-2022,Sales Managers,1.266,1.294,1.01
1902,Business Family and Consumer Sciences/Human Sciences,25-1192,"Home Economics Teachers, Postsecondary",1.212,1.468,0.614
1902,Family and Consumer Sciences/Human Sciences Communication,27-3042,Technical Writers,1.184,1.317,1.244
1902,Family and Consumer Sciences/Human Sciences Communication,27-3043,Writers and Authors,0.988,1.17,1.17
1902,Business Family and Consumer Sciences/Human Sciences,25-9021,Farm and Home Management Advisors,0.86,0.784,0.996
1902,Consumer Merchandising/Retailing Management,41-1011,First-Line Supervisors/Managers of Retail Sales Workers,0.019,0.201,-0.503
1904,"Family Resource Management Studies, General",13-2052,Personal Financial Advisors,1.401,1.396,0.815
1904,"Family Resource Management Studies, General",25-1192,"Home Economics Teachers, Postsecondary",1.212,1.468,0.614
1904,"Family Resource Management Studies, General",25-9021,Farm and Home Management Advisors,0.86,0.784,0.996
1905,"Foods, Nutrition, and Wellness Studies, General",29-1031,Dietitians and Nutritionists,1.343,1.364,1.184
1905,"Foods, Nutrition, and Wellness Studies, General",25-1192,"Home Economics Teachers, Postsecondary",1.212,1.468,0.614
1905,Foodservice Systems Administration/Management,11-9051,Food Service Managers,-0.121,0.061,-0.71
1905,"Foods, Nutrition, and Wellness Studies, General",29-2051,Dietetic Technicians,-0.126,-0.128,-0.143
1905,Foodservice Systems Administration/Management,35-1012,First-Line Supervisors/Managers of Food Preparation and Serving Workers,-0.258,-0.15,-0.516
1905,Foodservice Systems Administration/Management,35-2012,"Cooks, Institution and Cafeteria",-0.636,-0.559,-0.772
1906,"Housing and Human Environments, General",25-1192,"Home Economics Teachers, Postsecondary",1.212,1.468,0.614
1906,Facilities Planning and Management,27-1025,Interior Designers,1.122,0.822,2.421
1906,"Housing and Human Environments, General",25-9021,Farm and Home Management Advisors,0.86,0.784,0.996
1906,Facilities Planning and Management,13-1121,Meeting and Convention Planners,0.374,0.513,0.199
1907,Adult Development and Aging,19-3039,"Psychologists, All Other",1.39,1.33,1.297
1907,Adult Development and Aging,19-3099,"Social Scientists and Related Workers, All Other",1.328,1.085,1.903
1907,"Human Development and Family Studies, General",25-1192,"Home Economics Teachers, Postsecondary",1.212,1.468,0.614
1907,Family Systems,25-9021,Farm and Home Management Advisors,0.86,0.784,0.996
1907,Developmental Services Worker,21-1093,Social and Human Service Assistants,0.465,0.557,0.072
1907,Child Development,25-2011,"Preschool Teachers, Except Special Education",0.031,0.322,-0.427
1907,Child Development,39-9011,Child Care Workers,-0.383,-0.167,-0.615
1909,Apparel and Textile Marketing Management,13-1161,Market Research Analysts and Marketing Specialists,1.427,1.356,1.396
1909,Apparel and Textile Marketing Management,11-2021,Marketing Managers,1.315,1.204,1.61
1909,"Apparel and Textiles, General",25-1192,"Home Economics Teachers, Postsecondary",1.212,1.468,0.614
1909,Textile Science,27-1025,Interior Designers,1.122,0.822,2.421
1909,Textile Science,19-2032,Materials Scientists,1.033,0.786,1.593
1909,"Apparel and Textiles, General",25-9021,Farm and Home Management Advisors,0.86,0.784,0.996
1909,Apparel and Textile Marketing Management,13-1022,"Wholesale and Retail Buyers, Except Farm Products",0.819,0.791,0.669
1909,Apparel and Textile Manufacture,27-1022,Fashion Designers,0.58,0.508,1.301
1909,Apparel and Textile Manufacture,51-6092,Fabric and Apparel Patternmakers,-0.083,-0.333,0.842
2200,Legal Studies,23-2011,Paralegals and Legal Assistants,1.292,1.333,1.016
2202,"Advanced Legal Research/Studies, General",25-1112,"Law Teachers, Postsecondary",1.356,1.802,0.266
2202,"Advanced Legal Research/Studies, General",23-1011,Lawyers,1.329,1.454,1.036
2203,Legal Assistant/Paralegal,23-2011,Paralegals and Legal Assistants,1.292,1.333,1.016
2203,Legal Assistant/Paralegal,23-2093,"Title Examiners, Abstractors, and Searchers",1.28,1.384,0.62
2203,Court Interpreter,27-3091,Interpreters and Translators,1.111,1.352,-0.063
2203,Legal Administrative Assistant/Secretary,43-6012,Legal Secretaries,1.015,1.149,0.481
2301,"English Language and Literature, General",25-1123,"English Language and Literature Teachers, Postsecondary",1.418,1.857,0.375
2301,"English Language and Literature, General",43-9081,Proofreaders and Copy Markers,1.288,1.436,0.642
2301,"English Language and Literature, General",25-2031,"Secondary School Teachers, Except Special and Vocational Education",1.191,1.249,0.934
2313,"Writing, General",25-1123,"English Language and Literature Teachers, Postsecondary",1.418,1.857,0.375
2313,"Writing, General",43-9081,Proofreaders and Copy Markers,1.288,1.436,0.642
2313,"Writing, General",27-3042,Technical Writers,1.184,1.317,1.244
2313,"Writing, General",27-3041,Editors,1.128,1.191,1.229
2313,"Writing, General",27-3043,Writers and Authors,0.988,1.17,1.17
2314,General Literature,25-1123,"English Language and Literature Teachers, Postsecondary",1.418,1.857,0.375
2314,General Literature,27-3041,Editors,1.128,1.191,1.229
2314,General Literature,27-3043,Writers and Authors,0.988,1.17,1.17
2399,"English Language and Literature/Letters, Other",25-1123,"English Language and Literature Teachers, Postsecondary",1.418,1.857,0.375
2501,Library and Information Science,25-1082,"Library Science Teachers, Postsecondary",1.386,1.626,0.667
2501,Library and Information Science,11-9199,"Managers, All Other",0.965,0.91,0.964
2501,Archives/Archival Administration,25-4011,Archivists,0.677,0.693,0.872
2601,"Biology/Biological Sciences, General",11-9121,Natural Sciences Managers,1.328,1.241,1.313
2601,"Biomedical Sciences, General",19-1042,"Medical Scientists, Except Epidemiologists",1.28,1.167,1.327
2601,"Biology/Biological Sciences, General",25-1042,"Biological Science Teachers, Postsecondary",1.228,1.493,0.521
2601,"Biology/Biological Sciences, General",25-2031,"Secondary School Teachers, Except Special and Vocational Education",1.191,1.249,0.934
2601,"Biology/Biological Sciences, General",19-1029,"Biological Scientists, All Other",1.01,0.883,1.285
2601,"Biology/Biological Sciences, General",19-4021,Biological Technicians,0.301,0.133,0.615
2601,"Biology/Biological Sciences, General",19-4092,Forensic Science Technicians,0.24,0.01,0.928
2602,Biochemistry,11-9121,Natural Sciences Managers,1.328,1.241,1.313
2602,Biochemistry,19-1042,"Medical Scientists, Except Epidemiologists",1.28,1.167,1.327
2602,Biochemistry,25-1042,"Biological Science Teachers, Postsecondary",1.228,1.493,0.521
2602,Molecular Biology,19-1029,"Biological Scientists, All Other",1.01,0.883,1.285
2602,Biochemistry,19-1021,Biochemists and Biophysicists,0.906,0.794,1.209
2602,Structural Biology,19-1022,Microbiologists,0.696,0.474,1.22
2602,Biochemistry,19-4021,Biological Technicians,0.301,0.133,0.615
2603,Botany/Plant Biology,11-9121,Natural Sciences Managers,1.328,1.241,1.313
2603,Botany/Plant Biology,25-1042,"Biological Science Teachers, Postsecondary",1.228,1.493,0.521
2603,Botany/Plant Biology,19-1029,"Biological Scientists, All Other",1.01,0.883,1.285
2603,Botany/Plant Biology,19-1013,Soil and Plant Scientists,0.632,0.609,0.804
2604,Cell/Cellular Biology and Histology,19-1041,Epidemiologists,1.436,1.284,1.653
2604,Cell/Cellular Biology and Histology,11-9121,Natural Sciences Managers,1.328,1.241,1.313
2604,Cell/Cellular Biology and Histology,19-1042,"Medical Scientists, Except Epidemiologists",1.28,1.167,1.327
2604,Cell/Cellular Biology and Histology,25-1042,"Biological Science Teachers, Postsecondary",1.228,1.493,0.521
2604,Cell/Cellular Biology and Histology,19-1029,"Biological Scientists, All Other",1.01,0.883,1.285
2604,Cell/Cellular Biology and Histology,25-1071,"Health Specialties Teachers, Postsecondary",0.925,1.226,0.064
2604,"Cell/Cellular Biology and Anatomical Sciences, Other",19-1021,Biochemists and Biophysicists,0.906,0.794,1.209
2604,"Cell/Cellular Biology and Anatomical Sciences, Other",19-1022,Microbiologists,0.696,0.474,1.22
2604,Cell/Cellular and Molecular Biology,19-4021,Biological Technicians,0.301,0.133,0.615
2604,Cell/Cellular Biology and Histology,29-2011,Medical and Clinical Laboratory Technologists,0.282,-0.042,0.903
2605,Infectious Disease and Global Health,19-1041,Epidemiologists,1.436,1.284,1.653
2605,"Microbiology, General",11-9121,Natural Sciences Managers,1.328,1.241,1.313
2605,Medical Microbiology and Bacteriology,19-1042,"Medical Scientists, Except Epidemiologists",1.28,1.167,1.327
2605,Infectious Disease and Global Health,11-9111,Medical and Health Services Managers,1.26,1.315,0.852
2605,"Microbiology, General",25-1042,"Biological Science Teachers, Postsecondary",1.228,1.493,0.521
2605,Medical Microbiology and Bacteriology,19-1029,"Biological Scientists, All Other",1.01,0.883,1.285
2605,Medical Microbiology and Bacteriology,25-1071,"Health Specialties Teachers, Postsecondary",0.925,1.226,0.064
2605,"Microbiology, General",19-1022,Microbiologists,0.696,0.474,1.22
2605,"Microbiology, General",19-4021,Biological Technicians,0.301,0.133,0.615
2607,Zoology/Animal Biology,11-9121,Natural Sciences Managers,1.328,1.241,1.313
2607,Zoology/Animal Biology,25-1042,"Biological Science Teachers, Postsecondary",1.228,1.493,0.521
2607,Entomology,19-1029,"Biological Scientists, All Other",1.01,0.883,1.285
2607,Zoology/Animal Biology,19-1023,Zoologists and Wildlife Biologists,0.318,0.327,0.315
2607,Zoology/Animal Biology,19-4021,Biological Technicians,0.301,0.133,0.615
2608,"Genetics, General",29-9092,Genetic Counselors,1.528,1.478,1.347
2608,Molecular Genetics,11-9121,Natural Sciences Managers,1.328,1.241,1.313
2608,Human/Medical Genetics,19-1042,"Medical Scientists, Except Epidemiologists",1.28,1.167,1.327
2608,"Genetics, General",25-1042,"Biological Science Teachers, Postsecondary",1.228,1.493,0.521
2608,"Genetics, General",19-1029,"Biological Scientists, All Other",1.01,0.883,1.285
2608,"Genetics, General",19-4021,Biological Technicians,0.301,0.133,0.615
2609,Pathology/Experimental Pathology,11-9121,Natural Sciences Managers,1.328,1.241,1.313
2609,"Physiology, General",19-1042,"Medical Scientists, Except Epidemiologists",1.28,1.167,1.327
2609,"Physiology, General",25-1042,"Biological Science Teachers, Postsecondary",1.228,1.493,0.521
2609,Pathology/Experimental Pathology,19-1029,"Biological Scientists, All Other",1.01,0.883,1.285
2609,Biomechanics,25-1071,"Health Specialties Teachers, Postsecondary",0.925,1.226,0.064
2609,Biomechanics,19-1021,Biochemists and Biophysicists,0.906,0.794,1.209
2609,Exercise Physiology and Kinesiology,29-1128,Exercise Physiologists,-0.033,0.307,-0.81
2610,Pharmacology,11-9121,Natural Sciences Managers,1.328,1.241,1.313
2610,Pharmacology,19-1042,"Medical Scientists, Except Epidemiologists",1.28,1.167,1.327
2610,Pharmacology,25-1042,"Biological Science Teachers, Postsecondary",1.228,1.493,0.521
2610,Toxicology,19-2041,"Environmental Scientists and Specialists, Including Health",1.014,0.87,1.229
2610,Pharmacology,19-1029,"Biological Scientists, All Other",1.01,0.883,1.285
2610,Pharmacology,25-1071,"Health Specialties Teachers, Postsecondary",0.925,1.226,0.064
2610,Environmental Toxicology,17-3025,Environmental Engineering Technicians,0.044,-0.124,0.469
2611,"Biomathematics, Bioinformatics, and Computational Biology, Other",15-2021,Mathematicians,1.472,1.166,1.905
2611,Biometry/Biometrics,15-2041,Statisticians,1.383,1.243,1.335
2611,Biostatistics,25-1022,"Mathematical Science Teachers, Postsecondary",1.339,1.407,0.619
2611,Biometry/Biometrics,11-9121,Natural Sciences Managers,1.328,1.241,1.313
2611,Biostatistics,19-1042,"Medical Scientists, Except Epidemiologists",1.28,1.167,1.327
2611,Biometry/Biometrics,25-1042,"Biological Science Teachers, Postsecondary",1.228,1.493,0.521
2611,Biometry/Biometrics,19-1029,"Biological Scientists, All Other",1.01,0.883,1.285
2611,Biostatistics,25-1071,"Health Specialties Teachers, Postsecondary",0.925,1.226,0.064
2611,Biostatistics,19-4021,Biological Technicians,0.301,0.133,0.615
2612,Biotechnology,11-9121,Natural Sciences Managers,1.328,1.241,1.313
2612,Biotechnology,25-1042,"Biological Science Teachers, Postsecondary",1.228,1.493,0.521
2612,Biotechnology,19-1029,"Biological Scientists, All Other",1.01,0.883,1.285
2613,Epidemiology,19-1041,Epidemiologists,1.436,1.284,1.653
2613,Epidemiology and Biostatistics,15-2041,Statisticians,1.383,1.243,1.335
2613,Conservation Biology,25-1053,"Environmental Science Teachers, Postsecondary",1.348,1.603,0.62
2613,Ecology,11-9121,Natural Sciences Managers,1.328,1.241,1.313
2613,Epidemiology,19-1042,"Medical Scientists, Except Epidemiologists",1.28,1.167,1.327
2613,Ecology,25-1043,"Forestry and Conservation Science Teachers, Postsecondary",1.26,1.563,0.435
2613,Ecology,25-1042,"Biological Science Teachers, Postsecondary",1.228,1.493,0.521
2613,Ecology,19-1029,"Biological Scientists, All Other",1.01,0.883,1.285
2613,Epidemiology,25-1071,"Health Specialties Teachers, Postsecondary",0.925,1.226,0.064
2613,Ecology,19-1023,Zoologists and Wildlife Biologists,0.318,0.327,0.315
2613,Marine Biology and Biological Oceanography,19-4021,Biological Technicians,0.301,0.133,0.615
2613,Ecology,19-1031,Conservation Scientists,0.069,0.074,0.244
2615,Neuroscience,11-9121,Natural Sciences Managers,1.328,1.241,1.313
2615,Neuroanatomy,19-1042,"Medical Scientists, Except Epidemiologists",1.28,1.167,1.327
2615,Neuroscience,25-1042,"Biological Science Teachers, Postsecondary",1.228,1.493,0.521
2615,Neuroscience,19-1029,"Biological Scientists, All Other",1.01,0.883,1.285
2615,Neuroscience,19-4021,Biological Technicians,0.301,0.133,0.615
2699,"Biological and Biomedical Sciences, Other",11-9121,Natural Sciences Managers,1.328,1.241,1.313
2699,"Biological and Biomedical Sciences, Other",25-1042,"Biological Science Teachers, Postsecondary",1.228,1.493,0.521
2699,"Biological and Biomedical Sciences, Other",19-1029,"Biological Scientists, All Other",1.01,0.883,1.285
2701,"Mathematics, General",15-2021,Mathematicians,1.472,1.166,1.905
2701,"Mathematics, General",15-2041,Statisticians,1.383,1.243,1.335
2701,"Mathematics, General",25-1022,"Mathematical Science Teachers, Postsecondary",1.339,1.407,0.619
2701,"Mathematics, General",11-9121,Natural Sciences Managers,1.328,1.241,1.313
2701,"Mathematics, General",25-2031,"Secondary School Teachers, Except Special and Vocational Education",1.191,1.249,0.934
2703,"Applied Mathematics, General",15-2011,Actuaries,1.516,1.2,1.637
2703,"Applied Mathematics, General",15-2021,Mathematicians,1.472,1.166,1.905
2703,Financial Mathematics,19-3011,Economists,1.404,1.33,1.299
2703,"Applied Mathematics, General",15-2041,Statisticians,1.383,1.243,1.335
2703,Financial Mathematics,13-2051,Financial Analysts,1.381,1.273,1.164
2703,Financial Mathematics,13-2099,"Financial Specialists, All Other",1.361,1.253,1.221
2703,"Applied Mathematics, General",25-1022,"Mathematical Science Teachers, Postsecondary",1.339,1.407,0.619
2703,"Applied Mathematics, General",11-9121,Natural Sciences Managers,1.328,1.241,1.313
2703,Mathematical Biology,19-1029,"Biological Scientists, All Other",1.01,0.883,1.285
2705,"Statistics, General",15-2011,Actuaries,1.516,1.2,1.637
2705,Mathematical Statistics and Probability,15-2021,Mathematicians,1.472,1.166,1.905
2705,"Statistics, General",19-3022,Survey Researchers,1.427,1.279,1.287
2705,"Statistics, General",15-2041,Statisticians,1.383,1.243,1.335
2705,"Statistics, General",25-1022,"Mathematical Science Teachers, Postsecondary",1.339,1.407,0.619
2705,"Statistics, General",11-9121,Natural Sciences Managers,1.328,1.241,1.313
2799,"Mathematics and Statistics, Other",15-2021,Mathematicians,1.472,1.166,1.905
2799,"Mathematics and Statistics, Other",25-1022,"Mathematical Science Teachers, Postsecondary",1.339,1.407,0.619
2799,"Mathematics and Statistics, Other",11-9121,Natural Sciences Managers,1.328,1.241,1.313
2902,Signal/Geospatial Intelligence,17-1021,Cartographers and Photogrammetrists,0.817,0.472,1.699
2902,Signal/Geospatial Intelligence,33-3021,Detectives and Criminal Investigators,0.226,0.151,0.408
2902,Signal/Geospatial Intelligence,33-1012,First-Line Supervisors/Managers of Police and Detectives,-0.192,-0.196,-0.144
2904,Aerospace Ground Equipment Technology,17-3021,Aerospace Engineering and Operations Technicians,0.391,0.201,0.699
2904,Radar Communications and Systems Technology,17-3029,"Engineering Technicians, Except Drafters, All Other",0.194,-0.079,0.699
3001,Biological and Physical Sciences,11-9121,Natural Sciences Managers,1.328,1.241,1.313
3001,Biological and Physical Sciences,25-2031,"Secondary School Teachers, Except Special and Vocational Education",1.191,1.249,0.934
3005,Peace Studies and Conflict Resolution,23-1022,"Arbitrators, Mediators, and Conciliators",1.432,1.647,0.796
3005,Peace Studies and Conflict Resolution,19-3099,"Social Scientists and Related Workers, All Other",1.328,1.085,1.903
3006,Systems Science and Theory,11-9199,"Managers, All Other",0.965,0.91,0.964
3008,Mathematics and Computer Science,15-2021,Mathematicians,1.472,1.166,1.905
3008,Mathematics and Computer Science,25-1022,"Mathematical Science Teachers, Postsecondary",1.339,1.407,0.619
3008,Mathematics and Computer Science,11-9121,Natural Sciences Managers,1.328,1.241,1.313
3008,Mathematics and Computer Science,25-1021,"Computer Science Teachers, Postsecondary",1.278,1.39,0.879
3008,Mathematics and Computer Science,11-3021,Computer and Information Systems Managers,1.06,0.945,1.275
3010,Biopsychology,25-1066,"Psychology Teachers, Postsecondary",1.334,1.716,0.307
3010,Biopsychology,11-9121,Natural Sciences Managers,1.328,1.241,1.313
3010,Biopsychology,19-3099,"Social Scientists and Related Workers, All Other",1.328,1.085,1.903
3010,Biopsychology,19-1042,"Medical Scientists, Except Epidemiologists",1.28,1.167,1.327
3010,Biopsychology,25-1042,"Biological Science Teachers, Postsecondary",1.228,1.493,0.521
3011,Gerontology,25-1113,"Social Work Teachers, Postsecondary",1.347,1.739,0.351
3011,Gerontology,19-3099,"Social Scientists and Related Workers, All Other",1.328,1.085,1.903
3011,Gerontology,19-1042,"Medical Scientists, Except Epidemiologists",1.28,1.167,1.327
3011,Gerontology,25-1071,"Health Specialties Teachers, Postsecondary",0.925,1.226,0.064
3012,Cultural Resource Management and Policy Analysis,25-1062,"Area, Ethnic, and Cultural Studies Teachers, Postsecondary",1.309,1.669,0.452
3012,"Historic Preservation and Conservation, General",19-3093,Historians,1.099,1.491,0.26
3012,Cultural Resource Management and Policy Analysis,11-9199,"Managers, All Other",0.965,0.91,0.964
3012,"Historic Preservation and Conservation, General",25-4011,Archivists,0.677,0.693,0.872
3015,"Science, Technology and Society",11-9121,Natural Sciences Managers,1.328,1.241,1.313
3017,Behavioral Sciences,19-3039,"Psychologists, All Other",1.39,1.33,1.297
3017,Behavioral Sciences,25-1066,"Psychology Teachers, Postsecondary",1.334,1.716,0.307
3017,Behavioral Sciences,19-3099,"Social Scientists and Related Workers, All Other",1.328,1.085,1.903
3017,Behavioral Sciences,19-4061,Social Science Research Assistants,1.205,1.126,1.262
3017,Behavioral Sciences,11-9151,Social and Community Service Managers,1.156,1.225,0.79
3018,Natural Sciences,11-9121,Natural Sciences Managers,1.328,1.241,1.313
3018,Natural Sciences,19-2099,"Physical Scientists, All Other",1.14,0.913,1.584
3019,Nutrition Sciences,29-1031,Dietitians and Nutritionists,1.343,1.364,1.184
3019,Nutrition Sciences,11-9121,Natural Sciences Managers,1.328,1.241,1.313
3019,Nutrition Sciences,25-1042,"Biological Science Teachers, Postsecondary",1.228,1.493,0.521
3019,Nutrition Sciences,25-1192,"Home Economics Teachers, Postsecondary",1.212,1.468,0.614
3019,Nutrition Sciences,19-1029,"Biological Scientists, All Other",1.01,0.883,1.285
3019,Nutrition Sciences,25-1071,"Health Specialties Teachers, Postsecondary",0.925,1.226,0.064
3019,Nutrition Sciences,25-9021,Farm and Home Management Advisors,0.86,0.784,0.996
3019,Nutrition Sciences,29-2051,Dietetic Technicians,-0.126,-0.128,-0.143
3020,International/Globalization Studies,19-3094,Political Scientists,1.419,1.687,0.636
3022,Ancient Studies/Civilization,25-1125,"History Teachers, Postsecondary",1.437,1.813,0.481
3022,Ancient Studies/Civilization,25-1061,"Anthropology and Archeology Teachers, Postsecondary",1.322,1.534,0.781
3022,Ancient Studies/Civilization,25-1062,"Area, Ethnic, and Cultural Studies Teachers, Postsecondary",1.309,1.669,0.452
3022,Ancient Studies/Civilization,19-3093,Historians,1.099,1.491,0.26
3022,Ancient Studies/Civilization,19-3091,Anthropologists and Archeologists,0.697,0.739,0.861
3023,Intercultural/Multicultural and Diversity Studies,19-3099,"Social Scientists and Related Workers, All Other",1.328,1.085,1.903
3023,Intercultural/Multicultural and Diversity Studies,25-1062,"Area, Ethnic, and Cultural Studies Teachers, Postsecondary",1.309,1.669,0.452
3025,"Cognitive Science, General",11-9121,Natural Sciences Managers,1.328,1.241,1.313
3025,Contemplative Studies/Inquiry,21-2021,"Directors, Religious Activities and Education",1.211,1.355,0.76
3025,Contemplative Studies/Inquiry,25-3021,Self-Enrichment Education Teachers,0.526,0.825,-0.041
3026,Cultural Studies/Critical Theory and Analysis,19-3099,"Social Scientists and Related Workers, All Other",1.328,1.085,1.903
3026,Cultural Studies/Critical Theory and Analysis,25-1062,"Area, Ethnic, and Cultural Studies Teachers, Postsecondary",1.309,1.669,0.452
3027,Human Biology,11-9121,Natural Sciences Managers,1.328,1.241,1.313
3027,Human Biology,19-3099,"Social Scientists and Related Workers, All Other",1.328,1.085,1.903
3027,Human Biology,25-1042,"Biological Science Teachers, Postsecondary",1.228,1.493,0.521
3027,Human Biology,19-1029,"Biological Scientists, All Other",1.01,0.883,1.285
3027,Human Biology,19-3091,Anthropologists and Archeologists,0.697,0.739,0.861
3029,Maritime Studies,19-3093,Historians,1.099,1.491,0.26
3030,Computational Science,11-9121,Natural Sciences Managers,1.328,1.241,1.313
3030,Computational Science,25-1021,"Computer Science Teachers, Postsecondary",1.278,1.39,0.879
3031,Human Computer Interaction,25-1021,"Computer Science Teachers, Postsecondary",1.278,1.39,0.879
3031,Human Computer Interaction,11-3021,Computer and Information Systems Managers,1.06,0.945,1.275
3032,Marine Sciences,11-9121,Natural Sciences Managers,1.328,1.241,1.313
3032,Marine Sciences,19-2099,"Physical Scientists, All Other",1.14,0.913,1.584
3032,Marine Sciences,19-2041,"Environmental Scientists and Specialists, Including Health",1.014,0.87,1.229
3032,Marine Sciences,19-1029,"Biological Scientists, All Other",1.01,0.883,1.285
3032,Marine Sciences,19-2042,"Geoscientists, Except Hydrologists and Geographers",0.714,0.567,1.057
3032,Marine Sciences,19-1023,Zoologists and Wildlife Biologists,0.318,0.327,0.315
3033,Sustainability Studies,25-1053,"Environmental Science Teachers, Postsecondary",1.348,1.603,0.62
3033,Sustainability Studies,11-9121,Natural Sciences Managers,1.328,1.241,1.313
3033,Sustainability Studies,19-3099,"Social Scientists and Related Workers, All Other",1.328,1.085,1.903
3033,Sustainability Studies,19-3051,Urban and Regional Planners,1.228,1.075,1.642
3033,Sustainability Studies,19-2041,"Environmental Scientists and Specialists, Including Health",1.014,0.87,1.229
3033,Sustainability Studies,19-1031,Conservation Scientists,0.069,0.074,0.244
3101,"Parks, Recreation, and Leisure Studies",25-1193,"Recreation and Fitness Studies Teachers, Postsecondary",1.165,1.429,0.464
3103,"Parks, Recreation, and Leisure Facilities Management, General",11-1021,General and Operations Managers,0.575,0.678,0.232
3103,Golf Course Operation and Grounds Management,37-1012,"First-Line Supervisors/Managers of Landscaping, Lawn Service, and Groundskeeping Workers",-0.555,-0.486,-0.461
3103,Golf Course Operation and Grounds Management,37-3011,Landscaping and Groundskeeping Workers,-1.824,-1.656,-1.702
3105,"Sports, Kinesiology, and Physical Education/Fitness, General",25-1193,"Recreation and Fitness Studies Teachers, Postsecondary",1.165,1.429,0.464
3105,"Sports, Kinesiology, and Physical Education/Fitness, General",27-2022,Coaches and Scouts,0.117,0.319,0.073
3105,Exercise Science and Kinesiology,29-1128,Exercise Physiologists,-0.033,0.307,-0.81
3105,Physical Fitness Technician,29-9091,Athletic Trainers,-0.331,-0.095,-0.685
3105,"Sports, Kinesiology, and Physical Education/Fitness, General",27-2021,Athletes and Sports Competitors,-1.814,-1.29,-2.461
3105,"Sports, Kinesiology, and Physical Education/Fitness, General",39-9031,Fitness Trainers and Aerobics Instructors,-2.112,-1.257,-3.308
3106,Outdoor Education,39-9032,Recreation Workers,-0.244,0.097,-0.799
3801,Logic,15-2021,Mathematicians,1.472,1.166,1.905
3801,Philosophy,25-1126,"Philosophy and Religion Teachers, Postsecondary",1.364,1.8,0.291
3801,Logic,25-1022,"Mathematical Science Teachers, Postsecondary",1.339,1.407,0.619
3801,Logic,11-9121,Natural Sciences Managers,1.328,1.241,1.313
3802,Religion/Religious Studies,25-1126,"Philosophy and Religion Teachers, Postsecondary",1.364,1.8,0.291
3802,Islamic Studies,25-1062,"Area, Ethnic, and Cultural Studies Teachers, Postsecondary",1.309,1.669,0.452
3899,"Philosophy and Religious Studies, Other",25-1126,"Philosophy and Religion Teachers, Postsecondary",1.364,1.8,0.291
3902,Bible/Biblical Studies,25-1126,"Philosophy and Religion Teachers, Postsecondary",1.364,1.8,0.291
3902,Bible/Biblical Studies,21-2021,"Directors, Religious Activities and Education",1.211,1.355,0.76
3903,Missions/Missionary Studies,25-1126,"Philosophy and Religion Teachers, Postsecondary",1.364,1.8,0.291
3903,Missions/Missionary Studies,21-2021,"Directors, Religious Activities and Education",1.211,1.355,0.76
3904,Religious Education,25-1126,"Philosophy and Religion Teachers, Postsecondary",1.364,1.8,0.291
3904,Religious Education,21-2021,"Directors, Religious Activities and Education",1.211,1.355,0.76
3905,Religious/Sacred Music,25-1126,"Philosophy and Religion Teachers, Postsecondary",1.364,1.8,0.291
3905,Worship Ministry,21-2021,"Directors, Religious Activities and Education",1.211,1.355,0.76
3905,Religious/Sacred Music,27-2041,Music Directors and Composers,0.883,1.032,0.018
3906,Theology/Theological Studies,25-1126,"Philosophy and Religion Teachers, Postsecondary",1.364,1.8,0.291
3906,Theology/Theological Studies,21-2011,Clergy,1.283,1.47,0.584
3907,Pastoral Studies/Counseling,25-1126,"Philosophy and Religion Teachers, Postsecondary",1.364,1.8,0.291
3907,Pastoral Studies/Counseling,21-2011,Clergy,1.283,1.47,0.584
3907,Pastoral Studies/Counseling,21-2021,"Directors, Religious Activities and Education",1.211,1.355,0.76
4001,"Physical Sciences, General",11-9121,Natural Sciences Managers,1.328,1.241,1.313
4001,"Physical Sciences, General",25-2031,"Secondary School Teachers, Except Special and Vocational Education",1.191,1.249,0.934
4002,Astronomy,19-2011,Astronomers,1.374,1.035,2.128
4002,Astrophysics,19-2012,Physicists,1.346,1.097,1.791
4002,Astronomy,11-9121,Natural Sciences Managers,1.328,1.241,1.313
4002,Astronomy,25-1051,"Atmospheric, Earth, Marine, and Space Sciences Teachers, Postsecondary",1.306,1.522,0.553
4002,"Astronomy and Astrophysics, Other",25-1054,"Physics Teachers, Postsecondary",1.044,1.24,0.334
4004,"Atmospheric Sciences and Meteorology, General",19-2021,Atmospheric and Space Scientists,1.374,1.259,1.362
4004,"Atmospheric Sciences and Meteorology, General",11-9121,Natural Sciences Managers,1.328,1.241,1.313
4004,"Atmospheric Sciences and Meteorology, General",25-1051,"Atmospheric, Earth, Marine, and Space Sciences Teachers, Postsecondary",1.306,1.522,0.553
4004,"Atmospheric Sciences and Meteorology, General",19-4099,"Life, Physical, and Social Science Technicians, All Other",0.45,0.176,1.003
4005,Environmental Chemistry,25-1053,"Environmental Science Teachers, Postsecondary",1.348,1.603,0.62
4005,"Chemistry, General",25-1052,"Chemistry Teachers, Postsecondary",1.334,1.45,0.813
4005,"Chemistry, General",11-9121,Natural Sciences Managers,1.328,1.241,1.313
4005,"Chemistry, General",25-2031,"Secondary School Teachers, Except Special and Vocational Education",1.191,1.249,0.934
4005,Chemical Physics,25-1054,"Physics Teachers, Postsecondary",1.044,1.24,0.334
4005,Environmental Chemistry,19-2041,"Environmental Scientists and Specialists, Including Health",1.014,0.87,1.229
4005,"Chemistry, General",19-2031,Chemists,0.501,0.327,0.805
4005,"Chemistry, General",19-4092,Forensic Science Technicians,0.24,0.01,0.928
4005,"Chemistry, General",19-4031,Chemical Technicians,0.063,-0.094,0.431
4006,Geochemistry,25-1052,"Chemistry Teachers, Postsecondary",1.334,1.45,0.813
4006,"Geology/Earth Science, General",11-9121,Natural Sciences Managers,1.328,1.241,1.313
4006,"Geology/Earth Science, General",25-1051,"Atmospheric, Earth, Marine, and Space Sciences Teachers, Postsecondary",1.306,1.522,0.553
4006,"Geology/Earth Science, General",19-2042,"Geoscientists, Except Hydrologists and Geographers",0.714,0.567,1.057
4006,"Geology/Earth Science, General",19-2043,Hydrologists,0.641,0.555,0.898
4008,"Physics, General",19-2012,Physicists,1.346,1.097,1.791
4008,"Physics, General",11-9121,Natural Sciences Managers,1.328,1.241,1.313
4008,"Physics, General",25-2031,"Secondary School Teachers, Except Special and Vocational Education",1.191,1.249,0.934
4008,"Physics, General",25-1054,"Physics Teachers, Postsecondary",1.044,1.24,0.334
4010,Materials Science,25-1032,"Engineering Teachers, Postsecondary",1.351,1.337,1.163
4010,Materials Chemistry,25-1052,"Chemistry Teachers, Postsecondary",1.334,1.45,0.813
4010,Materials Chemistry,11-9121,Natural Sciences Managers,1.328,1.241,1.313
4010,Materials Science,19-2032,Materials Scientists,1.033,0.786,1.593
4010,Materials Science,11-9041,Engineering Managers,0.837,0.647,1.326
4010,Materials Chemistry,19-2031,Chemists,0.501,0.327,0.805
4010,Materials Science,19-4099,"Life, Physical, and Social Science Technicians, All Other",0.45,0.176,1.003
4099,"Physical Sciences, Other",11-9121,Natural Sciences Managers,1.328,1.241,1.313
4099,"Physical Sciences, Other",19-2099,"Physical Scientists, All Other",1.14,0.913,1.584
4100,"Science Technologies/Technicians, General",19-4099,"Life, Physical, and Social Science Technicians, All Other",0.45,0.176,1.003
4199,"Science Technologies/Technicians, Other",19-4099,"Life, Physical, and Social Science Technicians, All Other",0.45,0.176,1.003
4201,"Psychology, General",19-3032,Industrial-Organizational Psychologists,1.402,1.427,1.257
4201,"Psychology, General",19-3039,"Psychologists, All Other",1.39,1.33,1.297
4201,"Psychology, General",25-1066,"Psychology Teachers, Postsecondary",1.334,1.716,0.307
4201,"Psychology, General",19-4061,Social Science Research Assistants,1.205,1.126,1.262
4201,"Psychology, General",11-9199,"Managers, All Other",0.965,0.91,0.964
4227,Cognitive Psychology and Psycholinguistics,19-3039,"Psychologists, All Other",1.39,1.33,1.297
4227,Psychometrics and Quantitative Psychology,15-2041,Statisticians,1.383,1.243,1.335
4227,Cognitive Psychology and Psycholinguistics,25-1066,"Psychology Teachers, Postsecondary",1.334,1.716,0.307
4227,Psychopharmacology,19-1042,"Medical Scientists, Except Epidemiologists",1.28,1.167,1.327
4227,Psychometrics and Quantitative Psychology,19-4061,Social Science Research Assistants,1.205,1.126,1.262
4227,Behavioral Neuroscience,19-1029,"Biological Scientists, All Other",1.01,0.883,1.285
4227,Cognitive Psychology and Psycholinguistics,11-9199,"Managers, All Other",0.965,0.91,0.964
4227,Psychopharmacology,25-1071,"Health Specialties Teachers, Postsecondary",0.925,1.226,0.064
4227,Developmental and Child Psychology,21-1021,"Child, Family, and School Social Workers",0.776,0.957,0.198
4228,Industrial and Organizational Psychology,13-1111,Management Analysts,1.432,1.548,0.966
4228,Industrial and Organizational Psychology,19-3032,Industrial-Organizational Psychologists,1.402,1.427,1.257
4228,Community Psychology,19-3039,"Psychologists, All Other",1.39,1.33,1.297
4228,Industrial and Organizational Psychology,13-1071,"Employment, Recruitment, and Placement Specialists",1.36,1.557,0.571
4228,Counseling Psychology,21-1014,Mental Health Counselors,1.342,1.537,0.649
4228,Clinical Psychology,25-1066,"Psychology Teachers, Postsecondary",1.334,1.716,0.307
4228,Industrial and Organizational Psychology,11-3121,Human Resources Managers,1.32,1.359,0.971
4228,Industrial and Organizational Psychology,11-3131,Training and Development Managers,1.284,1.337,1.2
4228,Industrial and Organizational Psychology,13-1151,Training and Development Specialists,1.198,1.323,0.948
4228,School Psychology,21-1012,"Educational, Vocational, and School Counselors",0.974,1.196,0.429
4228,Clinical Psychology,11-9199,"Managers, All Other",0.965,0.91,0.964
4228,Performance and Sport Psychology,27-2022,Coaches and Scouts,0.117,0.319,0.073
4299,"Psychology, Other",19-3039,"Psychologists, All Other",1.39,1.33,1.297
4299,"Psychology, Other",25-1066,"Psychology Teachers, Postsecondary",1.334,1.716,0.307
4299,"Psychology, Other",11-9199,"Managers, All Other",0.965,0.91,0.964
4301,Suspension and Debarment Investigation,13-2061,Financial Examiners,1.526,1.358,1.453
4301,"Criminal Justice and Corrections, General",25-1111,"Criminal Justice and Law Enforcement Teachers, Postsecondary",1.39,1.754,0.38
4301,Critical Incident Response/Special Police Operations,11-9161,Emergency Management Directors,1.031,0.901,1.404
4301,"Criminal Justice and Corrections, General",11-9199,"Managers, All Other",0.965,0.91,0.964
4301,Juvenile Corrections,21-1021,"Child, Family, and School Social Workers",0.776,0.957,0.198
4301,Criminal Justice/Police Science,33-9021,Private Detectives and Investigators,0.748,0.615,0.933
4301,Security and Loss Prevention Services,33-9031,Gaming Surveillance Officers and Gaming Investigators,0.728,0.433,1.111
4301,Suspension and Debarment Investigation,13-1041,"Compliance Officers, Except Agriculture, Construction, Health and Safety, and Transportation",0.698,0.572,0.825
4301,"Criminal Justice and Corrections, General",19-4099,"Life, Physical, and Social Science Technicians, All Other",0.45,0.176,1.003
4301,"Criminal Justice and Corrections, General",19-4092,Forensic Science Technicians,0.24,0.01,0.928
4301,"Criminal Justice and Corrections, General",33-3021,Detectives and Criminal Investigators,0.226,0.151,0.408
4301,"Criminal Justice and Corrections, General",33-1012,First-Line Supervisors/Managers of Police and Detectives,-0.192,-0.196,-0.144
4301,Security and Loss Prevention Services,33-9032,Security Guards,-0.391,-0.423,-0.338
4301,Criminal Justice/Police Science,33-3011,Bailiffs,-0.51,-0.171,-1.651
4301,"Criminal Justice and Corrections, General",33-1011,First-Line Supervisors/Managers of Correctional Officers,-0.558,-0.361,-0.886
4301,"Criminal Justice and Corrections, General",33-3051,Police and Sheriff's Patrol Officers,-0.668,-0.64,-0.621
4301,Security and Loss Prevention Services,33-3052,Transit and Railroad Police,-0.821,-0.745,-0.688
4301,"Criminal Justice and Corrections, General",33-3012,Correctional Officers and Jailers,-0.888,-0.669,-1.35
4302,Fire Services Administration,11-9199,"Managers, All Other",0.965,0.91,0.964
4302,Fire Services Administration,25-1194,"Vocational Education Teachers, Postsecondary",0.162,0.39,-0.357
4302,Fire Prevention and Safety Technology/Technician,33-2021,Fire Inspectors and Investigators,0.063,-0.152,0.794
4302,Fire Science/Fire-fighting,33-2022,Forest Fire Inspectors and Prevention Specialists,-0.214,-0.342,0.281
4302,Fire Prevention and Safety Technology/Technician,33-1021,First-Line Supervisors/Managers of Fire Fighting and Prevention Workers,-0.593,-0.636,-0.245
4302,Fire Prevention and Safety Technology/Technician,33-2011,Fire Fighters,-1.32,-1.287,-1.017
4303,Terrorism and Counterterrorism Operations,25-1111,"Criminal Justice and Law Enforcement Teachers, Postsecondary",1.39,1.754,0.38
4303,Homeland Security,11-9161,Emergency Management Directors,1.031,0.901,1.404
4303,Homeland Security,11-9199,"Managers, All Other",0.965,0.91,0.964
4303,Homeland Security,33-1012,First-Line Supervisors/Managers of Police and Detectives,-0.192,-0.196,-0.144
4304,Financial Forensics and Fraud Investigation,13-2061,Financial Examiners,1.526,1.358,1.453
4304,Financial Forensics and Fraud Investigation,13-2011,Accountants and Auditors,1.482,1.214,1.572
4304,Geospatial Intelligence,19-3092,Geographers,1.436,1.363,1.497
4304,"Security Science and Technology, General",25-1111,"Criminal Justice and Law Enforcement Teachers, Postsecondary",1.39,1.754,0.38
4304,Geospatial Intelligence,25-1064,"Geography Teachers, Postsecondary",1.319,1.629,0.503
4304,Cybersecurity Defense Strategy/Policy,11-9199,"Managers, All Other",0.965,0.91,0.964
4304,Geospatial Intelligence,17-1021,Cartographers and Photogrammetrists,0.817,0.472,1.699
4304,Cyber/Computer Forensics and Counterterrorism,33-9021,Private Detectives and Investigators,0.748,0.615,0.933
4304,Criminalistics and Criminal Science,19-4099,"Life, Physical, and Social Science Technicians, All Other",0.45,0.176,1.003
4304,Criminalistics and Criminal Science,19-4092,Forensic Science Technicians,0.24,0.01,0.928
4304,Criminalistics and Criminal Science,33-3021,Detectives and Criminal Investigators,0.226,0.151,0.408
4304,"Security Science and Technology, General",33-1012,First-Line Supervisors/Managers of Police and Detectives,-0.192,-0.196,-0.144
4304,Criminalistics and Criminal Science,33-3051,Police and Sheriff's Patrol Officers,-0.668,-0.64,-0.621
4400,"Human Services, General",11-9151,Social and Community Service Managers,1.156,1.225,0.79
4400,"Human Services, General",21-1093,Social and Human Service Assistants,0.465,0.557,0.072
4402,Community Organization and Advocacy,43-4061,"Eligibility Interviewers, Government Programs",1.226,1.417,0.313
4402,Community Organization and Advocacy,11-9151,Social and Community Service Managers,1.156,1.225,0.79
4404,Public Administration,11-1011,Chief Executives,1.334,1.309,1.31
4404,Transportation and Infrastructure Planning/Studies,19-3051,Urban and Regional Planners,1.228,1.075,1.642
4404,Public Administration,11-9151,Social and Community Service Managers,1.156,1.225,0.79
4404,Public Works Management,11-9021,Construction Managers,1.029,0.636,1.857
4404,Public Administration,11-9199,"Managers, All Other",0.965,0.91,0.964
4404,Public Administration,11-3071,"Transportation, Storage, and Distribution Managers",0.891,0.905,0.773
4404,Public Administration,11-9131,Postmasters and Mail Superintendents,0.823,0.866,0.471
4404,Public Administration,11-1021,General and Operations Managers,0.575,0.678,0.232
4404,Transportation and Infrastructure Planning/Studies,53-6041,Traffic Technicians,0.4,0.129,1.031
4405,"Public Policy Analysis, General",19-3094,Political Scientists,1.419,1.687,0.636
4405,"Public Policy Analysis, General",25-1065,"Political Science Teachers, Postsecondary",1.368,1.77,0.323
4405,Education Policy Analysis,19-3099,"Social Scientists and Related Workers, All Other",1.328,1.085,1.903
4405,Health Policy Analysis,11-9111,Medical and Health Services Managers,1.26,1.315,0.852
4405,"Public Policy Analysis, General",19-4061,Social Science Research Assistants,1.205,1.126,1.262
4405,Education Policy Analysis,25-1081,"Education Teachers, Postsecondary",1.193,1.624,0.041
4405,Health Policy Analysis,25-1071,"Health Specialties Teachers, Postsecondary",0.925,1.226,0.064
4407,Social Work,21-1013,Marriage and Family Therapists,1.367,1.473,0.857
4407,Social Work,25-1113,"Social Work Teachers, Postsecondary",1.347,1.739,0.351
4407,Social Work,11-9151,Social and Community Service Managers,1.156,1.225,0.79
4407,Social Work,21-1023,Mental Health and Substance Abuse Social Workers,1.119,1.253,0.555
4407,Social Work,21-1022,Medical and Public Health Social Workers,0.934,1.094,0.414
4407,Social Work,21-1021,"Child, Family, and School Social Workers",0.776,0.957,0.198
4407,Social Work,21-1092,Probation Officers and Correctional Treatment Specialists,0.527,0.897,-0.456
4501,Research Methodology and Quantitative Methods,19-3022,Survey Researchers,1.427,1.279,1.287
4501,Research Methodology and Quantitative Methods,19-3041,Sociologists,1.411,1.747,0.513
4501,Research Methodology and Quantitative Methods,15-2041,Statisticians,1.383,1.243,1.335
4501,Survey Research/Methodology,25-1067,"Sociology Teachers, Postsecondary",1.349,1.77,0.255
4501,"Social Sciences, General",19-3099,"Social Scientists and Related Workers, All Other",1.328,1.085,1.903
4501,"Social Sciences, Other",25-2022,"Middle School Teachers, Except Special and Vocational Education",1.286,1.284,1.01
4501,"Social Sciences, General",19-4061,Social Science Research Assistants,1.205,1.126,1.262
4501,"Social Sciences, General",25-2031,"Secondary School Teachers, Except Special and Vocational Education",1.191,1.249,0.934
4501,"Social Sciences, General",11-9199,"Managers, All Other",0.965,0.91,0.964
4501,"Social Sciences, Other",25-2021,"Elementary School Teachers, Except Special Education",0.887,1.017,0.571
4502,"Anthropology, General",25-1061,"Anthropology and Archeology Teachers, Postsecondary",1.322,1.534,0.781
4502,Cultural Anthropology,25-1062,"Area, Ethnic, and Cultural Studies Teachers, Postsecondary",1.309,1.669,0.452
4502,Forensic Anthropology,19-1042,"Medical Scientists, Except Epidemiologists",1.28,1.167,1.327
4502,"Anthropology, General",11-9199,"Managers, All Other",0.965,0.91,0.964
4502,"Anthropology, General",19-3091,Anthropologists and Archeologists,0.697,0.739,0.861
4502,Forensic Anthropology,19-4092,Forensic Science Technicians,0.24,0.01,0.928
4503,Archeology,25-1061,"Anthropology and Archeology Teachers, Postsecondary",1.322,1.534,0.781
4503,Archeology,11-9199,"Managers, All Other",0.965,0.91,0.964
4503,Archeology,19-3091,Anthropologists and Archeologists,0.697,0.739,0.861
4503,Archeology,39-7011,Tour Guides and Escorts,0.357,0.736,-0.574
4504,Criminology,19-3041,Sociologists,1.411,1.747,0.513
4504,Criminology,19-3039,"Psychologists, All Other",1.39,1.33,1.297
4504,Criminology,25-1111,"Criminal Justice and Law Enforcement Teachers, Postsecondary",1.39,1.754,0.38
4504,Criminology,11-9199,"Managers, All Other",0.965,0.91,0.964
4504,Criminology,19-4099,"Life, Physical, and Social Science Technicians, All Other",0.45,0.176,1.003
4506,"Economics, General",19-3022,Survey Researchers,1.427,1.279,1.287
4506,Applied Economics,13-1161,Market Research Analysts and Marketing Specialists,1.427,1.356,1.396
4506,"Economics, General",19-3011,Economists,1.404,1.33,1.299
4506,Econometrics and Quantitative Economics,15-2041,Statisticians,1.383,1.243,1.335
4506,"Economics, General",25-1063,"Economics Teachers, Postsecondary",1.319,1.462,0.55
4506,"Economics, General",19-4061,Social Science Research Assistants,1.205,1.126,1.262
4506,"Economics, General",25-2031,"Secondary School Teachers, Except Special and Vocational Education",1.191,1.249,0.934
4506,"Economics, General",11-9199,"Managers, All Other",0.965,0.91,0.964
4507,Geography,19-3092,Geographers,1.436,1.363,1.497
4507,Geography,25-1064,"Geography Teachers, Postsecondary",1.319,1.629,0.503
4507,Geography,11-9199,"Managers, All Other",0.965,0.91,0.964
4507,Geographic Information Science and Cartography,17-1021,Cartographers and Photogrammetrists,0.817,0.472,1.699
4507,Geography,17-3031,Surveying and Mapping Technicians,0.085,-0.29,0.962
4509,International Relations and Affairs,19-3094,Political Scientists,1.419,1.687,0.636
4509,International Relations and Affairs,25-1065,"Political Science Teachers, Postsecondary",1.368,1.77,0.323
4509,International Relations and Affairs,11-9199,"Managers, All Other",0.965,0.91,0.964
4510,"Political Science and Government, General",19-3094,Political Scientists,1.419,1.687,0.636
4510,Political Economy,19-3011,Economists,1.404,1.33,1.299
4510,"Political Science and Government, General",25-1065,"Political Science Teachers, Postsecondary",1.368,1.77,0.323
4510,Political Economy,25-1063,"Economics Teachers, Postsecondary",1.319,1.462,0.55
4510,"Political Science and Government, General",19-4061,Social Science Research Assistants,1.205,1.126,1.262
4510,"Political Science and Government, General",25-2031,"Secondary School Teachers, Except Special and Vocational Education",1.191,1.249,0.934
4510,"Political Science and Government, General",11-9199,"Managers, All Other",0.965,0.91,0.964
4511,"Sociology, General",19-3041,Sociologists,1.411,1.747,0.513
4511,"Sociology, General",25-1067,"Sociology Teachers, Postsecondary",1.349,1.77,0.255
4511,"Sociology, General",19-4061,Social Science Research Assistants,1.205,1.126,1.262
4511,"Sociology, General",11-9199,"Managers, All Other",0.965,0.91,0.964
4512,Urban Studies/Affairs,19-3041,Sociologists,1.411,1.747,0.513
4512,Urban Studies/Affairs,19-3051,Urban and Regional Planners,1.228,1.075,1.642
4512,Urban Studies/Affairs,11-9199,"Managers, All Other",0.965,0.91,0.964
4513,Sociology and Anthropology,19-3041,Sociologists,1.411,1.747,0.513
4513,Sociology and Anthropology,25-1067,"Sociology Teachers, Postsecondary",1.349,1.77,0.255
4513,Sociology and Anthropology,25-1061,"Anthropology and Archeology Teachers, Postsecondary",1.322,1.534,0.781
4513,Sociology and Anthropology,11-9199,"Managers, All Other",0.965,0.91,0.964
4513,Sociology and Anthropology,19-3091,Anthropologists and Archeologists,0.697,0.739,0.861
4599,"Social Sciences, Other",19-3099,"Social Scientists and Related Workers, All Other",1.328,1.085,1.903
4599,"Social Sciences, Other",11-9199,"Managers, All Other",0.965,0.91,0.964
4604,Building Construction Technology/Technician,17-3022,Civil Engineering Technicians,0.932,0.553,1.676
4604,Building/Home/Construction Inspection/Inspector,47-4011,Construction and Building Inspectors,0.286,0.068,0.972
4604,Building/Property Maintenance,47-1011,First-Line Supervisors/Managers of Construction Trades and Extraction Workers,-0.305,-0.36,-0.012
4604,Building/Property Maintenance,37-1011,First-Line Supervisors/Managers of Housekeeping and Janitorial Workers,-0.585,-0.367,-0.983
4604,Roofer,47-2231,Solar Photovoltaic Installers,-0.944,-1.037,-0.292
4604,Building/Property Maintenance,49-9071,"Maintenance and Repair Workers, General",-1.014,-1.07,-0.609
4604,"Carpet, Floor, and Tile Worker",47-2044,Tile and Marble Setters,-1.225,-1.196,-0.85
4604,Insulator,47-2132,"Insulation Workers, Mechanical",-1.269,-1.08,-1.419
4604,"Carpet, Floor, and Tile Worker",47-2042,"Floor Layers, Except Carpet, Wood, and Hard Tiles",-1.301,-1.049,-1.398
4604,Glazier,47-2121,Glaziers,-1.389,-1.267,-1.279
4604,Building/Construction Site Management/Manager,49-9095,Manufactured Building and Mobile Home Installers,-1.414,-1.44,-0.914
4604,"Carpet, Floor, and Tile Worker",47-2041,Carpet Installers,-1.565,-1.414,-1.435
4604,Painting/Painter and Wall Coverer,47-2141,"Painters, Construction and Maintenance",-1.588,-1.381,-1.581
4604,Insulator,47-2131,"Insulation Workers, Floor, Ceiling, and Wall",-1.619,-1.51,-1.406
4604,Drywall Installation/Drywaller,47-2081,Drywall and Ceiling Tile Installers,-1.648,-1.496,-1.467
4604,Painting/Painter and Wall Coverer,47-2142,Paperhangers,-1.728,-1.566,-1.528
4604,"Carpet, Floor, and Tile Worker",47-2043,Floor Sanders and Finishers,-1.749,-1.574,-1.828
4604,Roofer,47-2181,Roofers,-1.753,-1.553,-1.779
4604,"Carpet, Floor, and Tile Worker",47-2053,Terrazzo Workers and Finishers,-1.776,-1.685,-1.536
4604,Concrete Finishing/Concrete Finisher,47-2051,Cement Masons and Concrete Finishers,-1.777,-1.678,-1.53
4604,Metal Building Assembly/Assembler,47-2221,Structural Iron and Steel Workers,-1.78,-1.701,-1.474
4701,Business Machine Repair,49-2011,"Computer, Automated Teller, and Office Machine Repairers",-0.346,-0.454,0.153
4701,Computer Installation and Repair Technology/Technician,49-2094,"Electrical and Electronics Repairers, Commercial and Industrial Equipment",-0.463,-0.703,0.246
4701,"Electrical/Electronics Maintenance and Repair Technologies/Technicians, Other",49-2095,"Electrical and Electronics Repairers, Powerhouse, Substation, and Relay",-0.552,-0.672,-0.06
4701,Communications Systems Installation and Repair Technology/Technician,49-2097,Electronic Home Entertainment Equipment Installers and Repairers,-0.571,-0.73,0.049
4701,"Electrical/Electronics Equipment Installation and Repair Technology/Technician, General",49-9099,"Installation, Maintenance, and Repair Workers, All Other",-0.59,-0.793,-0.146
4701,Communications Systems Installation and Repair Technology/Technician,49-2021,Radio Mechanics,-0.634,-0.743,-0.124
4701,Industrial Electronics Technology/Technician,51-9141,Semiconductor Processors,-0.637,-0.713,-0.281
4701,"Security System Installation, Repair, and Inspection Technology/Technician",49-2098,Security and Fire Alarm Systems Installers,-0.693,-0.685,-0.454
4701,"Electrical/Electronics Equipment Installation and Repair Technology/Technician, General",49-2092,"Electric Motor, Power Tool, and Related Repairers",-0.811,-0.98,-0.309
4701,Communications Systems Installation and Repair Technology/Technician,49-2022,"Telecommunications Equipment Installers and Repairers, Except Line Installers",-0.853,-0.939,-0.299
4701,Appliance Installation and Repair Technology/Technician,49-9031,Home Appliance Repairers,-0.97,-0.928,-0.897
4701,Communications Systems Installation and Repair Technology/Technician,49-9052,Telecommunications Line Installers and Repairers,-1.084,-1.054,-0.819
4703,Heavy Equipment Maintenance Technology/Technician,49-9012,"Control and Valve Installers and Repairers, Except Mechanical Door",-0.761,-0.781,-0.389
4703,Industrial Mechanics and Maintenance Technology/Technician,47-4021,Elevator Installers and Repairers,-0.86,-0.928,-0.348
4703,Industrial Mechanics and Maintenance Technology/Technician,49-9081,Wind Turbine Service Technicians,-0.971,-0.984,-0.576
4703,Industrial Mechanics and Maintenance Technology/Technician,49-9043,"Maintenance Workers, Machinery",-0.974,-1.015,-0.724
4703,Industrial Mechanics and Maintenance Technology/Technician,49-9041,Industrial Machinery Mechanics,-1.133,-1.217,-0.847
4703,Heavy Equipment Maintenance Technology/Technician,49-3042,"Mobile Heavy Equipment Mechanics, Except Engines",-1.17,-1.259,-0.708
4703,Industrial Mechanics and Maintenance Technology/Technician,49-9045,"Refractory Materials Repairers, Except Brickmasons",-1.237,-1.209,-1.134
4703,Industrial Mechanics and Maintenance Technology/Technician,49-9044,Millwrights,-1.266,-1.284,-0.946
4703,Heavy Equipment Maintenance Technology/Technician,49-3043,Rail Car Repairers,-1.448,-1.485,-1.048
4706,Autobody/Collision and Repair Technology/Technician,13-1032,"Insurance Appraisers, Auto Damage",0.663,0.582,0.697
4706,Avionics Maintenance Technology/Technician,17-3021,Aerospace Engineering and Operations Technicians,0.391,0.201,0.699
4706,"Vehicle Maintenance and Repair Technology/Technician, General",49-1011,"First-Line Supervisors/Managers of Mechanics, Installers, and Repairers",-0.021,-0.114,0.06
4706,Avionics Maintenance Technology/Technician,49-2091,Avionics Technicians,-0.173,-0.264,0.173
4706,Airframe Mechanics and Aircraft Maintenance Technology/Technician,49-3011,Aircraft Mechanics and Service Technicians,-0.655,-0.814,-0.154
4706,Motorcycle Maintenance and Repair Technology/Technician,49-3052,Motorcycle Mechanics,-0.764,-0.666,-1.035
4706,Automobile/Automotive Mechanics Technology/Technician,49-2096,"Electronic Equipment Installers and Repairers, Motor Vehicles",-0.792,-0.87,-0.396
4706,Automobile/Automotive Mechanics Technology/Technician,49-2093,"Electrical and Electronics Installers and Repairers, Transportation Equipment",-0.83,-0.91,-0.384
4706,Airframe Mechanics and Aircraft Maintenance Technology/Technician,51-2011,"Aircraft Structure, Surfaces, Rigging, and Systems Assemblers",-0.868,-0.927,-0.521
4706,Small Engine Mechanics and Repair Technology/Technician,49-3051,Motorboat Mechanics,-0.886,-0.938,-0.714
4706,Small Engine Mechanics and Repair Technology/Technician,49-3053,Outdoor Power Equipment and Other Small Engine Mechanics,-0.894,-0.961,-0.631
4706,Bicycle Mechanics and Repair Technology/Technician,49-3091,Bicycle Repairers,-0.923,-0.823,-0.837
4706,Recreation Vehicle (RV) Service Technician,49-3092,Recreational Vehicle Service Technicians,-0.924,-0.869,-0.819
4706,"Vehicle Maintenance and Repair Technology/Technician, General",49-3023,Automotive Service Technicians and Mechanics,-0.955,-1.031,-0.708
4706,Engine Machinist,51-2031,Engine and Other Machine Assemblers,-0.956,-1.045,-0.571
4706,Diesel Mechanics Technology/Technician,49-3031,Bus and Truck Mechanics and Diesel Engine Specialists,-1.01,-1.058,-0.76
4706,Autobody/Collision and Repair Technology/Technician,49-3021,Automotive Body and Related Repairers,-1.181,-1.199,-0.702
4706,Autobody/Collision and Repair Technology/Technician,49-3022,Automotive Glass Installers and Repairers,-1.202,-1.235,-0.66
4807,Cabinetmaking and Millwork,51-7031,"Model Makers, Wood",-0.728,-0.802,-0.484
4807,Cabinetmaking and Millwork,51-7032,"Patternmakers, Wood",-1.058,-1.208,-0.627
4807,"Woodworking, General",51-7042,"Woodworking Machine Setters, Operators, and Tenders, Except Sawing",-1.13,-1.204,-0.952
4807,Cabinetmaking and Millwork,51-7041,"Sawing Machine Setters, Operators, and Tenders, Wood",-1.165,-1.265,-0.822
4807,Furniture Design and Manufacturing,51-7021,Furniture Finishers,-1.198,-1.238,-0.587
4807,Cabinetmaking and Millwork,51-7011,Cabinetmakers and Bench Carpenters,-1.327,-1.327,-1.027
4901,Air Traffic Controller,53-2021,Air Traffic Controllers,1.153,0.648,1.893
4901,"Aeronautics/Aviation/Aerospace Science and Technology, General",11-3071,"Transportation, Storage, and Distribution Managers",0.891,0.905,0.773
4901,Air Traffic Controller,53-2022,Airfield Operations Specialists,0.485,0.246,1.11
4901,Airline/Commercial/Professional Pilot and Flight Crew,53-2012,Commercial Pilots,-0.182,-0.644,0.989
4901,Airline/Commercial/Professional Pilot and Flight Crew,53-2011,"Airline Pilots, Copilots, and Flight Engineers",-0.207,-0.758,1.009
4901,Airline Flight Attendant,53-2031,Flight Attendants,-0.762,-0.365,-1.864
4903,Commercial Fishing,53-5021,"Captains, Mates, and Pilots of Water Vessels",-0.428,-0.793,0.672
4903,Marine Science/Merchant Marine Officer,53-5031,Ship Engineers,-0.526,-0.567,-0.482
4903,Marine Science/Merchant Marine Officer,53-5022,Motorboat Operators,-0.887,-1.177,0.036
4903,"Diver, Professional and Instructor",49-9092,Commercial Divers,-1.103,-1.082,-0.783
5001,Digital Arts,27-1011,Art Directors,1.023,0.727,2.249
5001,"Visual and Performing Arts, General",25-1121,"Art, Drama, and Music Teachers, Postsecondary",0.758,1.007,0.533
5001,Digital Arts,27-1024,Graphic Designers,0.716,0.527,1.917
5001,Digital Arts,27-1014,Multi-Media Artists and Animators,0.706,0.432,1.845
5001,"Visual and Performing Arts, General",27-4021,Photographers,-0.168,-0.382,0.929
5001,"Visual and Performing Arts, General",27-1013,"Fine Artists, Including Painters, Sculptors, and Illustrators",-0.569,-0.698,0.915
5001,"Visual and Performing Arts, General",27-1012,Craft Artists,-0.93,-0.917,-0.234
5002,"Crafts/Craft Design, Folk Art and Artisanry",25-1121,"Art, Drama, and Music Teachers, Postsecondary",0.758,1.007,0.533
5002,"Crafts/Craft Design, Folk Art and Artisanry",27-1012,Craft Artists,-0.93,-0.917,-0.234
5003,"Dance, General",25-1121,"Art, Drama, and Music Teachers, Postsecondary",0.758,1.007,0.533
5003,"Dance, General",27-2032,Choreographers,-1.576,-0.886,-2.267
5003,"Dance, General",27-2031,Dancers,-2.67,-1.793,-3.655
5004,Interior Design,25-1031,"Architecture Teachers, Postsecondary",1.222,1.246,1.323
5004,Interior Design,27-1025,Interior Designers,1.122,0.822,2.421
5004,Graphic Design,27-1011,Art Directors,1.023,0.727,2.249
5004,"Design and Visual Communications, General",27-1021,Commercial and Industrial Designers,0.867,0.56,1.973
5004,"Design and Visual Communications, General",25-1121,"Art, Drama, and Music Teachers, Postsecondary",0.758,1.007,0.533
5004,"Design and Visual Communications, General",27-1024,Graphic Designers,0.716,0.527,1.917
5004,Graphic Design,27-1014,Multi-Media Artists and Animators,0.706,0.432,1.845
5004,Fashion/Apparel Design,27-1022,Fashion Designers,0.58,0.508,1.301
5004,"Design and Visual Communications, General",27-1027,Set and Exhibit Designers,-0.052,-0.16,0.751
5004,Commercial Photography,27-4021,Photographers,-0.168,-0.382,0.929
5005,Playwriting and Screenwriting,27-3043,Writers and Authors,0.988,1.17,1.17
5005,"Drama and Dramatics/Theatre Arts, General",27-2012,Producers and Directors,0.939,0.86,1.206
5005,Musical Theatre,27-2041,Music Directors and Composers,0.883,1.032,0.018
5005,"Drama and Dramatics/Theatre Arts, General",25-1121,"Art, Drama, and Music Teachers, Postsecondary",0.758,1.007,0.533
5005,Costume Design,27-1022,Fashion Designers,0.58,0.508,1.301
5005,"Drama and Dramatics/Theatre Arts, General",27-2011,Actors,0.159,0.578,-0.413
5005,Musical Theatre,27-2042,Musicians and Singers,-0.004,0.29,-1.082
5005,Technical Theatre/Theatre Design and Technology,27-1027,Set and Exhibit Designers,-0.052,-0.16,0.751
5005,"Dramatic/Theatre Arts and Stagecraft, Other",39-3092,Costume Attendants,-0.453,-0.296,-0.331
5005,Musical Theatre,27-2032,Choreographers,-1.576,-0.886,-2.267
5005,Musical Theatre,27-2031,Dancers,-2.67,-1.793,-3.655
5006,Documentary Production,25-1122,"Communications Teachers, Postsecondary",1.347,1.702,0.31
5006,Cinematography and Film/Video Production,27-4032,Film and Video Editors,0.986,0.657,1.97
5006,Film/Cinema/Media Studies,27-2012,Producers and Directors,0.939,0.86,1.206
5006,Film/Cinema/Media Studies,25-1121,"Art, Drama, and Music Teachers, Postsecondary",0.758,1.007,0.533
5006,Photography,27-4021,Photographers,-0.168,-0.382,0.929
5006,Cinematography and Film/Video Production,27-4031,"Camera Operators, Television, Video, and Motion Picture",-0.447,-0.629,0.376
5007,"Art/Art Studies, General",25-2031,"Secondary School Teachers, Except Special and Vocational Education",1.191,1.249,0.934
5007,Intermedia/Multimedia,27-1011,Art Directors,1.023,0.727,2.249
5007,"Art/Art Studies, General",25-1121,"Art, Drama, and Music Teachers, Postsecondary",0.758,1.007,0.533
5007,"Art History, Criticism and Conservation",25-4012,Curators,0.737,0.656,1.287
5007,Drawing,27-1014,Multi-Media Artists and Animators,0.706,0.432,1.845
5007,"Art History, Criticism and Conservation",25-4011,Archivists,0.677,0.693,0.872
5007,"Art History, Criticism and Conservation",25-4013,Museum Technicians and Conservators,-0.091,-0.111,0.228
5007,Jewelry Arts,51-9071,Jewelers and Precious Stone and Metal Workers,-0.156,-0.637,1.035
5007,"Art/Art Studies, General",27-4021,Photographers,-0.168,-0.382,0.929
5007,"Art/Art Studies, General",27-1013,"Fine Artists, Including Painters, Sculptors, and Illustrators",-0.569,-0.698,0.915
5007,"Art/Art Studies, General",27-1012,Craft Artists,-0.93,-0.917,-0.234
5009,"Music, General",25-2031,"Secondary School Teachers, Except Special and Vocational Education",1.191,1.249,0.934
5009,"Music Performance, General",27-2041,Music Directors and Composers,0.883,1.032,0.018
5009,"Music History, Literature, and Theory",25-1121,"Art, Drama, and Music Teachers, Postsecondary",0.758,1.007,0.533
5009,Music Technology,27-4014,Sound Engineering Technicians,0.472,0.338,0.453
5009,"Music, General",27-2042,Musicians and Singers,-0.004,0.29,-1.082
5010,"Arts, Entertainment, and Media Management, General",13-1011,"Agents and Business Managers of Artists, Performers, and Athletes",1.069,1.248,0.43
5010,"Arts, Entertainment, and Media Management, General",11-9199,"Managers, All Other",0.965,0.91,0.964
5010,Theatre/Theatre Arts Management,27-2012,Producers and Directors,0.939,0.86,1.206
5010,Music Management,27-2041,Music Directors and Composers,0.883,1.032,0.018
5010,"Arts, Entertainment, and Media Management, General",25-1121,"Art, Drama, and Music Teachers, Postsecondary",0.758,1.007,0.533
5099,"Visual and Performing Arts, Other",25-1121,"Art, Drama, and Music Teachers, Postsecondary",0.758,1.007,0.533
5100,"Health and Wellness, General",21-1091,Health Educators,0.692,0.968,0.083
5100,"Health and Wellness, General",21-1094,Community Health Workers,0.037,0.135,-0.167
5102,"Communication Sciences and Disorders, General",29-1127,Speech-Language Pathologists,1.146,1.343,0.229
5102,"Communication Sciences and Disorders, General",25-1071,"Health Specialties Teachers, Postsecondary",0.925,1.226,0.064
5102,"Communication Sciences and Disorders, General",29-1181,Audiologists,0.633,0.696,0.004
5106,Dental Assisting/Assistant,25-1071,"Health Specialties Teachers, Postsecondary",0.925,1.226,0.064
5106,Dental Laboratory Technology/Technician,51-9081,Dental Laboratory Technicians,0.001,-0.437,1.043
5106,Dental Assisting/Assistant,31-9091,Dental Assistants,-0.527,-0.346,-0.961
5107,Clinical Research Coordinator,11-9033,"Education Administrators, Postsecondary",1.461,1.545,1.11
5107,Hospital and Health Care Facilities Administration/Management,25-1011,"Business Teachers, Postsecondary",1.349,1.618,0.377
5107,Health/Medical Claims Examiner,13-1031,"Claims Adjusters, Examiners, and Investigators",1.274,1.106,1.286
5107,Health/Health Care Administration/Management,11-9111,Medical and Health Services Managers,1.26,1.315,0.852
5107,Medical Office Assistant/Specialist,43-6013,Medical Secretaries,1.218,1.298,0.394
5107,Medical Transcription/Transcriptionist,31-9094,Medical Transcriptionists,1.063,1.196,0.063
5107,Medical Office Management/Administration,43-1011,First-Line Supervisors/Managers of Office and Administrative Support Workers,1.039,1.134,0.626
5107,Clinical Research Coordinator,11-9199,"Managers, All Other",0.965,0.91,0.964
5107,Medical Staff Services Technology/Technician,13-1041,"Compliance Officers, Except Agriculture, Construction, Health and Safety, and Transportation",0.698,0.572,0.825
5107,Medical/Health Management and Clinical Assistant/Specialist,29-9099,"Healthcare Practitioners and Technical Workers, All Other",0.23,0.279,-0.135
5107,Health Unit Coordinator/Ward Clerk,31-9099,"Healthcare Support Workers, All Other",0.166,0.252,-0.225
5107,Medical/Health Management and Clinical Assistant/Specialist,31-9092,Medical Assistants,0.15,0.236,-0.257
5108,Medical/Clinical Assistant,25-1071,"Health Specialties Teachers, Postsecondary",0.925,1.226,0.064
5108,Radiologist Assistant,31-9099,"Healthcare Support Workers, All Other",0.166,0.252,-0.225
5108,Medical/Clinical Assistant,31-9092,Medical Assistants,0.15,0.236,-0.257
5108,Pharmacy Technician/Assistant,29-2052,Pharmacy Technicians,0.007,-0.023,-0.143
5108,Clinical/Medical Laboratory Assistant,29-2012,Medical and Clinical Laboratory Technicians,-0.127,-0.283,0.13
5108,Respiratory Therapy Technician/Assistant,29-2099,"Health Technologists and Technicians, All Other",-0.284,-0.281,-0.35
5108,Occupational Therapist Assistant,31-2011,Occupational Therapist Assistants,-0.315,-0.075,-0.762
5108,Pathology/Pathologist Assistant,29-2055,Surgical Technologists,-0.483,-0.542,-0.44
5108,Physical Therapy Assistant,31-2021,Physical Therapist Assistants,-0.531,-0.247,-1.016
5108,Emergency Care Attendant (EMT Ambulance),53-3011,"Ambulance Drivers and Attendants, Except Emergency Medical Technicians",-0.83,-0.844,-0.606
5109,Cardiovascular Technology/Technologist,25-1071,"Health Specialties Teachers, Postsecondary",0.925,1.226,0.064
5109,Hearing Instrument Specialist,29-2092,Hearing Aid Specialists,0.565,0.458,0.418
5109,Radiation Protection/Health Physics Technician,19-4051,Nuclear Technicians,0.17,-0.091,0.514
5109,Physician Assistant,29-1071,Physician Assistants,0.106,0.04,0.054
5109,Nuclear Medical Technology/Technologist,29-2033,Nuclear Medicine Technologists,0.086,-0.023,0.256
5109,Magnetic Resonance Imaging (MRI) Technology/Technician,29-2035,Magnetic Resonance Imaging Technologists,-0.073,-0.137,-0.035
5109,Cardiovascular Technology/Technologist,29-2031,Cardiovascular Technologists and Technicians,-0.091,-0.131,-0.206
5109,Respiratory Care Therapy/Therapist,29-1126,Respiratory Therapists,-0.188,-0.199,-0.271
5109,Medical Radiologic Technology/Science - Radiation Therapist,29-1124,Radiation Therapists,-0.219,-0.316,-0.115
5109,Diagnostic Medical Sonography/Sonographer and Ultrasound Technician,29-2032,Diagnostic Medical Sonographers,-0.264,-0.274,-0.205
5109,Electroneurodiagnostic/Electroencephalographic Technology/Technologist,29-2099,"Health Technologists and Technicians, All Other",-0.284,-0.281,-0.35
5109,Athletic Training/Trainer,29-9091,Athletic Trainers,-0.331,-0.095,-0.685
5109,Surgical Technology/Technologist,29-2055,Surgical Technologists,-0.483,-0.542,-0.44
5109,Medical Radiologic Technology/Science - Radiation Therapist,29-2034,Radiologic Technologists and Technicians,-0.556,-0.405,-0.795
5110,Blood Bank Technology Specialist,25-1071,"Health Specialties Teachers, Postsecondary",0.925,1.226,0.064
5110,Cytotechnology/Cytotechnologist,29-2011,Medical and Clinical Laboratory Technologists,0.282,-0.042,0.903
5110,Blood Bank Technology Specialist,29-2012,Medical and Clinical Laboratory Technicians,-0.127,-0.283,0.13
5110,Phlebotomy Technician/Phlebotomist,31-9097,Phlebotomists,-0.278,-0.253,-0.328
5110,Renal/Dialysis Technologist/Technician,29-2099,"Health Technologists and Technicians, All Other",-0.284,-0.281,-0.35
5110,Sterile Processing Technology/Technician,29-2055,Surgical Technologists,-0.483,-0.542,-0.44
5110,Ophthalmic Laboratory Technology/Technician,51-9083,Ophthalmic Laboratory Technicians,-0.597,-0.918,0.086
5110,Sterile Processing Technology/Technician,31-9093,Medical Equipment Preparers,-0.731,-0.776,-0.594
5112,Podiatric Medicine/Podiatry,29-1081,Podiatrists,0.628,0.554,0.652
5115,Genetic Counseling/Counselor,29-9092,Genetic Counselors,1.528,1.478,1.347
5115,Marriage and Family Therapy/Counseling,21-1013,Marriage and Family Therapists,1.367,1.473,0.857
5115,Clinical/Medical Social Work,25-1113,"Social Work Teachers, Postsecondary",1.347,1.739,0.351
5115,Substance Abuse/Addiction Counseling,21-1014,Mental Health Counselors,1.342,1.537,0.649
5115,Marriage and Family Therapy/Counseling,25-1066,"Psychology Teachers, Postsecondary",1.334,1.716,0.307
5115,Clinical Pastoral Counseling/Patient Counseling,21-2011,Clergy,1.283,1.47,0.584
5115,Clinical Pastoral Counseling/Patient Counseling,21-2021,"Directors, Religious Activities and Education",1.211,1.355,0.76
5115,Clinical/Medical Social Work,21-1023,Mental Health and Substance Abuse Social Workers,1.119,1.253,0.555
5115,Substance Abuse/Addiction Counseling,21-1011,Substance Abuse and Behavioral Disorder Counselors,1.031,1.204,0.482
5115,Clinical/Medical Social Work,21-1022,Medical and Public Health Social Workers,0.934,1.094,0.414
5115,Substance Abuse/Addiction Counseling,25-1071,"Health Specialties Teachers, Postsecondary",0.925,1.226,0.064
5115,Infant/Toddler Mental Health Services,21-1021,"Child, Family, and School Social Workers",0.776,0.957,0.198
5115,Community Health Services/Liaison/Counseling,21-1091,Health Educators,0.692,0.968,0.083
5115,Community Health Services/Liaison/Counseling,21-1094,Community Health Workers,0.037,0.135,-0.167
5115,Psychiatric/Mental Health Services Technician,29-2053,Psychiatric Technicians,-0.22,-0.001,-0.665
5120,Pharmacoeconomics/Pharmaceutical Economics,19-3011,Economists,1.404,1.33,1.299
5120,Medicinal and Pharmaceutical Chemistry,25-1052,"Chemistry Teachers, Postsecondary",1.334,1.45,0.813
5120,Clinical and Industrial Drug Development,11-9121,Natural Sciences Managers,1.328,1.241,1.313
5120,Pharmacoeconomics/Pharmaceutical Economics,25-1063,"Economics Teachers, Postsecondary",1.319,1.462,0.55
5120,Pharmaceutical Marketing and Management,11-2021,Marketing Managers,1.315,1.204,1.61
5120,Pharmaceutics and Drug Design,19-1042,"Medical Scientists, Except Epidemiologists",1.28,1.167,1.327
5120,Pharmaceutical Marketing and Management,11-2022,Sales Managers,1.266,1.294,1.01
5120,Pharmacy,11-9111,Medical and Health Services Managers,1.26,1.315,0.852
5120,Industrial and Physical Pharmacy and Cosmetic Sciences,11-9199,"Managers, All Other",0.965,0.91,0.964
5120,Pharmacy,25-1071,"Health Specialties Teachers, Postsecondary",0.925,1.226,0.064
5120,Pharmaceutics and Drug Design,19-1021,Biochemists and Biophysicists,0.906,0.794,1.209
5120,Pharmacy,29-1051,Pharmacists,0.606,0.571,0.478
5120,Clinical and Industrial Drug Development,11-3051,Industrial Production Managers,0.509,0.354,0.655
5120,Medicinal and Pharmaceutical Chemistry,19-2031,Chemists,0.501,0.327,0.805
5122,Public Health Genetics,29-9092,Genetic Counselors,1.528,1.478,1.347
5122,Environmental Health,19-1041,Epidemiologists,1.436,1.284,1.653
5122,Health/Medical Physics,19-2012,Physicists,1.346,1.097,1.791
5122,Environmental Health,19-1042,"Medical Scientists, Except Epidemiologists",1.28,1.167,1.327
5122,"Public Health, General",11-9111,Medical and Health Services Managers,1.26,1.315,0.852
5122,Health/Medical Physics,25-1054,"Physics Teachers, Postsecondary",1.044,1.24,0.334
5122,Environmental Health,19-2041,"Environmental Scientists and Specialists, Including Health",1.014,0.87,1.229
5122,"Public Health, General",25-1071,"Health Specialties Teachers, Postsecondary",0.925,1.226,0.064
5122,Patient Safety and Healthcare Quality,13-1041,"Compliance Officers, Except Agriculture, Construction, Health and Safety, and Transportation",0.698,0.572,0.825
5122,"Public Health, General",21-1091,Health Educators,0.692,0.968,0.083
5122,"Public Health, General",21-1094,Community Health Workers,0.037,0.135,-0.167
5123,"Rehabilitation and Therapeutic Professions, General",25-1071,"Health Specialties Teachers, Postsecondary",0.925,1.226,0.064
5123,Assistive/Augmentative Technology and Rehabilitation Engineering,17-2199,"Engineers, All Other",0.788,0.581,1.213
5123,Vocational Rehabilitation Counseling/Counselor,21-1015,Rehabilitation Counselors,0.503,0.835,-0.282
5123,Therapeutic Recreation/Recreational Therapy,29-1125,Recreational Therapists,0.219,0.401,-0.238
5123,Occupational Therapy/Therapist,29-1122,Occupational Therapists,0.115,0.266,-0.108
5123,Orthotist/Prosthetist,29-2091,Orthotists and Prosthetists,0.067,0.126,0.137
5123,Kinesiotherapy/Kinesiotherapist,29-1128,Exercise Physiologists,-0.033,0.307,-0.81
5123,Physical Therapy/Therapist,29-1123,Physical Therapists,-0.358,-0.059,-0.879
5123,Orthotist/Prosthetist,51-9082,Medical Appliance Technicians,-0.495,-0.548,-0.32
5127,Medical Illustration/Medical Illustrator,27-1013,"Fine Artists, Including Painters, Sculptors, and Illustrators",-0.569,-0.698,0.915
5131,Dietetics/Dietitian,29-1031,Dietitians and Nutritionists,1.343,1.364,1.184
5131,Dietetics/Dietitian,29-2051,Dietetic Technicians,-0.126,-0.128,-0.143
5132,Health Professions Education,11-9033,"Education Administrators, Postsecondary",1.461,1.545,1.11
5132,History of Medicine,25-1125,"History Teachers, Postsecondary",1.437,1.813,0.481
5132,Medical/Health Humanities,19-3092,Geographers,1.436,1.363,1.497
5132,Medical/Health Humanities,19-3041,Sociologists,1.411,1.747,0.513
5132,Bioethics/Medical Ethics,25-1126,"Philosophy and Religion Teachers, Postsecondary",1.364,1.8,0.291
5132,Medical/Health Humanities,19-3099,"Social Scientists and Related Workers, All Other",1.328,1.085,1.903
5132,Arts in Medicine/Health,11-9111,Medical and Health Services Managers,1.26,1.315,0.852
5132,Bioethics/Medical Ethics,21-2021,"Directors, Religious Activities and Education",1.211,1.355,0.76
5132,Health Professions Education,25-1081,"Education Teachers, Postsecondary",1.193,1.624,0.041
5132,Medical/Health Humanities,19-3093,Historians,1.099,1.491,0.26
5132,Health Professions Education,25-1071,"Health Specialties Teachers, Postsecondary",0.925,1.226,0.064
5132,Medical/Health Humanities,19-3091,Anthropologists and Archeologists,0.697,0.739,0.861
5132,Nursing Education,25-1072,"Nursing Instructors and Teachers, Postsecondary",0.517,0.744,-0.125
5132,Bioethics/Medical Ethics,29-9099,"Healthcare Practitioners and Technical Workers, All Other",0.23,0.279,-0.135
5132,Arts in Medicine/Health,21-1094,Community Health Workers,0.037,0.135,-0.167
5133,Traditional Chinese Medicine and Chinese Herbology,29-9099,"Healthcare Practitioners and Technical Workers, All Other",0.23,0.279,-0.135
5138,Nursing Administration,11-9111,Medical and Health Services Managers,1.26,1.315,0.852
5138,Registered Nursing/Registered Nurse,25-1072,"Nursing Instructors and Teachers, Postsecondary",0.517,0.744,-0.125
5138,Nurse Anesthetist,29-1151,Nurse Anesthetists,0.241,0.134,0.239
5138,Registered Nursing/Registered Nurse,29-1141,Registered Nurses,0.229,0.272,-0.048
5138,Nurse Midwife/Nursing Midwifery,29-1161,Nurse Midwives,0.197,0.305,-0.124
5138,Nursing Administration,29-1171,Nurse Practitioners,0.19,0.302,-0.278
5139,Licensed Practical/Vocational Nurse Training,29-2061,Licensed Practical and Licensed Vocational Nurses,-0.514,-0.298,-1.111
5201,"Business/Commerce, General",13-1111,Management Analysts,1.432,1.548,0.966
5201,"Business/Commerce, General",13-1051,Cost Estimators,1.368,1.134,1.478
5201,"Business/Commerce, General",25-1011,"Business Teachers, Postsecondary",1.349,1.618,0.377
5201,"Business/Commerce, General",11-1011,Chief Executives,1.334,1.309,1.31
5201,"Business/Commerce, General",11-2022,Sales Managers,1.266,1.294,1.01
5201,"Business/Commerce, General",11-9151,Social and Community Service Managers,1.156,1.225,0.79
5201,"Business/Commerce, General",11-9021,Construction Managers,1.029,0.636,1.857
5201,"Business/Commerce, General",11-9199,"Managers, All Other",0.965,0.91,0.964
5201,"Business/Commerce, General",11-3071,"Transportation, Storage, and Distribution Managers",0.891,0.905,0.773
5201,"Business/Commerce, General",11-1021,General and Operations Managers,0.575,0.678,0.232
5201,"Business/Commerce, General",11-3051,Industrial Production Managers,0.509,0.354,0.655
5202,Risk Management,15-2011,Actuaries,1.516,1.2,1.637
5202,"Purchasing, Procurement/Acquisitions and Contracts Management",13-1023,"Purchasing Agents, Except Wholesale, Retail, and Farm Products",1.509,1.496,1.058
5202,Research Administration,11-9033,"Education Administrators, Postsecondary",1.461,1.545,1.11
5202,Risk Management,11-3031,Financial Managers,1.446,1.295,1.331
5202,"Business Administration and Management, General",13-1141,"Compensation, Benefits, and Job Analysis Specialists",1.441,1.362,1.221
5202,"Business Administration and Management, General",13-1111,Management Analysts,1.432,1.548,0.966
5202,"Purchasing, Procurement/Acquisitions and Contracts Management",11-3061,Purchasing Managers,1.423,1.393,1.298
5202,"Business Administration and Management, General",13-1051,Cost Estimators,1.368,1.134,1.478
5202,Non-Profit/Public/Organizational Management,13-2099,"Financial Specialists, All Other",1.361,1.253,1.221
5202,"Business Administration and Management, General",13-1071,"Employment, Recruitment, and Placement Specialists",1.36,1.557,0.571
5202,"Business Administration and Management, General",25-1011,"Business Teachers, Postsecondary",1.349,1.618,0.377
5202,"Business Administration and Management, General",11-1011,Chief Executives,1.334,1.309,1.31
5202,Research and Development Management,11-9121,Natural Sciences Managers,1.328,1.241,1.313
5202,Risk Management,13-2053,Insurance Underwriters,1.327,1.262,1.229
5202,"Business Administration and Management, General",11-3121,Human Resources Managers,1.32,1.359,0.971
5202,"Business Administration and Management, General",11-3111,Compensation and Benefits Managers,1.298,1.467,0.559
5202,"Business Administration and Management, General",13-1081,Logisticians,1.297,1.081,1.569
5202,"Business Administration and Management, General",11-3131,Training and Development Managers,1.284,1.337,1.2
5202,"Business Administration and Management, General",11-2022,Sales Managers,1.266,1.294,1.01
5202,Non-Profit/Public/Organizational Management,11-9111,Medical and Health Services Managers,1.26,1.315,0.852
5202,Research Administration,13-1131,Fundraisers,1.243,1.405,0.718
5202,"Business Administration and Management, General",11-9151,Social and Community Service Managers,1.156,1.225,0.79
5202,"Purchasing, Procurement/Acquisitions and Contracts Management",13-1011,"Agents and Business Managers of Artists, Performers, and Athletes",1.069,1.248,0.43
5202,Operations Management and Supervision,11-3021,Computer and Information Systems Managers,1.06,0.945,1.275
5202,"Business Administration and Management, General",13-1199,"Business Operations Specialists, All Other",1.048,0.925,1.221
5202,Office Management and Supervision,43-1011,First-Line Supervisors/Managers of Office and Administrative Support Workers,1.039,1.134,0.626
5202,"Business Administration and Management, General",11-9021,Construction Managers,1.029,0.636,1.857
5202,"Business Administration and Management, General",11-9199,"Managers, All Other",0.965,0.91,0.964
5202,"Business Administration and Management, General",11-3071,"Transportation, Storage, and Distribution Managers",0.891,0.905,0.773
5202,Science/Technology Management,11-9041,Engineering Managers,0.837,0.647,1.326
5202,"Business Administration and Management, General",11-1021,General and Operations Managers,0.575,0.678,0.232
5202,"Business Administration and Management, General",11-3051,Industrial Production Managers,0.509,0.354,0.655
5202,Non-Profit/Public/Organizational Management,11-9039,"Education Administrators, All Other",0.354,0.628,-0.152
5202,E-Commerce/Electronic Commerce,41-1011,First-Line Supervisors/Managers of Retail Sales Workers,0.019,0.201,-0.503
5202,Operations Management and Supervision,49-1011,"First-Line Supervisors/Managers of Mechanics, Installers, and Repairers",-0.021,-0.114,0.06
5202,Operations Management and Supervision,51-1011,First-Line Supervisors/Managers of Production and Operating Workers,-0.085,-0.037,-0.232
5203,Accounting,13-2061,Financial Examiners,1.526,1.358,1.453
5203,Accounting,13-2031,Budget Analysts,1.503,1.3,1.326
5203,Accounting,13-2011,Accountants and Auditors,1.482,1.214,1.572
5203,Accounting and Finance,11-3031,Financial Managers,1.446,1.295,1.331
5203,Accounting Technology/Technician and Bookkeeping,43-9111,Statistical Assistants,1.39,1.053,1.791
5203,Accounting and Finance,13-2051,Financial Analysts,1.381,1.273,1.164
5203,Accounting,13-2081,"Tax Examiners, Collectors, and Revenue Agents",1.367,1.253,1.043
5203,Accounting,25-1011,"Business Teachers, Postsecondary",1.349,1.618,0.377
5203,Accounting,13-2041,Credit Analysts,1.345,1.092,1.176
5203,Accounting,13-2082,Tax Preparers,1.294,1.144,1.04
5203,Accounting Technology/Technician and Bookkeeping,43-3051,Payroll and Timekeeping Clerks,1.258,1.155,0.782
5203,Accounting Technology/Technician and Bookkeeping,43-4011,Brokerage Clerks,1.145,1.026,0.738
5203,Accounting Technology/Technician and Bookkeeping,43-3031,"Bookkeeping, Accounting, and Auditing Clerks",1.04,0.818,0.76
5204,General Office Occupations and Clerical Services,43-3061,Procurement Clerks,1.488,1.59,0.724
5204,General Office Occupations and Clerical Services,43-5011,Cargo and Freight Agents,1.405,1.255,1.238
5204,"Administrative Assistant and Secretarial Science, General",43-4161,"Human Resources Assistants, Except Payroll and Timekeeping",1.353,1.481,0.776
5204,General Office Occupations and Clerical Services,43-9041,Insurance Claims and Policy Processing Clerks,1.24,1.257,0.537
5204,"Traffic, Customs, and Transportation Clerk/Technician",43-5032,"Dispatchers, Except Police, Fire, and Ambulance",1.235,1.128,1.069
5204,General Office Occupations and Clerical Services,43-4021,Correspondence Clerks,1.15,1.184,0.708
5204,"Administrative Assistant and Secretarial Science, General",43-6014,"Secretaries, Except Legal, Medical, and Executive",1.099,1.254,0.264
5204,"Administrative Assistant and Secretarial Science, General",43-6011,Executive Secretaries and Administrative Assistants,1.08,1.106,0.655
5204,"Business Operations Support and Secretarial Services, Other",13-1199,"Business Operations Specialists, All Other",1.048,0.925,1.221
5204,"Administrative Assistant and Secretarial Science, General",43-1011,First-Line Supervisors/Managers of Office and Administrative Support Workers,1.039,1.134,0.626
5204,Receptionist,43-4171,Receptionists and Information Clerks,1.013,1.033,0.457
5204,General Office Occupations and Clerical Services,43-9061,"Office Clerks, General",0.989,0.911,0.624
5204,Receptionist,43-4051,Customer Service Representatives,0.956,1.076,0.415
5204,Receptionist,43-4151,Order Clerks,0.839,0.761,0.528
5204,"Parts, Warehousing, and Inventory Management Operations",43-5061,"Production, Planning, and Expediting Clerks",0.7,0.661,0.619
5204,General Office Occupations and Clerical Services,43-9022,Word Processors and Typists,0.622,0.507,0.526
5204,Business/Office Automation/Technology/Data Entry,43-9021,Data Entry Keyers,0.311,0.172,0.294
5204,General Office Occupations and Clerical Services,43-4071,File Clerks,0.284,0.24,0.537
5205,"Business/Corporate Communications, General",25-1011,"Business Teachers, Postsecondary",1.349,1.618,0.377
5205,"Business/Corporate Communications, General",25-1122,"Communications Teachers, Postsecondary",1.347,1.702,0.31
5205,"Business/Corporate Communications, General",43-9081,Proofreaders and Copy Markers,1.288,1.436,0.642
5205,"Business/Corporate Communications, General",27-3031,Public Relations Specialists,1.285,1.518,0.691
5205,Grantsmanship,13-1131,Fundraisers,1.243,1.405,0.718
5205,"Business/Corporate Communications, General",27-3042,Technical Writers,1.184,1.317,1.244
5205,"Business/Corporate Communications, General",27-3041,Editors,1.128,1.191,1.229
5205,"Business/Corporate Communications, General",27-3043,Writers and Authors,0.988,1.17,1.17
5206,Business/Managerial Economics,13-1111,Management Analysts,1.432,1.548,0.966
5206,Business/Managerial Economics,19-3022,Survey Researchers,1.427,1.279,1.287
5206,Business/Managerial Economics,19-3011,Economists,1.404,1.33,1.299
5206,Business/Managerial Economics,25-1063,"Economics Teachers, Postsecondary",1.319,1.462,0.55
5207,Entrepreneurship/Entrepreneurial Studies,25-1011,"Business Teachers, Postsecondary",1.349,1.618,0.377
5207,Entrepreneurship/Entrepreneurial Studies,11-1011,Chief Executives,1.334,1.309,1.31
5207,Entrepreneurship/Entrepreneurial Studies,11-9199,"Managers, All Other",0.965,0.91,0.964
5207,Entrepreneurship/Entrepreneurial Studies,11-1021,General and Operations Managers,0.575,0.678,0.232
5208,"Finance, General",13-2031,Budget Analysts,1.503,1.3,1.326
5208,"Finance, General",11-3031,Financial Managers,1.446,1.295,1.331
5208,"Finance, General",13-1141,"Compensation, Benefits, and Job Analysis Specialists",1.441,1.362,1.221
5208,Banking and Financial Support Services,43-4041,"Credit Authorizers, Checkers, and Clerks",1.44,1.546,0.566
5208,"Finance, General",13-2052,Personal Financial Advisors,1.401,1.396,0.815
5208,"Finance, General",13-2072,Loan Officers,1.386,1.477,0.33
5208,Banking and Financial Support Services,13-2071,Loan Counselors,1.385,1.355,0.932
5208,"Finance, General",13-2051,Financial Analysts,1.381,1.273,1.164
5208,Banking and Financial Support Services,43-4131,Loan Interviewers and Clerks,1.364,1.274,1.019
5208,"Finance, General",13-2099,"Financial Specialists, All Other",1.361,1.253,1.221
5208,"Finance, General",25-1011,"Business Teachers, Postsecondary",1.349,1.618,0.377
5208,"Finance, General",13-2041,Credit Analysts,1.345,1.092,1.176
5208,"Finance, General",11-1011,Chief Executives,1.334,1.309,1.31
5208,Financial Risk Management,13-2053,Insurance Underwriters,1.327,1.262,1.229
5208,Banking and Financial Support Services,43-3011,Bill and Account Collectors,1.272,1.27,0.764
5208,Financial Planning and Services,41-3031,"Securities, Commodities, and Financial Services Sales Agents",1.256,1.26,0.773
5208,Banking and Financial Support Services,43-4141,New Accounts Clerks,1.175,1.201,0.384
5208,"Finance, General",11-1021,General and Operations Managers,0.575,0.678,0.232
5208,Banking and Financial Support Services,43-3071,Tellers,0.473,0.431,-0.057
5209,"Hotel, Motel, and Restaurant Management",25-1011,"Business Teachers, Postsecondary",1.349,1.618,0.377
5209,Hotel/Motel Administration/Management,13-1199,"Business Operations Specialists, All Other",1.048,0.925,1.221
5209,Tourism and Travel Services Management,11-9199,"Managers, All Other",0.965,0.91,0.964
5209,Casino Management,11-9071,Gaming Managers,0.83,0.719,0.731
5209,Tourism and Travel Services Management,39-7012,Travel Guides,0.608,0.553,0.607
5209,"Hospitality Administration/Management, General",11-9081,Lodging Managers,0.402,0.464,0.205
5209,Meeting and Event Planning,13-1121,Meeting and Convention Planners,0.374,0.513,0.199
5209,"Hospitality Administration/Management, General",11-9051,Food Service Managers,-0.121,0.061,-0.71
5210,"Human Resources Management/Personnel Administration, General",13-1141,"Compensation, Benefits, and Job Analysis Specialists",1.441,1.362,1.221
5210,"Human Resources Management/Personnel Administration, General",13-1071,"Employment, Recruitment, and Placement Specialists",1.36,1.557,0.571
5210,Labor and Industrial Relations,25-1112,"Law Teachers, Postsecondary",1.356,1.802,0.266
5210,"Human Resources Management/Personnel Administration, General",43-4161,"Human Resources Assistants, Except Payroll and Timekeeping",1.353,1.481,0.776
5210,"Human Resources Management/Personnel Administration, General",25-1011,"Business Teachers, Postsecondary",1.349,1.618,0.377
5210,"Human Resources Management/Personnel Administration, General",13-1075,Labor Relations Specialists,1.335,1.431,0.944
5210,"Human Resources Management/Personnel Administration, General",11-3121,Human Resources Managers,1.32,1.359,0.971
5210,"Human Resources Management/Personnel Administration, General",11-3111,Compensation and Benefits Managers,1.298,1.467,0.559
5210,"Human Resources Management/Personnel Administration, General",11-3131,Training and Development Managers,1.284,1.337,1.2
5210,"Human Resources Management/Personnel Administration, General",13-1151,Training and Development Specialists,1.198,1.323,0.948
5210,Executive/Career Coaching,21-1012,"Educational, Vocational, and School Counselors",0.974,1.196,0.429
5210,"Human Resources Management/Personnel Administration, General",13-1041,"Compliance Officers, Except Agriculture, Construction, Health and Safety, and Transportation",0.698,0.572,0.825
5211,International Business/Trade/Commerce,25-1011,"Business Teachers, Postsecondary",1.349,1.618,0.377
5211,International Business/Trade/Commerce,11-1011,Chief Executives,1.334,1.309,1.31
5211,International Business/Trade/Commerce,13-1199,"Business Operations Specialists, All Other",1.048,0.925,1.221
5211,International Business/Trade/Commerce,11-1021,General and Operations Managers,0.575,0.678,0.232
5212,"Management Information Systems, General",25-1021,"Computer Science Teachers, Postsecondary",1.278,1.39,0.879
5212,"Management Information Systems, General",11-3021,Computer and Information Systems Managers,1.06,0.945,1.275
5213,Actuarial Science,15-2011,Actuaries,1.516,1.2,1.637
5213,Management Science,13-1111,Management Analysts,1.432,1.548,0.966
5213,Business Statistics,19-3022,Survey Researchers,1.427,1.279,1.287
5213,Management Science,15-2031,Operations Research Analysts,1.4,1.234,1.535
5213,Business Statistics,15-2041,Statisticians,1.383,1.243,1.335
5213,Management Science,25-1011,"Business Teachers, Postsecondary",1.349,1.618,0.377
5213,Business Statistics,25-1022,"Mathematical Science Teachers, Postsecondary",1.339,1.407,0.619
5213,Management Science,11-1011,Chief Executives,1.334,1.309,1.31
5213,Actuarial Science,13-2053,Insurance Underwriters,1.327,1.262,1.229
5213,Management Science,11-1021,General and Operations Managers,0.575,0.678,0.232
5214,"Marketing/Marketing Management, General",13-1161,Market Research Analysts and Marketing Specialists,1.427,1.356,1.396
5214,Marketing Research,19-3022,Survey Researchers,1.427,1.279,1.287
5214,"Marketing/Marketing Management, General",25-1011,"Business Teachers, Postsecondary",1.349,1.618,0.377
5214,"Marketing/Marketing Management, General",11-2021,Marketing Managers,1.315,1.204,1.61
5214,"Marketing/Marketing Management, General",11-2011,Advertising and Promotions Managers,1.294,1.217,1.615
5214,"Marketing/Marketing Management, General",11-2022,Sales Managers,1.266,1.294,1.01
5214,"Marketing/Marketing Management, General",13-1131,Fundraisers,1.243,1.405,0.718
5215,Real Estate,11-9141,"Property, Real Estate, and Community Association Managers",1.215,1.215,1.054
5215,Real Estate,41-9021,Real Estate Brokers,1.15,1.348,0.454
5215,Real Estate,41-9022,Real Estate Sales Agents,0.865,0.701,1.148
5217,Insurance,13-1141,"Compensation, Benefits, and Job Analysis Specialists",1.441,1.362,1.221
5217,Insurance,25-1011,"Business Teachers, Postsecondary",1.349,1.618,0.377
5217,Insurance,41-3021,Insurance Sales Agents,1.341,1.427,0.678
5217,Insurance,13-2053,Insurance Underwriters,1.327,1.262,1.229
5217,Insurance,11-3111,Compensation and Benefits Managers,1.298,1.467,0.559
5217,Insurance,13-1031,"Claims Adjusters, Examiners, and Investigators",1.274,1.106,1.286
5217,Insurance,13-1032,"Insurance Appraisers, Auto Damage",0.663,0.582,0.697
5218,"Sales, Distribution, and Marketing Operations, General",13-1023,"Purchasing Agents, Except Wholesale, Retail, and Farm Products",1.509,1.496,1.058
5218,"Sales, Distribution, and Marketing Operations, General",25-1011,"Business Teachers, Postsecondary",1.349,1.618,0.377
5218,Selling Skills and Sales Operations,41-1012,First-Line Supervisors/Managers of Non-Retail Sales Workers,1.316,1.259,1.27
5218,Selling Skills and Sales Operations,41-3011,Advertising Sales Agents,1.163,1.122,1.13
5218,Selling Skills and Sales Operations,41-3041,Travel Agents,1.134,1.278,0.334
5218,Selling Skills and Sales Operations,41-4011,"Sales Representatives, Wholesale and Manufacturing, Technical and Scientific Products",0.891,0.953,0.675
5218,"Sales, Distribution, and Marketing Operations, General",41-4012,"Sales Representatives, Wholesale and Manufacturing, Except Technical and Scientific Products",0.822,1.039,0.178
5218,"Sales, Distribution, and Marketing Operations, General",13-1022,"Wholesale and Retail Buyers, Except Farm Products",0.819,0.791,0.669
5218,Retailing and Retail Operations,41-9011,Demonstrators and Product Promoters,0.124,0.334,-0.343
5218,Retailing and Retail Operations,41-1011,First-Line Supervisors/Managers of Retail Sales Workers,0.019,0.201,-0.503
5218,Selling Skills and Sales Operations,41-2022,Parts Salespersons,-0.118,-0.014,-0.44
5219,Apparel and Accessories Marketing Operations,13-1161,Market Research Analysts and Marketing Specialists,1.427,1.356,1.396
5219,Special Products Marketing Operations,41-1012,First-Line Supervisors/Managers of Non-Retail Sales Workers,1.316,1.259,1.27
5219,Hospitality and Recreation Marketing Operations,11-2021,Marketing Managers,1.315,1.204,1.61
5219,Business and Personal/Financial Services Marketing Operations,41-3031,"Securities, Commodities, and Financial Services Sales Agents",1.256,1.26,0.773
5219,Tourism and Travel Services Marketing Operations,41-3041,Travel Agents,1.134,1.278,0.334
5219,Fashion Merchandising,41-4012,"Sales Representatives, Wholesale and Manufacturing, Except Technical and Scientific Products",0.822,1.039,0.178
5219,Fashion Merchandising,13-1022,"Wholesale and Retail Buyers, Except Farm Products",0.819,0.791,0.669
5219,Special Products Marketing Operations,41-1011,First-Line Supervisors/Managers of Retail Sales Workers,0.019,0.201,-0.503
5219,Vehicle and Vehicle Parts and Accessories Marketing Operations,41-2022,Parts Salespersons,-0.118,-0.014,-0.44
5219,Fashion Modeling,27-1026,Merchandise Displayers and Window Trimmers,-1.001,-0.735,-0.866
5219,Fashion Modeling,41-9012,Models,-1.122,-0.503,-1.801
5220,Construction Project Management,25-1011,"Business Teachers, Postsecondary",1.349,1.618,0.377
5220,"Construction Management, General",11-9021,Construction Managers,1.029,0.636,1.857
5401,"History, General",25-1125,"History Teachers, Postsecondary",1.437,1.813,0.481
5401,History and Philosophy of Science and Technology,11-9121,Natural Sciences Managers,1.328,1.241,1.313
5401,"History, General",25-2031,"Secondary School Teachers, Except Special and Vocational Education",1.191,1.249,0.934
5401,"History, General",19-3093,Historians,1.099,1.491,0.26
5401,"History, General",11-9199,"Managers, All Other",0.965,0.91,0.964
5401,Public/Applied History,25-4012,Curators,0.737,0.656,1.287
5401,Public/Applied History,25-4011,Archivists,0.677,0.693,0.872
5401,"History, General",39-7011,Tour Guides and Escorts,0.357,0.736,-0.574
5401,Public/Applied History,25-4013,Museum Technicians and Conservators,-0.091,-0.111,0.228
