datastore_row_id,condominium_id,condominium_name_th,building_name_th,province_code,province_name_th,district_code,district_name_th,subdistrict_code_source,subdistrict_name_th_source,land_office_branch_code,land_office_branch_name_th,floor_or_range_source,floor_value_has_thai_month_token,use_category_th,assessed_value_thb_per_sqm,duplicate_of_datastore_row_id,value_basis
116179,41905,แอลเอ คอนโดมิเนียม,-,83,ภูเก็ต,1,เมืองภูเก็ต,NULL,NULL,83000000,สำนักงานที่ดินจังหวัดภูเก็ต,2,False,ห้องชุดพักอาศัย/พื้นที่ระเบียง,99300,,official_statutory_assessment_rate_not_market_price
116180,41905,แอลเอ คอนโดมิเนียม,-,83,ภูเก็ต,1,เมืองภูเก็ต,NULL,NULL,83000000,สำนักงานที่ดินจังหวัดภูเก็ต,3,False,ห้องชุดพักอาศัย/พื้นที่ระเบียง,99900,,official_statutory_assessment_rate_not_market_price
116181,41905,แอลเอ คอนโดมิเนียม,-,83,ภูเก็ต,1,เมืองภูเก็ต,NULL,NULL,83000000,สำนักงานที่ดินจังหวัดภูเก็ต,4,False,ห้องชุดพักอาศัย/พื้นที่ระเบียง,100800,,official_statutory_assessment_rate_not_market_price
116182,41905,แอลเอ คอนโดมิเนียม,-,83,ภูเก็ต,1,เมืองภูเก็ต,NULL,NULL,83000000,สำนักงานที่ดินจังหวัดภูเก็ต,5,False,ห้องชุดพักอาศัย/พื้นที่ระเบียง,101900,,official_statutory_assessment_rate_not_market_price
116183,41905,แอลเอ คอนโดมิเนียม,-,83,ภูเก็ต,1,เมืองภูเก็ต,NULL,NULL,83000000,สำนักงานที่ดินจังหวัดภูเก็ต,6,False,ห้องชุดพักอาศัย/พื้นที่ระเบียง,103000,,official_statutory_assessment_rate_not_market_price
116184,41679,ยูโทเปีย กะรน,A1,83,ภูเก็ต,1,เมืองภูเก็ต,NULL,NULL,83000000,สำนักงานที่ดินจังหวัดภูเก็ต,2,False,ห้องชุดพักอาศัยตากอากาศ/พื้นที่ระเบียง,96600,,official_statutory_assessment_rate_not_market_price
116185,41679,ยูโทเปีย กะรน,A1,83,ภูเก็ต,1,เมืองภูเก็ต,NULL,NULL,83000000,สำนักงานที่ดินจังหวัดภูเก็ต,3,False,ห้องชุดพักอาศัยตากอากาศ/พื้นที่ระเบียง,97900,,official_statutory_assessment_rate_not_market_price
116186,41679,ยูโทเปีย กะรน,A1,83,ภูเก็ต,1,เมืองภูเก็ต,NULL,NULL,83000000,สำนักงานที่ดินจังหวัดภูเก็ต,4,False,ห้องชุดพักอาศัยตากอากาศ/พื้นที่ระเบียง,99600,,official_statutory_assessment_rate_not_market_price
116187,41679,ยูโทเปีย กะรน,A1,83,ภูเก็ต,1,เมืองภูเก็ต,NULL,NULL,83000000,สำนักงานที่ดินจังหวัดภูเก็ต,5,False,ห้องชุดพักอาศัยตากอากาศ/พื้นที่ระเบียง,101500,,official_statutory_assessment_rate_not_market_price
116188,41679,ยูโทเปีย กะรน,A1,83,ภูเก็ต,1,เมืองภูเก็ต,NULL,NULL,83000000,สำนักงานที่ดินจังหวัดภูเก็ต,6,False,ห้องชุดพักอาศัยตากอากาศ/พื้นที่ระเบียง,103700,,official_statutory_assessment_rate_not_market_price
116189,41679,ยูโทเปีย กะรน,A2,83,ภูเก็ต,1,เมืองภูเก็ต,NULL,NULL,83000000,สำนักงานที่ดินจังหวัดภูเก็ต,2,False,ห้องชุดพักอาศัยตากอากาศ/พื้นที่ระเบียง,96600,,official_statutory_assessment_rate_not_market_price
116190,41679,ยูโทเปีย กะรน,A2,83,ภูเก็ต,1,เมืองภูเก็ต,NULL,NULL,83000000,สำนักงานที่ดินจังหวัดภูเก็ต,3,False,ห้องชุดพักอาศัยตากอากาศ/พื้นที่ระเบียง,97900,,official_statutory_assessment_rate_not_market_price
116191,41679,ยูโทเปีย กะรน,A2,83,ภูเก็ต,1,เมืองภูเก็ต,NULL,NULL,83000000,สำนักงานที่ดินจังหวัดภูเก็ต,4,False,ห้องชุดพักอาศัยตากอากาศ/พื้นที่ระเบียง,99600,,official_statutory_assessment_rate_not_market_price
116192,41679,ยูโทเปีย กะรน,A2,83,ภูเก็ต,1,เมืองภูเก็ต,NULL,NULL,83000000,สำนักงานที่ดินจังหวัดภูเก็ต,5,False,ห้องชุดพักอาศัยตากอากาศ/พื้นที่ระเบียง,101500,,official_statutory_assessment_rate_not_market_price
116193,41679,ยูโทเปีย กะรน,A2,83,ภูเก็ต,1,เมืองภูเก็ต,NULL,NULL,83000000,สำนักงานที่ดินจังหวัดภูเก็ต,6,False,ห้องชุดพักอาศัยตากอากาศ/พื้นที่ระเบียง,103700,,official_statutory_assessment_rate_not_market_price
116194,41679,ยูโทเปีย กะรน,B1,83,ภูเก็ต,1,เมืองภูเก็ต,NULL,NULL,83000000,สำนักงานที่ดินจังหวัดภูเก็ต,1,False,ห้องชุดพักอาศัยตากอากาศ/พื้นที่ระเบียง,116200,,official_statutory_assessment_rate_not_market_price
116195,41679,ยูโทเปีย กะรน,B1,83,ภูเก็ต,1,เมืองภูเก็ต,NULL,NULL,83000000,สำนักงานที่ดินจังหวัดภูเก็ต,2,False,ห้องชุดพักอาศัยตากอากาศ/พื้นที่ระเบียง,118700,,official_statutory_assessment_rate_not_market_price
116196,41679,ยูโทเปีย กะรน,B1,83,ภูเก็ต,1,เมืองภูเก็ต,NULL,NULL,83000000,สำนักงานที่ดินจังหวัดภูเก็ต,3,False,ห้องชุดพักอาศัยตากอากาศ/พื้นที่ระเบียง,123900,,official_statutory_assessment_rate_not_market_price
116197,41679,ยูโทเปีย กะรน,B1,83,ภูเก็ต,1,เมืองภูเก็ต,NULL,NULL,83000000,สำนักงานที่ดินจังหวัดภูเก็ต,4,False,ห้องชุดพักอาศัยตากอากาศ/พื้นที่ระเบียง,132800,,official_statutory_assessment_rate_not_market_price
116198,41679,ยูโทเปีย กะรน,B2,83,ภูเก็ต,1,เมืองภูเก็ต,NULL,NULL,83000000,สำนักงานที่ดินจังหวัดภูเก็ต,1,False,ห้องชุดพักอาศัยตากอากาศ/พื้นที่ระเบียง,116200,,official_statutory_assessment_rate_not_market_price
116199,41679,ยูโทเปีย กะรน,B2,83,ภูเก็ต,1,เมืองภูเก็ต,NULL,NULL,83000000,สำนักงานที่ดินจังหวัดภูเก็ต,2,False,ห้องชุดพักอาศัยตากอากาศ/พื้นที่ระเบียง,118700,,official_statutory_assessment_rate_not_market_price
116200,41679,ยูโทเปีย กะรน,B2,83,ภูเก็ต,1,เมืองภูเก็ต,NULL,NULL,83000000,สำนักงานที่ดินจังหวัดภูเก็ต,3,False,ห้องชุดพักอาศัยตากอากาศ/พื้นที่ระเบียง,123900,,official_statutory_assessment_rate_not_market_price
116201,41679,ยูโทเปีย กะรน,B2,83,ภูเก็ต,1,เมืองภูเก็ต,NULL,NULL,83000000,สำนักงานที่ดินจังหวัดภูเก็ต,4,False,ห้องชุดพักอาศัยตากอากาศ/พื้นที่ระเบียง,132800,,official_statutory_assessment_rate_not_market_price
116202,41679,ยูโทเปีย กะรน,B3,83,ภูเก็ต,1,เมืองภูเก็ต,NULL,NULL,83000000,สำนักงานที่ดินจังหวัดภูเก็ต,1,False,ห้องชุดพักอาศัยตากอากาศ/พื้นที่ระเบียง,116200,,official_statutory_assessment_rate_not_market_price
116203,41679,ยูโทเปีย กะรน,B3,83,ภูเก็ต,1,เมืองภูเก็ต,NULL,NULL,83000000,สำนักงานที่ดินจังหวัดภูเก็ต,2,False,ห้องชุดพักอาศัยตากอากาศ/พื้นที่ระเบียง,118700,,official_statutory_assessment_rate_not_market_price
116204,41679,ยูโทเปีย กะรน,B3,83,ภูเก็ต,1,เมืองภูเก็ต,NULL,NULL,83000000,สำนักงานที่ดินจังหวัดภูเก็ต,3,False,ห้องชุดพักอาศัยตากอากาศ/พื้นที่ระเบียง,123900,,official_statutory_assessment_rate_not_market_price
116205,41679,ยูโทเปีย กะรน,B3,83,ภูเก็ต,1,เมืองภูเก็ต,NULL,NULL,83000000,สำนักงานที่ดินจังหวัดภูเก็ต,4,False,ห้องชุดพักอาศัยตากอากาศ/พื้นที่ระเบียง,132800,,official_statutory_assessment_rate_not_market_price
116206,41679,ยูโทเปีย กะรน,B4,83,ภูเก็ต,1,เมืองภูเก็ต,NULL,NULL,83000000,สำนักงานที่ดินจังหวัดภูเก็ต,1,False,ห้องชุดพักอาศัยตากอากาศ/พื้นที่ระเบียง,116200,,official_statutory_assessment_rate_not_market_price
116207,41679,ยูโทเปีย กะรน,B4,83,ภูเก็ต,1,เมืองภูเก็ต,NULL,NULL,83000000,สำนักงานที่ดินจังหวัดภูเก็ต,2,False,ห้องชุดพักอาศัยตากอากาศ/พื้นที่ระเบียง,118700,,official_statutory_assessment_rate_not_market_price
116208,41679,ยูโทเปีย กะรน,B4,83,ภูเก็ต,1,เมืองภูเก็ต,NULL,NULL,83000000,สำนักงานที่ดินจังหวัดภูเก็ต,3,False,ห้องชุดพักอาศัยตากอากาศ/พื้นที่ระเบียง,123900,,official_statutory_assessment_rate_not_market_price
116209,41679,ยูโทเปีย กะรน,B4,83,ภูเก็ต,1,เมืองภูเก็ต,NULL,NULL,83000000,สำนักงานที่ดินจังหวัดภูเก็ต,4,False,ห้องชุดพักอาศัยตากอากาศ/พื้นที่ระเบียง,132800,,official_statutory_assessment_rate_not_market_price
116210,41679,ยูโทเปีย กะรน,B5,83,ภูเก็ต,1,เมืองภูเก็ต,NULL,NULL,83000000,สำนักงานที่ดินจังหวัดภูเก็ต,1,False,ห้องชุดพักอาศัยตากอากาศ/พื้นที่ระเบียง,116200,,official_statutory_assessment_rate_not_market_price
116211,41679,ยูโทเปีย กะรน,B5,83,ภูเก็ต,1,เมืองภูเก็ต,NULL,NULL,83000000,สำนักงานที่ดินจังหวัดภูเก็ต,2,False,ห้องชุดพักอาศัยตากอากาศ/พื้นที่ระเบียง,118700,,official_statutory_assessment_rate_not_market_price
116212,41679,ยูโทเปีย กะรน,B5,83,ภูเก็ต,1,เมืองภูเก็ต,NULL,NULL,83000000,สำนักงานที่ดินจังหวัดภูเก็ต,3,False,ห้องชุดพักอาศัยตากอากาศ/พื้นที่ระเบียง,123900,,official_statutory_assessment_rate_not_market_price
116213,41679,ยูโทเปีย กะรน,B5,83,ภูเก็ต,1,เมืองภูเก็ต,NULL,NULL,83000000,สำนักงานที่ดินจังหวัดภูเก็ต,4,False,ห้องชุดพักอาศัยตากอากาศ/พื้นที่ระเบียง,132800,,official_statutory_assessment_rate_not_market_price
116214,41679,ยูโทเปีย กะรน,B6,83,ภูเก็ต,1,เมืองภูเก็ต,NULL,NULL,83000000,สำนักงานที่ดินจังหวัดภูเก็ต,1,False,ห้องชุดพักอาศัยตากอากาศ/พื้นที่ระเบียง,116200,,official_statutory_assessment_rate_not_market_price
116215,41679,ยูโทเปีย กะรน,B6,83,ภูเก็ต,1,เมืองภูเก็ต,NULL,NULL,83000000,สำนักงานที่ดินจังหวัดภูเก็ต,2,False,ห้องชุดพักอาศัยตากอากาศ/พื้นที่ระเบียง,118700,,official_statutory_assessment_rate_not_market_price
116216,41679,ยูโทเปีย กะรน,B6,83,ภูเก็ต,1,เมืองภูเก็ต,NULL,NULL,83000000,สำนักงานที่ดินจังหวัดภูเก็ต,3,False,ห้องชุดพักอาศัยตากอากาศ/พื้นที่ระเบียง,123900,,official_statutory_assessment_rate_not_market_price
116217,41679,ยูโทเปีย กะรน,B6,83,ภูเก็ต,1,เมืองภูเก็ต,NULL,NULL,83000000,สำนักงานที่ดินจังหวัดภูเก็ต,4,False,ห้องชุดพักอาศัยตากอากาศ/พื้นที่ระเบียง,132800,,official_statutory_assessment_rate_not_market_price
116218,41679,ยูโทเปีย กะรน,B7,83,ภูเก็ต,1,เมืองภูเก็ต,NULL,NULL,83000000,สำนักงานที่ดินจังหวัดภูเก็ต,1,False,ห้องชุดพักอาศัยตากอากาศ/พื้นที่ระเบียง,116200,,official_statutory_assessment_rate_not_market_price
116219,41679,ยูโทเปีย กะรน,B7,83,ภูเก็ต,1,เมืองภูเก็ต,NULL,NULL,83000000,สำนักงานที่ดินจังหวัดภูเก็ต,2,False,ห้องชุดพักอาศัยตากอากาศ/พื้นที่ระเบียง,118700,,official_statutory_assessment_rate_not_market_price
116220,41679,ยูโทเปีย กะรน,B7,83,ภูเก็ต,1,เมืองภูเก็ต,NULL,NULL,83000000,สำนักงานที่ดินจังหวัดภูเก็ต,3,False,ห้องชุดพักอาศัยตากอากาศ/พื้นที่ระเบียง,123900,,official_statutory_assessment_rate_not_market_price
116221,41679,ยูโทเปีย กะรน,B7,83,ภูเก็ต,1,เมืองภูเก็ต,NULL,NULL,83000000,สำนักงานที่ดินจังหวัดภูเก็ต,4,False,ห้องชุดพักอาศัยตากอากาศ/พื้นที่ระเบียง,132800,,official_statutory_assessment_rate_not_market_price
116222,41679,ยูโทเปีย กะรน,B8,83,ภูเก็ต,1,เมืองภูเก็ต,NULL,NULL,83000000,สำนักงานที่ดินจังหวัดภูเก็ต,1,False,ห้องชุดพักอาศัยตากอากาศ/พื้นที่ระเบียง,116200,,official_statutory_assessment_rate_not_market_price
116223,41679,ยูโทเปีย กะรน,B8,83,ภูเก็ต,1,เมืองภูเก็ต,NULL,NULL,83000000,สำนักงานที่ดินจังหวัดภูเก็ต,2,False,ห้องชุดพักอาศัยตากอากาศ/พื้นที่ระเบียง,118700,,official_statutory_assessment_rate_not_market_price
116224,41679,ยูโทเปีย กะรน,B8,83,ภูเก็ต,1,เมืองภูเก็ต,NULL,NULL,83000000,สำนักงานที่ดินจังหวัดภูเก็ต,3,False,ห้องชุดพักอาศัยตากอากาศ/พื้นที่ระเบียง,123900,,official_statutory_assessment_rate_not_market_price
116225,41679,ยูโทเปีย กะรน,B8,83,ภูเก็ต,1,เมืองภูเก็ต,NULL,NULL,83000000,สำนักงานที่ดินจังหวัดภูเก็ต,4,False,ห้องชุดพักอาศัยตากอากาศ/พื้นที่ระเบียง,132800,,official_statutory_assessment_rate_not_market_price
116226,41679,ยูโทเปีย กะรน,B9,83,ภูเก็ต,1,เมืองภูเก็ต,NULL,NULL,83000000,สำนักงานที่ดินจังหวัดภูเก็ต,1,False,ห้องชุดพักอาศัยตากอากาศ/พื้นที่ระเบียง,116200,,official_statutory_assessment_rate_not_market_price
116227,41679,ยูโทเปีย กะรน,B9,83,ภูเก็ต,1,เมืองภูเก็ต,NULL,NULL,83000000,สำนักงานที่ดินจังหวัดภูเก็ต,2,False,ห้องชุดพักอาศัยตากอากาศ/พื้นที่ระเบียง,118700,,official_statutory_assessment_rate_not_market_price
116228,41679,ยูโทเปีย กะรน,B9,83,ภูเก็ต,1,เมืองภูเก็ต,NULL,NULL,83000000,สำนักงานที่ดินจังหวัดภูเก็ต,3,False,ห้องชุดพักอาศัยตากอากาศ/พื้นที่ระเบียง,123900,,official_statutory_assessment_rate_not_market_price
116229,41679,ยูโทเปีย กะรน,B9,83,ภูเก็ต,1,เมืองภูเก็ต,NULL,NULL,83000000,สำนักงานที่ดินจังหวัดภูเก็ต,4,False,ห้องชุดพักอาศัยตากอากาศ/พื้นที่ระเบียง,132800,,official_statutory_assessment_rate_not_market_price
116230,41679,ยูโทเปีย กะรน,B10,83,ภูเก็ต,1,เมืองภูเก็ต,NULL,NULL,83000000,สำนักงานที่ดินจังหวัดภูเก็ต,1,False,ห้องชุดพักอาศัยตากอากาศ/พื้นที่ระเบียง,116200,,official_statutory_assessment_rate_not_market_price
116231,41679,ยูโทเปีย กะรน,B10,83,ภูเก็ต,1,เมืองภูเก็ต,NULL,NULL,83000000,สำนักงานที่ดินจังหวัดภูเก็ต,2,False,ห้องชุดพักอาศัยตากอากาศ/พื้นที่ระเบียง,118700,,official_statutory_assessment_rate_not_market_price
116232,41679,ยูโทเปีย กะรน,B10,83,ภูเก็ต,1,เมืองภูเก็ต,NULL,NULL,83000000,สำนักงานที่ดินจังหวัดภูเก็ต,3,False,ห้องชุดพักอาศัยตากอากาศ/พื้นที่ระเบียง,123900,,official_statutory_assessment_rate_not_market_price
116233,41679,ยูโทเปีย กะรน,B10,83,ภูเก็ต,1,เมืองภูเก็ต,NULL,NULL,83000000,สำนักงานที่ดินจังหวัดภูเก็ต,4,False,ห้องชุดพักอาศัยตากอากาศ/พื้นที่ระเบียง,132800,,official_statutory_assessment_rate_not_market_price
116234,41679,ยูโทเปีย กะรน,B11,83,ภูเก็ต,1,เมืองภูเก็ต,NULL,NULL,83000000,สำนักงานที่ดินจังหวัดภูเก็ต,1,False,ห้องชุดพักอาศัยตากอากาศ/พื้นที่ระเบียง,116200,,official_statutory_assessment_rate_not_market_price
116235,41679,ยูโทเปีย กะรน,B11,83,ภูเก็ต,1,เมืองภูเก็ต,NULL,NULL,83000000,สำนักงานที่ดินจังหวัดภูเก็ต,2,False,ห้องชุดพักอาศัยตากอากาศ/พื้นที่ระเบียง,118700,,official_statutory_assessment_rate_not_market_price
116236,41679,ยูโทเปีย กะรน,B11,83,ภูเก็ต,1,เมืองภูเก็ต,NULL,NULL,83000000,สำนักงานที่ดินจังหวัดภูเก็ต,3,False,ห้องชุดพักอาศัยตากอากาศ/พื้นที่ระเบียง,123900,,official_statutory_assessment_rate_not_market_price
116237,41679,ยูโทเปีย กะรน,B11,83,ภูเก็ต,1,เมืองภูเก็ต,NULL,NULL,83000000,สำนักงานที่ดินจังหวัดภูเก็ต,4,False,ห้องชุดพักอาศัยตากอากาศ/พื้นที่ระเบียง,132800,,official_statutory_assessment_rate_not_market_price
116238,41679,ยูโทเปีย กะรน,B12,83,ภูเก็ต,1,เมืองภูเก็ต,NULL,NULL,83000000,สำนักงานที่ดินจังหวัดภูเก็ต,1,False,ห้องชุดพักอาศัยตากอากาศ/พื้นที่ระเบียง,116200,,official_statutory_assessment_rate_not_market_price
116239,41679,ยูโทเปีย กะรน,B12,83,ภูเก็ต,1,เมืองภูเก็ต,NULL,NULL,83000000,สำนักงานที่ดินจังหวัดภูเก็ต,2,False,ห้องชุดพักอาศัยตากอากาศ/พื้นที่ระเบียง,118700,,official_statutory_assessment_rate_not_market_price
116240,41679,ยูโทเปีย กะรน,B12,83,ภูเก็ต,1,เมืองภูเก็ต,NULL,NULL,83000000,สำนักงานที่ดินจังหวัดภูเก็ต,3,False,ห้องชุดพักอาศัยตากอากาศ/พื้นที่ระเบียง,123900,,official_statutory_assessment_rate_not_market_price
116241,41679,ยูโทเปีย กะรน,B12,83,ภูเก็ต,1,เมืองภูเก็ต,NULL,NULL,83000000,สำนักงานที่ดินจังหวัดภูเก็ต,4,False,ห้องชุดพักอาศัยตากอากาศ/พื้นที่ระเบียง,132800,,official_statutory_assessment_rate_not_market_price
116242,41679,ยูโทเปีย กะรน,B13,83,ภูเก็ต,1,เมืองภูเก็ต,NULL,NULL,83000000,สำนักงานที่ดินจังหวัดภูเก็ต,1,False,ห้องชุดพักอาศัยตากอากาศ/พื้นที่ระเบียง,116200,,official_statutory_assessment_rate_not_market_price
116243,41679,ยูโทเปีย กะรน,B13,83,ภูเก็ต,1,เมืองภูเก็ต,NULL,NULL,83000000,สำนักงานที่ดินจังหวัดภูเก็ต,2,False,ห้องชุดพักอาศัยตากอากาศ/พื้นที่ระเบียง,118700,,official_statutory_assessment_rate_not_market_price
116244,41679,ยูโทเปีย กะรน,B13,83,ภูเก็ต,1,เมืองภูเก็ต,NULL,NULL,83000000,สำนักงานที่ดินจังหวัดภูเก็ต,3,False,ห้องชุดพักอาศัยตากอากาศ/พื้นที่ระเบียง,123900,,official_statutory_assessment_rate_not_market_price
116245,41679,ยูโทเปีย กะรน,B13,83,ภูเก็ต,1,เมืองภูเก็ต,NULL,NULL,83000000,สำนักงานที่ดินจังหวัดภูเก็ต,4,False,ห้องชุดพักอาศัยตากอากาศ/พื้นที่ระเบียง,132800,,official_statutory_assessment_rate_not_market_price
116246,41679,ยูโทเปีย กะรน,B14,83,ภูเก็ต,1,เมืองภูเก็ต,NULL,NULL,83000000,สำนักงานที่ดินจังหวัดภูเก็ต,1,False,ห้องชุดพักอาศัยตากอากาศ/พื้นที่ระเบียง,116200,,official_statutory_assessment_rate_not_market_price
116247,41679,ยูโทเปีย กะรน,B14,83,ภูเก็ต,1,เมืองภูเก็ต,NULL,NULL,83000000,สำนักงานที่ดินจังหวัดภูเก็ต,2,False,ห้องชุดพักอาศัยตากอากาศ/พื้นที่ระเบียง,118700,,official_statutory_assessment_rate_not_market_price
116248,41679,ยูโทเปีย กะรน,B14,83,ภูเก็ต,1,เมืองภูเก็ต,NULL,NULL,83000000,สำนักงานที่ดินจังหวัดภูเก็ต,3,False,ห้องชุดพักอาศัยตากอากาศ/พื้นที่ระเบียง,123900,,official_statutory_assessment_rate_not_market_price
116249,41679,ยูโทเปีย กะรน,B14,83,ภูเก็ต,1,เมืองภูเก็ต,NULL,NULL,83000000,สำนักงานที่ดินจังหวัดภูเก็ต,4,False,ห้องชุดพักอาศัยตากอากาศ/พื้นที่ระเบียง,132800,,official_statutory_assessment_rate_not_market_price
116250,41679,ยูโทเปีย กะรน,B15,83,ภูเก็ต,1,เมืองภูเก็ต,NULL,NULL,83000000,สำนักงานที่ดินจังหวัดภูเก็ต,1,False,ห้องชุดพักอาศัยตากอากาศ/พื้นที่ระเบียง,116200,,official_statutory_assessment_rate_not_market_price
116251,41679,ยูโทเปีย กะรน,B15,83,ภูเก็ต,1,เมืองภูเก็ต,NULL,NULL,83000000,สำนักงานที่ดินจังหวัดภูเก็ต,2,False,ห้องชุดพักอาศัยตากอากาศ/พื้นที่ระเบียง,118700,,official_statutory_assessment_rate_not_market_price
116252,41679,ยูโทเปีย กะรน,B15,83,ภูเก็ต,1,เมืองภูเก็ต,NULL,NULL,83000000,สำนักงานที่ดินจังหวัดภูเก็ต,3,False,ห้องชุดพักอาศัยตากอากาศ/พื้นที่ระเบียง,123900,,official_statutory_assessment_rate_not_market_price
116253,41679,ยูโทเปีย กะรน,B15,83,ภูเก็ต,1,เมืองภูเก็ต,NULL,NULL,83000000,สำนักงานที่ดินจังหวัดภูเก็ต,4,False,ห้องชุดพักอาศัยตากอากาศ/พื้นที่ระเบียง,132800,,official_statutory_assessment_rate_not_market_price
116254,41679,ยูโทเปีย กะรน,B16,83,ภูเก็ต,1,เมืองภูเก็ต,NULL,NULL,83000000,สำนักงานที่ดินจังหวัดภูเก็ต,1,False,ห้องชุดพักอาศัยตากอากาศ/พื้นที่ระเบียง,116200,,official_statutory_assessment_rate_not_market_price
116255,41679,ยูโทเปีย กะรน,B16,83,ภูเก็ต,1,เมืองภูเก็ต,NULL,NULL,83000000,สำนักงานที่ดินจังหวัดภูเก็ต,2,False,ห้องชุดพักอาศัยตากอากาศ/พื้นที่ระเบียง,118700,,official_statutory_assessment_rate_not_market_price
116256,41679,ยูโทเปีย กะรน,B16,83,ภูเก็ต,1,เมืองภูเก็ต,NULL,NULL,83000000,สำนักงานที่ดินจังหวัดภูเก็ต,3,False,ห้องชุดพักอาศัยตากอากาศ/พื้นที่ระเบียง,123900,,official_statutory_assessment_rate_not_market_price
116257,41679,ยูโทเปีย กะรน,B16,83,ภูเก็ต,1,เมืองภูเก็ต,NULL,NULL,83000000,สำนักงานที่ดินจังหวัดภูเก็ต,4,False,ห้องชุดพักอาศัยตากอากาศ/พื้นที่ระเบียง,132800,,official_statutory_assessment_rate_not_market_price
116258,41679,ยูโทเปีย กะรน,C1,83,ภูเก็ต,1,เมืองภูเก็ต,NULL,NULL,83000000,สำนักงานที่ดินจังหวัดภูเก็ต,1,False,ห้องชุดพักอาศัยตากอากาศ/พื้นที่ระเบียง,136600,,official_statutory_assessment_rate_not_market_price
116259,41679,ยูโทเปีย กะรน,C1,83,ภูเก็ต,1,เมืองภูเก็ต,NULL,NULL,83000000,สำนักงานที่ดินจังหวัดภูเก็ต,2,False,ห้องชุดพักอาศัยตากอากาศ/พื้นที่ระเบียง,143000,,official_statutory_assessment_rate_not_market_price
116260,41679,ยูโทเปีย กะรน,C2,83,ภูเก็ต,1,เมืองภูเก็ต,NULL,NULL,83000000,สำนักงานที่ดินจังหวัดภูเก็ต,1,False,ห้องชุดพักอาศัยตากอากาศ/พื้นที่ระเบียง,136600,,official_statutory_assessment_rate_not_market_price
116261,41679,ยูโทเปีย กะรน,C2,83,ภูเก็ต,1,เมืองภูเก็ต,NULL,NULL,83000000,สำนักงานที่ดินจังหวัดภูเก็ต,2,False,ห้องชุดพักอาศัยตากอากาศ/พื้นที่ระเบียง,143000,,official_statutory_assessment_rate_not_market_price
116262,41679,ยูโทเปีย กะรน,C3,83,ภูเก็ต,1,เมืองภูเก็ต,NULL,NULL,83000000,สำนักงานที่ดินจังหวัดภูเก็ต,1,False,ห้องชุดพักอาศัยตากอากาศ/พื้นที่ระเบียง,136600,,official_statutory_assessment_rate_not_market_price
116263,41679,ยูโทเปีย กะรน,C3,83,ภูเก็ต,1,เมืองภูเก็ต,NULL,NULL,83000000,สำนักงานที่ดินจังหวัดภูเก็ต,2,False,ห้องชุดพักอาศัยตากอากาศ/พื้นที่ระเบียง,143000,,official_statutory_assessment_rate_not_market_price
116264,41679,ยูโทเปีย กะรน,C4,83,ภูเก็ต,1,เมืองภูเก็ต,NULL,NULL,83000000,สำนักงานที่ดินจังหวัดภูเก็ต,1,False,ห้องชุดพักอาศัยตากอากาศ/พื้นที่ระเบียง,136600,,official_statutory_assessment_rate_not_market_price
116265,41679,ยูโทเปีย กะรน,C4,83,ภูเก็ต,1,เมืองภูเก็ต,NULL,NULL,83000000,สำนักงานที่ดินจังหวัดภูเก็ต,2,False,ห้องชุดพักอาศัยตากอากาศ/พื้นที่ระเบียง,143000,,official_statutory_assessment_rate_not_market_price
116266,41679,ยูโทเปีย กะรน,C5,83,ภูเก็ต,1,เมืองภูเก็ต,NULL,NULL,83000000,สำนักงานที่ดินจังหวัดภูเก็ต,1,False,ห้องชุดพักอาศัยตากอากาศ/พื้นที่ระเบียง,136600,,official_statutory_assessment_rate_not_market_price
116267,41679,ยูโทเปีย กะรน,C5,83,ภูเก็ต,1,เมืองภูเก็ต,NULL,NULL,83000000,สำนักงานที่ดินจังหวัดภูเก็ต,2,False,ห้องชุดพักอาศัยตากอากาศ/พื้นที่ระเบียง,143000,,official_statutory_assessment_rate_not_market_price
116268,41679,ยูโทเปีย กะรน,C6,83,ภูเก็ต,1,เมืองภูเก็ต,NULL,NULL,83000000,สำนักงานที่ดินจังหวัดภูเก็ต,1,False,ห้องชุดพักอาศัยตากอากาศ/พื้นที่ระเบียง,136600,,official_statutory_assessment_rate_not_market_price
116269,41679,ยูโทเปีย กะรน,C6,83,ภูเก็ต,1,เมืองภูเก็ต,NULL,NULL,83000000,สำนักงานที่ดินจังหวัดภูเก็ต,2,False,ห้องชุดพักอาศัยตากอากาศ/พื้นที่ระเบียง,143000,,official_statutory_assessment_rate_not_market_price
116270,41679,ยูโทเปีย กะรน,C7,83,ภูเก็ต,1,เมืองภูเก็ต,NULL,NULL,83000000,สำนักงานที่ดินจังหวัดภูเก็ต,1,False,ห้องชุดพักอาศัยตากอากาศ/พื้นที่ระเบียง,136600,,official_statutory_assessment_rate_not_market_price
116271,41679,ยูโทเปีย กะรน,C7,83,ภูเก็ต,1,เมืองภูเก็ต,NULL,NULL,83000000,สำนักงานที่ดินจังหวัดภูเก็ต,2,False,ห้องชุดพักอาศัยตากอากาศ/พื้นที่ระเบียง,143000,,official_statutory_assessment_rate_not_market_price
116272,41679,ยูโทเปีย กะรน,C8,83,ภูเก็ต,1,เมืองภูเก็ต,NULL,NULL,83000000,สำนักงานที่ดินจังหวัดภูเก็ต,1,False,ห้องชุดพักอาศัยตากอากาศ/พื้นที่ระเบียง,136600,,official_statutory_assessment_rate_not_market_price
116273,41679,ยูโทเปีย กะรน,C8,83,ภูเก็ต,1,เมืองภูเก็ต,NULL,NULL,83000000,สำนักงานที่ดินจังหวัดภูเก็ต,2,False,ห้องชุดพักอาศัยตากอากาศ/พื้นที่ระเบียง,143000,,official_statutory_assessment_rate_not_market_price
116274,41679,ยูโทเปีย กะรน,C9,83,ภูเก็ต,1,เมืองภูเก็ต,NULL,NULL,83000000,สำนักงานที่ดินจังหวัดภูเก็ต,1,False,ห้องชุดพักอาศัยตากอากาศ/พื้นที่ระเบียง,136600,,official_statutory_assessment_rate_not_market_price
116275,41679,ยูโทเปีย กะรน,C9,83,ภูเก็ต,1,เมืองภูเก็ต,NULL,NULL,83000000,สำนักงานที่ดินจังหวัดภูเก็ต,2,False,ห้องชุดพักอาศัยตากอากาศ/พื้นที่ระเบียง,143000,,official_statutory_assessment_rate_not_market_price
116276,41679,ยูโทเปีย กะรน,C10,83,ภูเก็ต,1,เมืองภูเก็ต,NULL,NULL,83000000,สำนักงานที่ดินจังหวัดภูเก็ต,1,False,ห้องชุดพักอาศัยตากอากาศ/พื้นที่ระเบียง,136600,,official_statutory_assessment_rate_not_market_price
116277,41679,ยูโทเปีย กะรน,C10,83,ภูเก็ต,1,เมืองภูเก็ต,NULL,NULL,83000000,สำนักงานที่ดินจังหวัดภูเก็ต,2,False,ห้องชุดพักอาศัยตากอากาศ/พื้นที่ระเบียง,143000,,official_statutory_assessment_rate_not_market_price
116278,41862,เดอะ พราวด์ ราไวย์ รีสอร์ท,-,83,ภูเก็ต,1,เมืองภูเก็ต,NULL,NULL,83000000,สำนักงานที่ดินจังหวัดภูเก็ต,1,False,ห้องชุดเพื่อประกอบการค้า/พื้นที่ระเบียง,96100,,official_statutory_assessment_rate_not_market_price
116279,41862,เดอะ พราวด์ ราไวย์ รีสอร์ท,-,83,ภูเก็ต,1,เมืองภูเก็ต,NULL,NULL,83000000,สำนักงานที่ดินจังหวัดภูเก็ต,2,False,ห้องชุดพักอาศัย/พื้นที่ระเบียง,79700,,official_statutory_assessment_rate_not_market_price
116280,41862,เดอะ พราวด์ ราไวย์ รีสอร์ท,-,83,ภูเก็ต,1,เมืองภูเก็ต,NULL,NULL,83000000,สำนักงานที่ดินจังหวัดภูเก็ต,3,False,ห้องชุดพักอาศัย/พื้นที่ระเบียง,80200,,official_statutory_assessment_rate_not_market_price
116281,41862,เดอะ พราวด์ ราไวย์ รีสอร์ท,-,83,ภูเก็ต,1,เมืองภูเก็ต,NULL,NULL,83000000,สำนักงานที่ดินจังหวัดภูเก็ต,4,False,ห้องชุดพักอาศัย/พื้นที่ระเบียง,81000,,official_statutory_assessment_rate_not_market_price
116282,41862,เดอะ พราวด์ ราไวย์ รีสอร์ท,-,83,ภูเก็ต,1,เมืองภูเก็ต,NULL,NULL,83000000,สำนักงานที่ดินจังหวัดภูเก็ต,5,False,ห้องชุดพักอาศัย/พื้นที่ระเบียง,81800,,official_statutory_assessment_rate_not_market_price
116283,34565,ศุภาลัย วิสต้า ภูเก็ต,-,83,ภูเก็ต,1,เมืองภูเก็ต,1,ตลาดใหญ่,83000000,สำนักงานที่ดินจังหวัดภูเก็ต,1,False,ห้องชุดเพื่อประกอบการค้า(ห้องชุดพาณิชยกรรม),54000,,official_statutory_assessment_rate_not_market_price
116284,34565,ศุภาลัย วิสต้า ภูเก็ต,-,83,ภูเก็ต,1,เมืองภูเก็ต,1,ตลาดใหญ่,83000000,สำนักงานที่ดินจังหวัดภูเก็ต,2-มี.ค.,True,ห้องชุดพักอาศัย,45000,,official_statutory_assessment_rate_not_market_price
116285,34565,ศุภาลัย วิสต้า ภูเก็ต,-,83,ภูเก็ต,1,เมืองภูเก็ต,1,ตลาดใหญ่,83000000,สำนักงานที่ดินจังหวัดภูเก็ต,2-มี.ค.,True,พื้นที่ระเบียง,22500,,official_statutory_assessment_rate_not_market_price
116286,34565,ศุภาลัย วิสต้า ภูเก็ต,-,83,ภูเก็ต,1,เมืองภูเก็ต,1,ตลาดใหญ่,83000000,สำนักงานที่ดินจังหวัดภูเก็ต,4-มิ.ย.,True,ห้องชุดพักอาศัย,45500,,official_statutory_assessment_rate_not_market_price
116287,34565,ศุภาลัย วิสต้า ภูเก็ต,-,83,ภูเก็ต,1,เมืองภูเก็ต,1,ตลาดใหญ่,83000000,สำนักงานที่ดินจังหวัดภูเก็ต,4-มิ.ย.,True,พื้นที่ระเบียง,22750,,official_statutory_assessment_rate_not_market_price
116288,34565,ศุภาลัย วิสต้า ภูเก็ต,-,83,ภูเก็ต,1,เมืองภูเก็ต,1,ตลาดใหญ่,83000000,สำนักงานที่ดินจังหวัดภูเก็ต,7-ก.ย.,True,ห้องชุดพักอาศัย,46000,,official_statutory_assessment_rate_not_market_price
116289,34565,ศุภาลัย วิสต้า ภูเก็ต,-,83,ภูเก็ต,1,เมืองภูเก็ต,1,ตลาดใหญ่,83000000,สำนักงานที่ดินจังหวัดภูเก็ต,7-ก.ย.,True,พื้นที่ระเบียง,23000,,official_statutory_assessment_rate_not_market_price
116290,34565,ศุภาลัย วิสต้า ภูเก็ต,-,83,ภูเก็ต,1,เมืองภูเก็ต,1,ตลาดใหญ่,83000000,สำนักงานที่ดินจังหวัดภูเก็ต,10-ธ.ค.,True,ห้องชุดพักอาศัย,46500,,official_statutory_assessment_rate_not_market_price
116291,34565,ศุภาลัย วิสต้า ภูเก็ต,-,83,ภูเก็ต,1,เมืองภูเก็ต,1,ตลาดใหญ่,83000000,สำนักงานที่ดินจังหวัดภูเก็ต,10-ธ.ค.,True,พื้นที่ระเบียง,23250,,official_statutory_assessment_rate_not_market_price
116292,34565,ศุภาลัย วิสต้า ภูเก็ต,-,83,ภูเก็ต,1,เมืองภูเก็ต,1,ตลาดใหญ่,83000000,สำนักงานที่ดินจังหวัดภูเก็ต,12A-15,False,ห้องชุดพักอาศัย,47000,,official_statutory_assessment_rate_not_market_price
116293,34565,ศุภาลัย วิสต้า ภูเก็ต,-,83,ภูเก็ต,1,เมืองภูเก็ต,1,ตลาดใหญ่,83000000,สำนักงานที่ดินจังหวัดภูเก็ต,12A-15,False,พื้นที่ระเบียง,23500,,official_statutory_assessment_rate_not_market_price
116294,34386,เดอะ เบส ไฮท์ - ภูเก็ต,-,83,ภูเก็ต,1,เมืองภูเก็ต,1,ตลาดใหญ่,83000000,สำนักงานที่ดินจังหวัดภูเก็ต,13,False,ห้องชุดพักอาศัย,69000,,official_statutory_assessment_rate_not_market_price
116295,34386,เดอะ เบส ไฮท์ - ภูเก็ต,-,83,ภูเก็ต,1,เมืองภูเก็ต,1,ตลาดใหญ่,83000000,สำนักงานที่ดินจังหวัดภูเก็ต,13,False,พื้นที่ระเบียง,34500,,official_statutory_assessment_rate_not_market_price
116296,34386,เดอะ เบส ไฮท์ - ภูเก็ต,-,83,ภูเก็ต,1,เมืองภูเก็ต,1,ตลาดใหญ่,83000000,สำนักงานที่ดินจังหวัดภูเก็ต,2-มี.ค.,True,ห้องชุดพักอาศัย,67000,,official_statutory_assessment_rate_not_market_price
116297,34386,เดอะ เบส ไฮท์ - ภูเก็ต,-,83,ภูเก็ต,1,เมืองภูเก็ต,1,ตลาดใหญ่,83000000,สำนักงานที่ดินจังหวัดภูเก็ต,2-มี.ค.,True,พื้นที่ระเบียง,33500,,official_statutory_assessment_rate_not_market_price
116298,34386,เดอะ เบส ไฮท์ - ภูเก็ต,-,83,ภูเก็ต,1,เมืองภูเก็ต,1,ตลาดใหญ่,83000000,สำนักงานที่ดินจังหวัดภูเก็ต,4-มิ.ย.,True,ห้องชุดพักอาศัย,67500,,official_statutory_assessment_rate_not_market_price
116299,34386,เดอะ เบส ไฮท์ - ภูเก็ต,-,83,ภูเก็ต,1,เมืองภูเก็ต,1,ตลาดใหญ่,83000000,สำนักงานที่ดินจังหวัดภูเก็ต,4-มิ.ย.,True,พื้นที่ระเบียง,33750,,official_statutory_assessment_rate_not_market_price
116300,34386,เดอะ เบส ไฮท์ - ภูเก็ต,-,83,ภูเก็ต,1,เมืองภูเก็ต,1,ตลาดใหญ่,83000000,สำนักงานที่ดินจังหวัดภูเก็ต,7-ก.ย.,True,ห้องชุดพักอาศัย,68000,,official_statutory_assessment_rate_not_market_price
116301,34386,เดอะ เบส ไฮท์ - ภูเก็ต,-,83,ภูเก็ต,1,เมืองภูเก็ต,1,ตลาดใหญ่,83000000,สำนักงานที่ดินจังหวัดภูเก็ต,7-ก.ย.,True,พื้นที่ระเบียง,34000,,official_statutory_assessment_rate_not_market_price
116302,34386,เดอะ เบส ไฮท์ - ภูเก็ต,-,83,ภูเก็ต,1,เมืองภูเก็ต,1,ตลาดใหญ่,83000000,สำนักงานที่ดินจังหวัดภูเก็ต,10-ธ.ค.,True,ห้องชุดพักอาศัย,68500,,official_statutory_assessment_rate_not_market_price
116303,34386,เดอะ เบส ไฮท์ - ภูเก็ต,-,83,ภูเก็ต,1,เมืองภูเก็ต,1,ตลาดใหญ่,83000000,สำนักงานที่ดินจังหวัดภูเก็ต,10-ธ.ค.,True,พื้นที่ระเบียง,34250,,official_statutory_assessment_rate_not_market_price
116304,34386,เดอะ เบส ไฮท์ - ภูเก็ต,-,83,ภูเก็ต,1,เมืองภูเก็ต,1,ตลาดใหญ่,83000000,สำนักงานที่ดินจังหวัดภูเก็ต,"13,14",False,ห้องชุดพักอาศัยแบบ 2 ชั้นควบ,70000,,official_statutory_assessment_rate_not_market_price
116305,34386,เดอะ เบส ไฮท์ - ภูเก็ต,-,83,ภูเก็ต,1,เมืองภูเก็ต,1,ตลาดใหญ่,83000000,สำนักงานที่ดินจังหวัดภูเก็ต,"13,14",False,พื้นที่ระเบียง,35000,,official_statutory_assessment_rate_not_market_price
116306,34530,ภูเก็ต อเวนิว คอนโดมิเนียม,-,83,ภูเก็ต,1,เมืองภูเก็ต,1,ตลาดใหญ่,83000000,สำนักงานที่ดินจังหวัดภูเก็ต,2,False,ห้องชุดพักอาศัย,37500,,official_statutory_assessment_rate_not_market_price
116307,34530,ภูเก็ต อเวนิว คอนโดมิเนียม,-,83,ภูเก็ต,1,เมืองภูเก็ต,1,ตลาดใหญ่,83000000,สำนักงานที่ดินจังหวัดภูเก็ต,2,False,ระเบียง,18750,,official_statutory_assessment_rate_not_market_price
116308,34530,ภูเก็ต อเวนิว คอนโดมิเนียม,-,83,ภูเก็ต,1,เมืองภูเก็ต,1,ตลาดใหญ่,83000000,สำนักงานที่ดินจังหวัดภูเก็ต,3,False,ห้องชุดพักอาศัย,38000,,official_statutory_assessment_rate_not_market_price
116309,34530,ภูเก็ต อเวนิว คอนโดมิเนียม,-,83,ภูเก็ต,1,เมืองภูเก็ต,1,ตลาดใหญ่,83000000,สำนักงานที่ดินจังหวัดภูเก็ต,3,False,ระเบียง,19000,,official_statutory_assessment_rate_not_market_price
116310,34530,ภูเก็ต อเวนิว คอนโดมิเนียม,-,83,ภูเก็ต,1,เมืองภูเก็ต,1,ตลาดใหญ่,83000000,สำนักงานที่ดินจังหวัดภูเก็ต,4,False,ห้องชุดพักอาศัย,38000,,official_statutory_assessment_rate_not_market_price
116311,34530,ภูเก็ต อเวนิว คอนโดมิเนียม,-,83,ภูเก็ต,1,เมืองภูเก็ต,1,ตลาดใหญ่,83000000,สำนักงานที่ดินจังหวัดภูเก็ต,4,False,ระเบียง,19000,,official_statutory_assessment_rate_not_market_price
116312,34530,ภูเก็ต อเวนิว คอนโดมิเนียม,-,83,ภูเก็ต,1,เมืองภูเก็ต,1,ตลาดใหญ่,83000000,สำนักงานที่ดินจังหวัดภูเก็ต,5,False,ห้องชุดพักอาศัย,38500,,official_statutory_assessment_rate_not_market_price
116313,34530,ภูเก็ต อเวนิว คอนโดมิเนียม,-,83,ภูเก็ต,1,เมืองภูเก็ต,1,ตลาดใหญ่,83000000,สำนักงานที่ดินจังหวัดภูเก็ต,5,False,ระเบียง,19250,,official_statutory_assessment_rate_not_market_price
116314,34530,ภูเก็ต อเวนิว คอนโดมิเนียม,-,83,ภูเก็ต,1,เมืองภูเก็ต,1,ตลาดใหญ่,83000000,สำนักงานที่ดินจังหวัดภูเก็ต,6,False,ห้องชุดพักอาศัย,38500,,official_statutory_assessment_rate_not_market_price
116315,34530,ภูเก็ต อเวนิว คอนโดมิเนียม,-,83,ภูเก็ต,1,เมืองภูเก็ต,1,ตลาดใหญ่,83000000,สำนักงานที่ดินจังหวัดภูเก็ต,6,False,ระเบียง,19250,,official_statutory_assessment_rate_not_market_price
116316,34530,ภูเก็ต อเวนิว คอนโดมิเนียม,-,83,ภูเก็ต,1,เมืองภูเก็ต,1,ตลาดใหญ่,83000000,สำนักงานที่ดินจังหวัดภูเก็ต,7,False,ห้องชุดพักอาศัย,39000,,official_statutory_assessment_rate_not_market_price
116317,34530,ภูเก็ต อเวนิว คอนโดมิเนียม,-,83,ภูเก็ต,1,เมืองภูเก็ต,1,ตลาดใหญ่,83000000,สำนักงานที่ดินจังหวัดภูเก็ต,7,False,ระเบียง,19500,,official_statutory_assessment_rate_not_market_price
116318,34538,ภูเก็ตซิตี้ปาร์คพลาซ่า,-,83,ภูเก็ต,1,เมืองภูเก็ต,1,ตลาดใหญ่,83000000,สำนักงานที่ดินจังหวัดภูเก็ต,1,False,ห้องชุดเพื่อประกอบการค้า(ห้องชุดพาณิชยกรรม),12000,,official_statutory_assessment_rate_not_market_price
116319,34538,ภูเก็ตซิตี้ปาร์คพลาซ่า,-,83,ภูเก็ต,1,เมืองภูเก็ต,1,ตลาดใหญ่,83000000,สำนักงานที่ดินจังหวัดภูเก็ต,1,False,ระเบียง,6000,,official_statutory_assessment_rate_not_market_price
116320,34538,ภูเก็ตซิตี้ปาร์คพลาซ่า,-,83,ภูเก็ต,1,เมืองภูเก็ต,1,ตลาดใหญ่,83000000,สำนักงานที่ดินจังหวัดภูเก็ต,2,False,ห้องชุดเพื่อประกอบการค้า(ห้องชุดพาณิชยกรรม),12000,,official_statutory_assessment_rate_not_market_price
116321,34538,ภูเก็ตซิตี้ปาร์คพลาซ่า,-,83,ภูเก็ต,1,เมืองภูเก็ต,1,ตลาดใหญ่,83000000,สำนักงานที่ดินจังหวัดภูเก็ต,2,False,ระเบียง,6000,,official_statutory_assessment_rate_not_market_price
116322,34538,ภูเก็ตซิตี้ปาร์คพลาซ่า,-,83,ภูเก็ต,1,เมืองภูเก็ต,1,ตลาดใหญ่,83000000,สำนักงานที่ดินจังหวัดภูเก็ต,3,False,ห้องชุดพักอาศัย,12000,,official_statutory_assessment_rate_not_market_price
116323,34538,ภูเก็ตซิตี้ปาร์คพลาซ่า,-,83,ภูเก็ต,1,เมืองภูเก็ต,1,ตลาดใหญ่,83000000,สำนักงานที่ดินจังหวัดภูเก็ต,3,False,ระเบียง,6000,,official_statutory_assessment_rate_not_market_price
116324,34538,ภูเก็ตซิตี้ปาร์คพลาซ่า,-,83,ภูเก็ต,1,เมืองภูเก็ต,1,ตลาดใหญ่,83000000,สำนักงานที่ดินจังหวัดภูเก็ต,4,False,ห้องชุดพักอาศัย,12000,,official_statutory_assessment_rate_not_market_price
116325,34538,ภูเก็ตซิตี้ปาร์คพลาซ่า,-,83,ภูเก็ต,1,เมืองภูเก็ต,1,ตลาดใหญ่,83000000,สำนักงานที่ดินจังหวัดภูเก็ต,4,False,ระเบียง,6000,,official_statutory_assessment_rate_not_market_price
116326,34562,ศุภาลัย ปาร์ค @ ดาวน์ทาวน์ ภูเก็ต,-,83,ภูเก็ต,1,เมืองภูเก็ต,1,ตลาดใหญ่,83000000,สำนักงานที่ดินจังหวัดภูเก็ต,2-มี.ค.,True,ห้องชุดพักอาศัย,36500,,official_statutory_assessment_rate_not_market_price
116327,34562,ศุภาลัย ปาร์ค @ ดาวน์ทาวน์ ภูเก็ต,-,83,ภูเก็ต,1,เมืองภูเก็ต,1,ตลาดใหญ่,83000000,สำนักงานที่ดินจังหวัดภูเก็ต,2-มี.ค.,True,พื้นที่ระเบียง,18250,,official_statutory_assessment_rate_not_market_price
116328,34562,ศุภาลัย ปาร์ค @ ดาวน์ทาวน์ ภูเก็ต,-,83,ภูเก็ต,1,เมืองภูเก็ต,1,ตลาดใหญ่,83000000,สำนักงานที่ดินจังหวัดภูเก็ต,4-มิ.ย.,True,ห้องชุดพักอาศัย,37000,,official_statutory_assessment_rate_not_market_price
116329,34562,ศุภาลัย ปาร์ค @ ดาวน์ทาวน์ ภูเก็ต,-,83,ภูเก็ต,1,เมืองภูเก็ต,1,ตลาดใหญ่,83000000,สำนักงานที่ดินจังหวัดภูเก็ต,4-มิ.ย.,True,พื้นที่ระเบียง,18500,,official_statutory_assessment_rate_not_market_price
116330,34562,ศุภาลัย ปาร์ค @ ดาวน์ทาวน์ ภูเก็ต,-,83,ภูเก็ต,1,เมืองภูเก็ต,1,ตลาดใหญ่,83000000,สำนักงานที่ดินจังหวัดภูเก็ต,7-ก.ย.,True,ห้องชุดพักอาศัย,37500,,official_statutory_assessment_rate_not_market_price
116331,34562,ศุภาลัย ปาร์ค @ ดาวน์ทาวน์ ภูเก็ต,-,83,ภูเก็ต,1,เมืองภูเก็ต,1,ตลาดใหญ่,83000000,สำนักงานที่ดินจังหวัดภูเก็ต,7-ก.ย.,True,พื้นที่ระเบียง,18750,,official_statutory_assessment_rate_not_market_price
116332,34562,ศุภาลัย ปาร์ค @ ดาวน์ทาวน์ ภูเก็ต,-,83,ภูเก็ต,1,เมืองภูเก็ต,1,ตลาดใหญ่,83000000,สำนักงานที่ดินจังหวัดภูเก็ต,10-ธ.ค.,True,ห้องชุดพักอาศัย,38000,,official_statutory_assessment_rate_not_market_price
116333,34562,ศุภาลัย ปาร์ค @ ดาวน์ทาวน์ ภูเก็ต,-,83,ภูเก็ต,1,เมืองภูเก็ต,1,ตลาดใหญ่,83000000,สำนักงานที่ดินจังหวัดภูเก็ต,10-ธ.ค.,True,พื้นที่ระเบียง,19000,,official_statutory_assessment_rate_not_market_price
116334,34562,ศุภาลัย ปาร์ค @ ดาวน์ทาวน์ ภูเก็ต,-,83,ภูเก็ต,1,เมืองภูเก็ต,1,ตลาดใหญ่,83000000,สำนักงานที่ดินจังหวัดภูเก็ต,12A-15,False,ห้องชุดพักอาศัย,38500,,official_statutory_assessment_rate_not_market_price
116335,34562,ศุภาลัย ปาร์ค @ ดาวน์ทาวน์ ภูเก็ต,-,83,ภูเก็ต,1,เมืองภูเก็ต,1,ตลาดใหญ่,83000000,สำนักงานที่ดินจังหวัดภูเก็ต,12A-15,False,พื้นที่ระเบียง,19250,,official_statutory_assessment_rate_not_market_price
116336,34563,ศุภาลัย ปาร์ค @ ภูเก็ต ซิตี้,-,83,ภูเก็ต,1,เมืองภูเก็ต,1,ตลาดใหญ่,83000000,สำนักงานที่ดินจังหวัดภูเก็ต,2-มี.ค.,True,ห้องชุดพักอาศัย,37500,,official_statutory_assessment_rate_not_market_price
116337,34563,ศุภาลัย ปาร์ค @ ภูเก็ต ซิตี้,-,83,ภูเก็ต,1,เมืองภูเก็ต,1,ตลาดใหญ่,83000000,สำนักงานที่ดินจังหวัดภูเก็ต,2-มี.ค.,True,พื้นที่ระเบียง,18750,,official_statutory_assessment_rate_not_market_price
116338,34563,ศุภาลัย ปาร์ค @ ภูเก็ต ซิตี้,-,83,ภูเก็ต,1,เมืองภูเก็ต,1,ตลาดใหญ่,83000000,สำนักงานที่ดินจังหวัดภูเก็ต,4-มิ.ย.,True,ห้องชุดพักอาศัย,38000,,official_statutory_assessment_rate_not_market_price
116339,34563,ศุภาลัย ปาร์ค @ ภูเก็ต ซิตี้,-,83,ภูเก็ต,1,เมืองภูเก็ต,1,ตลาดใหญ่,83000000,สำนักงานที่ดินจังหวัดภูเก็ต,4-มิ.ย.,True,พื้นที่ระเบียง,19000,,official_statutory_assessment_rate_not_market_price
116340,34563,ศุภาลัย ปาร์ค @ ภูเก็ต ซิตี้,-,83,ภูเก็ต,1,เมืองภูเก็ต,1,ตลาดใหญ่,83000000,สำนักงานที่ดินจังหวัดภูเก็ต,7-ก.ย.,True,ห้องชุดพักอาศัย,38500,,official_statutory_assessment_rate_not_market_price
116341,34563,ศุภาลัย ปาร์ค @ ภูเก็ต ซิตี้,-,83,ภูเก็ต,1,เมืองภูเก็ต,1,ตลาดใหญ่,83000000,สำนักงานที่ดินจังหวัดภูเก็ต,7-ก.ย.,True,พื้นที่ระเบียง,19250,,official_statutory_assessment_rate_not_market_price
116342,34563,ศุภาลัย ปาร์ค @ ภูเก็ต ซิตี้,-,83,ภูเก็ต,1,เมืองภูเก็ต,1,ตลาดใหญ่,83000000,สำนักงานที่ดินจังหวัดภูเก็ต,10-ธ.ค.,True,ห้องชุดพักอาศัย,39000,,official_statutory_assessment_rate_not_market_price
116343,34563,ศุภาลัย ปาร์ค @ ภูเก็ต ซิตี้,-,83,ภูเก็ต,1,เมืองภูเก็ต,1,ตลาดใหญ่,83000000,สำนักงานที่ดินจังหวัดภูเก็ต,10-ธ.ค.,True,พื้นที่ระเบียง,19500,,official_statutory_assessment_rate_not_market_price
116344,34563,ศุภาลัย ปาร์ค @ ภูเก็ต ซิตี้,-,83,ภูเก็ต,1,เมืองภูเก็ต,1,ตลาดใหญ่,83000000,สำนักงานที่ดินจังหวัดภูเก็ต,12A-15,False,ห้องชุดพักอาศัย,39500,,official_statutory_assessment_rate_not_market_price
116345,34563,ศุภาลัย ปาร์ค @ ภูเก็ต ซิตี้,-,83,ภูเก็ต,1,เมืองภูเก็ต,1,ตลาดใหญ่,83000000,สำนักงานที่ดินจังหวัดภูเก็ต,12A-15,False,พื้นที่ระเบียง,19750,,official_statutory_assessment_rate_not_market_price
116346,34524,พันเทพคอนโดทาวน์ 1,-,83,ภูเก็ต,1,เมืองภูเก็ต,2,ตลาดเหนือ,83000000,สำนักงานที่ดินจังหวัดภูเก็ต,1,False,ห้องชุดเพื่อประกอบการค้า(ห้องชุดพาณิชยกรรม),15000,,official_statutory_assessment_rate_not_market_price
116347,34524,พันเทพคอนโดทาวน์ 1,-,83,ภูเก็ต,1,เมืองภูเก็ต,2,ตลาดเหนือ,83000000,สำนักงานที่ดินจังหวัดภูเก็ต,1,False,ระเบียง,7500,,official_statutory_assessment_rate_not_market_price
116348,34524,พันเทพคอนโดทาวน์ 1,-,83,ภูเก็ต,1,เมืองภูเก็ต,2,ตลาดเหนือ,83000000,สำนักงานที่ดินจังหวัดภูเก็ต,2,False,ห้องชุดพักอาศัย,12000,,official_statutory_assessment_rate_not_market_price
116349,34524,พันเทพคอนโดทาวน์ 1,-,83,ภูเก็ต,1,เมืองภูเก็ต,2,ตลาดเหนือ,83000000,สำนักงานที่ดินจังหวัดภูเก็ต,2,False,ระเบียง,6000,,official_statutory_assessment_rate_not_market_price
116350,34524,พันเทพคอนโดทาวน์ 1,-,83,ภูเก็ต,1,เมืองภูเก็ต,2,ตลาดเหนือ,83000000,สำนักงานที่ดินจังหวัดภูเก็ต,3,False,ห้องชุดพักอาศัย,11500,,official_statutory_assessment_rate_not_market_price
116351,34524,พันเทพคอนโดทาวน์ 1,-,83,ภูเก็ต,1,เมืองภูเก็ต,2,ตลาดเหนือ,83000000,สำนักงานที่ดินจังหวัดภูเก็ต,3,False,ระเบียง,5750,,official_statutory_assessment_rate_not_market_price
116352,34524,พันเทพคอนโดทาวน์ 1,-,83,ภูเก็ต,1,เมืองภูเก็ต,2,ตลาดเหนือ,83000000,สำนักงานที่ดินจังหวัดภูเก็ต,4,False,ห้องชุดพักอาศัย,11000,,official_statutory_assessment_rate_not_market_price
116353,34524,พันเทพคอนโดทาวน์ 1,-,83,ภูเก็ต,1,เมืองภูเก็ต,2,ตลาดเหนือ,83000000,สำนักงานที่ดินจังหวัดภูเก็ต,4,False,ระเบียง,5500,,official_statutory_assessment_rate_not_market_price
116354,34525,พันเทพคอนโดทาวน์ 2,-,83,ภูเก็ต,1,เมืองภูเก็ต,2,ตลาดเหนือ,83000000,สำนักงานที่ดินจังหวัดภูเก็ต,1,False,ห้องชุดเพื่อประกอบการค้า(ห้องชุดพาณิชยกรรม),15000,,official_statutory_assessment_rate_not_market_price
116355,34525,พันเทพคอนโดทาวน์ 2,-,83,ภูเก็ต,1,เมืองภูเก็ต,2,ตลาดเหนือ,83000000,สำนักงานที่ดินจังหวัดภูเก็ต,1,False,ระเบียง,7500,,official_statutory_assessment_rate_not_market_price
116356,34525,พันเทพคอนโดทาวน์ 2,-,83,ภูเก็ต,1,เมืองภูเก็ต,2,ตลาดเหนือ,83000000,สำนักงานที่ดินจังหวัดภูเก็ต,2,False,ห้องชุดพักอาศัย,12000,,official_statutory_assessment_rate_not_market_price
116357,34525,พันเทพคอนโดทาวน์ 2,-,83,ภูเก็ต,1,เมืองภูเก็ต,2,ตลาดเหนือ,83000000,สำนักงานที่ดินจังหวัดภูเก็ต,2,False,ระเบียง,6000,,official_statutory_assessment_rate_not_market_price
116358,34525,พันเทพคอนโดทาวน์ 2,-,83,ภูเก็ต,1,เมืองภูเก็ต,2,ตลาดเหนือ,83000000,สำนักงานที่ดินจังหวัดภูเก็ต,3,False,ห้องชุดพักอาศัย,11500,,official_statutory_assessment_rate_not_market_price
116359,34525,พันเทพคอนโดทาวน์ 2,-,83,ภูเก็ต,1,เมืองภูเก็ต,2,ตลาดเหนือ,83000000,สำนักงานที่ดินจังหวัดภูเก็ต,3,False,ระเบียง,5750,,official_statutory_assessment_rate_not_market_price
116360,34525,พันเทพคอนโดทาวน์ 2,-,83,ภูเก็ต,1,เมืองภูเก็ต,2,ตลาดเหนือ,83000000,สำนักงานที่ดินจังหวัดภูเก็ต,4,False,ห้องชุดพักอาศัย,11000,,official_statutory_assessment_rate_not_market_price
116361,34525,พันเทพคอนโดทาวน์ 2,-,83,ภูเก็ต,1,เมืองภูเก็ต,2,ตลาดเหนือ,83000000,สำนักงานที่ดินจังหวัดภูเก็ต,4,False,ระเบียง,5500,,official_statutory_assessment_rate_not_market_price
116362,34526,พันเทพคอนโดทาวน์ 3,-,83,ภูเก็ต,1,เมืองภูเก็ต,2,ตลาดเหนือ,83000000,สำนักงานที่ดินจังหวัดภูเก็ต,1,False,ห้องชุดเพื่อประกอบการค้า(ห้องชุดพาณิชยกรรม),15000,,official_statutory_assessment_rate_not_market_price
116363,34526,พันเทพคอนโดทาวน์ 3,-,83,ภูเก็ต,1,เมืองภูเก็ต,2,ตลาดเหนือ,83000000,สำนักงานที่ดินจังหวัดภูเก็ต,1,False,ระเบียง,7500,,official_statutory_assessment_rate_not_market_price
116364,34526,พันเทพคอนโดทาวน์ 3,-,83,ภูเก็ต,1,เมืองภูเก็ต,2,ตลาดเหนือ,83000000,สำนักงานที่ดินจังหวัดภูเก็ต,2,False,ห้องชุดพักอาศัย,12000,,official_statutory_assessment_rate_not_market_price
116365,34526,พันเทพคอนโดทาวน์ 3,-,83,ภูเก็ต,1,เมืองภูเก็ต,2,ตลาดเหนือ,83000000,สำนักงานที่ดินจังหวัดภูเก็ต,2,False,ระเบียง,6000,,official_statutory_assessment_rate_not_market_price
116366,34526,พันเทพคอนโดทาวน์ 3,-,83,ภูเก็ต,1,เมืองภูเก็ต,2,ตลาดเหนือ,83000000,สำนักงานที่ดินจังหวัดภูเก็ต,3,False,ห้องชุดพักอาศัย,11500,,official_statutory_assessment_rate_not_market_price
116367,34526,พันเทพคอนโดทาวน์ 3,-,83,ภูเก็ต,1,เมืองภูเก็ต,2,ตลาดเหนือ,83000000,สำนักงานที่ดินจังหวัดภูเก็ต,3,False,ระเบียง,5750,,official_statutory_assessment_rate_not_market_price
116368,34526,พันเทพคอนโดทาวน์ 3,-,83,ภูเก็ต,1,เมืองภูเก็ต,2,ตลาดเหนือ,83000000,สำนักงานที่ดินจังหวัดภูเก็ต,4,False,ห้องชุดพักอาศัย,11000,,official_statutory_assessment_rate_not_market_price
116369,34526,พันเทพคอนโดทาวน์ 3,-,83,ภูเก็ต,1,เมืองภูเก็ต,2,ตลาดเหนือ,83000000,สำนักงานที่ดินจังหวัดภูเก็ต,4,False,ระเบียง,5500,,official_statutory_assessment_rate_not_market_price
116370,34527,พันเทพคอนโดทาวน์ 5 - 6,5,83,ภูเก็ต,1,เมืองภูเก็ต,2,ตลาดเหนือ,83000000,สำนักงานที่ดินจังหวัดภูเก็ต,1,False,ห้องชุดเพื่อประกอบการค้า(ห้องชุดพาณิชยกรรม),15000,,official_statutory_assessment_rate_not_market_price
116371,34527,พันเทพคอนโดทาวน์ 5 - 6,5,83,ภูเก็ต,1,เมืองภูเก็ต,2,ตลาดเหนือ,83000000,สำนักงานที่ดินจังหวัดภูเก็ต,1,False,ระเบียง,7500,,official_statutory_assessment_rate_not_market_price
116372,34527,พันเทพคอนโดทาวน์ 5 - 6,5,83,ภูเก็ต,1,เมืองภูเก็ต,2,ตลาดเหนือ,83000000,สำนักงานที่ดินจังหวัดภูเก็ต,2,False,ห้องชุดพักอาศัย,12000,,official_statutory_assessment_rate_not_market_price
116373,34527,พันเทพคอนโดทาวน์ 5 - 6,5,83,ภูเก็ต,1,เมืองภูเก็ต,2,ตลาดเหนือ,83000000,สำนักงานที่ดินจังหวัดภูเก็ต,2,False,ระเบียง,6000,,official_statutory_assessment_rate_not_market_price
116374,34527,พันเทพคอนโดทาวน์ 5 - 6,5,83,ภูเก็ต,1,เมืองภูเก็ต,2,ตลาดเหนือ,83000000,สำนักงานที่ดินจังหวัดภูเก็ต,3,False,ห้องชุดพักอาศัย,11600,,official_statutory_assessment_rate_not_market_price
116375,34527,พันเทพคอนโดทาวน์ 5 - 6,5,83,ภูเก็ต,1,เมืองภูเก็ต,2,ตลาดเหนือ,83000000,สำนักงานที่ดินจังหวัดภูเก็ต,3,False,ระเบียง,5800,,official_statutory_assessment_rate_not_market_price
116376,34527,พันเทพคอนโดทาวน์ 5 - 6,5,83,ภูเก็ต,1,เมืองภูเก็ต,2,ตลาดเหนือ,83000000,สำนักงานที่ดินจังหวัดภูเก็ต,4,False,ห้องชุดพักอาศัย,11000,,official_statutory_assessment_rate_not_market_price
116377,34527,พันเทพคอนโดทาวน์ 5 - 6,5,83,ภูเก็ต,1,เมืองภูเก็ต,2,ตลาดเหนือ,83000000,สำนักงานที่ดินจังหวัดภูเก็ต,4,False,ระเบียง,5500,,official_statutory_assessment_rate_not_market_price
116378,34527,พันเทพคอนโดทาวน์ 5 - 6,6,83,ภูเก็ต,1,เมืองภูเก็ต,2,ตลาดเหนือ,83000000,สำนักงานที่ดินจังหวัดภูเก็ต,1,False,ห้องชุดเพื่อประกอบการค้า(ห้องชุดพาณิชยกรรม),15000,,official_statutory_assessment_rate_not_market_price
116379,34527,พันเทพคอนโดทาวน์ 5 - 6,6,83,ภูเก็ต,1,เมืองภูเก็ต,2,ตลาดเหนือ,83000000,สำนักงานที่ดินจังหวัดภูเก็ต,1,False,ระเบียง,7500,,official_statutory_assessment_rate_not_market_price
116380,34527,พันเทพคอนโดทาวน์ 5 - 6,6,83,ภูเก็ต,1,เมืองภูเก็ต,2,ตลาดเหนือ,83000000,สำนักงานที่ดินจังหวัดภูเก็ต,2,False,ห้องชุดพักอาศัย,12000,,official_statutory_assessment_rate_not_market_price
116381,34527,พันเทพคอนโดทาวน์ 5 - 6,6,83,ภูเก็ต,1,เมืองภูเก็ต,2,ตลาดเหนือ,83000000,สำนักงานที่ดินจังหวัดภูเก็ต,2,False,ระเบียง,6000,,official_statutory_assessment_rate_not_market_price
116382,34527,พันเทพคอนโดทาวน์ 5 - 6,6,83,ภูเก็ต,1,เมืองภูเก็ต,2,ตลาดเหนือ,83000000,สำนักงานที่ดินจังหวัดภูเก็ต,3,False,ห้องชุดพักอาศัย,11600,,official_statutory_assessment_rate_not_market_price
116383,34527,พันเทพคอนโดทาวน์ 5 - 6,6,83,ภูเก็ต,1,เมืองภูเก็ต,2,ตลาดเหนือ,83000000,สำนักงานที่ดินจังหวัดภูเก็ต,3,False,ระเบียง,5800,,official_statutory_assessment_rate_not_market_price
116384,34527,พันเทพคอนโดทาวน์ 5 - 6,6,83,ภูเก็ต,1,เมืองภูเก็ต,2,ตลาดเหนือ,83000000,สำนักงานที่ดินจังหวัดภูเก็ต,4,False,ห้องชุดพักอาศัย,11000,,official_statutory_assessment_rate_not_market_price
116385,34527,พันเทพคอนโดทาวน์ 5 - 6,6,83,ภูเก็ต,1,เมืองภูเก็ต,2,ตลาดเหนือ,83000000,สำนักงานที่ดินจังหวัดภูเก็ต,4,False,ระเบียง,5500,,official_statutory_assessment_rate_not_market_price
116386,34471,คอนเนค 1,-,83,ภูเก็ต,1,เมืองภูเก็ต,2,ตลาดเหนือ,83000000,สำนักงานที่ดินจังหวัดภูเก็ต,2,False,ห้องชุดพักอาศัย,34500,,official_statutory_assessment_rate_not_market_price
116387,34471,คอนเนค 1,-,83,ภูเก็ต,1,เมืองภูเก็ต,2,ตลาดเหนือ,83000000,สำนักงานที่ดินจังหวัดภูเก็ต,2,False,พื้นที่ระเบียง,17250,,official_statutory_assessment_rate_not_market_price
116388,34471,คอนเนค 1,-,83,ภูเก็ต,1,เมืองภูเก็ต,2,ตลาดเหนือ,83000000,สำนักงานที่ดินจังหวัดภูเก็ต,3-เม.ย.,True,ห้องชุดพักอาศัย,35000,,official_statutory_assessment_rate_not_market_price
116389,34471,คอนเนค 1,-,83,ภูเก็ต,1,เมืองภูเก็ต,2,ตลาดเหนือ,83000000,สำนักงานที่ดินจังหวัดภูเก็ต,3-เม.ย.,True,พื้นที่ระเบียง,17500,,official_statutory_assessment_rate_not_market_price
116390,34471,คอนเนค 1,-,83,ภูเก็ต,1,เมืองภูเก็ต,2,ตลาดเหนือ,83000000,สำนักงานที่ดินจังหวัดภูเก็ต,5-มิ.ย.,True,ห้องชุดพักอาศัย,35500,,official_statutory_assessment_rate_not_market_price
116391,34471,คอนเนค 1,-,83,ภูเก็ต,1,เมืองภูเก็ต,2,ตลาดเหนือ,83000000,สำนักงานที่ดินจังหวัดภูเก็ต,5-มิ.ย.,True,พื้นที่ระเบียง,17750,,official_statutory_assessment_rate_not_market_price
116392,34471,คอนเนค 1,-,83,ภูเก็ต,1,เมืองภูเก็ต,2,ตลาดเหนือ,83000000,สำนักงานที่ดินจังหวัดภูเก็ต,7-ส.ค.,True,ห้องชุดพักอาศัย,36000,,official_statutory_assessment_rate_not_market_price
116393,34471,คอนเนค 1,-,83,ภูเก็ต,1,เมืองภูเก็ต,2,ตลาดเหนือ,83000000,สำนักงานที่ดินจังหวัดภูเก็ต,7-ส.ค.,True,พื้นที่ระเบียง,18000,,official_statutory_assessment_rate_not_market_price
116394,34488,ซีเพิร์ล คอนโดมิเนียม,-,83,ภูเก็ต,1,เมืองภูเก็ต,2,ป่าตอง,83000000,สำนักงานที่ดินจังหวัดภูเก็ต,1,False,ห้องชุดพักอาศัย,43000,,official_statutory_assessment_rate_not_market_price
116395,34488,ซีเพิร์ล คอนโดมิเนียม,-,83,ภูเก็ต,1,เมืองภูเก็ต,2,ป่าตอง,83000000,สำนักงานที่ดินจังหวัดภูเก็ต,1,False,ระเบียง,21500,,official_statutory_assessment_rate_not_market_price
116396,34488,ซีเพิร์ล คอนโดมิเนียม,-,83,ภูเก็ต,1,เมืองภูเก็ต,2,ป่าตอง,83000000,สำนักงานที่ดินจังหวัดภูเก็ต,2,False,ห้องชุดพักอาศัย,43500,,official_statutory_assessment_rate_not_market_price
116397,34488,ซีเพิร์ล คอนโดมิเนียม,-,83,ภูเก็ต,1,เมืองภูเก็ต,2,ป่าตอง,83000000,สำนักงานที่ดินจังหวัดภูเก็ต,2,False,ระเบียง,21750,,official_statutory_assessment_rate_not_market_price
116398,34488,ซีเพิร์ล คอนโดมิเนียม,-,83,ภูเก็ต,1,เมืองภูเก็ต,2,ป่าตอง,83000000,สำนักงานที่ดินจังหวัดภูเก็ต,3,False,ห้องชุดพักอาศัย,44000,,official_statutory_assessment_rate_not_market_price
116399,34488,ซีเพิร์ล คอนโดมิเนียม,-,83,ภูเก็ต,1,เมืองภูเก็ต,2,ป่าตอง,83000000,สำนักงานที่ดินจังหวัดภูเก็ต,3,False,ระเบียง,22000,,official_statutory_assessment_rate_not_market_price
116400,34488,ซีเพิร์ล คอนโดมิเนียม,-,83,ภูเก็ต,1,เมืองภูเก็ต,2,ป่าตอง,83000000,สำนักงานที่ดินจังหวัดภูเก็ต,4,False,ห้องชุดพักอาศัย,44500,,official_statutory_assessment_rate_not_market_price
116401,34488,ซีเพิร์ล คอนโดมิเนียม,-,83,ภูเก็ต,1,เมืองภูเก็ต,2,ป่าตอง,83000000,สำนักงานที่ดินจังหวัดภูเก็ต,4,False,ระเบียง,22250,,official_statutory_assessment_rate_not_market_price
116402,34488,ซีเพิร์ล คอนโดมิเนียม,-,83,ภูเก็ต,1,เมืองภูเก็ต,2,ป่าตอง,83000000,สำนักงานที่ดินจังหวัดภูเก็ต,ใต้ดิน,False,ห้องชุดเพื่อประกอบการค้า(ห้องชุดพาณิชยกรรม),64000,,official_statutory_assessment_rate_not_market_price
116403,34488,ซีเพิร์ล คอนโดมิเนียม,-,83,ภูเก็ต,1,เมืองภูเก็ต,2,ป่าตอง,83000000,สำนักงานที่ดินจังหวัดภูเก็ต,ใต้ดิน,False,ระเบียง,32000,,official_statutory_assessment_rate_not_market_price
116404,34502,บลูพอยน์ท คอนโดมิเนียม (BluePoint Condominium),A,83,ภูเก็ต,1,เมืองภูเก็ต,2,ป่าตอง,83000000,สำนักงานที่ดินจังหวัดภูเก็ต,4,False,ห้องชุดพักอาศัยตากอากาศ/พื้นที่ระเบียง,93600,,official_statutory_assessment_rate_not_market_price
116405,34502,บลูพอยน์ท คอนโดมิเนียม (BluePoint Condominium),A,83,ภูเก็ต,1,เมืองภูเก็ต,2,ป่าตอง,83000000,สำนักงานที่ดินจังหวัดภูเก็ต,"2,3",False,ตากอากาศแบบ2ชั้นควบ/พื้นที่ระเบียง ,98500,,official_statutory_assessment_rate_not_market_price
116406,34502,บลูพอยน์ท คอนโดมิเนียม (BluePoint Condominium),B,83,ภูเก็ต,1,เมืองภูเก็ต,2,ป่าตอง,83000000,สำนักงานที่ดินจังหวัดภูเก็ต,3,False,ห้องชุดพักอาศัยตากอากาศ/พื้นที่ระเบียง,95300,,official_statutory_assessment_rate_not_market_price
116407,34502,บลูพอยน์ท คอนโดมิเนียม (BluePoint Condominium),B,83,ภูเก็ต,1,เมืองภูเก็ต,2,ป่าตอง,83000000,สำนักงานที่ดินจังหวัดภูเก็ต,"1,2",False,ตากอากาศแบบ2ชั้นควบ/พื้นที่ระเบียง ,101400,,official_statutory_assessment_rate_not_market_price
116408,34502,บลูพอยน์ท คอนโดมิเนียม (BluePoint Condominium),B,83,ภูเก็ต,1,เมืองภูเก็ต,2,ป่าตอง,83000000,สำนักงานที่ดินจังหวัดภูเก็ต,"2,3",False,ตากอากาศแบบ2ชั้นควบ/พื้นที่ระเบียง ,98500,,official_statutory_assessment_rate_not_market_price
116409,34502,บลูพอยน์ท คอนโดมิเนียม (BluePoint Condominium),C,83,ภูเก็ต,1,เมืองภูเก็ต,2,ป่าตอง,83000000,สำนักงานที่ดินจังหวัดภูเก็ต,1,False,ห้องชุดพักอาศัยตากอากาศ/พื้นที่ระเบียง,100400,,official_statutory_assessment_rate_not_market_price
116410,34502,บลูพอยน์ท คอนโดมิเนียม (BluePoint Condominium),C,83,ภูเก็ต,1,เมืองภูเก็ต,2,ป่าตอง,83000000,สำนักงานที่ดินจังหวัดภูเก็ต,2,False,ห้องชุดพักอาศัยตากอากาศ/พื้นที่ระเบียง,97500,,official_statutory_assessment_rate_not_market_price
116411,34502,บลูพอยน์ท คอนโดมิเนียม (BluePoint Condominium),C,83,ภูเก็ต,1,เมืองภูเก็ต,2,ป่าตอง,83000000,สำนักงานที่ดินจังหวัดภูเก็ต,3,False,ห้องชุดพักอาศัยตากอากาศ/พื้นที่ระเบียง,95300,,official_statutory_assessment_rate_not_market_price
116412,34502,บลูพอยน์ท คอนโดมิเนียม (BluePoint Condominium),C,83,ภูเก็ต,1,เมืองภูเก็ต,2,ป่าตอง,83000000,สำนักงานที่ดินจังหวัดภูเก็ต,"1,2",False,ตากอากาศแบบ2ชั้นควบ/พื้นที่ระเบียง ,101400,,official_statutory_assessment_rate_not_market_price
116413,34502,บลูพอยน์ท คอนโดมิเนียม (BluePoint Condominium),C,83,ภูเก็ต,1,เมืองภูเก็ต,2,ป่าตอง,83000000,สำนักงานที่ดินจังหวัดภูเก็ต,"2,3",False,ตากอากาศแบบ2ชั้นควบ/พื้นที่ระเบียง ,98500,,official_statutory_assessment_rate_not_market_price
116414,34482,ชูการ์ปาล์ม สวนหลวง คอนโดมิเนียม,-,83,ภูเก็ต,1,เมืองภูเก็ต,2,ตลาดเหนือ,83000000,สำนักงานที่ดินจังหวัดภูเก็ต,1,False,ห้องชุดพักอาศัย,50000,,official_statutory_assessment_rate_not_market_price
116415,34482,ชูการ์ปาล์ม สวนหลวง คอนโดมิเนียม,-,83,ภูเก็ต,1,เมืองภูเก็ต,2,ตลาดเหนือ,83000000,สำนักงานที่ดินจังหวัดภูเก็ต,1,False,พื้นที่ระเบียงและสวน,25000,,official_statutory_assessment_rate_not_market_price
116416,34482,ชูการ์ปาล์ม สวนหลวง คอนโดมิเนียม,-,83,ภูเก็ต,1,เมืองภูเก็ต,2,ตลาดเหนือ,83000000,สำนักงานที่ดินจังหวัดภูเก็ต,11,False,ห้องชุดพักอาศัย,52000,,official_statutory_assessment_rate_not_market_price
116417,34482,ชูการ์ปาล์ม สวนหลวง คอนโดมิเนียม,-,83,ภูเก็ต,1,เมืองภูเก็ต,2,ตลาดเหนือ,83000000,สำนักงานที่ดินจังหวัดภูเก็ต,11,False,พื้นที่ระเบียง,26000,,official_statutory_assessment_rate_not_market_price
116418,34482,ชูการ์ปาล์ม สวนหลวง คอนโดมิเนียม,-,83,ภูเก็ต,1,เมืองภูเก็ต,2,ตลาดเหนือ,83000000,สำนักงานที่ดินจังหวัดภูเก็ต,2-เม.ย.,True,ห้องชุดพักอาศัย,50500,,official_statutory_assessment_rate_not_market_price
116419,34482,ชูการ์ปาล์ม สวนหลวง คอนโดมิเนียม,-,83,ภูเก็ต,1,เมืองภูเก็ต,2,ตลาดเหนือ,83000000,สำนักงานที่ดินจังหวัดภูเก็ต,2-เม.ย.,True,พื้นที่ระเบียง,25250,,official_statutory_assessment_rate_not_market_price
116420,34482,ชูการ์ปาล์ม สวนหลวง คอนโดมิเนียม,-,83,ภูเก็ต,1,เมืองภูเก็ต,2,ตลาดเหนือ,83000000,สำนักงานที่ดินจังหวัดภูเก็ต,5-ก.ค.,True,ห้องชุดพักอาศัย,51000,,official_statutory_assessment_rate_not_market_price
116421,34482,ชูการ์ปาล์ม สวนหลวง คอนโดมิเนียม,-,83,ภูเก็ต,1,เมืองภูเก็ต,2,ตลาดเหนือ,83000000,สำนักงานที่ดินจังหวัดภูเก็ต,5-ก.ค.,True,พื้นที่ระเบียง,25500,,official_statutory_assessment_rate_not_market_price
116422,34482,ชูการ์ปาล์ม สวนหลวง คอนโดมิเนียม,-,83,ภูเก็ต,1,เมืองภูเก็ต,2,ตลาดเหนือ,83000000,สำนักงานที่ดินจังหวัดภูเก็ต,8-ต.ค.,True,ห้องชุดพักอาศัย,51500,,official_statutory_assessment_rate_not_market_price
116423,34482,ชูการ์ปาล์ม สวนหลวง คอนโดมิเนียม,-,83,ภูเก็ต,1,เมืองภูเก็ต,2,ตลาดเหนือ,83000000,สำนักงานที่ดินจังหวัดภูเก็ต,8-ต.ค.,True,พื้นที่ระเบียง,25750,,official_statutory_assessment_rate_not_market_price
116424,34482,ชูการ์ปาล์ม สวนหลวง คอนโดมิเนียม,-,83,ภูเก็ต,1,เมืองภูเก็ต,2,ตลาดเหนือ,83000000,สำนักงานที่ดินจังหวัดภูเก็ต,บี 1,False,ที่จอดรถยนต์ส่วนบุคคล,15500,,official_statutory_assessment_rate_not_market_price
116425,34482,ชูการ์ปาล์ม สวนหลวง คอนโดมิเนียม,-,83,ภูเก็ต,1,เมืองภูเก็ต,2,ตลาดเหนือ,83000000,สำนักงานที่ดินจังหวัดภูเก็ต,บี 2,False,ห้องชุดเพื่อประกอบการค้า(ห้องชุดพาณิชยกรรม),60000,,official_statutory_assessment_rate_not_market_price
116426,34482,ชูการ์ปาล์ม สวนหลวง คอนโดมิเนียม,-,83,ภูเก็ต,1,เมืองภูเก็ต,2,ตลาดเหนือ,83000000,สำนักงานที่ดินจังหวัดภูเก็ต,บี 2,False,พื้นที่ระเบียง,30000,,official_statutory_assessment_rate_not_market_price
116427,34493,ดิโฮมเพลส คอนโดมิเนียม,-,83,ภูเก็ต,1,เมืองภูเก็ต,2,ตลาดเหนือ,83000000,สำนักงานที่ดินจังหวัดภูเก็ต,1,False,ห้องชุดพักอาศัย,40500,,official_statutory_assessment_rate_not_market_price
116428,34493,ดิโฮมเพลส คอนโดมิเนียม,-,83,ภูเก็ต,1,เมืองภูเก็ต,2,ตลาดเหนือ,83000000,สำนักงานที่ดินจังหวัดภูเก็ต,1,False,ห้องชุดเพื่อประกอบการค้า(ห้องชุดพาณิชยกรรม),48500,,official_statutory_assessment_rate_not_market_price
116429,34493,ดิโฮมเพลส คอนโดมิเนียม,-,83,ภูเก็ต,1,เมืองภูเก็ต,2,ตลาดเหนือ,83000000,สำนักงานที่ดินจังหวัดภูเก็ต,1,False,ห้องชุดพักอาศัย,20250,,official_statutory_assessment_rate_not_market_price
116430,34493,ดิโฮมเพลส คอนโดมิเนียม,-,83,ภูเก็ต,1,เมืองภูเก็ต,2,ตลาดเหนือ,83000000,สำนักงานที่ดินจังหวัดภูเก็ต,1,False,ห้องชุดเพื่อประกอบการค้า(ห้องชุดพาณิชยกรรม),24250,,official_statutory_assessment_rate_not_market_price
116431,34493,ดิโฮมเพลส คอนโดมิเนียม,-,83,ภูเก็ต,1,เมืองภูเก็ต,2,ตลาดเหนือ,83000000,สำนักงานที่ดินจังหวัดภูเก็ต,2,False,ห้องชุดพักอาศัย,40500,,official_statutory_assessment_rate_not_market_price
116432,34493,ดิโฮมเพลส คอนโดมิเนียม,-,83,ภูเก็ต,1,เมืองภูเก็ต,2,ตลาดเหนือ,83000000,สำนักงานที่ดินจังหวัดภูเก็ต,2,False,ห้องชุดพักอาศัย,20250,,official_statutory_assessment_rate_not_market_price
116433,34493,ดิโฮมเพลส คอนโดมิเนียม,-,83,ภูเก็ต,1,เมืองภูเก็ต,2,ตลาดเหนือ,83000000,สำนักงานที่ดินจังหวัดภูเก็ต,3,False,ห้องชุดพักอาศัย,41000,,official_statutory_assessment_rate_not_market_price
116434,34493,ดิโฮมเพลส คอนโดมิเนียม,-,83,ภูเก็ต,1,เมืองภูเก็ต,2,ตลาดเหนือ,83000000,สำนักงานที่ดินจังหวัดภูเก็ต,3,False,ห้องชุดพักอาศัย,20500,,official_statutory_assessment_rate_not_market_price
116435,34493,ดิโฮมเพลส คอนโดมิเนียม,-,83,ภูเก็ต,1,เมืองภูเก็ต,2,ตลาดเหนือ,83000000,สำนักงานที่ดินจังหวัดภูเก็ต,4,False,ห้องชุดพักอาศัย,41000,,official_statutory_assessment_rate_not_market_price
116436,34493,ดิโฮมเพลส คอนโดมิเนียม,-,83,ภูเก็ต,1,เมืองภูเก็ต,2,ตลาดเหนือ,83000000,สำนักงานที่ดินจังหวัดภูเก็ต,4,False,ห้องชุดพักอาศัย,20500,,official_statutory_assessment_rate_not_market_price
116437,34493,ดิโฮมเพลส คอนโดมิเนียม,-,83,ภูเก็ต,1,เมืองภูเก็ต,2,ตลาดเหนือ,83000000,สำนักงานที่ดินจังหวัดภูเก็ต,5,False,ห้องชุดพักอาศัย,41500,,official_statutory_assessment_rate_not_market_price
116438,34493,ดิโฮมเพลส คอนโดมิเนียม,-,83,ภูเก็ต,1,เมืองภูเก็ต,2,ตลาดเหนือ,83000000,สำนักงานที่ดินจังหวัดภูเก็ต,5,False,ห้องชุดพักอาศัย,20750,,official_statutory_assessment_rate_not_market_price
116439,34493,ดิโฮมเพลส คอนโดมิเนียม,-,83,ภูเก็ต,1,เมืองภูเก็ต,2,ตลาดเหนือ,83000000,สำนักงานที่ดินจังหวัดภูเก็ต,6,False,ห้องชุดพักอาศัย,41500,,official_statutory_assessment_rate_not_market_price
116440,34493,ดิโฮมเพลส คอนโดมิเนียม,-,83,ภูเก็ต,1,เมืองภูเก็ต,2,ตลาดเหนือ,83000000,สำนักงานที่ดินจังหวัดภูเก็ต,6,False,ห้องชุดพักอาศัย,20750,,official_statutory_assessment_rate_not_market_price
116441,34493,ดิโฮมเพลส คอนโดมิเนียม,-,83,ภูเก็ต,1,เมืองภูเก็ต,2,ตลาดเหนือ,83000000,สำนักงานที่ดินจังหวัดภูเก็ต,7,False,ห้องชุดพักอาศัย,42000,,official_statutory_assessment_rate_not_market_price
116442,34493,ดิโฮมเพลส คอนโดมิเนียม,-,83,ภูเก็ต,1,เมืองภูเก็ต,2,ตลาดเหนือ,83000000,สำนักงานที่ดินจังหวัดภูเก็ต,7,False,ห้องชุดพักอาศัย,21000,,official_statutory_assessment_rate_not_market_price
116443,34393,เดอะ ไลต์ สวนหลวง คอนโดมิเนียม,-,83,ภูเก็ต,1,เมืองภูเก็ต,2,ตลาดเหนือ,83000000,สำนักงานที่ดินจังหวัดภูเก็ต,3,False,ห้องชุดพักอาศัย,46500,,official_statutory_assessment_rate_not_market_price
116444,34393,เดอะ ไลต์ สวนหลวง คอนโดมิเนียม,-,83,ภูเก็ต,1,เมืองภูเก็ต,2,ตลาดเหนือ,83000000,สำนักงานที่ดินจังหวัดภูเก็ต,3,False,พื้นที่ระเบียง,23250,,official_statutory_assessment_rate_not_market_price
116445,34393,เดอะ ไลต์ สวนหลวง คอนโดมิเนียม,-,83,ภูเก็ต,1,เมืองภูเก็ต,2,ตลาดเหนือ,83000000,สำนักงานที่ดินจังหวัดภูเก็ต,4-มิ.ย.,True,ห้องชุดพักอาศัย,47000,,official_statutory_assessment_rate_not_market_price
116446,34393,เดอะ ไลต์ สวนหลวง คอนโดมิเนียม,-,83,ภูเก็ต,1,เมืองภูเก็ต,2,ตลาดเหนือ,83000000,สำนักงานที่ดินจังหวัดภูเก็ต,4-มิ.ย.,True,พื้นที่ระเบียง,23500,,official_statutory_assessment_rate_not_market_price
116447,34393,เดอะ ไลต์ สวนหลวง คอนโดมิเนียม,-,83,ภูเก็ต,1,เมืองภูเก็ต,2,ตลาดเหนือ,83000000,สำนักงานที่ดินจังหวัดภูเก็ต,7-ก.ย.,True,ห้องชุดพักอาศัย,47500,,official_statutory_assessment_rate_not_market_price
116448,34393,เดอะ ไลต์ สวนหลวง คอนโดมิเนียม,-,83,ภูเก็ต,1,เมืองภูเก็ต,2,ตลาดเหนือ,83000000,สำนักงานที่ดินจังหวัดภูเก็ต,7-ก.ย.,True,พื้นที่ระเบียง,23750,,official_statutory_assessment_rate_not_market_price
116449,34393,เดอะ ไลต์ สวนหลวง คอนโดมิเนียม,-,83,ภูเก็ต,1,เมืองภูเก็ต,2,ตลาดเหนือ,83000000,สำนักงานที่ดินจังหวัดภูเก็ต,10-ธ.ค.,True,ห้องชุดพักอาศัย,48000,,official_statutory_assessment_rate_not_market_price
116450,34393,เดอะ ไลต์ สวนหลวง คอนโดมิเนียม,-,83,ภูเก็ต,1,เมืองภูเก็ต,2,ตลาดเหนือ,83000000,สำนักงานที่ดินจังหวัดภูเก็ต,10-ธ.ค.,True,พื้นที่ระเบียง,24000,,official_statutory_assessment_rate_not_market_price
116451,34393,เดอะ ไลต์ สวนหลวง คอนโดมิเนียม,-,83,ภูเก็ต,1,เมืองภูเก็ต,2,ตลาดเหนือ,83000000,สำนักงานที่ดินจังหวัดภูเก็ต,13-15,False,ห้องชุดพักอาศัย,48500,,official_statutory_assessment_rate_not_market_price
116452,34393,เดอะ ไลต์ สวนหลวง คอนโดมิเนียม,-,83,ภูเก็ต,1,เมืองภูเก็ต,2,ตลาดเหนือ,83000000,สำนักงานที่ดินจังหวัดภูเก็ต,13-15,False,พื้นที่ระเบียง,24250,,official_statutory_assessment_rate_not_market_price
116453,34423,เดอะวายด์ คอนโด,A,83,ภูเก็ต,1,เมืองภูเก็ต,2,ตลาดเหนือ,83000000,สำนักงานที่ดินจังหวัดภูเก็ต,1,False,ห้องชุดเพื่อประกอบการค้า(ห้องชุดพาณิชยกรรม),65000,,official_statutory_assessment_rate_not_market_price
116454,34423,เดอะวายด์ คอนโด,A,83,ภูเก็ต,1,เมืองภูเก็ต,2,ตลาดเหนือ,83000000,สำนักงานที่ดินจังหวัดภูเก็ต,2,False,ห้องชุดพักอาศัย,54000,,official_statutory_assessment_rate_not_market_price
116455,34423,เดอะวายด์ คอนโด,A,83,ภูเก็ต,1,เมืองภูเก็ต,2,ตลาดเหนือ,83000000,สำนักงานที่ดินจังหวัดภูเก็ต,2,False,พื้นที่ระเบียง,27000,,official_statutory_assessment_rate_not_market_price
116456,34423,เดอะวายด์ คอนโด,A,83,ภูเก็ต,1,เมืองภูเก็ต,2,ตลาดเหนือ,83000000,สำนักงานที่ดินจังหวัดภูเก็ต,7,False,ห้องชุดพักอาศัย,55500,,official_statutory_assessment_rate_not_market_price
116457,34423,เดอะวายด์ คอนโด,A,83,ภูเก็ต,1,เมืองภูเก็ต,2,ตลาดเหนือ,83000000,สำนักงานที่ดินจังหวัดภูเก็ต,7,False,พื้นที่ระเบียง,27750,,official_statutory_assessment_rate_not_market_price
116458,34423,เดอะวายด์ คอนโด,A,83,ภูเก็ต,1,เมืองภูเก็ต,2,ตลาดเหนือ,83000000,สำนักงานที่ดินจังหวัดภูเก็ต,8,False,ห้องชุดพักอาศัยเพ้นท์เฮ้าส์,65500,,official_statutory_assessment_rate_not_market_price
116459,34423,เดอะวายด์ คอนโด,A,83,ภูเก็ต,1,เมืองภูเก็ต,2,ตลาดเหนือ,83000000,สำนักงานที่ดินจังหวัดภูเก็ต,8,False,พื้นที่ระเบียง,28250,,official_statutory_assessment_rate_not_market_price
116460,34423,เดอะวายด์ คอนโด,A,83,ภูเก็ต,1,เมืองภูเก็ต,2,ตลาดเหนือ,83000000,สำนักงานที่ดินจังหวัดภูเก็ต,3-เม.ย.,True,ห้องชุดพักอาศัย,54500,,official_statutory_assessment_rate_not_market_price
116461,34423,เดอะวายด์ คอนโด,A,83,ภูเก็ต,1,เมืองภูเก็ต,2,ตลาดเหนือ,83000000,สำนักงานที่ดินจังหวัดภูเก็ต,3-เม.ย.,True,พื้นที่ระเบียง,27250,,official_statutory_assessment_rate_not_market_price
116462,34423,เดอะวายด์ คอนโด,A,83,ภูเก็ต,1,เมืองภูเก็ต,2,ตลาดเหนือ,83000000,สำนักงานที่ดินจังหวัดภูเก็ต,5-มิ.ย.,True,ห้องชุดพักอาศัย,55000,,official_statutory_assessment_rate_not_market_price
116463,34423,เดอะวายด์ คอนโด,A,83,ภูเก็ต,1,เมืองภูเก็ต,2,ตลาดเหนือ,83000000,สำนักงานที่ดินจังหวัดภูเก็ต,5-มิ.ย.,True,พื้นที่ระเบียง,27500,,official_statutory_assessment_rate_not_market_price
116464,34423,เดอะวายด์ คอนโด,B,83,ภูเก็ต,1,เมืองภูเก็ต,2,ตลาดเหนือ,83000000,สำนักงานที่ดินจังหวัดภูเก็ต,1,False,ห้องชุดเพื่อประกอบการค้า(ห้องชุดพาณิชยกรรม),65000,,official_statutory_assessment_rate_not_market_price
116465,34423,เดอะวายด์ คอนโด,B,83,ภูเก็ต,1,เมืองภูเก็ต,2,ตลาดเหนือ,83000000,สำนักงานที่ดินจังหวัดภูเก็ต,2,False,ห้องชุดพักอาศัย,54000,,official_statutory_assessment_rate_not_market_price
116466,34423,เดอะวายด์ คอนโด,B,83,ภูเก็ต,1,เมืองภูเก็ต,2,ตลาดเหนือ,83000000,สำนักงานที่ดินจังหวัดภูเก็ต,2,False,พื้นที่ระเบียง,27000,,official_statutory_assessment_rate_not_market_price
116467,34423,เดอะวายด์ คอนโด,B,83,ภูเก็ต,1,เมืองภูเก็ต,2,ตลาดเหนือ,83000000,สำนักงานที่ดินจังหวัดภูเก็ต,7,False,ห้องชุดพักอาศัย,55500,,official_statutory_assessment_rate_not_market_price
116468,34423,เดอะวายด์ คอนโด,B,83,ภูเก็ต,1,เมืองภูเก็ต,2,ตลาดเหนือ,83000000,สำนักงานที่ดินจังหวัดภูเก็ต,7,False,พื้นที่ระเบียง,27750,,official_statutory_assessment_rate_not_market_price
116469,34423,เดอะวายด์ คอนโด,B,83,ภูเก็ต,1,เมืองภูเก็ต,2,ตลาดเหนือ,83000000,สำนักงานที่ดินจังหวัดภูเก็ต,8,False,ห้องชุดพักอาศัยเพ้นท์เฮ้าส์,65500,,official_statutory_assessment_rate_not_market_price
116470,34423,เดอะวายด์ คอนโด,B,83,ภูเก็ต,1,เมืองภูเก็ต,2,ตลาดเหนือ,83000000,สำนักงานที่ดินจังหวัดภูเก็ต,8,False,พื้นที่ระเบียง,28250,,official_statutory_assessment_rate_not_market_price
116471,34423,เดอะวายด์ คอนโด,B,83,ภูเก็ต,1,เมืองภูเก็ต,2,ตลาดเหนือ,83000000,สำนักงานที่ดินจังหวัดภูเก็ต,3-เม.ย.,True,ห้องชุดพักอาศัย,54500,,official_statutory_assessment_rate_not_market_price
116472,34423,เดอะวายด์ คอนโด,B,83,ภูเก็ต,1,เมืองภูเก็ต,2,ตลาดเหนือ,83000000,สำนักงานที่ดินจังหวัดภูเก็ต,3-เม.ย.,True,พื้นที่ระเบียง,27250,,official_statutory_assessment_rate_not_market_price
116473,34423,เดอะวายด์ คอนโด,B,83,ภูเก็ต,1,เมืองภูเก็ต,2,ตลาดเหนือ,83000000,สำนักงานที่ดินจังหวัดภูเก็ต,5-มิ.ย.,True,ห้องชุดพักอาศัย,55000,,official_statutory_assessment_rate_not_market_price
116474,34423,เดอะวายด์ คอนโด,B,83,ภูเก็ต,1,เมืองภูเก็ต,2,ตลาดเหนือ,83000000,สำนักงานที่ดินจังหวัดภูเก็ต,5-มิ.ย.,True,พื้นที่ระเบียง,27500,,official_statutory_assessment_rate_not_market_price
116475,34423,เดอะวายด์ คอนโด,C,83,ภูเก็ต,1,เมืองภูเก็ต,2,ตลาดเหนือ,83000000,สำนักงานที่ดินจังหวัดภูเก็ต,2,False,ห้องชุดพักอาศัย,54000,,official_statutory_assessment_rate_not_market_price
116476,34423,เดอะวายด์ คอนโด,C,83,ภูเก็ต,1,เมืองภูเก็ต,2,ตลาดเหนือ,83000000,สำนักงานที่ดินจังหวัดภูเก็ต,2,False,พื้นที่ระเบียง,27000,,official_statutory_assessment_rate_not_market_price
116477,34423,เดอะวายด์ คอนโด,C,83,ภูเก็ต,1,เมืองภูเก็ต,2,ตลาดเหนือ,83000000,สำนักงานที่ดินจังหวัดภูเก็ต,7,False,ห้องชุดพักอาศัย,55500,,official_statutory_assessment_rate_not_market_price
116478,34423,เดอะวายด์ คอนโด,C,83,ภูเก็ต,1,เมืองภูเก็ต,2,ตลาดเหนือ,83000000,สำนักงานที่ดินจังหวัดภูเก็ต,7,False,พื้นที่ระเบียง,27750,,official_statutory_assessment_rate_not_market_price
116479,34423,เดอะวายด์ คอนโด,C,83,ภูเก็ต,1,เมืองภูเก็ต,2,ตลาดเหนือ,83000000,สำนักงานที่ดินจังหวัดภูเก็ต,8,False,ห้องชุดพักอาศัยเพ้นท์เฮ้าส์,56500,,official_statutory_assessment_rate_not_market_price
116480,34423,เดอะวายด์ คอนโด,C,83,ภูเก็ต,1,เมืองภูเก็ต,2,ตลาดเหนือ,83000000,สำนักงานที่ดินจังหวัดภูเก็ต,8,False,พื้นที่ระเบียง,28250,,official_statutory_assessment_rate_not_market_price
116481,34423,เดอะวายด์ คอนโด,C,83,ภูเก็ต,1,เมืองภูเก็ต,2,ตลาดเหนือ,83000000,สำนักงานที่ดินจังหวัดภูเก็ต,3-เม.ย.,True,ห้องชุดพักอาศัย,54500,,official_statutory_assessment_rate_not_market_price
116482,34423,เดอะวายด์ คอนโด,C,83,ภูเก็ต,1,เมืองภูเก็ต,2,ตลาดเหนือ,83000000,สำนักงานที่ดินจังหวัดภูเก็ต,3-เม.ย.,True,พื้นที่ระเบียง,27250,,official_statutory_assessment_rate_not_market_price
116483,34423,เดอะวายด์ คอนโด,C,83,ภูเก็ต,1,เมืองภูเก็ต,2,ตลาดเหนือ,83000000,สำนักงานที่ดินจังหวัดภูเก็ต,5-มิ.ย.,True,ห้องชุดพักอาศัย,55000,,official_statutory_assessment_rate_not_market_price
116484,34423,เดอะวายด์ คอนโด,C,83,ภูเก็ต,1,เมืองภูเก็ต,2,ตลาดเหนือ,83000000,สำนักงานที่ดินจังหวัดภูเก็ต,5-มิ.ย.,True,พื้นที่ระเบียง,27500,,official_statutory_assessment_rate_not_market_price
116485,34425,เบย์ ชอร์ โอเชี่ยน วิว คอนโดมิเนียม,-,83,ภูเก็ต,1,เมืองภูเก็ต,2,ป่าตอง,83000000,สำนักงานที่ดินจังหวัดภูเก็ต,2,False,ห้องชุดพักอาศัยตากอากาศ,52000,,official_statutory_assessment_rate_not_market_price
116486,34425,เบย์ ชอร์ โอเชี่ยน วิว คอนโดมิเนียม,-,83,ภูเก็ต,1,เมืองภูเก็ต,2,ป่าตอง,83000000,สำนักงานที่ดินจังหวัดภูเก็ต,2,False,พื้นที่ระเบียง,26000,,official_statutory_assessment_rate_not_market_price
116487,34425,เบย์ ชอร์ โอเชี่ยน วิว คอนโดมิเนียม,-,83,ภูเก็ต,1,เมืองภูเก็ต,2,ป่าตอง,83000000,สำนักงานที่ดินจังหวัดภูเก็ต,3,False,ห้องชุดพักอาศัยตากอากาศ,52500,,official_statutory_assessment_rate_not_market_price
116488,34425,เบย์ ชอร์ โอเชี่ยน วิว คอนโดมิเนียม,-,83,ภูเก็ต,1,เมืองภูเก็ต,2,ป่าตอง,83000000,สำนักงานที่ดินจังหวัดภูเก็ต,3,False,พื้นที่ระเบียง,26250,,official_statutory_assessment_rate_not_market_price
116489,34425,เบย์ ชอร์ โอเชี่ยน วิว คอนโดมิเนียม,-,83,ภูเก็ต,1,เมืองภูเก็ต,2,ป่าตอง,83000000,สำนักงานที่ดินจังหวัดภูเก็ต,4,False,ห้องชุดพักอาศัยตากอากาศ,52500,,official_statutory_assessment_rate_not_market_price
116490,34425,เบย์ ชอร์ โอเชี่ยน วิว คอนโดมิเนียม,-,83,ภูเก็ต,1,เมืองภูเก็ต,2,ป่าตอง,83000000,สำนักงานที่ดินจังหวัดภูเก็ต,4,False,พื้นที่ระเบียง,26250,,official_statutory_assessment_rate_not_market_price
116491,34425,เบย์ ชอร์ โอเชี่ยน วิว คอนโดมิเนียม,-,83,ภูเก็ต,1,เมืองภูเก็ต,2,ป่าตอง,83000000,สำนักงานที่ดินจังหวัดภูเก็ต,5,False,ห้องชุดพักอาศัยตากอากาศ,53000,,official_statutory_assessment_rate_not_market_price
116492,34425,เบย์ ชอร์ โอเชี่ยน วิว คอนโดมิเนียม,-,83,ภูเก็ต,1,เมืองภูเก็ต,2,ป่าตอง,83000000,สำนักงานที่ดินจังหวัดภูเก็ต,5,False,พื้นที่ระเบียง,26500,,official_statutory_assessment_rate_not_market_price
116493,34425,เบย์ ชอร์ โอเชี่ยน วิว คอนโดมิเนียม,-,83,ภูเก็ต,1,เมืองภูเก็ต,2,ป่าตอง,83000000,สำนักงานที่ดินจังหวัดภูเก็ต,6,False,ห้องชุดพักอาศัยตากอากาศ,53000,,official_statutory_assessment_rate_not_market_price
116494,34425,เบย์ ชอร์ โอเชี่ยน วิว คอนโดมิเนียม,-,83,ภูเก็ต,1,เมืองภูเก็ต,2,ป่าตอง,83000000,สำนักงานที่ดินจังหวัดภูเก็ต,6,False,พื้นที่ระเบียง,26500,,official_statutory_assessment_rate_not_market_price
116495,34425,เบย์ ชอร์ โอเชี่ยน วิว คอนโดมิเนียม,-,83,ภูเก็ต,1,เมืองภูเก็ต,2,ป่าตอง,83000000,สำนักงานที่ดินจังหวัดภูเก็ต,7,False,ห้องชุดพักอาศัยตากอากาศ,53500,,official_statutory_assessment_rate_not_market_price
116496,34425,เบย์ ชอร์ โอเชี่ยน วิว คอนโดมิเนียม,-,83,ภูเก็ต,1,เมืองภูเก็ต,2,ป่าตอง,83000000,สำนักงานที่ดินจังหวัดภูเก็ต,7,False,พื้นที่ระเบียง,26750,,official_statutory_assessment_rate_not_market_price
116497,34425,เบย์ ชอร์ โอเชี่ยน วิว คอนโดมิเนียม,-,83,ภูเก็ต,1,เมืองภูเก็ต,2,ป่าตอง,83000000,สำนักงานที่ดินจังหวัดภูเก็ต,8,False,ห้องชุดพักอาศัยตากอากาศ,53500,,official_statutory_assessment_rate_not_market_price
116498,34425,เบย์ ชอร์ โอเชี่ยน วิว คอนโดมิเนียม,-,83,ภูเก็ต,1,เมืองภูเก็ต,2,ป่าตอง,83000000,สำนักงานที่ดินจังหวัดภูเก็ต,8,False,พื้นที่ระเบียง,26750,,official_statutory_assessment_rate_not_market_price
116499,34645,อัลลามันดา คอนโด 3,-,83,ภูเก็ต,1,เมืองภูเก็ต,3,เชิงทะเล,83010000,สำนักงานที่ดินจังหวัดภูเก็ต สาขาถลาง,1,False,ระเบียง,28750,,official_statutory_assessment_rate_not_market_price
116500,34645,อัลลามันดา คอนโด 3,-,83,ภูเก็ต,1,เมืองภูเก็ต,3,เชิงทะเล,83010000,สำนักงานที่ดินจังหวัดภูเก็ต สาขาถลาง,2,False,ห้องชุดพักอาศัย,58000,,official_statutory_assessment_rate_not_market_price
116501,34645,อัลลามันดา คอนโด 3,-,83,ภูเก็ต,1,เมืองภูเก็ต,3,เชิงทะเล,83010000,สำนักงานที่ดินจังหวัดภูเก็ต สาขาถลาง,2,False,ระเบียง,29000,,official_statutory_assessment_rate_not_market_price
116502,34645,อัลลามันดา คอนโด 3,-,83,ภูเก็ต,1,เมืองภูเก็ต,3,เชิงทะเล,83010000,สำนักงานที่ดินจังหวัดภูเก็ต สาขาถลาง,3,False,ห้องชุดพักอาศัย,58500,,official_statutory_assessment_rate_not_market_price
116503,34645,อัลลามันดา คอนโด 3,-,83,ภูเก็ต,1,เมืองภูเก็ต,3,เชิงทะเล,83010000,สำนักงานที่ดินจังหวัดภูเก็ต สาขาถลาง,3,False,ระเบียง,29250,,official_statutory_assessment_rate_not_market_price
116504,34441,โบ๊ทลากูน มารีน่า เรสซิเดนท์ 1,-,83,ภูเก็ต,1,เมืองภูเก็ต,3,เกาะแก้ว,83000000,สำนักงานที่ดินจังหวัดภูเก็ต,1,False,พื้นที่จัดสวน,17500,,official_statutory_assessment_rate_not_market_price
116505,34441,โบ๊ทลากูน มารีน่า เรสซิเดนท์ 1,-,83,ภูเก็ต,1,เมืองภูเก็ต,3,เกาะแก้ว,83000000,สำนักงานที่ดินจังหวัดภูเก็ต,1,False,ห้องชุดพักอาศัยแบบเพนท์เฮ้าส์,35000,,official_statutory_assessment_rate_not_market_price
116506,34441,โบ๊ทลากูน มารีน่า เรสซิเดนท์ 1,-,83,ภูเก็ต,1,เมืองภูเก็ต,3,เกาะแก้ว,83000000,สำนักงานที่ดินจังหวัดภูเก็ต,2,False,พื้นที่จัดสวน,17500,,official_statutory_assessment_rate_not_market_price
116507,34441,โบ๊ทลากูน มารีน่า เรสซิเดนท์ 1,-,83,ภูเก็ต,1,เมืองภูเก็ต,3,เกาะแก้ว,83000000,สำนักงานที่ดินจังหวัดภูเก็ต,2,False,พื้นที่ระเบียง,17500,,official_statutory_assessment_rate_not_market_price
116508,34441,โบ๊ทลากูน มารีน่า เรสซิเดนท์ 1,-,83,ภูเก็ต,1,เมืองภูเก็ต,3,เกาะแก้ว,83000000,สำนักงานที่ดินจังหวัดภูเก็ต,2,False,ห้องชุดพักอาศัยแบบเพนท์เฮ้าส์,35000,,official_statutory_assessment_rate_not_market_price
116509,34442,โบ๊ทลากูน มารีน่า เรสซิเดนท์ 2,-,83,ภูเก็ต,1,เมืองภูเก็ต,3,เกาะแก้ว,83000000,สำนักงานที่ดินจังหวัดภูเก็ต,1,False,พื้นที่จัดสวน,17500,,official_statutory_assessment_rate_not_market_price
116510,34442,โบ๊ทลากูน มารีน่า เรสซิเดนท์ 2,-,83,ภูเก็ต,1,เมืองภูเก็ต,3,เกาะแก้ว,83000000,สำนักงานที่ดินจังหวัดภูเก็ต,1,False,ห้องชุดพักอาศัยแบบเพนท์เฮ้าส์,35000,,official_statutory_assessment_rate_not_market_price
116511,34442,โบ๊ทลากูน มารีน่า เรสซิเดนท์ 2,-,83,ภูเก็ต,1,เมืองภูเก็ต,3,เกาะแก้ว,83000000,สำนักงานที่ดินจังหวัดภูเก็ต,2,False,พื้นที่จัดสวน,17500,,official_statutory_assessment_rate_not_market_price
116512,34442,โบ๊ทลากูน มารีน่า เรสซิเดนท์ 2,-,83,ภูเก็ต,1,เมืองภูเก็ต,3,เกาะแก้ว,83000000,สำนักงานที่ดินจังหวัดภูเก็ต,2,False,ห้องชุดพักอาศัยแบบเพนท์เฮ้าส์,35000,,official_statutory_assessment_rate_not_market_price
116513,34442,โบ๊ทลากูน มารีน่า เรสซิเดนท์ 2,-,83,ภูเก็ต,1,เมืองภูเก็ต,3,เกาะแก้ว,83000000,สำนักงานที่ดินจังหวัดภูเก็ต,3,False,พื้นที่จัดสวน,17500,,official_statutory_assessment_rate_not_market_price
116514,34442,โบ๊ทลากูน มารีน่า เรสซิเดนท์ 2,-,83,ภูเก็ต,1,เมืองภูเก็ต,3,เกาะแก้ว,83000000,สำนักงานที่ดินจังหวัดภูเก็ต,3,False,พื้นที่ระเบียง,17500,,official_statutory_assessment_rate_not_market_price
116515,34442,โบ๊ทลากูน มารีน่า เรสซิเดนท์ 2,-,83,ภูเก็ต,1,เมืองภูเก็ต,3,เกาะแก้ว,83000000,สำนักงานที่ดินจังหวัดภูเก็ต,3,False,ห้องชุดพักอาศัยแบบเพนท์เฮ้าส์,35000,,official_statutory_assessment_rate_not_market_price
116516,34443,โบ๊ทลากูน มารีน่า เรสซิเดนท์ 3,-,83,ภูเก็ต,1,เมืองภูเก็ต,3,เกาะแก้ว,83000000,สำนักงานที่ดินจังหวัดภูเก็ต,1,False,พื้นที่จัดสวน,17500,,official_statutory_assessment_rate_not_market_price
116517,34443,โบ๊ทลากูน มารีน่า เรสซิเดนท์ 3,-,83,ภูเก็ต,1,เมืองภูเก็ต,3,เกาะแก้ว,83000000,สำนักงานที่ดินจังหวัดภูเก็ต,1,False,ห้องชุดพักอาศัยแบบเพนท์เฮ้าส์,35000,,official_statutory_assessment_rate_not_market_price
116518,34443,โบ๊ทลากูน มารีน่า เรสซิเดนท์ 3,-,83,ภูเก็ต,1,เมืองภูเก็ต,3,เกาะแก้ว,83000000,สำนักงานที่ดินจังหวัดภูเก็ต,2,False,พื้นที่จัดสวน,17500,,official_statutory_assessment_rate_not_market_price
116519,34443,โบ๊ทลากูน มารีน่า เรสซิเดนท์ 3,-,83,ภูเก็ต,1,เมืองภูเก็ต,3,เกาะแก้ว,83000000,สำนักงานที่ดินจังหวัดภูเก็ต,2,False,พื้นที่ระเบียง,17500,,official_statutory_assessment_rate_not_market_price
116520,34443,โบ๊ทลากูน มารีน่า เรสซิเดนท์ 3,-,83,ภูเก็ต,1,เมืองภูเก็ต,3,เกาะแก้ว,83000000,สำนักงานที่ดินจังหวัดภูเก็ต,2,False,ห้องชุดพักอาศัยแบบเพนท์เฮ้าส์,35000,,official_statutory_assessment_rate_not_market_price
116521,34572,อะความิเนียม คอนโดมิเนียม,-,83,ภูเก็ต,1,เมืองภูเก็ต,3,เกาะแก้ว,83000000,สำนักงานที่ดินจังหวัดภูเก็ต,1,False,ห้องชุดพักอาศัยตากอากาศ,82500,,official_statutory_assessment_rate_not_market_price
116522,34572,อะความิเนียม คอนโดมิเนียม,-,83,ภูเก็ต,1,เมืองภูเก็ต,3,เกาะแก้ว,83000000,สำนักงานที่ดินจังหวัดภูเก็ต,1,False,ระเบียง,41250,,official_statutory_assessment_rate_not_market_price
116523,34572,อะความิเนียม คอนโดมิเนียม,-,83,ภูเก็ต,1,เมืองภูเก็ต,3,เกาะแก้ว,83000000,สำนักงานที่ดินจังหวัดภูเก็ต,1,False,ห้องเก็บของ,43200,,official_statutory_assessment_rate_not_market_price
116524,34572,อะความิเนียม คอนโดมิเนียม,-,83,ภูเก็ต,1,เมืองภูเก็ต,3,เกาะแก้ว,83000000,สำนักงานที่ดินจังหวัดภูเก็ต,1,False,พื้นที่จอดเรือ,40500,,official_statutory_assessment_rate_not_market_price
116525,34572,อะความิเนียม คอนโดมิเนียม,-,83,ภูเก็ต,1,เมืองภูเก็ต,3,เกาะแก้ว,83000000,สำนักงานที่ดินจังหวัดภูเก็ต,2,False,ห้องชุดพักอาศัย,83000,,official_statutory_assessment_rate_not_market_price
116526,34572,อะความิเนียม คอนโดมิเนียม,-,83,ภูเก็ต,1,เมืองภูเก็ต,3,เกาะแก้ว,83000000,สำนักงานที่ดินจังหวัดภูเก็ต,2,False,ระเบียง,41500,,official_statutory_assessment_rate_not_market_price
116527,34572,อะความิเนียม คอนโดมิเนียม,-,83,ภูเก็ต,1,เมืองภูเก็ต,3,เกาะแก้ว,83000000,สำนักงานที่ดินจังหวัดภูเก็ต,3,False,ห้องชุดพักอาศัย,83500,,official_statutory_assessment_rate_not_market_price
116528,34572,อะความิเนียม คอนโดมิเนียม,-,83,ภูเก็ต,1,เมืองภูเก็ต,3,เกาะแก้ว,83000000,สำนักงานที่ดินจังหวัดภูเก็ต,3,False,ระเบียง,41750,,official_statutory_assessment_rate_not_market_price
116529,34572,อะความิเนียม คอนโดมิเนียม,-,83,ภูเก็ต,1,เมืองภูเก็ต,3,เกาะแก้ว,83000000,สำนักงานที่ดินจังหวัดภูเก็ต,"1,2",False,พักอาศัยตากอากาศแบบดูเพล็กซ์,83500,,official_statutory_assessment_rate_not_market_price
116530,34572,อะความิเนียม คอนโดมิเนียม,-,83,ภูเก็ต,1,เมืองภูเก็ต,3,เกาะแก้ว,83000000,สำนักงานที่ดินจังหวัดภูเก็ต,"1,2",False,ระเบียง,41750,,official_statutory_assessment_rate_not_market_price
116531,34572,อะความิเนียม คอนโดมิเนียม,-,83,ภูเก็ต,1,เมืองภูเก็ต,3,เกาะแก้ว,83000000,สำนักงานที่ดินจังหวัดภูเก็ต,"4,4ครึ่ง",False,พื้นที่สระว่ายน้ำ,42500,,official_statutory_assessment_rate_not_market_price
116532,34572,อะความิเนียม คอนโดมิเนียม,-,83,ภูเก็ต,1,เมืองภูเก็ต,3,เกาะแก้ว,83000000,สำนักงานที่ดินจังหวัดภูเก็ต,"4,4ครึ่ง",False,ห้องชุดพักอาศัยแบบเพนท์เฮ้าส์,85000,,official_statutory_assessment_rate_not_market_price
116533,34572,อะความิเนียม คอนโดมิเนียม,-,83,ภูเก็ต,1,เมืองภูเก็ต,3,เกาะแก้ว,83000000,สำนักงานที่ดินจังหวัดภูเก็ต,"4,4ครึ่ง",False,ระเบียง,42500,,official_statutory_assessment_rate_not_market_price
116534,34644,อัลลามันดา คอนโด 2,-,83,ภูเก็ต,1,เมืองภูเก็ต,3,เชิงทะเล,83010000,สำนักงานที่ดินจังหวัดภูเก็ต สาขาถลาง,1,False,ห้องชุดพักอาศัย,57500,,official_statutory_assessment_rate_not_market_price
116535,34644,อัลลามันดา คอนโด 2,-,83,ภูเก็ต,1,เมืองภูเก็ต,3,เชิงทะเล,83010000,สำนักงานที่ดินจังหวัดภูเก็ต สาขาถลาง,1,False,ระเบียง,28750,,official_statutory_assessment_rate_not_market_price
116536,34644,อัลลามันดา คอนโด 2,-,83,ภูเก็ต,1,เมืองภูเก็ต,3,เชิงทะเล,83010000,สำนักงานที่ดินจังหวัดภูเก็ต สาขาถลาง,2,False,ห้องชุดพักอาศัย,58000,,official_statutory_assessment_rate_not_market_price
116537,34644,อัลลามันดา คอนโด 2,-,83,ภูเก็ต,1,เมืองภูเก็ต,3,เชิงทะเล,83010000,สำนักงานที่ดินจังหวัดภูเก็ต สาขาถลาง,2,False,ระเบียง,29000,,official_statutory_assessment_rate_not_market_price
116538,34644,อัลลามันดา คอนโด 2,-,83,ภูเก็ต,1,เมืองภูเก็ต,3,เชิงทะเล,83010000,สำนักงานที่ดินจังหวัดภูเก็ต สาขาถลาง,3,False,ห้องชุดพักอาศัย,58500,,official_statutory_assessment_rate_not_market_price
116539,34644,อัลลามันดา คอนโด 2,-,83,ภูเก็ต,1,เมืองภูเก็ต,3,เชิงทะเล,83010000,สำนักงานที่ดินจังหวัดภูเก็ต สาขาถลาง,3,False,ระเบียง,29250,,official_statutory_assessment_rate_not_market_price
116540,34645,อัลลามันดา คอนโด 3,-,83,ภูเก็ต,1,เมืองภูเก็ต,3,เชิงทะเล,83010000,สำนักงานที่ดินจังหวัดภูเก็ต สาขาถลาง,1,False,ห้องชุดพักอาศัย,57500,,official_statutory_assessment_rate_not_market_price
116541,34541,ภูมันตรา เดอะ คอนโด,1,83,ภูเก็ต,1,เมืองภูเก็ต,3,เกาะแก้ว,83000000,สำนักงานที่ดินจังหวัดภูเก็ต,1,False,ห้องชุดพักอาศัย,44500,,official_statutory_assessment_rate_not_market_price
116542,34541,ภูมันตรา เดอะ คอนโด,1,83,ภูเก็ต,1,เมืองภูเก็ต,3,เกาะแก้ว,83000000,สำนักงานที่ดินจังหวัดภูเก็ต,1,False,พื้นที่ระเบียงและวางแอร์,22250,,official_statutory_assessment_rate_not_market_price
116543,34541,ภูมันตรา เดอะ คอนโด,1,83,ภูเก็ต,1,เมืองภูเก็ต,3,เกาะแก้ว,83000000,สำนักงานที่ดินจังหวัดภูเก็ต,2,False,ห้องชุดพักอาศัย,45000,,official_statutory_assessment_rate_not_market_price
116544,34541,ภูมันตรา เดอะ คอนโด,1,83,ภูเก็ต,1,เมืองภูเก็ต,3,เกาะแก้ว,83000000,สำนักงานที่ดินจังหวัดภูเก็ต,2,False,พื้นที่ระเบียงและวางแอร์,22500,,official_statutory_assessment_rate_not_market_price
116545,34541,ภูมันตรา เดอะ คอนโด,1,83,ภูเก็ต,1,เมืองภูเก็ต,3,เกาะแก้ว,83000000,สำนักงานที่ดินจังหวัดภูเก็ต,3,False,ห้องชุดพักอาศัย,45500,,official_statutory_assessment_rate_not_market_price
116546,34541,ภูมันตรา เดอะ คอนโด,1,83,ภูเก็ต,1,เมืองภูเก็ต,3,เกาะแก้ว,83000000,สำนักงานที่ดินจังหวัดภูเก็ต,3,False,พื้นที่ระเบียงและวางแอร์,22750,,official_statutory_assessment_rate_not_market_price
116547,34541,ภูมันตรา เดอะ คอนโด,2,83,ภูเก็ต,1,เมืองภูเก็ต,3,เกาะแก้ว,83000000,สำนักงานที่ดินจังหวัดภูเก็ต,1,False,ห้องชุดพักอาศัย,44500,,official_statutory_assessment_rate_not_market_price
116548,34541,ภูมันตรา เดอะ คอนโด,2,83,ภูเก็ต,1,เมืองภูเก็ต,3,เกาะแก้ว,83000000,สำนักงานที่ดินจังหวัดภูเก็ต,1,False,พื้นที่ระเบียงและวางแอร์,22250,,official_statutory_assessment_rate_not_market_price
116549,34541,ภูมันตรา เดอะ คอนโด,2,83,ภูเก็ต,1,เมืองภูเก็ต,3,เกาะแก้ว,83000000,สำนักงานที่ดินจังหวัดภูเก็ต,2,False,ห้องชุดพักอาศัย,45000,,official_statutory_assessment_rate_not_market_price
116550,34541,ภูมันตรา เดอะ คอนโด,2,83,ภูเก็ต,1,เมืองภูเก็ต,3,เกาะแก้ว,83000000,สำนักงานที่ดินจังหวัดภูเก็ต,2,False,พื้นที่ระเบียงและวางแอร์,22500,,official_statutory_assessment_rate_not_market_price
116551,34541,ภูมันตรา เดอะ คอนโด,2,83,ภูเก็ต,1,เมืองภูเก็ต,3,เกาะแก้ว,83000000,สำนักงานที่ดินจังหวัดภูเก็ต,3,False,ห้องชุดพักอาศัย,45500,,official_statutory_assessment_rate_not_market_price
116552,34541,ภูมันตรา เดอะ คอนโด,2,83,ภูเก็ต,1,เมืองภูเก็ต,3,เกาะแก้ว,83000000,สำนักงานที่ดินจังหวัดภูเก็ต,3,False,พื้นที่ระเบียงและวางแอร์,22750,,official_statutory_assessment_rate_not_market_price
116553,34541,ภูมันตรา เดอะ คอนโด,3,83,ภูเก็ต,1,เมืองภูเก็ต,3,เกาะแก้ว,83000000,สำนักงานที่ดินจังหวัดภูเก็ต,1,False,ห้องชุดพักอาศัย,44500,,official_statutory_assessment_rate_not_market_price
116554,34541,ภูมันตรา เดอะ คอนโด,3,83,ภูเก็ต,1,เมืองภูเก็ต,3,เกาะแก้ว,83000000,สำนักงานที่ดินจังหวัดภูเก็ต,1,False,พื้นที่ระเบียงและวางแอร์,22250,,official_statutory_assessment_rate_not_market_price
116555,34541,ภูมันตรา เดอะ คอนโด,3,83,ภูเก็ต,1,เมืองภูเก็ต,3,เกาะแก้ว,83000000,สำนักงานที่ดินจังหวัดภูเก็ต,2,False,ห้องชุดพักอาศัย,45000,,official_statutory_assessment_rate_not_market_price
116556,34541,ภูมันตรา เดอะ คอนโด,3,83,ภูเก็ต,1,เมืองภูเก็ต,3,เกาะแก้ว,83000000,สำนักงานที่ดินจังหวัดภูเก็ต,2,False,พื้นที่ระเบียงและวางแอร์,22500,,official_statutory_assessment_rate_not_market_price
116557,34541,ภูมันตรา เดอะ คอนโด,3,83,ภูเก็ต,1,เมืองภูเก็ต,3,เกาะแก้ว,83000000,สำนักงานที่ดินจังหวัดภูเก็ต,3,False,ห้องชุดพักอาศัย,45500,,official_statutory_assessment_rate_not_market_price
116558,34541,ภูมันตรา เดอะ คอนโด,3,83,ภูเก็ต,1,เมืองภูเก็ต,3,เกาะแก้ว,83000000,สำนักงานที่ดินจังหวัดภูเก็ต,3,False,พื้นที่ระเบียงและวางแอร์,22750,,official_statutory_assessment_rate_not_market_price
116559,34541,ภูมันตรา เดอะ คอนโด,4,83,ภูเก็ต,1,เมืองภูเก็ต,3,เกาะแก้ว,83000000,สำนักงานที่ดินจังหวัดภูเก็ต,1,False,ห้องชุดพักอาศัย,44500,,official_statutory_assessment_rate_not_market_price
116560,34541,ภูมันตรา เดอะ คอนโด,4,83,ภูเก็ต,1,เมืองภูเก็ต,3,เกาะแก้ว,83000000,สำนักงานที่ดินจังหวัดภูเก็ต,1,False,พื้นที่ระเบียงและวางแอร์,22250,,official_statutory_assessment_rate_not_market_price
116561,34541,ภูมันตรา เดอะ คอนโด,4,83,ภูเก็ต,1,เมืองภูเก็ต,3,เกาะแก้ว,83000000,สำนักงานที่ดินจังหวัดภูเก็ต,2,False,ห้องชุดพักอาศัย,45000,,official_statutory_assessment_rate_not_market_price
116562,34541,ภูมันตรา เดอะ คอนโด,4,83,ภูเก็ต,1,เมืองภูเก็ต,3,เกาะแก้ว,83000000,สำนักงานที่ดินจังหวัดภูเก็ต,2,False,พื้นที่ระเบียงและวางแอร์,22500,,official_statutory_assessment_rate_not_market_price
116563,34541,ภูมันตรา เดอะ คอนโด,4,83,ภูเก็ต,1,เมืองภูเก็ต,3,เกาะแก้ว,83000000,สำนักงานที่ดินจังหวัดภูเก็ต,3,False,ห้องชุดพักอาศัย,45500,,official_statutory_assessment_rate_not_market_price
116564,34541,ภูมันตรา เดอะ คอนโด,4,83,ภูเก็ต,1,เมืองภูเก็ต,3,เกาะแก้ว,83000000,สำนักงานที่ดินจังหวัดภูเก็ต,3,False,พื้นที่ระเบียงและวางแอร์,22750,,official_statutory_assessment_rate_not_market_price
116565,34541,ภูมันตรา เดอะ คอนโด,5,83,ภูเก็ต,1,เมืองภูเก็ต,3,เกาะแก้ว,83000000,สำนักงานที่ดินจังหวัดภูเก็ต,1,False,ห้องชุดพักอาศัย,44500,,official_statutory_assessment_rate_not_market_price
116566,34541,ภูมันตรา เดอะ คอนโด,5,83,ภูเก็ต,1,เมืองภูเก็ต,3,เกาะแก้ว,83000000,สำนักงานที่ดินจังหวัดภูเก็ต,1,False,พื้นที่ระเบียงและวางแอร์,22250,,official_statutory_assessment_rate_not_market_price
116567,34541,ภูมันตรา เดอะ คอนโด,5,83,ภูเก็ต,1,เมืองภูเก็ต,3,เกาะแก้ว,83000000,สำนักงานที่ดินจังหวัดภูเก็ต,2,False,ห้องชุดพักอาศัย,45000,,official_statutory_assessment_rate_not_market_price
116568,34541,ภูมันตรา เดอะ คอนโด,5,83,ภูเก็ต,1,เมืองภูเก็ต,3,เกาะแก้ว,83000000,สำนักงานที่ดินจังหวัดภูเก็ต,2,False,พื้นที่ระเบียงและวางแอร์,22500,,official_statutory_assessment_rate_not_market_price
116569,34541,ภูมันตรา เดอะ คอนโด,5,83,ภูเก็ต,1,เมืองภูเก็ต,3,เกาะแก้ว,83000000,สำนักงานที่ดินจังหวัดภูเก็ต,3,False,ห้องชุดพักอาศัย,45500,,official_statutory_assessment_rate_not_market_price
116570,34541,ภูมันตรา เดอะ คอนโด,5,83,ภูเก็ต,1,เมืองภูเก็ต,3,เกาะแก้ว,83000000,สำนักงานที่ดินจังหวัดภูเก็ต,3,False,พื้นที่ระเบียงและวางแอร์,22750,,official_statutory_assessment_rate_not_market_price
116571,34541,ภูมันตรา เดอะ คอนโด,6,83,ภูเก็ต,1,เมืองภูเก็ต,3,เกาะแก้ว,83000000,สำนักงานที่ดินจังหวัดภูเก็ต,1,False,ห้องชุดพักอาศัย,44500,,official_statutory_assessment_rate_not_market_price
116572,34541,ภูมันตรา เดอะ คอนโด,6,83,ภูเก็ต,1,เมืองภูเก็ต,3,เกาะแก้ว,83000000,สำนักงานที่ดินจังหวัดภูเก็ต,1,False,พื้นที่ระเบียงและวางแอร์,22250,,official_statutory_assessment_rate_not_market_price
116573,34541,ภูมันตรา เดอะ คอนโด,6,83,ภูเก็ต,1,เมืองภูเก็ต,3,เกาะแก้ว,83000000,สำนักงานที่ดินจังหวัดภูเก็ต,2,False,ห้องชุดพักอาศัย,45000,,official_statutory_assessment_rate_not_market_price
116574,34541,ภูมันตรา เดอะ คอนโด,6,83,ภูเก็ต,1,เมืองภูเก็ต,3,เกาะแก้ว,83000000,สำนักงานที่ดินจังหวัดภูเก็ต,2,False,พื้นที่ระเบียงและวางแอร์,22500,,official_statutory_assessment_rate_not_market_price
116575,34541,ภูมันตรา เดอะ คอนโด,6,83,ภูเก็ต,1,เมืองภูเก็ต,3,เกาะแก้ว,83000000,สำนักงานที่ดินจังหวัดภูเก็ต,3,False,ห้องชุดพักอาศัย,45500,,official_statutory_assessment_rate_not_market_price
116576,34541,ภูมันตรา เดอะ คอนโด,6,83,ภูเก็ต,1,เมืองภูเก็ต,3,เกาะแก้ว,83000000,สำนักงานที่ดินจังหวัดภูเก็ต,3,False,พื้นที่ระเบียงและวางแอร์,22750,,official_statutory_assessment_rate_not_market_price
116577,34541,ภูมันตรา เดอะ คอนโด,7,83,ภูเก็ต,1,เมืองภูเก็ต,3,เกาะแก้ว,83000000,สำนักงานที่ดินจังหวัดภูเก็ต,1,False,ห้องชุดพักอาศัย,44500,,official_statutory_assessment_rate_not_market_price
116578,34541,ภูมันตรา เดอะ คอนโด,7,83,ภูเก็ต,1,เมืองภูเก็ต,3,เกาะแก้ว,83000000,สำนักงานที่ดินจังหวัดภูเก็ต,1,False,พื้นที่ระเบียงและวางแอร์,22250,,official_statutory_assessment_rate_not_market_price
116579,34541,ภูมันตรา เดอะ คอนโด,7,83,ภูเก็ต,1,เมืองภูเก็ต,3,เกาะแก้ว,83000000,สำนักงานที่ดินจังหวัดภูเก็ต,2,False,ห้องชุดพักอาศัย,45000,,official_statutory_assessment_rate_not_market_price
116580,34541,ภูมันตรา เดอะ คอนโด,7,83,ภูเก็ต,1,เมืองภูเก็ต,3,เกาะแก้ว,83000000,สำนักงานที่ดินจังหวัดภูเก็ต,2,False,พื้นที่ระเบียงและวางแอร์,22500,,official_statutory_assessment_rate_not_market_price
116581,34541,ภูมันตรา เดอะ คอนโด,7,83,ภูเก็ต,1,เมืองภูเก็ต,3,เกาะแก้ว,83000000,สำนักงานที่ดินจังหวัดภูเก็ต,3,False,ห้องชุดพักอาศัย,45500,,official_statutory_assessment_rate_not_market_price
116582,34541,ภูมันตรา เดอะ คอนโด,7,83,ภูเก็ต,1,เมืองภูเก็ต,3,เกาะแก้ว,83000000,สำนักงานที่ดินจังหวัดภูเก็ต,3,False,พื้นที่ระเบียงและวางแอร์,22750,,official_statutory_assessment_rate_not_market_price
116583,34541,ภูมันตรา เดอะ คอนโด,8,83,ภูเก็ต,1,เมืองภูเก็ต,3,เกาะแก้ว,83000000,สำนักงานที่ดินจังหวัดภูเก็ต,1,False,ห้องชุดพักอาศัย,44500,,official_statutory_assessment_rate_not_market_price
116584,34541,ภูมันตรา เดอะ คอนโด,8,83,ภูเก็ต,1,เมืองภูเก็ต,3,เกาะแก้ว,83000000,สำนักงานที่ดินจังหวัดภูเก็ต,1,False,พื้นที่ระเบียงและวางแอร์,22250,,official_statutory_assessment_rate_not_market_price
116585,34541,ภูมันตรา เดอะ คอนโด,8,83,ภูเก็ต,1,เมืองภูเก็ต,3,เกาะแก้ว,83000000,สำนักงานที่ดินจังหวัดภูเก็ต,2,False,ห้องชุดพักอาศัย,45000,,official_statutory_assessment_rate_not_market_price
116586,34541,ภูมันตรา เดอะ คอนโด,8,83,ภูเก็ต,1,เมืองภูเก็ต,3,เกาะแก้ว,83000000,สำนักงานที่ดินจังหวัดภูเก็ต,2,False,พื้นที่ระเบียงและวางแอร์,22500,,official_statutory_assessment_rate_not_market_price
116587,34541,ภูมันตรา เดอะ คอนโด,8,83,ภูเก็ต,1,เมืองภูเก็ต,3,เกาะแก้ว,83000000,สำนักงานที่ดินจังหวัดภูเก็ต,3,False,ห้องชุดพักอาศัย,45500,,official_statutory_assessment_rate_not_market_price
116588,34541,ภูมันตรา เดอะ คอนโด,8,83,ภูเก็ต,1,เมืองภูเก็ต,3,เกาะแก้ว,83000000,สำนักงานที่ดินจังหวัดภูเก็ต,3,False,พื้นที่ระเบียงและวางแอร์,22750,,official_statutory_assessment_rate_not_market_price
116589,34541,ภูมันตรา เดอะ คอนโด,9,83,ภูเก็ต,1,เมืองภูเก็ต,3,เกาะแก้ว,83000000,สำนักงานที่ดินจังหวัดภูเก็ต,1,False,ห้องชุดพักอาศัย,44500,,official_statutory_assessment_rate_not_market_price
116590,34541,ภูมันตรา เดอะ คอนโด,9,83,ภูเก็ต,1,เมืองภูเก็ต,3,เกาะแก้ว,83000000,สำนักงานที่ดินจังหวัดภูเก็ต,1,False,พื้นที่ระเบียงและวางแอร์,22250,,official_statutory_assessment_rate_not_market_price
116591,34541,ภูมันตรา เดอะ คอนโด,9,83,ภูเก็ต,1,เมืองภูเก็ต,3,เกาะแก้ว,83000000,สำนักงานที่ดินจังหวัดภูเก็ต,2,False,ห้องชุดพักอาศัย,45000,,official_statutory_assessment_rate_not_market_price
116592,34541,ภูมันตรา เดอะ คอนโด,9,83,ภูเก็ต,1,เมืองภูเก็ต,3,เกาะแก้ว,83000000,สำนักงานที่ดินจังหวัดภูเก็ต,2,False,พื้นที่ระเบียงและวางแอร์,22500,,official_statutory_assessment_rate_not_market_price
116593,34541,ภูมันตรา เดอะ คอนโด,9,83,ภูเก็ต,1,เมืองภูเก็ต,3,เกาะแก้ว,83000000,สำนักงานที่ดินจังหวัดภูเก็ต,3,False,ห้องชุดพักอาศัย,45500,,official_statutory_assessment_rate_not_market_price
116594,34541,ภูมันตรา เดอะ คอนโด,9,83,ภูเก็ต,1,เมืองภูเก็ต,3,เกาะแก้ว,83000000,สำนักงานที่ดินจังหวัดภูเก็ต,3,False,พื้นที่ระเบียงและวางแอร์,22750,,official_statutory_assessment_rate_not_market_price
116595,34541,ภูมันตรา เดอะ คอนโด,10,83,ภูเก็ต,1,เมืองภูเก็ต,3,เกาะแก้ว,83000000,สำนักงานที่ดินจังหวัดภูเก็ต,1,False,ห้องชุดพักอาศัย,44500,,official_statutory_assessment_rate_not_market_price
116596,34541,ภูมันตรา เดอะ คอนโด,10,83,ภูเก็ต,1,เมืองภูเก็ต,3,เกาะแก้ว,83000000,สำนักงานที่ดินจังหวัดภูเก็ต,1,False,พื้นที่ระเบียงและวางแอร์,22250,,official_statutory_assessment_rate_not_market_price
116597,34541,ภูมันตรา เดอะ คอนโด,10,83,ภูเก็ต,1,เมืองภูเก็ต,3,เกาะแก้ว,83000000,สำนักงานที่ดินจังหวัดภูเก็ต,2,False,ห้องชุดพักอาศัย,45000,,official_statutory_assessment_rate_not_market_price
116598,34541,ภูมันตรา เดอะ คอนโด,10,83,ภูเก็ต,1,เมืองภูเก็ต,3,เกาะแก้ว,83000000,สำนักงานที่ดินจังหวัดภูเก็ต,2,False,พื้นที่ระเบียงและวางแอร์,22500,,official_statutory_assessment_rate_not_market_price
116599,34541,ภูมันตรา เดอะ คอนโด,10,83,ภูเก็ต,1,เมืองภูเก็ต,3,เกาะแก้ว,83000000,สำนักงานที่ดินจังหวัดภูเก็ต,3,False,ห้องชุดพักอาศัย,45500,,official_statutory_assessment_rate_not_market_price
116600,34541,ภูมันตรา เดอะ คอนโด,10,83,ภูเก็ต,1,เมืองภูเก็ต,3,เกาะแก้ว,83000000,สำนักงานที่ดินจังหวัดภูเก็ต,3,False,พื้นที่ระเบียงและวางแอร์,22750,,official_statutory_assessment_rate_not_market_price
116601,34541,ภูมันตรา เดอะ คอนโด,11,83,ภูเก็ต,1,เมืองภูเก็ต,3,เกาะแก้ว,83000000,สำนักงานที่ดินจังหวัดภูเก็ต,1,False,ห้องชุดพักอาศัย,44500,,official_statutory_assessment_rate_not_market_price
116602,34541,ภูมันตรา เดอะ คอนโด,11,83,ภูเก็ต,1,เมืองภูเก็ต,3,เกาะแก้ว,83000000,สำนักงานที่ดินจังหวัดภูเก็ต,1,False,พื้นที่ระเบียงและวางแอร์,22250,,official_statutory_assessment_rate_not_market_price
116603,34541,ภูมันตรา เดอะ คอนโด,11,83,ภูเก็ต,1,เมืองภูเก็ต,3,เกาะแก้ว,83000000,สำนักงานที่ดินจังหวัดภูเก็ต,2,False,ห้องชุดพักอาศัย,45000,,official_statutory_assessment_rate_not_market_price
116604,34541,ภูมันตรา เดอะ คอนโด,11,83,ภูเก็ต,1,เมืองภูเก็ต,3,เกาะแก้ว,83000000,สำนักงานที่ดินจังหวัดภูเก็ต,2,False,พื้นที่ระเบียงและวางแอร์,22500,,official_statutory_assessment_rate_not_market_price
116605,34541,ภูมันตรา เดอะ คอนโด,11,83,ภูเก็ต,1,เมืองภูเก็ต,3,เกาะแก้ว,83000000,สำนักงานที่ดินจังหวัดภูเก็ต,3,False,ห้องชุดพักอาศัย,45500,,official_statutory_assessment_rate_not_market_price
116606,34541,ภูมันตรา เดอะ คอนโด,11,83,ภูเก็ต,1,เมืองภูเก็ต,3,เกาะแก้ว,83000000,สำนักงานที่ดินจังหวัดภูเก็ต,3,False,พื้นที่ระเบียงและวางแอร์,22750,,official_statutory_assessment_rate_not_market_price
116607,34541,ภูมันตรา เดอะ คอนโด,12,83,ภูเก็ต,1,เมืองภูเก็ต,3,เกาะแก้ว,83000000,สำนักงานที่ดินจังหวัดภูเก็ต,1,False,ห้องชุดพักอาศัย,44500,,official_statutory_assessment_rate_not_market_price
116608,34541,ภูมันตรา เดอะ คอนโด,12,83,ภูเก็ต,1,เมืองภูเก็ต,3,เกาะแก้ว,83000000,สำนักงานที่ดินจังหวัดภูเก็ต,1,False,พื้นที่ระเบียงและวางแอร์,22250,,official_statutory_assessment_rate_not_market_price
116609,34541,ภูมันตรา เดอะ คอนโด,12,83,ภูเก็ต,1,เมืองภูเก็ต,3,เกาะแก้ว,83000000,สำนักงานที่ดินจังหวัดภูเก็ต,2,False,ห้องชุดพักอาศัย,45000,,official_statutory_assessment_rate_not_market_price
116610,34541,ภูมันตรา เดอะ คอนโด,12,83,ภูเก็ต,1,เมืองภูเก็ต,3,เกาะแก้ว,83000000,สำนักงานที่ดินจังหวัดภูเก็ต,2,False,พื้นที่ระเบียงและวางแอร์,22500,,official_statutory_assessment_rate_not_market_price
116611,34541,ภูมันตรา เดอะ คอนโด,12,83,ภูเก็ต,1,เมืองภูเก็ต,3,เกาะแก้ว,83000000,สำนักงานที่ดินจังหวัดภูเก็ต,3,False,ห้องชุดพักอาศัย,45500,,official_statutory_assessment_rate_not_market_price
116612,34541,ภูมันตรา เดอะ คอนโด,12,83,ภูเก็ต,1,เมืองภูเก็ต,3,เกาะแก้ว,83000000,สำนักงานที่ดินจังหวัดภูเก็ต,3,False,พื้นที่ระเบียงและวางแอร์,22750,,official_statutory_assessment_rate_not_market_price
116613,34541,ภูมันตรา เดอะ คอนโด,13,83,ภูเก็ต,1,เมืองภูเก็ต,3,เกาะแก้ว,83000000,สำนักงานที่ดินจังหวัดภูเก็ต,1,False,ห้องชุดพักอาศัย,44500,,official_statutory_assessment_rate_not_market_price
116614,34541,ภูมันตรา เดอะ คอนโด,13,83,ภูเก็ต,1,เมืองภูเก็ต,3,เกาะแก้ว,83000000,สำนักงานที่ดินจังหวัดภูเก็ต,1,False,พื้นที่ระเบียงและวางแอร์,22250,,official_statutory_assessment_rate_not_market_price
116615,34541,ภูมันตรา เดอะ คอนโด,13,83,ภูเก็ต,1,เมืองภูเก็ต,3,เกาะแก้ว,83000000,สำนักงานที่ดินจังหวัดภูเก็ต,2,False,ห้องชุดพักอาศัย,45000,,official_statutory_assessment_rate_not_market_price
116616,34541,ภูมันตรา เดอะ คอนโด,13,83,ภูเก็ต,1,เมืองภูเก็ต,3,เกาะแก้ว,83000000,สำนักงานที่ดินจังหวัดภูเก็ต,2,False,พื้นที่ระเบียงและวางแอร์,22500,,official_statutory_assessment_rate_not_market_price
116617,34541,ภูมันตรา เดอะ คอนโด,13,83,ภูเก็ต,1,เมืองภูเก็ต,3,เกาะแก้ว,83000000,สำนักงานที่ดินจังหวัดภูเก็ต,3,False,ห้องชุดพักอาศัย,45500,,official_statutory_assessment_rate_not_market_price
116618,31844,กมลา เบย์ การ์เด้น รีสอร์ท,A,83,ภูเก็ต,1,เมืองภูเก็ต,3,กมลา,83000000,สำนักงานที่ดินจังหวัดภูเก็ต,1,False,ห้องชุดพักอาศัยตากอากาศ,32500,,official_statutory_assessment_rate_not_market_price
116619,31844,กมลา เบย์ การ์เด้น รีสอร์ท,A,83,ภูเก็ต,1,เมืองภูเก็ต,3,กมลา,83000000,สำนักงานที่ดินจังหวัดภูเก็ต,2,False,ห้องชุดพักอาศัยตากอากาศ,33000,,official_statutory_assessment_rate_not_market_price
116620,31844,กมลา เบย์ การ์เด้น รีสอร์ท,A,83,ภูเก็ต,1,เมืองภูเก็ต,3,กมลา,83000000,สำนักงานที่ดินจังหวัดภูเก็ต,3,False,ห้องชุดพักอาศัยตากอากาศ,33500,,official_statutory_assessment_rate_not_market_price
116621,31844,กมลา เบย์ การ์เด้น รีสอร์ท,A,83,ภูเก็ต,1,เมืองภูเก็ต,3,กมลา,83000000,สำนักงานที่ดินจังหวัดภูเก็ต,4,False,ห้องชุดพักอาศัยตากอากาศ,34000,,official_statutory_assessment_rate_not_market_price
116622,31844,กมลา เบย์ การ์เด้น รีสอร์ท,B,83,ภูเก็ต,1,เมืองภูเก็ต,3,กมลา,83000000,สำนักงานที่ดินจังหวัดภูเก็ต,1,False,ห้องชุดพักอาศัยตากอากาศ,32500,,official_statutory_assessment_rate_not_market_price
116623,31844,กมลา เบย์ การ์เด้น รีสอร์ท,B,83,ภูเก็ต,1,เมืองภูเก็ต,3,กมลา,83000000,สำนักงานที่ดินจังหวัดภูเก็ต,2,False,ห้องชุดพักอาศัยตากอากาศ,33000,,official_statutory_assessment_rate_not_market_price
116624,31844,กมลา เบย์ การ์เด้น รีสอร์ท,B,83,ภูเก็ต,1,เมืองภูเก็ต,3,กมลา,83000000,สำนักงานที่ดินจังหวัดภูเก็ต,3,False,ห้องชุดพักอาศัยตากอากาศ,33500,,official_statutory_assessment_rate_not_market_price
116625,31844,กมลา เบย์ การ์เด้น รีสอร์ท,B,83,ภูเก็ต,1,เมืองภูเก็ต,3,กมลา,83000000,สำนักงานที่ดินจังหวัดภูเก็ต,4,False,ห้องชุดพักอาศัยตากอากาศ,34000,,official_statutory_assessment_rate_not_market_price
116626,34541,ภูมันตรา เดอะ คอนโด,13,83,ภูเก็ต,1,เมืองภูเก็ต,3,เกาะแก้ว,83000000,สำนักงานที่ดินจังหวัดภูเก็ต,3,False,พื้นที่ระเบียงและวางแอร์,22750,,official_statutory_assessment_rate_not_market_price
116627,34541,ภูมันตรา เดอะ คอนโด,14,83,ภูเก็ต,1,เมืองภูเก็ต,3,เกาะแก้ว,83000000,สำนักงานที่ดินจังหวัดภูเก็ต,1,False,ห้องชุดพักอาศัย,44500,,official_statutory_assessment_rate_not_market_price
116628,34541,ภูมันตรา เดอะ คอนโด,14,83,ภูเก็ต,1,เมืองภูเก็ต,3,เกาะแก้ว,83000000,สำนักงานที่ดินจังหวัดภูเก็ต,1,False,พื้นที่ระเบียงและวางแอร์,22250,,official_statutory_assessment_rate_not_market_price
116629,34541,ภูมันตรา เดอะ คอนโด,14,83,ภูเก็ต,1,เมืองภูเก็ต,3,เกาะแก้ว,83000000,สำนักงานที่ดินจังหวัดภูเก็ต,2,False,ห้องชุดพักอาศัย,45000,,official_statutory_assessment_rate_not_market_price
116630,34541,ภูมันตรา เดอะ คอนโด,14,83,ภูเก็ต,1,เมืองภูเก็ต,3,เกาะแก้ว,83000000,สำนักงานที่ดินจังหวัดภูเก็ต,2,False,พื้นที่ระเบียงและวางแอร์,22500,,official_statutory_assessment_rate_not_market_price
116631,34541,ภูมันตรา เดอะ คอนโด,14,83,ภูเก็ต,1,เมืองภูเก็ต,3,เกาะแก้ว,83000000,สำนักงานที่ดินจังหวัดภูเก็ต,3,False,ห้องชุดพักอาศัย,45500,,official_statutory_assessment_rate_not_market_price
116632,34541,ภูมันตรา เดอะ คอนโด,14,83,ภูเก็ต,1,เมืองภูเก็ต,3,เกาะแก้ว,83000000,สำนักงานที่ดินจังหวัดภูเก็ต,3,False,พื้นที่ระเบียงและวางแอร์,22750,,official_statutory_assessment_rate_not_market_price
116633,34541,ภูมันตรา เดอะ คอนโด,15,83,ภูเก็ต,1,เมืองภูเก็ต,3,เกาะแก้ว,83000000,สำนักงานที่ดินจังหวัดภูเก็ต,1,False,ห้องชุดพักอาศัย,44500,,official_statutory_assessment_rate_not_market_price
116634,34541,ภูมันตรา เดอะ คอนโด,15,83,ภูเก็ต,1,เมืองภูเก็ต,3,เกาะแก้ว,83000000,สำนักงานที่ดินจังหวัดภูเก็ต,1,False,พื้นที่ระเบียงและวางแอร์,22250,,official_statutory_assessment_rate_not_market_price
116635,34541,ภูมันตรา เดอะ คอนโด,15,83,ภูเก็ต,1,เมืองภูเก็ต,3,เกาะแก้ว,83000000,สำนักงานที่ดินจังหวัดภูเก็ต,2,False,ห้องชุดพักอาศัย,45000,,official_statutory_assessment_rate_not_market_price
116636,34541,ภูมันตรา เดอะ คอนโด,15,83,ภูเก็ต,1,เมืองภูเก็ต,3,เกาะแก้ว,83000000,สำนักงานที่ดินจังหวัดภูเก็ต,2,False,พื้นที่ระเบียงและวางแอร์,22500,,official_statutory_assessment_rate_not_market_price
116637,34541,ภูมันตรา เดอะ คอนโด,15,83,ภูเก็ต,1,เมืองภูเก็ต,3,เกาะแก้ว,83000000,สำนักงานที่ดินจังหวัดภูเก็ต,3,False,ห้องชุดพักอาศัย,45500,,official_statutory_assessment_rate_not_market_price
116638,34541,ภูมันตรา เดอะ คอนโด,15,83,ภูเก็ต,1,เมืองภูเก็ต,3,เกาะแก้ว,83000000,สำนักงานที่ดินจังหวัดภูเก็ต,3,False,พื้นที่ระเบียงและวางแอร์,22750,,official_statutory_assessment_rate_not_market_price
116639,34564,ศุภาลัย ลากูน คอนโด,A,83,ภูเก็ต,1,เมืองภูเก็ต,3,เกาะแก้ว,83000000,สำนักงานที่ดินจังหวัดภูเก็ต,2,False,ห้องชุดพักอาศัย,32500,,official_statutory_assessment_rate_not_market_price
116640,34564,ศุภาลัย ลากูน คอนโด,A,83,ภูเก็ต,1,เมืองภูเก็ต,3,เกาะแก้ว,83000000,สำนักงานที่ดินจังหวัดภูเก็ต,2,False,พื้นที่ระเบียง,16250,,official_statutory_assessment_rate_not_market_price
116641,34564,ศุภาลัย ลากูน คอนโด,A,83,ภูเก็ต,1,เมืองภูเก็ต,3,เกาะแก้ว,83000000,สำนักงานที่ดินจังหวัดภูเก็ต,3-เม.ย.,True,ห้องชุดพักอาศัย,33000,,official_statutory_assessment_rate_not_market_price
116642,34564,ศุภาลัย ลากูน คอนโด,A,83,ภูเก็ต,1,เมืองภูเก็ต,3,เกาะแก้ว,83000000,สำนักงานที่ดินจังหวัดภูเก็ต,3-เม.ย.,True,พื้นที่ระเบียง,16500,,official_statutory_assessment_rate_not_market_price
116643,34564,ศุภาลัย ลากูน คอนโด,A,83,ภูเก็ต,1,เมืองภูเก็ต,3,เกาะแก้ว,83000000,สำนักงานที่ดินจังหวัดภูเก็ต,5-มิ.ย.,True,ห้องชุดพักอาศัย,33500,,official_statutory_assessment_rate_not_market_price
116644,34564,ศุภาลัย ลากูน คอนโด,A,83,ภูเก็ต,1,เมืองภูเก็ต,3,เกาะแก้ว,83000000,สำนักงานที่ดินจังหวัดภูเก็ต,5-มิ.ย.,True,พื้นที่ระเบียง,16750,,official_statutory_assessment_rate_not_market_price
116645,34564,ศุภาลัย ลากูน คอนโด,A,83,ภูเก็ต,1,เมืองภูเก็ต,3,เกาะแก้ว,83000000,สำนักงานที่ดินจังหวัดภูเก็ต,7-ส.ค.,True,ห้องชุดพักอาศัย,34000,,official_statutory_assessment_rate_not_market_price
116646,34564,ศุภาลัย ลากูน คอนโด,A,83,ภูเก็ต,1,เมืองภูเก็ต,3,เกาะแก้ว,83000000,สำนักงานที่ดินจังหวัดภูเก็ต,7-ส.ค.,True,พื้นที่ระเบียง,17000,,official_statutory_assessment_rate_not_market_price
116647,34564,ศุภาลัย ลากูน คอนโด,B,83,ภูเก็ต,1,เมืองภูเก็ต,3,เกาะแก้ว,83000000,สำนักงานที่ดินจังหวัดภูเก็ต,2,False,ห้องชุดพักอาศัย,32500,,official_statutory_assessment_rate_not_market_price
116648,34564,ศุภาลัย ลากูน คอนโด,B,83,ภูเก็ต,1,เมืองภูเก็ต,3,เกาะแก้ว,83000000,สำนักงานที่ดินจังหวัดภูเก็ต,2,False,พื้นที่ระเบียง,16250,,official_statutory_assessment_rate_not_market_price
116649,34564,ศุภาลัย ลากูน คอนโด,B,83,ภูเก็ต,1,เมืองภูเก็ต,3,เกาะแก้ว,83000000,สำนักงานที่ดินจังหวัดภูเก็ต,3-เม.ย.,True,ห้องชุดพักอาศัย,33000,,official_statutory_assessment_rate_not_market_price
116650,34564,ศุภาลัย ลากูน คอนโด,B,83,ภูเก็ต,1,เมืองภูเก็ต,3,เกาะแก้ว,83000000,สำนักงานที่ดินจังหวัดภูเก็ต,3-เม.ย.,True,พื้นที่ระเบียง,16500,,official_statutory_assessment_rate_not_market_price
116651,34564,ศุภาลัย ลากูน คอนโด,B,83,ภูเก็ต,1,เมืองภูเก็ต,3,เกาะแก้ว,83000000,สำนักงานที่ดินจังหวัดภูเก็ต,5-มิ.ย.,True,ห้องชุดพักอาศัย,33500,,official_statutory_assessment_rate_not_market_price
116652,34564,ศุภาลัย ลากูน คอนโด,B,83,ภูเก็ต,1,เมืองภูเก็ต,3,เกาะแก้ว,83000000,สำนักงานที่ดินจังหวัดภูเก็ต,5-มิ.ย.,True,พื้นที่ระเบียง,16750,,official_statutory_assessment_rate_not_market_price
116653,34564,ศุภาลัย ลากูน คอนโด,B,83,ภูเก็ต,1,เมืองภูเก็ต,3,เกาะแก้ว,83000000,สำนักงานที่ดินจังหวัดภูเก็ต,7-ส.ค.,True,ห้องชุดพักอาศัย,34000,,official_statutory_assessment_rate_not_market_price
116654,34564,ศุภาลัย ลากูน คอนโด,B,83,ภูเก็ต,1,เมืองภูเก็ต,3,เกาะแก้ว,83000000,สำนักงานที่ดินจังหวัดภูเก็ต,7-ส.ค.,True,พื้นที่ระเบียง,17000,,official_statutory_assessment_rate_not_market_price
116655,34542,มารีน่า คอนโดมิเนียม,MC1,83,ภูเก็ต,1,เมืองภูเก็ต,3,เกาะแก้ว,83000000,สำนักงานที่ดินจังหวัดภูเก็ต,1,False,ห้องชุดพักอาศัย,47500,,official_statutory_assessment_rate_not_market_price
116656,34542,มารีน่า คอนโดมิเนียม,MC1,83,ภูเก็ต,1,เมืองภูเก็ต,3,เกาะแก้ว,83000000,สำนักงานที่ดินจังหวัดภูเก็ต,1,False,ระเบียง,23750,,official_statutory_assessment_rate_not_market_price
116657,34542,มารีน่า คอนโดมิเนียม,MC1,83,ภูเก็ต,1,เมืองภูเก็ต,3,เกาะแก้ว,83000000,สำนักงานที่ดินจังหวัดภูเก็ต,2,False,ห้องชุดพักอาศัย,40000,,official_statutory_assessment_rate_not_market_price
116658,34542,มารีน่า คอนโดมิเนียม,MC1,83,ภูเก็ต,1,เมืองภูเก็ต,3,เกาะแก้ว,83000000,สำนักงานที่ดินจังหวัดภูเก็ต,2,False,ระเบียง,20000,,official_statutory_assessment_rate_not_market_price
116659,34542,มารีน่า คอนโดมิเนียม,MC1,83,ภูเก็ต,1,เมืองภูเก็ต,3,เกาะแก้ว,83000000,สำนักงานที่ดินจังหวัดภูเก็ต,3,False,ห้องชุดพักอาศัย,40500,,official_statutory_assessment_rate_not_market_price
116660,34542,มารีน่า คอนโดมิเนียม,MC1,83,ภูเก็ต,1,เมืองภูเก็ต,3,เกาะแก้ว,83000000,สำนักงานที่ดินจังหวัดภูเก็ต,3,False,ระเบียง,20250,,official_statutory_assessment_rate_not_market_price
116661,34542,มารีน่า คอนโดมิเนียม,MC1,83,ภูเก็ต,1,เมืองภูเก็ต,3,เกาะแก้ว,83000000,สำนักงานที่ดินจังหวัดภูเก็ต,4,False,ห้องชุดพักอาศัยแบบเพนท์เฮ้าส์,43000,,official_statutory_assessment_rate_not_market_price
116662,34542,มารีน่า คอนโดมิเนียม,MC1,83,ภูเก็ต,1,เมืองภูเก็ต,3,เกาะแก้ว,83000000,สำนักงานที่ดินจังหวัดภูเก็ต,4,False,ระเบียง,21500,,official_statutory_assessment_rate_not_market_price
116663,34542,มารีน่า คอนโดมิเนียม,MC1,83,ภูเก็ต,1,เมืองภูเก็ต,3,เกาะแก้ว,83000000,สำนักงานที่ดินจังหวัดภูเก็ต,ใต้ดิน,False,ห้องชุดเพื่อประกอบการค้า(ห้องชุดพาณิชยกรรม),47500,,official_statutory_assessment_rate_not_market_price
116664,34542,มารีน่า คอนโดมิเนียม,MC2,83,ภูเก็ต,1,เมืองภูเก็ต,3,เกาะแก้ว,83000000,สำนักงานที่ดินจังหวัดภูเก็ต,1,False,ห้องชุดพักอาศัย,47500,,official_statutory_assessment_rate_not_market_price
116665,34542,มารีน่า คอนโดมิเนียม,MC2,83,ภูเก็ต,1,เมืองภูเก็ต,3,เกาะแก้ว,83000000,สำนักงานที่ดินจังหวัดภูเก็ต,1,False,ระเบียง,23750,,official_statutory_assessment_rate_not_market_price
116666,34542,มารีน่า คอนโดมิเนียม,MC2,83,ภูเก็ต,1,เมืองภูเก็ต,3,เกาะแก้ว,83000000,สำนักงานที่ดินจังหวัดภูเก็ต,2,False,ห้องชุดพักอาศัย,40000,,official_statutory_assessment_rate_not_market_price
116667,34542,มารีน่า คอนโดมิเนียม,MC2,83,ภูเก็ต,1,เมืองภูเก็ต,3,เกาะแก้ว,83000000,สำนักงานที่ดินจังหวัดภูเก็ต,2,False,ระเบียง,20000,,official_statutory_assessment_rate_not_market_price
116668,34542,มารีน่า คอนโดมิเนียม,MC2,83,ภูเก็ต,1,เมืองภูเก็ต,3,เกาะแก้ว,83000000,สำนักงานที่ดินจังหวัดภูเก็ต,3,False,ห้องชุดพักอาศัย,40500,,official_statutory_assessment_rate_not_market_price
116669,34542,มารีน่า คอนโดมิเนียม,MC2,83,ภูเก็ต,1,เมืองภูเก็ต,3,เกาะแก้ว,83000000,สำนักงานที่ดินจังหวัดภูเก็ต,3,False,ระเบียง,20250,,official_statutory_assessment_rate_not_market_price
116670,34542,มารีน่า คอนโดมิเนียม,MC2,83,ภูเก็ต,1,เมืองภูเก็ต,3,เกาะแก้ว,83000000,สำนักงานที่ดินจังหวัดภูเก็ต,4,False,ห้องชุดพักอาศัยแบบเพนท์เฮ้าส์,43000,,official_statutory_assessment_rate_not_market_price
116671,34542,มารีน่า คอนโดมิเนียม,MC2,83,ภูเก็ต,1,เมืองภูเก็ต,3,เกาะแก้ว,83000000,สำนักงานที่ดินจังหวัดภูเก็ต,4,False,ระเบียง,21500,,official_statutory_assessment_rate_not_market_price
116672,34542,มารีน่า คอนโดมิเนียม,MC2,83,ภูเก็ต,1,เมืองภูเก็ต,3,เกาะแก้ว,83000000,สำนักงานที่ดินจังหวัดภูเก็ต,ใต้ดิน,False,ห้องชุดเพื่อประกอบการค้า(ห้องชุดพาณิชยกรรม),47500,,official_statutory_assessment_rate_not_market_price
116673,34542,มารีน่า คอนโดมิเนียม,MC3,83,ภูเก็ต,1,เมืองภูเก็ต,3,เกาะแก้ว,83000000,สำนักงานที่ดินจังหวัดภูเก็ต,1,False,ห้องชุดพักอาศัย,47500,,official_statutory_assessment_rate_not_market_price
116674,34542,มารีน่า คอนโดมิเนียม,MC3,83,ภูเก็ต,1,เมืองภูเก็ต,3,เกาะแก้ว,83000000,สำนักงานที่ดินจังหวัดภูเก็ต,1,False,ระเบียง,23750,,official_statutory_assessment_rate_not_market_price
116675,34542,มารีน่า คอนโดมิเนียม,MC3,83,ภูเก็ต,1,เมืองภูเก็ต,3,เกาะแก้ว,83000000,สำนักงานที่ดินจังหวัดภูเก็ต,2,False,ห้องชุดพักอาศัย,40000,,official_statutory_assessment_rate_not_market_price
116676,34542,มารีน่า คอนโดมิเนียม,MC3,83,ภูเก็ต,1,เมืองภูเก็ต,3,เกาะแก้ว,83000000,สำนักงานที่ดินจังหวัดภูเก็ต,2,False,ระเบียง,20000,,official_statutory_assessment_rate_not_market_price
116677,34542,มารีน่า คอนโดมิเนียม,MC3,83,ภูเก็ต,1,เมืองภูเก็ต,3,เกาะแก้ว,83000000,สำนักงานที่ดินจังหวัดภูเก็ต,3,False,ห้องชุดพักอาศัย,40500,,official_statutory_assessment_rate_not_market_price
116678,34542,มารีน่า คอนโดมิเนียม,MC3,83,ภูเก็ต,1,เมืองภูเก็ต,3,เกาะแก้ว,83000000,สำนักงานที่ดินจังหวัดภูเก็ต,3,False,ระเบียง,20250,,official_statutory_assessment_rate_not_market_price
116679,34542,มารีน่า คอนโดมิเนียม,MC3,83,ภูเก็ต,1,เมืองภูเก็ต,3,เกาะแก้ว,83000000,สำนักงานที่ดินจังหวัดภูเก็ต,4,False,ดาดฟ้า,21500,,official_statutory_assessment_rate_not_market_price
116680,34542,มารีน่า คอนโดมิเนียม,MC3,83,ภูเก็ต,1,เมืองภูเก็ต,3,เกาะแก้ว,83000000,สำนักงานที่ดินจังหวัดภูเก็ต,4,False,ห้องชุดพักอาศัยแบบเพนท์เฮ้าส์,43000,,official_statutory_assessment_rate_not_market_price
116681,34542,มารีน่า คอนโดมิเนียม,MC3,83,ภูเก็ต,1,เมืองภูเก็ต,3,เกาะแก้ว,83000000,สำนักงานที่ดินจังหวัดภูเก็ต,4,False,ระเบียง,10750,,official_statutory_assessment_rate_not_market_price
116682,34542,มารีน่า คอนโดมิเนียม,MC3,83,ภูเก็ต,1,เมืองภูเก็ต,3,เกาะแก้ว,83000000,สำนักงานที่ดินจังหวัดภูเก็ต,4,False,ระเบียง,21500,,official_statutory_assessment_rate_not_market_price
116683,34542,มารีน่า คอนโดมิเนียม,MC3,83,ภูเก็ต,1,เมืองภูเก็ต,3,เกาะแก้ว,83000000,สำนักงานที่ดินจังหวัดภูเก็ต,ใต้ดิน,False,ห้องชุดเพื่อประกอบการค้า(ห้องชุดพาณิชยกรรม),47500,,official_statutory_assessment_rate_not_market_price
116684,34542,มารีน่า คอนโดมิเนียม,MC4,83,ภูเก็ต,1,เมืองภูเก็ต,3,เกาะแก้ว,83000000,สำนักงานที่ดินจังหวัดภูเก็ต,1,False,ห้องชุดพักอาศัย,47500,,official_statutory_assessment_rate_not_market_price
116685,34542,มารีน่า คอนโดมิเนียม,MC4,83,ภูเก็ต,1,เมืองภูเก็ต,3,เกาะแก้ว,83000000,สำนักงานที่ดินจังหวัดภูเก็ต,1,False,ระเบียง,23750,,official_statutory_assessment_rate_not_market_price
116686,34542,มารีน่า คอนโดมิเนียม,MC4,83,ภูเก็ต,1,เมืองภูเก็ต,3,เกาะแก้ว,83000000,สำนักงานที่ดินจังหวัดภูเก็ต,2,False,ห้องชุดพักอาศัย,40000,,official_statutory_assessment_rate_not_market_price
116687,34542,มารีน่า คอนโดมิเนียม,MC4,83,ภูเก็ต,1,เมืองภูเก็ต,3,เกาะแก้ว,83000000,สำนักงานที่ดินจังหวัดภูเก็ต,2,False,ระเบียง,20000,,official_statutory_assessment_rate_not_market_price
116688,34542,มารีน่า คอนโดมิเนียม,MC4,83,ภูเก็ต,1,เมืองภูเก็ต,3,เกาะแก้ว,83000000,สำนักงานที่ดินจังหวัดภูเก็ต,3,False,ห้องชุดพักอาศัย,40500,,official_statutory_assessment_rate_not_market_price
116689,34542,มารีน่า คอนโดมิเนียม,MC4,83,ภูเก็ต,1,เมืองภูเก็ต,3,เกาะแก้ว,83000000,สำนักงานที่ดินจังหวัดภูเก็ต,3,False,ระเบียง,20250,,official_statutory_assessment_rate_not_market_price
116690,34542,มารีน่า คอนโดมิเนียม,MC4,83,ภูเก็ต,1,เมืองภูเก็ต,3,เกาะแก้ว,83000000,สำนักงานที่ดินจังหวัดภูเก็ต,4,False,ห้องชุดพักอาศัยแบบเพนท์เฮ้าส์,43000,,official_statutory_assessment_rate_not_market_price
116691,34542,มารีน่า คอนโดมิเนียม,MC4,83,ภูเก็ต,1,เมืองภูเก็ต,3,เกาะแก้ว,83000000,สำนักงานที่ดินจังหวัดภูเก็ต,4,False,ระเบียง,21500,,official_statutory_assessment_rate_not_market_price
116692,34542,มารีน่า คอนโดมิเนียม,MC4,83,ภูเก็ต,1,เมืองภูเก็ต,3,เกาะแก้ว,83000000,สำนักงานที่ดินจังหวัดภูเก็ต,ใต้ดิน,False,ห้องชุดเพื่อประกอบการค้า(ห้องชุดพาณิชยกรรม),47500,,official_statutory_assessment_rate_not_market_price
116693,34542,มารีน่า คอนโดมิเนียม,MC5(อาคารA),83,ภูเก็ต,1,เมืองภูเก็ต,3,เกาะแก้ว,83000000,สำนักงานที่ดินจังหวัดภูเก็ต,-,False,ไม่ได้ระบุ,47500,,official_statutory_assessment_rate_not_market_price
116694,34542,มารีน่า คอนโดมิเนียม,MC5(อาคารA),83,ภูเก็ต,1,เมืองภูเก็ต,3,เกาะแก้ว,83000000,สำนักงานที่ดินจังหวัดภูเก็ต,-,False,ระเบียง,23750,,official_statutory_assessment_rate_not_market_price
116695,34542,มารีน่า คอนโดมิเนียม,MC5(อาคารB),83,ภูเก็ต,1,เมืองภูเก็ต,3,เกาะแก้ว,83000000,สำนักงานที่ดินจังหวัดภูเก็ต,-,False,ไม่ได้ระบุ,47500,,official_statutory_assessment_rate_not_market_price
116696,34542,มารีน่า คอนโดมิเนียม,MC5(อาคารB),83,ภูเก็ต,1,เมืองภูเก็ต,3,เกาะแก้ว,83000000,สำนักงานที่ดินจังหวัดภูเก็ต,-,False,ระเบียง,23750,,official_statutory_assessment_rate_not_market_price
116697,34387,เดอะ เบส อัพทาวน์ - ภูเก็ต,A,83,ภูเก็ต,1,เมืองภูเก็ต,4,รัษฎา,83000000,สำนักงานที่ดินจังหวัดภูเก็ต,7,False,ห้องชุดพักอาศัย,67500,,official_statutory_assessment_rate_not_market_price
116698,34387,เดอะ เบส อัพทาวน์ - ภูเก็ต,A,83,ภูเก็ต,1,เมืองภูเก็ต,4,รัษฎา,83000000,สำนักงานที่ดินจังหวัดภูเก็ต,7,False,พื้นที่ระเบียง,33750,,official_statutory_assessment_rate_not_market_price
116699,34387,เดอะ เบส อัพทาวน์ - ภูเก็ต,A,83,ภูเก็ต,1,เมืองภูเก็ต,4,รัษฎา,83000000,สำนักงานที่ดินจังหวัดภูเก็ต,1-ก.พ.,True,ห้องชุดพักอาศัย,66000,,official_statutory_assessment_rate_not_market_price
116700,34387,เดอะ เบส อัพทาวน์ - ภูเก็ต,A,83,ภูเก็ต,1,เมืองภูเก็ต,4,รัษฎา,83000000,สำนักงานที่ดินจังหวัดภูเก็ต,1-ก.พ.,True,พื้นที่ระเบียง,33000,,official_statutory_assessment_rate_not_market_price
116701,34387,เดอะ เบส อัพทาวน์ - ภูเก็ต,A,83,ภูเก็ต,1,เมืองภูเก็ต,4,รัษฎา,83000000,สำนักงานที่ดินจังหวัดภูเก็ต,3-เม.ย.,True,ห้องชุดพักอาศัย,66500,,official_statutory_assessment_rate_not_market_price
116702,34387,เดอะ เบส อัพทาวน์ - ภูเก็ต,A,83,ภูเก็ต,1,เมืองภูเก็ต,4,รัษฎา,83000000,สำนักงานที่ดินจังหวัดภูเก็ต,3-เม.ย.,True,พื้นที่ระเบียง,33250,,official_statutory_assessment_rate_not_market_price
116703,34387,เดอะ เบส อัพทาวน์ - ภูเก็ต,A,83,ภูเก็ต,1,เมืองภูเก็ต,4,รัษฎา,83000000,สำนักงานที่ดินจังหวัดภูเก็ต,5-มิ.ย.,True,ห้องชุดพักอาศัย,67000,,official_statutory_assessment_rate_not_market_price
116704,34387,เดอะ เบส อัพทาวน์ - ภูเก็ต,A,83,ภูเก็ต,1,เมืองภูเก็ต,4,รัษฎา,83000000,สำนักงานที่ดินจังหวัดภูเก็ต,5-มิ.ย.,True,พื้นที่ระเบียง,33500,,official_statutory_assessment_rate_not_market_price
116705,34387,เดอะ เบส อัพทาวน์ - ภูเก็ต,B,83,ภูเก็ต,1,เมืองภูเก็ต,4,รัษฎา,83000000,สำนักงานที่ดินจังหวัดภูเก็ต,7,False,ห้องชุดพักอาศัย,67500,,official_statutory_assessment_rate_not_market_price
116706,34387,เดอะ เบส อัพทาวน์ - ภูเก็ต,B,83,ภูเก็ต,1,เมืองภูเก็ต,4,รัษฎา,83000000,สำนักงานที่ดินจังหวัดภูเก็ต,7,False,พื้นที่ระเบียง,33750,,official_statutory_assessment_rate_not_market_price
116707,34387,เดอะ เบส อัพทาวน์ - ภูเก็ต,B,83,ภูเก็ต,1,เมืองภูเก็ต,4,รัษฎา,83000000,สำนักงานที่ดินจังหวัดภูเก็ต,1-ก.พ.,True,ห้องชุดพักอาศัย,66000,,official_statutory_assessment_rate_not_market_price
116708,34387,เดอะ เบส อัพทาวน์ - ภูเก็ต,B,83,ภูเก็ต,1,เมืองภูเก็ต,4,รัษฎา,83000000,สำนักงานที่ดินจังหวัดภูเก็ต,1-ก.พ.,True,พื้นที่ระเบียง,33000,,official_statutory_assessment_rate_not_market_price
116709,34387,เดอะ เบส อัพทาวน์ - ภูเก็ต,B,83,ภูเก็ต,1,เมืองภูเก็ต,4,รัษฎา,83000000,สำนักงานที่ดินจังหวัดภูเก็ต,3-เม.ย.,True,ห้องชุดพักอาศัย,66500,,official_statutory_assessment_rate_not_market_price
116710,34387,เดอะ เบส อัพทาวน์ - ภูเก็ต,B,83,ภูเก็ต,1,เมืองภูเก็ต,4,รัษฎา,83000000,สำนักงานที่ดินจังหวัดภูเก็ต,3-เม.ย.,True,พื้นที่ระเบียง,33250,,official_statutory_assessment_rate_not_market_price
116711,34387,เดอะ เบส อัพทาวน์ - ภูเก็ต,B,83,ภูเก็ต,1,เมืองภูเก็ต,4,รัษฎา,83000000,สำนักงานที่ดินจังหวัดภูเก็ต,5-มิ.ย.,True,ห้องชุดพักอาศัย,67000,,official_statutory_assessment_rate_not_market_price
116712,34387,เดอะ เบส อัพทาวน์ - ภูเก็ต,B,83,ภูเก็ต,1,เมืองภูเก็ต,4,รัษฎา,83000000,สำนักงานที่ดินจังหวัดภูเก็ต,5-มิ.ย.,True,พื้นที่ระเบียง,33500,,official_statutory_assessment_rate_not_market_price
116713,34387,เดอะ เบส อัพทาวน์ - ภูเก็ต,C,83,ภูเก็ต,1,เมืองภูเก็ต,4,รัษฎา,83000000,สำนักงานที่ดินจังหวัดภูเก็ต,7,False,ห้องชุดพักอาศัย,67500,,official_statutory_assessment_rate_not_market_price
116714,34387,เดอะ เบส อัพทาวน์ - ภูเก็ต,C,83,ภูเก็ต,1,เมืองภูเก็ต,4,รัษฎา,83000000,สำนักงานที่ดินจังหวัดภูเก็ต,7,False,พื้นที่ระเบียง,33750,,official_statutory_assessment_rate_not_market_price
116715,34387,เดอะ เบส อัพทาวน์ - ภูเก็ต,C,83,ภูเก็ต,1,เมืองภูเก็ต,4,รัษฎา,83000000,สำนักงานที่ดินจังหวัดภูเก็ต,1-ก.พ.,True,ห้องชุดพักอาศัย,66000,,official_statutory_assessment_rate_not_market_price
116716,34387,เดอะ เบส อัพทาวน์ - ภูเก็ต,C,83,ภูเก็ต,1,เมืองภูเก็ต,4,รัษฎา,83000000,สำนักงานที่ดินจังหวัดภูเก็ต,1-ก.พ.,True,พื้นที่ระเบียง,33000,,official_statutory_assessment_rate_not_market_price
116717,34387,เดอะ เบส อัพทาวน์ - ภูเก็ต,C,83,ภูเก็ต,1,เมืองภูเก็ต,4,รัษฎา,83000000,สำนักงานที่ดินจังหวัดภูเก็ต,3-เม.ย.,True,ห้องชุดพักอาศัย,66500,,official_statutory_assessment_rate_not_market_price
116718,34387,เดอะ เบส อัพทาวน์ - ภูเก็ต,C,83,ภูเก็ต,1,เมืองภูเก็ต,4,รัษฎา,83000000,สำนักงานที่ดินจังหวัดภูเก็ต,3-เม.ย.,True,พื้นที่ระเบียง,33250,,official_statutory_assessment_rate_not_market_price
116719,34387,เดอะ เบส อัพทาวน์ - ภูเก็ต,C,83,ภูเก็ต,1,เมืองภูเก็ต,4,รัษฎา,83000000,สำนักงานที่ดินจังหวัดภูเก็ต,5-มิ.ย.,True,ห้องชุดพักอาศัย,67000,,official_statutory_assessment_rate_not_market_price
116720,34387,เดอะ เบส อัพทาวน์ - ภูเก็ต,C,83,ภูเก็ต,1,เมืองภูเก็ต,4,รัษฎา,83000000,สำนักงานที่ดินจังหวัดภูเก็ต,5-มิ.ย.,True,พื้นที่ระเบียง,33500,,official_statutory_assessment_rate_not_market_price
116721,34362,เคหะชุมชนภูเก็ต 2,-,83,ภูเก็ต,1,เมืองภูเก็ต,4,รัษฎา,83000000,สำนักงานที่ดินจังหวัดภูเก็ต,1,False,ห้องชุดพักอาศัย,12500,,official_statutory_assessment_rate_not_market_price
116722,34362,เคหะชุมชนภูเก็ต 2,-,83,ภูเก็ต,1,เมืองภูเก็ต,4,รัษฎา,83000000,สำนักงานที่ดินจังหวัดภูเก็ต,1,False,ระเบียง,6250,,official_statutory_assessment_rate_not_market_price
116723,34362,เคหะชุมชนภูเก็ต 2,-,83,ภูเก็ต,1,เมืองภูเก็ต,4,รัษฎา,83000000,สำนักงานที่ดินจังหวัดภูเก็ต,2,False,ห้องชุดพักอาศัย,12000,,official_statutory_assessment_rate_not_market_price
116724,34362,เคหะชุมชนภูเก็ต 2,-,83,ภูเก็ต,1,เมืองภูเก็ต,4,รัษฎา,83000000,สำนักงานที่ดินจังหวัดภูเก็ต,2,False,ระเบียง,6000,,official_statutory_assessment_rate_not_market_price
116725,34362,เคหะชุมชนภูเก็ต 2,-,83,ภูเก็ต,1,เมืองภูเก็ต,4,รัษฎา,83000000,สำนักงานที่ดินจังหวัดภูเก็ต,3,False,ห้องชุดพักอาศัย,11500,,official_statutory_assessment_rate_not_market_price
116726,34362,เคหะชุมชนภูเก็ต 2,-,83,ภูเก็ต,1,เมืองภูเก็ต,4,รัษฎา,83000000,สำนักงานที่ดินจังหวัดภูเก็ต,3,False,ระเบียง,5750,,official_statutory_assessment_rate_not_market_price
116727,34362,เคหะชุมชนภูเก็ต 2,-,83,ภูเก็ต,1,เมืองภูเก็ต,4,รัษฎา,83000000,สำนักงานที่ดินจังหวัดภูเก็ต,4,False,ห้องชุดพักอาศัย,11000,,official_statutory_assessment_rate_not_market_price
116728,34362,เคหะชุมชนภูเก็ต 2,-,83,ภูเก็ต,1,เมืองภูเก็ต,4,รัษฎา,83000000,สำนักงานที่ดินจังหวัดภูเก็ต,4,False,ระเบียง,5500,,official_statutory_assessment_rate_not_market_price
116729,34362,เคหะชุมชนภูเก็ต 2,-,83,ภูเก็ต,1,เมืองภูเก็ต,4,รัษฎา,83000000,สำนักงานที่ดินจังหวัดภูเก็ต,5,False,ห้องชุดพักอาศัย,10500,,official_statutory_assessment_rate_not_market_price
116730,34362,เคหะชุมชนภูเก็ต 2,-,83,ภูเก็ต,1,เมืองภูเก็ต,4,รัษฎา,83000000,สำนักงานที่ดินจังหวัดภูเก็ต,5,False,ระเบียง,5250,,official_statutory_assessment_rate_not_market_price
116731,34372,เดอะ เอ็น จันทรา @ เกาะสิเหร่,1,83,ภูเก็ต,1,เมืองภูเก็ต,4,รัษฎา,83000000,สำนักงานที่ดินจังหวัดภูเก็ต,"1,2",False,ห้องชุดพักอาศัยตากอากาศ,58500,,official_statutory_assessment_rate_not_market_price
116732,34372,เดอะ เอ็น จันทรา @ เกาะสิเหร่,1,83,ภูเก็ต,1,เมืองภูเก็ต,4,รัษฎา,83000000,สำนักงานที่ดินจังหวัดภูเก็ต,"1,2",False,พื้นทีระเบียงและบันได,29250,,official_statutory_assessment_rate_not_market_price
116733,34372,เดอะ เอ็น จันทรา @ เกาะสิเหร่,1,83,ภูเก็ต,1,เมืองภูเก็ต,4,รัษฎา,83000000,สำนักงานที่ดินจังหวัดภูเก็ต,"1,2",False,พื้นที่สระว่ายน้ำ,29250,,official_statutory_assessment_rate_not_market_price
116734,34372,เดอะ เอ็น จันทรา @ เกาะสิเหร่,1,83,ภูเก็ต,1,เมืองภูเก็ต,4,รัษฎา,83000000,สำนักงานที่ดินจังหวัดภูเก็ต,"3,ดาดฟ้า",False,ห้องชุดพักอาศัยตากอากาศ,59000,,official_statutory_assessment_rate_not_market_price
116735,34372,เดอะ เอ็น จันทรา @ เกาะสิเหร่,1,83,ภูเก็ต,1,เมืองภูเก็ต,4,รัษฎา,83000000,สำนักงานที่ดินจังหวัดภูเก็ต,"3,ดาดฟ้า",False,พื้นทีระเบียงและบันได,29500,,official_statutory_assessment_rate_not_market_price
116736,34372,เดอะ เอ็น จันทรา @ เกาะสิเหร่,2-ก.ค.,83,ภูเก็ต,1,เมืองภูเก็ต,4,รัษฎา,83000000,สำนักงานที่ดินจังหวัดภูเก็ต,"1,2,ดาดฟ้า",False,ห้องชุดพักอาศัยตากอากาศ,59500,,official_statutory_assessment_rate_not_market_price
116737,34372,เดอะ เอ็น จันทรา @ เกาะสิเหร่,2-ก.ค.,83,ภูเก็ต,1,เมืองภูเก็ต,4,รัษฎา,83000000,สำนักงานที่ดินจังหวัดภูเก็ต,"1,2,ดาดฟ้า",False,พื้นทีระเบียงและบันได,29750,,official_statutory_assessment_rate_not_market_price
116738,34372,เดอะ เอ็น จันทรา @ เกาะสิเหร่,2-ก.ค.,83,ภูเก็ต,1,เมืองภูเก็ต,4,รัษฎา,83000000,สำนักงานที่ดินจังหวัดภูเก็ต,"1,2,ดาดฟ้า",False,พื้นที่สระว่ายน้ำ,29750,,official_statutory_assessment_rate_not_market_price
116739,34372,เดอะ เอ็น จันทรา @ เกาะสิเหร่,8(ติดทะเล),83,ภูเก็ต,1,เมืองภูเก็ต,4,รัษฎา,83000000,สำนักงานที่ดินจังหวัดภูเก็ต,"1,2,ดาดฟ้า",False,ห้องชุดพักอาศัยตากอากาศ,77500,,official_statutory_assessment_rate_not_market_price
116740,34372,เดอะ เอ็น จันทรา @ เกาะสิเหร่,8(ติดทะเล),83,ภูเก็ต,1,เมืองภูเก็ต,4,รัษฎา,83000000,สำนักงานที่ดินจังหวัดภูเก็ต,"1,2,ดาดฟ้า",False,พื้นทีระเบียงและบันได,38750,,official_statutory_assessment_rate_not_market_price
116741,34372,เดอะ เอ็น จันทรา @ เกาะสิเหร่,8(ติดทะเล),83,ภูเก็ต,1,เมืองภูเก็ต,4,รัษฎา,83000000,สำนักงานที่ดินจังหวัดภูเก็ต,"1,2,ดาดฟ้า",False,พื้นที่สระว่ายน้ำ,38750,,official_statutory_assessment_rate_not_market_price
116742,34372,เดอะ เอ็น จันทรา @ เกาะสิเหร่,9(ติดทะเล),83,ภูเก็ต,1,เมืองภูเก็ต,4,รัษฎา,83000000,สำนักงานที่ดินจังหวัดภูเก็ต,1,False,ห้องชุดเพื่อประกอบการค้า(ห้องชุดพาณิชยกรรม),77500,,official_statutory_assessment_rate_not_market_price
116743,34372,เดอะ เอ็น จันทรา @ เกาะสิเหร่,9(ติดทะเล),83,ภูเก็ต,1,เมืองภูเก็ต,4,รัษฎา,83000000,สำนักงานที่ดินจังหวัดภูเก็ต,1,False,พื้นที่ระเบียง,38750,,official_statutory_assessment_rate_not_market_price
116744,34372,เดอะ เอ็น จันทรา @ เกาะสิเหร่,9(ติดทะเล),83,ภูเก็ต,1,เมืองภูเก็ต,4,รัษฎา,83000000,สำนักงานที่ดินจังหวัดภูเก็ต,"1,2,ดาดฟ้า",False,ห้องชุดพักอาศัยตากอากาศ,77500,,official_statutory_assessment_rate_not_market_price
116745,34372,เดอะ เอ็น จันทรา @ เกาะสิเหร่,9(ติดทะเล),83,ภูเก็ต,1,เมืองภูเก็ต,4,รัษฎา,83000000,สำนักงานที่ดินจังหวัดภูเก็ต,"1,2,ดาดฟ้า",False,พื้นทีระเบียงและบันได,38750,,official_statutory_assessment_rate_not_market_price
116746,34372,เดอะ เอ็น จันทรา @ เกาะสิเหร่,9(ติดทะเล),83,ภูเก็ต,1,เมืองภูเก็ต,4,รัษฎา,83000000,สำนักงานที่ดินจังหวัดภูเก็ต,"1,2,ดาดฟ้า",False,พื้นที่สระว่ายน้ำ,38750,,official_statutory_assessment_rate_not_market_price
116747,34374,เดอะ กรีนเพลส คอนโดมิเนียม 1,-,83,ภูเก็ต,1,เมืองภูเก็ต,4,รัษฎา,83000000,สำนักงานที่ดินจังหวัดภูเก็ต,1,False,ห้องชุดพักอาศัย,36500,,official_statutory_assessment_rate_not_market_price
116748,34374,เดอะ กรีนเพลส คอนโดมิเนียม 1,-,83,ภูเก็ต,1,เมืองภูเก็ต,4,รัษฎา,83000000,สำนักงานที่ดินจังหวัดภูเก็ต,1,False,ระเบียง,18250,,official_statutory_assessment_rate_not_market_price
116749,34374,เดอะ กรีนเพลส คอนโดมิเนียม 1,-,83,ภูเก็ต,1,เมืองภูเก็ต,4,รัษฎา,83000000,สำนักงานที่ดินจังหวัดภูเก็ต,2,False,ห้องชุดพักอาศัย,36500,,official_statutory_assessment_rate_not_market_price
116750,34374,เดอะ กรีนเพลส คอนโดมิเนียม 1,-,83,ภูเก็ต,1,เมืองภูเก็ต,4,รัษฎา,83000000,สำนักงานที่ดินจังหวัดภูเก็ต,2,False,ระเบียง,18250,,official_statutory_assessment_rate_not_market_price
116751,34374,เดอะ กรีนเพลส คอนโดมิเนียม 1,-,83,ภูเก็ต,1,เมืองภูเก็ต,4,รัษฎา,83000000,สำนักงานที่ดินจังหวัดภูเก็ต,3,False,ห้องชุดพักอาศัย,37000,,official_statutory_assessment_rate_not_market_price
116752,34374,เดอะ กรีนเพลส คอนโดมิเนียม 1,-,83,ภูเก็ต,1,เมืองภูเก็ต,4,รัษฎา,83000000,สำนักงานที่ดินจังหวัดภูเก็ต,3,False,ระเบียง,18500,,official_statutory_assessment_rate_not_market_price
116753,34374,เดอะ กรีนเพลส คอนโดมิเนียม 1,-,83,ภูเก็ต,1,เมืองภูเก็ต,4,รัษฎา,83000000,สำนักงานที่ดินจังหวัดภูเก็ต,4,False,ห้องชุดพักอาศัย,37000,,official_statutory_assessment_rate_not_market_price
116754,34374,เดอะ กรีนเพลส คอนโดมิเนียม 1,-,83,ภูเก็ต,1,เมืองภูเก็ต,4,รัษฎา,83000000,สำนักงานที่ดินจังหวัดภูเก็ต,4,False,ระเบียง,18500,,official_statutory_assessment_rate_not_market_price
116755,34374,เดอะ กรีนเพลส คอนโดมิเนียม 1,-,83,ภูเก็ต,1,เมืองภูเก็ต,4,รัษฎา,83000000,สำนักงานที่ดินจังหวัดภูเก็ต,5,False,ห้องชุดพักอาศัย,37500,,official_statutory_assessment_rate_not_market_price
116756,34374,เดอะ กรีนเพลส คอนโดมิเนียม 1,-,83,ภูเก็ต,1,เมืองภูเก็ต,4,รัษฎา,83000000,สำนักงานที่ดินจังหวัดภูเก็ต,5,False,ระเบียง,18750,,official_statutory_assessment_rate_not_market_price
116757,34374,เดอะ กรีนเพลส คอนโดมิเนียม 1,-,83,ภูเก็ต,1,เมืองภูเก็ต,4,รัษฎา,83000000,สำนักงานที่ดินจังหวัดภูเก็ต,6,False,ห้องชุดพักอาศัย,37500,,official_statutory_assessment_rate_not_market_price
116758,34374,เดอะ กรีนเพลส คอนโดมิเนียม 1,-,83,ภูเก็ต,1,เมืองภูเก็ต,4,รัษฎา,83000000,สำนักงานที่ดินจังหวัดภูเก็ต,6,False,ระเบียง,18750,,official_statutory_assessment_rate_not_market_price
116759,34374,เดอะ กรีนเพลส คอนโดมิเนียม 1,-,83,ภูเก็ต,1,เมืองภูเก็ต,4,รัษฎา,83000000,สำนักงานที่ดินจังหวัดภูเก็ต,7,False,ห้องชุดพักอาศัย,38000,,official_statutory_assessment_rate_not_market_price
116760,34374,เดอะ กรีนเพลส คอนโดมิเนียม 1,-,83,ภูเก็ต,1,เมืองภูเก็ต,4,รัษฎา,83000000,สำนักงานที่ดินจังหวัดภูเก็ต,7,False,ระเบียง,19000,,official_statutory_assessment_rate_not_market_price
116761,34374,เดอะ กรีนเพลส คอนโดมิเนียม 1,-,83,ภูเก็ต,1,เมืองภูเก็ต,4,รัษฎา,83000000,สำนักงานที่ดินจังหวัดภูเก็ต,8,False,ห้องชุดพักอาศัย,38000,,official_statutory_assessment_rate_not_market_price
116762,34374,เดอะ กรีนเพลส คอนโดมิเนียม 1,-,83,ภูเก็ต,1,เมืองภูเก็ต,4,รัษฎา,83000000,สำนักงานที่ดินจังหวัดภูเก็ต,8,False,ระเบียง,19000,,official_statutory_assessment_rate_not_market_price
116763,34375,เดอะ กรีนเพลส คอนโดมิเนียม 2,-,83,ภูเก็ต,1,เมืองภูเก็ต,4,รัษฎา,83000000,สำนักงานที่ดินจังหวัดภูเก็ต,7,False,ห้องชุดพักอาศัย,36000,,official_statutory_assessment_rate_not_market_price
116764,34375,เดอะ กรีนเพลส คอนโดมิเนียม 2,-,83,ภูเก็ต,1,เมืองภูเก็ต,4,รัษฎา,83000000,สำนักงานที่ดินจังหวัดภูเก็ต,7,False,พื้นที่ระเบียง,18000,,official_statutory_assessment_rate_not_market_price
116765,34375,เดอะ กรีนเพลส คอนโดมิเนียม 2,-,83,ภูเก็ต,1,เมืองภูเก็ต,4,รัษฎา,83000000,สำนักงานที่ดินจังหวัดภูเก็ต,1-ก.พ.,True,ห้องชุดพักอาศัย,34500,,official_statutory_assessment_rate_not_market_price
116766,34375,เดอะ กรีนเพลส คอนโดมิเนียม 2,-,83,ภูเก็ต,1,เมืองภูเก็ต,4,รัษฎา,83000000,สำนักงานที่ดินจังหวัดภูเก็ต,1-ก.พ.,True,พื้นที่ระเบียง,17250,,official_statutory_assessment_rate_not_market_price
116767,34375,เดอะ กรีนเพลส คอนโดมิเนียม 2,-,83,ภูเก็ต,1,เมืองภูเก็ต,4,รัษฎา,83000000,สำนักงานที่ดินจังหวัดภูเก็ต,3-เม.ย.,True,ห้องชุดพักอาศัย,35000,,official_statutory_assessment_rate_not_market_price
116768,34375,เดอะ กรีนเพลส คอนโดมิเนียม 2,-,83,ภูเก็ต,1,เมืองภูเก็ต,4,รัษฎา,83000000,สำนักงานที่ดินจังหวัดภูเก็ต,3-เม.ย.,True,พื้นที่ระเบียง,17500,,official_statutory_assessment_rate_not_market_price
116769,34375,เดอะ กรีนเพลส คอนโดมิเนียม 2,-,83,ภูเก็ต,1,เมืองภูเก็ต,4,รัษฎา,83000000,สำนักงานที่ดินจังหวัดภูเก็ต,5-มิ.ย.,True,ห้องชุดพักอาศัย,35500,,official_statutory_assessment_rate_not_market_price
116770,34375,เดอะ กรีนเพลส คอนโดมิเนียม 2,-,83,ภูเก็ต,1,เมืองภูเก็ต,4,รัษฎา,83000000,สำนักงานที่ดินจังหวัดภูเก็ต,5-มิ.ย.,True,พื้นที่ระเบียง,17750,,official_statutory_assessment_rate_not_market_price
116771,34383,เดอะ สแควร์ คอนโดมิเนียม,-,83,ภูเก็ต,1,เมืองภูเก็ต,4,รัษฎา,83000000,สำนักงานที่ดินจังหวัดภูเก็ต,2,False,ห้องชุดพักอาศัย,38500,,official_statutory_assessment_rate_not_market_price
116772,34383,เดอะ สแควร์ คอนโดมิเนียม,-,83,ภูเก็ต,1,เมืองภูเก็ต,4,รัษฎา,83000000,สำนักงานที่ดินจังหวัดภูเก็ต,2,False,พื้นที่ระเบียง,19250,,official_statutory_assessment_rate_not_market_price
116773,34383,เดอะ สแควร์ คอนโดมิเนียม,-,83,ภูเก็ต,1,เมืองภูเก็ต,4,รัษฎา,83000000,สำนักงานที่ดินจังหวัดภูเก็ต,7,False,ห้องชุดพักอาศัย,40000,,official_statutory_assessment_rate_not_market_price
116774,34383,เดอะ สแควร์ คอนโดมิเนียม,-,83,ภูเก็ต,1,เมืองภูเก็ต,4,รัษฎา,83000000,สำนักงานที่ดินจังหวัดภูเก็ต,7,False,พื้นที่ระเบียง,20000,,official_statutory_assessment_rate_not_market_price
116775,34383,เดอะ สแควร์ คอนโดมิเนียม,-,83,ภูเก็ต,1,เมืองภูเก็ต,4,รัษฎา,83000000,สำนักงานที่ดินจังหวัดภูเก็ต,3-เม.ย.,True,ห้องชุดพักอาศัย,39000,,official_statutory_assessment_rate_not_market_price
116776,34383,เดอะ สแควร์ คอนโดมิเนียม,-,83,ภูเก็ต,1,เมืองภูเก็ต,4,รัษฎา,83000000,สำนักงานที่ดินจังหวัดภูเก็ต,3-เม.ย.,True,พื้นที่ระเบียง,19500,,official_statutory_assessment_rate_not_market_price
116777,34383,เดอะ สแควร์ คอนโดมิเนียม,-,83,ภูเก็ต,1,เมืองภูเก็ต,4,รัษฎา,83000000,สำนักงานที่ดินจังหวัดภูเก็ต,5-มิ.ย.,True,ห้องชุดพักอาศัย,39500,,official_statutory_assessment_rate_not_market_price
116778,34383,เดอะ สแควร์ คอนโดมิเนียม,-,83,ภูเก็ต,1,เมืองภูเก็ต,4,รัษฎา,83000000,สำนักงานที่ดินจังหวัดภูเก็ต,5-มิ.ย.,True,พื้นที่ระเบียง,19750,,official_statutory_assessment_rate_not_market_price
116779,34469,การเคหะชุมชนภูเก็ต 1,-,83,ภูเก็ต,1,เมืองภูเก็ต,4,รัษฎา,83000000,สำนักงานที่ดินจังหวัดภูเก็ต,1,False,ห้องชุดพักอาศัย,12500,,official_statutory_assessment_rate_not_market_price
116780,34469,การเคหะชุมชนภูเก็ต 1,-,83,ภูเก็ต,1,เมืองภูเก็ต,4,รัษฎา,83000000,สำนักงานที่ดินจังหวัดภูเก็ต,1,False,ระเบียง,6250,,official_statutory_assessment_rate_not_market_price
116781,34469,การเคหะชุมชนภูเก็ต 1,-,83,ภูเก็ต,1,เมืองภูเก็ต,4,รัษฎา,83000000,สำนักงานที่ดินจังหวัดภูเก็ต,2,False,ห้องชุดพักอาศัย,12000,,official_statutory_assessment_rate_not_market_price
116782,34469,การเคหะชุมชนภูเก็ต 1,-,83,ภูเก็ต,1,เมืองภูเก็ต,4,รัษฎา,83000000,สำนักงานที่ดินจังหวัดภูเก็ต,2,False,ระเบียง,6000,,official_statutory_assessment_rate_not_market_price
116783,34469,การเคหะชุมชนภูเก็ต 1,-,83,ภูเก็ต,1,เมืองภูเก็ต,4,รัษฎา,83000000,สำนักงานที่ดินจังหวัดภูเก็ต,3,False,ห้องชุดพักอาศัย,11500,,official_statutory_assessment_rate_not_market_price
116784,34469,การเคหะชุมชนภูเก็ต 1,-,83,ภูเก็ต,1,เมืองภูเก็ต,4,รัษฎา,83000000,สำนักงานที่ดินจังหวัดภูเก็ต,3,False,ระเบียง,5750,,official_statutory_assessment_rate_not_market_price
116785,34469,การเคหะชุมชนภูเก็ต 1,-,83,ภูเก็ต,1,เมืองภูเก็ต,4,รัษฎา,83000000,สำนักงานที่ดินจังหวัดภูเก็ต,4,False,ห้องชุดพักอาศัย,11000,,official_statutory_assessment_rate_not_market_price
116786,34469,การเคหะชุมชนภูเก็ต 1,-,83,ภูเก็ต,1,เมืองภูเก็ต,4,รัษฎา,83000000,สำนักงานที่ดินจังหวัดภูเก็ต,4,False,ระเบียง,5500,,official_statutory_assessment_rate_not_market_price
116787,34469,การเคหะชุมชนภูเก็ต 1,-,83,ภูเก็ต,1,เมืองภูเก็ต,4,รัษฎา,83000000,สำนักงานที่ดินจังหวัดภูเก็ต,5,False,ห้องชุดพักอาศัย,10500,,official_statutory_assessment_rate_not_market_price
116788,34469,การเคหะชุมชนภูเก็ต 1,-,83,ภูเก็ต,1,เมืองภูเก็ต,4,รัษฎา,83000000,สำนักงานที่ดินจังหวัดภูเก็ต,5,False,ระเบียง,5250,,official_statutory_assessment_rate_not_market_price
116789,34470,กู๊ด คอนโดมิเนียม,-,83,ภูเก็ต,1,เมืองภูเก็ต,4,รัษฎา,83000000,สำนักงานที่ดินจังหวัดภูเก็ต,1,False,ห้องชุดเพื่อประกอบการค้า(ห้องชุดพาณิชยกรรม),35500,,official_statutory_assessment_rate_not_market_price
116790,34470,กู๊ด คอนโดมิเนียม,-,83,ภูเก็ต,1,เมืองภูเก็ต,4,รัษฎา,83000000,สำนักงานที่ดินจังหวัดภูเก็ต,2,False,ห้องชุดพักอาศัย,29500,,official_statutory_assessment_rate_not_market_price
116791,34470,กู๊ด คอนโดมิเนียม,-,83,ภูเก็ต,1,เมืองภูเก็ต,4,รัษฎา,83000000,สำนักงานที่ดินจังหวัดภูเก็ต,2,False,พื้นที่ระเบียง,14750,,official_statutory_assessment_rate_not_market_price
116792,34470,กู๊ด คอนโดมิเนียม,-,83,ภูเก็ต,1,เมืองภูเก็ต,4,รัษฎา,83000000,สำนักงานที่ดินจังหวัดภูเก็ต,7,False,ห้องชุดพักอาศัย,31000,,official_statutory_assessment_rate_not_market_price
116793,34470,กู๊ด คอนโดมิเนียม,-,83,ภูเก็ต,1,เมืองภูเก็ต,4,รัษฎา,83000000,สำนักงานที่ดินจังหวัดภูเก็ต,7,False,พื้นที่ระเบียง,15500,,official_statutory_assessment_rate_not_market_price
116794,34470,กู๊ด คอนโดมิเนียม,-,83,ภูเก็ต,1,เมืองภูเก็ต,4,รัษฎา,83000000,สำนักงานที่ดินจังหวัดภูเก็ต,3-เม.ย.,True,ห้องชุดพักอาศัย,30000,,official_statutory_assessment_rate_not_market_price
116795,34470,กู๊ด คอนโดมิเนียม,-,83,ภูเก็ต,1,เมืองภูเก็ต,4,รัษฎา,83000000,สำนักงานที่ดินจังหวัดภูเก็ต,3-เม.ย.,True,พื้นที่ระเบียง,15000,,official_statutory_assessment_rate_not_market_price
116796,34470,กู๊ด คอนโดมิเนียม,-,83,ภูเก็ต,1,เมืองภูเก็ต,4,รัษฎา,83000000,สำนักงานที่ดินจังหวัดภูเก็ต,5-มิ.ย.,True,ห้องชุดพักอาศัย,30500,,official_statutory_assessment_rate_not_market_price
116797,34470,กู๊ด คอนโดมิเนียม,-,83,ภูเก็ต,1,เมืองภูเก็ต,4,รัษฎา,83000000,สำนักงานที่ดินจังหวัดภูเก็ต,5-มิ.ย.,True,พื้นที่ระเบียง,15250,,official_statutory_assessment_rate_not_market_price
116798,34477,จ๊อบ คอนโดมิเนียม,-,83,ภูเก็ต,1,เมืองภูเก็ต,4,รัษฎา,83000000,สำนักงานที่ดินจังหวัดภูเก็ต,2,False,ห้องชุดพักอาศัย,36000,,official_statutory_assessment_rate_not_market_price
116799,34477,จ๊อบ คอนโดมิเนียม,-,83,ภูเก็ต,1,เมืองภูเก็ต,4,รัษฎา,83000000,สำนักงานที่ดินจังหวัดภูเก็ต,2,False,พื้นที่ระเบียง,18000,,official_statutory_assessment_rate_not_market_price
116800,34477,จ๊อบ คอนโดมิเนียม,-,83,ภูเก็ต,1,เมืองภูเก็ต,4,รัษฎา,83000000,สำนักงานที่ดินจังหวัดภูเก็ต,3-เม.ย.,True,ห้องชุดพักอาศัย,36500,,official_statutory_assessment_rate_not_market_price
116801,34477,จ๊อบ คอนโดมิเนียม,-,83,ภูเก็ต,1,เมืองภูเก็ต,4,รัษฎา,83000000,สำนักงานที่ดินจังหวัดภูเก็ต,3-เม.ย.,True,พื้นที่ระเบียง,18250,,official_statutory_assessment_rate_not_market_price
116802,34477,จ๊อบ คอนโดมิเนียม,-,83,ภูเก็ต,1,เมืองภูเก็ต,4,รัษฎา,83000000,สำนักงานที่ดินจังหวัดภูเก็ต,5-มิ.ย.,True,ห้องชุดพักอาศัย,37000,,official_statutory_assessment_rate_not_market_price
116803,34477,จ๊อบ คอนโดมิเนียม,-,83,ภูเก็ต,1,เมืองภูเก็ต,4,รัษฎา,83000000,สำนักงานที่ดินจังหวัดภูเก็ต,5-มิ.ย.,True,พื้นที่ระเบียง,18500,,official_statutory_assessment_rate_not_market_price
116804,34477,จ๊อบ คอนโดมิเนียม,-,83,ภูเก็ต,1,เมืองภูเก็ต,4,รัษฎา,83000000,สำนักงานที่ดินจังหวัดภูเก็ต,7-ส.ค.,True,ห้องชุดพักอาศัย,37500,,official_statutory_assessment_rate_not_market_price
116805,34477,จ๊อบ คอนโดมิเนียม,-,83,ภูเก็ต,1,เมืองภูเก็ต,4,รัษฎา,83000000,สำนักงานที่ดินจังหวัดภูเก็ต,7-ส.ค.,True,พื้นที่ระเบียง,18750,,official_statutory_assessment_rate_not_market_price
116806,34498,ดีคอนโด แคมปัส รีสอร์ท กู้กู,A,83,ภูเก็ต,1,เมืองภูเก็ต,4,รัษฎา,83000000,สำนักงานที่ดินจังหวัดภูเก็ต,1-ก.พ.,True,ห้องชุดพักอาศัย,37000,,official_statutory_assessment_rate_not_market_price
116807,34498,ดีคอนโด แคมปัส รีสอร์ท กู้กู,A,83,ภูเก็ต,1,เมืองภูเก็ต,4,รัษฎา,83000000,สำนักงานที่ดินจังหวัดภูเก็ต,1-ก.พ.,True,พื้นที่ระเบียง,18500,,official_statutory_assessment_rate_not_market_price
116808,34498,ดีคอนโด แคมปัส รีสอร์ท กู้กู,A,83,ภูเก็ต,1,เมืองภูเก็ต,4,รัษฎา,83000000,สำนักงานที่ดินจังหวัดภูเก็ต,3-เม.ย.,True,ห้องชุดพักอาศัย,37500,,official_statutory_assessment_rate_not_market_price
116809,34498,ดีคอนโด แคมปัส รีสอร์ท กู้กู,A,83,ภูเก็ต,1,เมืองภูเก็ต,4,รัษฎา,83000000,สำนักงานที่ดินจังหวัดภูเก็ต,3-เม.ย.,True,พื้นที่ระเบียง,17750,,official_statutory_assessment_rate_not_market_price
116810,34498,ดีคอนโด แคมปัส รีสอร์ท กู้กู,A,83,ภูเก็ต,1,เมืองภูเก็ต,4,รัษฎา,83000000,สำนักงานที่ดินจังหวัดภูเก็ต,5-มิ.ย.,True,ห้องชุดพักอาศัย,38000,,official_statutory_assessment_rate_not_market_price
116811,34498,ดีคอนโด แคมปัส รีสอร์ท กู้กู,A,83,ภูเก็ต,1,เมืองภูเก็ต,4,รัษฎา,83000000,สำนักงานที่ดินจังหวัดภูเก็ต,5-มิ.ย.,True,พื้นที่ระเบียง,19000,,official_statutory_assessment_rate_not_market_price
116812,34498,ดีคอนโด แคมปัส รีสอร์ท กู้กู,A,83,ภูเก็ต,1,เมืองภูเก็ต,4,รัษฎา,83000000,สำนักงานที่ดินจังหวัดภูเก็ต,7-ส.ค.,True,ห้องชุดพักอาศัย,38500,,official_statutory_assessment_rate_not_market_price
116813,34498,ดีคอนโด แคมปัส รีสอร์ท กู้กู,A,83,ภูเก็ต,1,เมืองภูเก็ต,4,รัษฎา,83000000,สำนักงานที่ดินจังหวัดภูเก็ต,7-ส.ค.,True,พื้นที่ระเบียง,19250,,official_statutory_assessment_rate_not_market_price
116814,34498,ดีคอนโด แคมปัส รีสอร์ท กู้กู,B,83,ภูเก็ต,1,เมืองภูเก็ต,4,รัษฎา,83000000,สำนักงานที่ดินจังหวัดภูเก็ต,1-ก.พ.,True,ห้องชุดพักอาศัย,37000,,official_statutory_assessment_rate_not_market_price
116815,34498,ดีคอนโด แคมปัส รีสอร์ท กู้กู,B,83,ภูเก็ต,1,เมืองภูเก็ต,4,รัษฎา,83000000,สำนักงานที่ดินจังหวัดภูเก็ต,1-ก.พ.,True,พื้นที่ระเบียง,18500,,official_statutory_assessment_rate_not_market_price
116816,34498,ดีคอนโด แคมปัส รีสอร์ท กู้กู,B,83,ภูเก็ต,1,เมืองภูเก็ต,4,รัษฎา,83000000,สำนักงานที่ดินจังหวัดภูเก็ต,3-เม.ย.,True,ห้องชุดพักอาศัย,37500,,official_statutory_assessment_rate_not_market_price
116817,34498,ดีคอนโด แคมปัส รีสอร์ท กู้กู,B,83,ภูเก็ต,1,เมืองภูเก็ต,4,รัษฎา,83000000,สำนักงานที่ดินจังหวัดภูเก็ต,3-เม.ย.,True,พื้นที่ระเบียง,17750,,official_statutory_assessment_rate_not_market_price
116818,34498,ดีคอนโด แคมปัส รีสอร์ท กู้กู,B,83,ภูเก็ต,1,เมืองภูเก็ต,4,รัษฎา,83000000,สำนักงานที่ดินจังหวัดภูเก็ต,5-มิ.ย.,True,ห้องชุดพักอาศัย,38000,,official_statutory_assessment_rate_not_market_price
116819,34498,ดีคอนโด แคมปัส รีสอร์ท กู้กู,B,83,ภูเก็ต,1,เมืองภูเก็ต,4,รัษฎา,83000000,สำนักงานที่ดินจังหวัดภูเก็ต,5-มิ.ย.,True,พื้นที่ระเบียง,19000,,official_statutory_assessment_rate_not_market_price
116820,34498,ดีคอนโด แคมปัส รีสอร์ท กู้กู,B,83,ภูเก็ต,1,เมืองภูเก็ต,4,รัษฎา,83000000,สำนักงานที่ดินจังหวัดภูเก็ต,7-ส.ค.,True,ห้องชุดพักอาศัย,38500,,official_statutory_assessment_rate_not_market_price
116821,34498,ดีคอนโด แคมปัส รีสอร์ท กู้กู,B,83,ภูเก็ต,1,เมืองภูเก็ต,4,รัษฎา,83000000,สำนักงานที่ดินจังหวัดภูเก็ต,7-ส.ค.,True,พื้นที่ระเบียง,19250,,official_statutory_assessment_rate_not_market_price
116822,34506,บ้านเอื้ออาทรรัษฎา,-,83,ภูเก็ต,1,เมืองภูเก็ต,4,รัษฎา,83000000,สำนักงานที่ดินจังหวัดภูเก็ต,1,False,ห้องชุดพักอาศัย,12000,,official_statutory_assessment_rate_not_market_price
116823,34506,บ้านเอื้ออาทรรัษฎา,-,83,ภูเก็ต,1,เมืองภูเก็ต,4,รัษฎา,83000000,สำนักงานที่ดินจังหวัดภูเก็ต,2,False,ห้องชุดพักอาศัย,11500,,official_statutory_assessment_rate_not_market_price
116824,34506,บ้านเอื้ออาทรรัษฎา,-,83,ภูเก็ต,1,เมืองภูเก็ต,4,รัษฎา,83000000,สำนักงานที่ดินจังหวัดภูเก็ต,3,False,ห้องชุดพักอาศัย,11000,,official_statutory_assessment_rate_not_market_price
116825,34506,บ้านเอื้ออาทรรัษฎา,-,83,ภูเก็ต,1,เมืองภูเก็ต,4,รัษฎา,83000000,สำนักงานที่ดินจังหวัดภูเก็ต,4,False,ห้องชุดพักอาศัย,10500,,official_statutory_assessment_rate_not_market_price
116826,34394,เดอะ กรีนเพลส คอนโดมิเนียม 3,-,83,ภูเก็ต,1,เมืองภูเก็ต,4,รัษฎา,83000000,สำนักงานที่ดินจังหวัดภูเก็ต,2,False,ห้องชุดพักอาศัย,34000,,official_statutory_assessment_rate_not_market_price
116827,34394,เดอะ กรีนเพลส คอนโดมิเนียม 3,-,83,ภูเก็ต,1,เมืองภูเก็ต,4,รัษฎา,83000000,สำนักงานที่ดินจังหวัดภูเก็ต,2,False,พื้นที่ระเบียง,17000,,official_statutory_assessment_rate_not_market_price
116828,34394,เดอะ กรีนเพลส คอนโดมิเนียม 3,-,83,ภูเก็ต,1,เมืองภูเก็ต,4,รัษฎา,83000000,สำนักงานที่ดินจังหวัดภูเก็ต,3-เม.ย.,True,ห้องชุดพักอาศัย,34500,,official_statutory_assessment_rate_not_market_price
116829,34394,เดอะ กรีนเพลส คอนโดมิเนียม 3,-,83,ภูเก็ต,1,เมืองภูเก็ต,4,รัษฎา,83000000,สำนักงานที่ดินจังหวัดภูเก็ต,3-เม.ย.,True,พื้นที่ระเบียง,17250,,official_statutory_assessment_rate_not_market_price
116830,34394,เดอะ กรีนเพลส คอนโดมิเนียม 3,-,83,ภูเก็ต,1,เมืองภูเก็ต,4,รัษฎา,83000000,สำนักงานที่ดินจังหวัดภูเก็ต,5-มิ.ย.,True,ห้องชุดพักอาศัย,35000,,official_statutory_assessment_rate_not_market_price
116831,34394,เดอะ กรีนเพลส คอนโดมิเนียม 3,-,83,ภูเก็ต,1,เมืองภูเก็ต,4,รัษฎา,83000000,สำนักงานที่ดินจังหวัดภูเก็ต,5-มิ.ย.,True,พื้นที่ระเบียง,17500,,official_statutory_assessment_rate_not_market_price
116832,34394,เดอะ กรีนเพลส คอนโดมิเนียม 3,-,83,ภูเก็ต,1,เมืองภูเก็ต,4,รัษฎา,83000000,สำนักงานที่ดินจังหวัดภูเก็ต,7-ส.ค.,True,ห้องชุดพักอาศัย,35500,,official_statutory_assessment_rate_not_market_price
116833,34394,เดอะ กรีนเพลส คอนโดมิเนียม 3,-,83,ภูเก็ต,1,เมืองภูเก็ต,4,รัษฎา,83000000,สำนักงานที่ดินจังหวัดภูเก็ต,7-ส.ค.,True,พื้นที่ระเบียง,17750,,official_statutory_assessment_rate_not_market_price
116834,34561,ศุภาลัย ซิตี้ รีสอร์ท,-,83,ภูเก็ต,1,เมืองภูเก็ต,4,รัษฎา,83000000,สำนักงานที่ดินจังหวัดภูเก็ต,1,False,ห้องชุดเพื่อประกอบการค้า(ห้องชุดพาณิชยกรรม),34800,,official_statutory_assessment_rate_not_market_price
116835,34561,ศุภาลัย ซิตี้ รีสอร์ท,-,83,ภูเก็ต,1,เมืองภูเก็ต,4,รัษฎา,83000000,สำนักงานที่ดินจังหวัดภูเก็ต,2,False,ห้องชุดพักอาศัย,29500,,official_statutory_assessment_rate_not_market_price
116836,34561,ศุภาลัย ซิตี้ รีสอร์ท,-,83,ภูเก็ต,1,เมืองภูเก็ต,4,รัษฎา,83000000,สำนักงานที่ดินจังหวัดภูเก็ต,2,False,พื้นที่วางแอร์,14750,,official_statutory_assessment_rate_not_market_price
116837,34561,ศุภาลัย ซิตี้ รีสอร์ท,-,83,ภูเก็ต,1,เมืองภูเก็ต,4,รัษฎา,83000000,สำนักงานที่ดินจังหวัดภูเก็ต,3,False,ห้องชุดพักอาศัย,29500,,official_statutory_assessment_rate_not_market_price
116838,34561,ศุภาลัย ซิตี้ รีสอร์ท,-,83,ภูเก็ต,1,เมืองภูเก็ต,4,รัษฎา,83000000,สำนักงานที่ดินจังหวัดภูเก็ต,3,False,พื้นที่วางแอร์,14750,,official_statutory_assessment_rate_not_market_price
116839,34561,ศุภาลัย ซิตี้ รีสอร์ท,-,83,ภูเก็ต,1,เมืองภูเก็ต,4,รัษฎา,83000000,สำนักงานที่ดินจังหวัดภูเก็ต,4,False,ห้องชุดพักอาศัย,30000,,official_statutory_assessment_rate_not_market_price
116840,34561,ศุภาลัย ซิตี้ รีสอร์ท,-,83,ภูเก็ต,1,เมืองภูเก็ต,4,รัษฎา,83000000,สำนักงานที่ดินจังหวัดภูเก็ต,4,False,พื้นที่วางแอร์,15000,,official_statutory_assessment_rate_not_market_price
116841,34561,ศุภาลัย ซิตี้ รีสอร์ท,-,83,ภูเก็ต,1,เมืองภูเก็ต,4,รัษฎา,83000000,สำนักงานที่ดินจังหวัดภูเก็ต,5,False,ห้องชุดพักอาศัย,30000,,official_statutory_assessment_rate_not_market_price
116842,34561,ศุภาลัย ซิตี้ รีสอร์ท,-,83,ภูเก็ต,1,เมืองภูเก็ต,4,รัษฎา,83000000,สำนักงานที่ดินจังหวัดภูเก็ต,5,False,พื้นที่วางแอร์,15000,,official_statutory_assessment_rate_not_market_price
116843,34561,ศุภาลัย ซิตี้ รีสอร์ท,-,83,ภูเก็ต,1,เมืองภูเก็ต,4,รัษฎา,83000000,สำนักงานที่ดินจังหวัดภูเก็ต,6,False,ห้องชุดพักอาศัย,30500,,official_statutory_assessment_rate_not_market_price
116844,34561,ศุภาลัย ซิตี้ รีสอร์ท,-,83,ภูเก็ต,1,เมืองภูเก็ต,4,รัษฎา,83000000,สำนักงานที่ดินจังหวัดภูเก็ต,6,False,พื้นที่วางแอร์,15250,,official_statutory_assessment_rate_not_market_price
116845,34561,ศุภาลัย ซิตี้ รีสอร์ท,-,83,ภูเก็ต,1,เมืองภูเก็ต,4,รัษฎา,83000000,สำนักงานที่ดินจังหวัดภูเก็ต,7,False,ห้องชุดพักอาศัย,30500,,official_statutory_assessment_rate_not_market_price
116846,34561,ศุภาลัย ซิตี้ รีสอร์ท,-,83,ภูเก็ต,1,เมืองภูเก็ต,4,รัษฎา,83000000,สำนักงานที่ดินจังหวัดภูเก็ต,7,False,พื้นที่วางแอร์,15250,,official_statutory_assessment_rate_not_market_price
116847,34561,ศุภาลัย ซิตี้ รีสอร์ท,-,83,ภูเก็ต,1,เมืองภูเก็ต,4,รัษฎา,83000000,สำนักงานที่ดินจังหวัดภูเก็ต,8,False,ห้องชุดพักอาศัย,31000,,official_statutory_assessment_rate_not_market_price
116848,34561,ศุภาลัย ซิตี้ รีสอร์ท,-,83,ภูเก็ต,1,เมืองภูเก็ต,4,รัษฎา,83000000,สำนักงานที่ดินจังหวัดภูเก็ต,8,False,พื้นที่วางแอร์,15500,,official_statutory_assessment_rate_not_market_price
116849,34566,สเคป 3 คอนโดมิเนียม,A,83,ภูเก็ต,1,เมืองภูเก็ต,5,วิชิต,83000000,สำนักงานที่ดินจังหวัดภูเก็ต,2,False,พื้นที่ระเบียง,29750,,official_statutory_assessment_rate_not_market_price
116850,34566,สเคป 3 คอนโดมิเนียม,A,83,ภูเก็ต,1,เมืองภูเก็ต,5,วิชิต,83000000,สำนักงานที่ดินจังหวัดภูเก็ต,2,False,ห้องชุดพักอาศัย,59500,,official_statutory_assessment_rate_not_market_price
116851,34566,สเคป 3 คอนโดมิเนียม,A,83,ภูเก็ต,1,เมืองภูเก็ต,5,วิชิต,83000000,สำนักงานที่ดินจังหวัดภูเก็ต,3-เม.ย.,True,พื้นที่ระเบียง,30000,,official_statutory_assessment_rate_not_market_price
116852,34566,สเคป 3 คอนโดมิเนียม,A,83,ภูเก็ต,1,เมืองภูเก็ต,5,วิชิต,83000000,สำนักงานที่ดินจังหวัดภูเก็ต,3-เม.ย.,True,ห้องชุดพักอาศัย,60000,,official_statutory_assessment_rate_not_market_price
116853,34566,สเคป 3 คอนโดมิเนียม,A,83,ภูเก็ต,1,เมืองภูเก็ต,5,วิชิต,83000000,สำนักงานที่ดินจังหวัดภูเก็ต,5-มิ.ย.,True,พื้นที่ระเบียง,30250,,official_statutory_assessment_rate_not_market_price
116854,34566,สเคป 3 คอนโดมิเนียม,A,83,ภูเก็ต,1,เมืองภูเก็ต,5,วิชิต,83000000,สำนักงานที่ดินจังหวัดภูเก็ต,5-มิ.ย.,True,ห้องชุดพักอาศัย,60500,,official_statutory_assessment_rate_not_market_price
116855,34566,สเคป 3 คอนโดมิเนียม,A,83,ภูเก็ต,1,เมืองภูเก็ต,5,วิชิต,83000000,สำนักงานที่ดินจังหวัดภูเก็ต,7-ส.ค.,True,พื้นที่ระเบียง,30500,,official_statutory_assessment_rate_not_market_price
116856,34566,สเคป 3 คอนโดมิเนียม,A,83,ภูเก็ต,1,เมืองภูเก็ต,5,วิชิต,83000000,สำนักงานที่ดินจังหวัดภูเก็ต,7-ส.ค.,True,ห้องชุดพักอาศัย,61000,,official_statutory_assessment_rate_not_market_price
116857,34566,สเคป 3 คอนโดมิเนียม,B,83,ภูเก็ต,1,เมืองภูเก็ต,5,วิชิต,83000000,สำนักงานที่ดินจังหวัดภูเก็ต,2,False,ห้องชุดพักอาศัย,59500,,official_statutory_assessment_rate_not_market_price
116858,34566,สเคป 3 คอนโดมิเนียม,B,83,ภูเก็ต,1,เมืองภูเก็ต,5,วิชิต,83000000,สำนักงานที่ดินจังหวัดภูเก็ต,2,False,พื้นที่ระเบียง,29750,,official_statutory_assessment_rate_not_market_price
116859,34566,สเคป 3 คอนโดมิเนียม,B,83,ภูเก็ต,1,เมืองภูเก็ต,5,วิชิต,83000000,สำนักงานที่ดินจังหวัดภูเก็ต,3-เม.ย.,True,ห้องชุดพักอาศัย,60000,,official_statutory_assessment_rate_not_market_price
116860,34566,สเคป 3 คอนโดมิเนียม,B,83,ภูเก็ต,1,เมืองภูเก็ต,5,วิชิต,83000000,สำนักงานที่ดินจังหวัดภูเก็ต,3-เม.ย.,True,พื้นที่ระเบียง,30000,,official_statutory_assessment_rate_not_market_price
116861,34566,สเคป 3 คอนโดมิเนียม,B,83,ภูเก็ต,1,เมืองภูเก็ต,5,วิชิต,83000000,สำนักงานที่ดินจังหวัดภูเก็ต,5-มิ.ย.,True,ห้องชุดพักอาศัย,60500,,official_statutory_assessment_rate_not_market_price
116862,34566,สเคป 3 คอนโดมิเนียม,B,83,ภูเก็ต,1,เมืองภูเก็ต,5,วิชิต,83000000,สำนักงานที่ดินจังหวัดภูเก็ต,5-มิ.ย.,True,พื้นที่ระเบียง,30250,,official_statutory_assessment_rate_not_market_price
116863,34566,สเคป 3 คอนโดมิเนียม,B,83,ภูเก็ต,1,เมืองภูเก็ต,5,วิชิต,83000000,สำนักงานที่ดินจังหวัดภูเก็ต,7-ส.ค.,True,ห้องชุดพักอาศัย,61000,,official_statutory_assessment_rate_not_market_price
116864,34566,สเคป 3 คอนโดมิเนียม,B,83,ภูเก็ต,1,เมืองภูเก็ต,5,วิชิต,83000000,สำนักงานที่ดินจังหวัดภูเก็ต,7-ส.ค.,True,พื้นที่ระเบียง,30500,,official_statutory_assessment_rate_not_market_price
116865,34567,สเปซ คอนโดมิเนียม ,ห้องชุดพักอาศัย,83,ภูเก็ต,1,เมืองภูเก็ต,5,วิชิต,83000000,สำนักงานที่ดินจังหวัดภูเก็ต,1,False,พื้นที่ห้องชุดพักอาศัย/พื้นที่ระเบียง,56100,,official_statutory_assessment_rate_not_market_price
116866,34567,สเปซ คอนโดมิเนียม ,ห้องชุดพักอาศัย,83,ภูเก็ต,1,เมืองภูเก็ต,5,วิชิต,83000000,สำนักงานที่ดินจังหวัดภูเก็ต,2,False,พื้นที่ห้องชุดพักอาศัย/พื้นที่ระเบียง,56900,,official_statutory_assessment_rate_not_market_price
116867,34567,สเปซ คอนโดมิเนียม ,ห้องชุดพักอาศัย,83,ภูเก็ต,1,เมืองภูเก็ต,5,วิชิต,83000000,สำนักงานที่ดินจังหวัดภูเก็ต,3,False,พื้นที่ห้องชุดพักอาศัย/พื้นที่ระเบียง,57900,,official_statutory_assessment_rate_not_market_price
116868,34567,สเปซ คอนโดมิเนียม ,ห้องชุดพักอาศัย,83,ภูเก็ต,1,เมืองภูเก็ต,5,วิชิต,83000000,สำนักงานที่ดินจังหวัดภูเก็ต,4,False,พื้นที่ห้องชุดพักอาศัย/พื้นที่ระเบียง,59000,,official_statutory_assessment_rate_not_market_price
116869,34567,สเปซ คอนโดมิเนียม ,ห้องชุดพักอาศัย,83,ภูเก็ต,1,เมืองภูเก็ต,5,วิชิต,83000000,สำนักงานที่ดินจังหวัดภูเก็ต,5,False,พื้นที่ห้องชุดพักอาศัย/พื้นที่ระเบียง,60200,,official_statutory_assessment_rate_not_market_price
116870,34567,สเปซ คอนโดมิเนียม ,ห้องชุดพักอาศัย,83,ภูเก็ต,1,เมืองภูเก็ต,5,วิชิต,83000000,สำนักงานที่ดินจังหวัดภูเก็ต,6,False,พื้นที่ห้องชุดพักอาศัย/พื้นที่ระเบียง,61600,,official_statutory_assessment_rate_not_market_price
116871,34567,สเปซ คอนโดมิเนียม ,ห้องชุดพักอาศัย,83,ภูเก็ต,1,เมืองภูเก็ต,5,วิชิต,83000000,สำนักงานที่ดินจังหวัดภูเก็ต,7,False,พื้นที่ห้องชุดพักอาศัย/พื้นที่ระเบียง,62900,,official_statutory_assessment_rate_not_market_price
116872,34401,เดอะ พิกเซล เคป พันวา คอนโด,A,83,ภูเก็ต,1,เมืองภูเก็ต,5,วิชิต,83000000,สำนักงานที่ดินจังหวัดภูเก็ต,2,False,ห้องชุดพักอาศัยตากอากาศ,55500,,official_statutory_assessment_rate_not_market_price
116873,34401,เดอะ พิกเซล เคป พันวา คอนโด,A,83,ภูเก็ต,1,เมืองภูเก็ต,5,วิชิต,83000000,สำนักงานที่ดินจังหวัดภูเก็ต,2,False,พื้นที่ระเบียง,27750,,official_statutory_assessment_rate_not_market_price
116874,34401,เดอะ พิกเซล เคป พันวา คอนโด,A,83,ภูเก็ต,1,เมืองภูเก็ต,5,วิชิต,83000000,สำนักงานที่ดินจังหวัดภูเก็ต,3,False,ห้องชุดพักอาศัยตากอากาศ,56000,,official_statutory_assessment_rate_not_market_price
116875,34401,เดอะ พิกเซล เคป พันวา คอนโด,A,83,ภูเก็ต,1,เมืองภูเก็ต,5,วิชิต,83000000,สำนักงานที่ดินจังหวัดภูเก็ต,3,False,พื้นที่ระเบียง,28000,,official_statutory_assessment_rate_not_market_price
116876,34401,เดอะ พิกเซล เคป พันวา คอนโด,A,83,ภูเก็ต,1,เมืองภูเก็ต,5,วิชิต,83000000,สำนักงานที่ดินจังหวัดภูเก็ต,4,False,ห้องชุดพักอาศัยตากอากาศ,56500,,official_statutory_assessment_rate_not_market_price
116877,34401,เดอะ พิกเซล เคป พันวา คอนโด,A,83,ภูเก็ต,1,เมืองภูเก็ต,5,วิชิต,83000000,สำนักงานที่ดินจังหวัดภูเก็ต,4,False,พื้นที่ระเบียง,28250,,official_statutory_assessment_rate_not_market_price
116878,34401,เดอะ พิกเซล เคป พันวา คอนโด,B,83,ภูเก็ต,1,เมืองภูเก็ต,5,วิชิต,83000000,สำนักงานที่ดินจังหวัดภูเก็ต,1,False,ห้องชุดพักอาศัยตากอากาศ,55000,,official_statutory_assessment_rate_not_market_price
116879,34401,เดอะ พิกเซล เคป พันวา คอนโด,B,83,ภูเก็ต,1,เมืองภูเก็ต,5,วิชิต,83000000,สำนักงานที่ดินจังหวัดภูเก็ต,1,False,พื้นที่ระเบียง,27500,,official_statutory_assessment_rate_not_market_price
116880,34401,เดอะ พิกเซล เคป พันวา คอนโด,B,83,ภูเก็ต,1,เมืองภูเก็ต,5,วิชิต,83000000,สำนักงานที่ดินจังหวัดภูเก็ต,2,False,ห้องชุดพักอาศัยตากอากาศ,55500,,official_statutory_assessment_rate_not_market_price
116881,34401,เดอะ พิกเซล เคป พันวา คอนโด,B,83,ภูเก็ต,1,เมืองภูเก็ต,5,วิชิต,83000000,สำนักงานที่ดินจังหวัดภูเก็ต,2,False,พื้นที่ระเบียง,27750,,official_statutory_assessment_rate_not_market_price
116882,34401,เดอะ พิกเซล เคป พันวา คอนโด,B,83,ภูเก็ต,1,เมืองภูเก็ต,5,วิชิต,83000000,สำนักงานที่ดินจังหวัดภูเก็ต,3,False,ห้องชุดพักอาศัยตากอากาศ,56000,,official_statutory_assessment_rate_not_market_price
116883,34401,เดอะ พิกเซล เคป พันวา คอนโด,B,83,ภูเก็ต,1,เมืองภูเก็ต,5,วิชิต,83000000,สำนักงานที่ดินจังหวัดภูเก็ต,3,False,พื้นที่ระเบียง,28000,,official_statutory_assessment_rate_not_market_price
116884,34401,เดอะ พิกเซล เคป พันวา คอนโด,B,83,ภูเก็ต,1,เมืองภูเก็ต,5,วิชิต,83000000,สำนักงานที่ดินจังหวัดภูเก็ต,4,False,ห้องชุดพักอาศัยตากอากาศ,56500,,official_statutory_assessment_rate_not_market_price
116885,34401,เดอะ พิกเซล เคป พันวา คอนโด,B,83,ภูเก็ต,1,เมืองภูเก็ต,5,วิชิต,83000000,สำนักงานที่ดินจังหวัดภูเก็ต,4,False,พื้นที่ระเบียง,28250,,official_statutory_assessment_rate_not_market_price
116886,34401,เดอะ พิกเซล เคป พันวา คอนโด,C,83,ภูเก็ต,1,เมืองภูเก็ต,5,วิชิต,83000000,สำนักงานที่ดินจังหวัดภูเก็ต,1,False,ห้องชุดพักอาศัยตากอากาศ,55000,,official_statutory_assessment_rate_not_market_price
116887,34401,เดอะ พิกเซล เคป พันวา คอนโด,C,83,ภูเก็ต,1,เมืองภูเก็ต,5,วิชิต,83000000,สำนักงานที่ดินจังหวัดภูเก็ต,1,False,พื้นที่ระเบียง,27500,,official_statutory_assessment_rate_not_market_price
116888,34401,เดอะ พิกเซล เคป พันวา คอนโด,C,83,ภูเก็ต,1,เมืองภูเก็ต,5,วิชิต,83000000,สำนักงานที่ดินจังหวัดภูเก็ต,2,False,ห้องชุดพักอาศัยตากอากาศ,55500,,official_statutory_assessment_rate_not_market_price
116889,34401,เดอะ พิกเซล เคป พันวา คอนโด,C,83,ภูเก็ต,1,เมืองภูเก็ต,5,วิชิต,83000000,สำนักงานที่ดินจังหวัดภูเก็ต,2,False,พื้นที่ระเบียง,27750,,official_statutory_assessment_rate_not_market_price
116890,34401,เดอะ พิกเซล เคป พันวา คอนโด,C,83,ภูเก็ต,1,เมืองภูเก็ต,5,วิชิต,83000000,สำนักงานที่ดินจังหวัดภูเก็ต,3,False,ห้องชุดพักอาศัยตากอากาศ,56000,,official_statutory_assessment_rate_not_market_price
116891,34401,เดอะ พิกเซล เคป พันวา คอนโด,C,83,ภูเก็ต,1,เมืองภูเก็ต,5,วิชิต,83000000,สำนักงานที่ดินจังหวัดภูเก็ต,3,False,พื้นที่ระเบียง,28000,,official_statutory_assessment_rate_not_market_price
116892,34401,เดอะ พิกเซล เคป พันวา คอนโด,C,83,ภูเก็ต,1,เมืองภูเก็ต,5,วิชิต,83000000,สำนักงานที่ดินจังหวัดภูเก็ต,4,False,ห้องชุดพักอาศัยตากอากาศ,56500,,official_statutory_assessment_rate_not_market_price
116893,34401,เดอะ พิกเซล เคป พันวา คอนโด,C,83,ภูเก็ต,1,เมืองภูเก็ต,5,วิชิต,83000000,สำนักงานที่ดินจังหวัดภูเก็ต,4,False,พื้นที่ระเบียง,28250,,official_statutory_assessment_rate_not_market_price
116894,34402,เดอะ ฟิวเจอร์ คอนโด,A,83,ภูเก็ต,1,เมืองภูเก็ต,5,วิชิต,83000000,สำนักงานที่ดินจังหวัดภูเก็ต,2,False,ห้องชุดพักอาศัย,37500,,official_statutory_assessment_rate_not_market_price
116895,34402,เดอะ ฟิวเจอร์ คอนโด,A,83,ภูเก็ต,1,เมืองภูเก็ต,5,วิชิต,83000000,สำนักงานที่ดินจังหวัดภูเก็ต,2,False,พื้นที่ระเบียง,18750,,official_statutory_assessment_rate_not_market_price
116896,34402,เดอะ ฟิวเจอร์ คอนโด,A,83,ภูเก็ต,1,เมืองภูเก็ต,5,วิชิต,83000000,สำนักงานที่ดินจังหวัดภูเก็ต,3-เม.ย.,True,ห้องชุดพักอาศัย,38000,,official_statutory_assessment_rate_not_market_price
116897,34402,เดอะ ฟิวเจอร์ คอนโด,A,83,ภูเก็ต,1,เมืองภูเก็ต,5,วิชิต,83000000,สำนักงานที่ดินจังหวัดภูเก็ต,3-เม.ย.,True,พื้นที่ระเบียง,19000,,official_statutory_assessment_rate_not_market_price
116898,34402,เดอะ ฟิวเจอร์ คอนโด,A,83,ภูเก็ต,1,เมืองภูเก็ต,5,วิชิต,83000000,สำนักงานที่ดินจังหวัดภูเก็ต,5-มิ.ย.,True,ห้องชุดพักอาศัย,38500,,official_statutory_assessment_rate_not_market_price
116899,34402,เดอะ ฟิวเจอร์ คอนโด,A,83,ภูเก็ต,1,เมืองภูเก็ต,5,วิชิต,83000000,สำนักงานที่ดินจังหวัดภูเก็ต,5-มิ.ย.,True,พื้นที่ระเบียง,19250,,official_statutory_assessment_rate_not_market_price
116900,34402,เดอะ ฟิวเจอร์ คอนโด,A,83,ภูเก็ต,1,เมืองภูเก็ต,5,วิชิต,83000000,สำนักงานที่ดินจังหวัดภูเก็ต,7-ส.ค.,True,ห้องชุดพักอาศัย,39000,,official_statutory_assessment_rate_not_market_price
116901,34402,เดอะ ฟิวเจอร์ คอนโด,A,83,ภูเก็ต,1,เมืองภูเก็ต,5,วิชิต,83000000,สำนักงานที่ดินจังหวัดภูเก็ต,7-ส.ค.,True,พื้นที่ระเบียง,19500,,official_statutory_assessment_rate_not_market_price
116902,34402,เดอะ ฟิวเจอร์ คอนโด,B,83,ภูเก็ต,1,เมืองภูเก็ต,5,วิชิต,83000000,สำนักงานที่ดินจังหวัดภูเก็ต,2,False,ห้องชุดพักอาศัย,37500,,official_statutory_assessment_rate_not_market_price
116903,34402,เดอะ ฟิวเจอร์ คอนโด,B,83,ภูเก็ต,1,เมืองภูเก็ต,5,วิชิต,83000000,สำนักงานที่ดินจังหวัดภูเก็ต,2,False,พื้นที่ระเบียง,18750,,official_statutory_assessment_rate_not_market_price
116904,34402,เดอะ ฟิวเจอร์ คอนโด,B,83,ภูเก็ต,1,เมืองภูเก็ต,5,วิชิต,83000000,สำนักงานที่ดินจังหวัดภูเก็ต,3-เม.ย.,True,ห้องชุดพักอาศัย,38000,,official_statutory_assessment_rate_not_market_price
116905,34402,เดอะ ฟิวเจอร์ คอนโด,B,83,ภูเก็ต,1,เมืองภูเก็ต,5,วิชิต,83000000,สำนักงานที่ดินจังหวัดภูเก็ต,3-เม.ย.,True,พื้นที่ระเบียง,19000,,official_statutory_assessment_rate_not_market_price
116906,34402,เดอะ ฟิวเจอร์ คอนโด,B,83,ภูเก็ต,1,เมืองภูเก็ต,5,วิชิต,83000000,สำนักงานที่ดินจังหวัดภูเก็ต,5-มิ.ย.,True,ห้องชุดพักอาศัย,38500,,official_statutory_assessment_rate_not_market_price
116907,34402,เดอะ ฟิวเจอร์ คอนโด,B,83,ภูเก็ต,1,เมืองภูเก็ต,5,วิชิต,83000000,สำนักงานที่ดินจังหวัดภูเก็ต,5-มิ.ย.,True,พื้นที่ระเบียง,19250,,official_statutory_assessment_rate_not_market_price
116908,34402,เดอะ ฟิวเจอร์ คอนโด,B,83,ภูเก็ต,1,เมืองภูเก็ต,5,วิชิต,83000000,สำนักงานที่ดินจังหวัดภูเก็ต,7-ส.ค.,True,ห้องชุดพักอาศัย,39000,,official_statutory_assessment_rate_not_market_price
116909,34402,เดอะ ฟิวเจอร์ คอนโด,B,83,ภูเก็ต,1,เมืองภูเก็ต,5,วิชิต,83000000,สำนักงานที่ดินจังหวัดภูเก็ต,7-ส.ค.,True,พื้นที่ระเบียง,19500,,official_statutory_assessment_rate_not_market_price
116910,34501,นาคา คอนโดมิเนียม,-,83,ภูเก็ต,1,เมืองภูเก็ต,5,วิชิต,83000000,สำนักงานที่ดินจังหวัดภูเก็ต,1,False,พื้นที่ระเบียง,19250,,official_statutory_assessment_rate_not_market_price
116911,34501,นาคา คอนโดมิเนียม,-,83,ภูเก็ต,1,เมืองภูเก็ต,5,วิชิต,83000000,สำนักงานที่ดินจังหวัดภูเก็ต,2,False,ห้องชุดพักอาศัย,32000,,official_statutory_assessment_rate_not_market_price
116912,34501,นาคา คอนโดมิเนียม,-,83,ภูเก็ต,1,เมืองภูเก็ต,5,วิชิต,83000000,สำนักงานที่ดินจังหวัดภูเก็ต,2,False,พื้นที่ระเบียง,16000,,official_statutory_assessment_rate_not_market_price
116913,34501,นาคา คอนโดมิเนียม,-,83,ภูเก็ต,1,เมืองภูเก็ต,5,วิชิต,83000000,สำนักงานที่ดินจังหวัดภูเก็ต,3-เม.ย.,True,ห้องชุดพักอาศัย,32500,,official_statutory_assessment_rate_not_market_price
116914,34501,นาคา คอนโดมิเนียม,-,83,ภูเก็ต,1,เมืองภูเก็ต,5,วิชิต,83000000,สำนักงานที่ดินจังหวัดภูเก็ต,3-เม.ย.,True,พื้นที่ระเบียง,16250,,official_statutory_assessment_rate_not_market_price
116915,34501,นาคา คอนโดมิเนียม,-,83,ภูเก็ต,1,เมืองภูเก็ต,5,วิชิต,83000000,สำนักงานที่ดินจังหวัดภูเก็ต,5-มิ.ย.,True,ห้องชุดพักอาศัย,33000,,official_statutory_assessment_rate_not_market_price
116916,34501,นาคา คอนโดมิเนียม,-,83,ภูเก็ต,1,เมืองภูเก็ต,5,วิชิต,83000000,สำนักงานที่ดินจังหวัดภูเก็ต,5-มิ.ย.,True,พื้นที่ระเบียง,16500,,official_statutory_assessment_rate_not_market_price
116917,34426,เบล แอร์ พันวา,A,83,ภูเก็ต,1,เมืองภูเก็ต,5,วิชิต,83000000,สำนักงานที่ดินจังหวัดภูเก็ต,2,False,ระเบียง,25150,,official_statutory_assessment_rate_not_market_price
116918,34426,เบล แอร์ พันวา,A,83,ภูเก็ต,1,เมืองภูเก็ต,5,วิชิต,83000000,สำนักงานที่ดินจังหวัดภูเก็ต,3,False,ห้องชุดพักอาศัย,50700,,official_statutory_assessment_rate_not_market_price
116919,34426,เบล แอร์ พันวา,A,83,ภูเก็ต,1,เมืองภูเก็ต,5,วิชิต,83000000,สำนักงานที่ดินจังหวัดภูเก็ต,3,False,ระเบียง,25350,,official_statutory_assessment_rate_not_market_price
116920,34426,เบล แอร์ พันวา,A,83,ภูเก็ต,1,เมืองภูเก็ต,5,วิชิต,83000000,สำนักงานที่ดินจังหวัดภูเก็ต,4,False,ห้องชุดพักอาศัย,51200,,official_statutory_assessment_rate_not_market_price
116921,34426,เบล แอร์ พันวา,A,83,ภูเก็ต,1,เมืองภูเก็ต,5,วิชิต,83000000,สำนักงานที่ดินจังหวัดภูเก็ต,4,False,ระเบียง,25600,,official_statutory_assessment_rate_not_market_price
116922,34426,เบล แอร์ พันวา,A,83,ภูเก็ต,1,เมืองภูเก็ต,5,วิชิต,83000000,สำนักงานที่ดินจังหวัดภูเก็ต,5,False,ห้องชุดพักอาศัย,51800,,official_statutory_assessment_rate_not_market_price
116923,34426,เบล แอร์ พันวา,A,83,ภูเก็ต,1,เมืองภูเก็ต,5,วิชิต,83000000,สำนักงานที่ดินจังหวัดภูเก็ต,5,False,ระเบียง,25900,,official_statutory_assessment_rate_not_market_price
116924,34426,เบล แอร์ พันวา,B,83,ภูเก็ต,1,เมืองภูเก็ต,5,วิชิต,83000000,สำนักงานที่ดินจังหวัดภูเก็ต,1,False,ห้องชุดพักอาศัย,46100,,official_statutory_assessment_rate_not_market_price
116925,34426,เบล แอร์ พันวา,B,83,ภูเก็ต,1,เมืองภูเก็ต,5,วิชิต,83000000,สำนักงานที่ดินจังหวัดภูเก็ต,1,False,ระเบียง,23050,,official_statutory_assessment_rate_not_market_price
116926,34426,เบล แอร์ พันวา,B,83,ภูเก็ต,1,เมืองภูเก็ต,5,วิชิต,83000000,สำนักงานที่ดินจังหวัดภูเก็ต,2,False,ห้องชุดพักอาศัย,46400,,official_statutory_assessment_rate_not_market_price
116927,34426,เบล แอร์ พันวา,B,83,ภูเก็ต,1,เมืองภูเก็ต,5,วิชิต,83000000,สำนักงานที่ดินจังหวัดภูเก็ต,2,False,ระเบียง,23200,,official_statutory_assessment_rate_not_market_price
116928,34426,เบล แอร์ พันวา,B,83,ภูเก็ต,1,เมืองภูเก็ต,5,วิชิต,83000000,สำนักงานที่ดินจังหวัดภูเก็ต,3,False,ห้องชุดพักอาศัย,46800,,official_statutory_assessment_rate_not_market_price
116929,34426,เบล แอร์ พันวา,B,83,ภูเก็ต,1,เมืองภูเก็ต,5,วิชิต,83000000,สำนักงานที่ดินจังหวัดภูเก็ต,3,False,ระเบียง,23400,,official_statutory_assessment_rate_not_market_price
116930,34426,เบล แอร์ พันวา,B,83,ภูเก็ต,1,เมืองภูเก็ต,5,วิชิต,83000000,สำนักงานที่ดินจังหวัดภูเก็ต,4,False,ห้องชุดพักอาศัย,47300,,official_statutory_assessment_rate_not_market_price
116931,34426,เบล แอร์ พันวา,B,83,ภูเก็ต,1,เมืองภูเก็ต,5,วิชิต,83000000,สำนักงานที่ดินจังหวัดภูเก็ต,4,False,ระเบียง,23650,,official_statutory_assessment_rate_not_market_price
116932,34426,เบล แอร์ พันวา,B,83,ภูเก็ต,1,เมืองภูเก็ต,5,วิชิต,83000000,สำนักงานที่ดินจังหวัดภูเก็ต,5,False,ห้องชุดพักอาศัย,47800,,official_statutory_assessment_rate_not_market_price
116933,34426,เบล แอร์ พันวา,B,83,ภูเก็ต,1,เมืองภูเก็ต,5,วิชิต,83000000,สำนักงานที่ดินจังหวัดภูเก็ต,5,False,ระเบียง,23900,,official_statutory_assessment_rate_not_market_price
116934,34426,เบล แอร์ พันวา,C,83,ภูเก็ต,1,เมืองภูเก็ต,5,วิชิต,83000000,สำนักงานที่ดินจังหวัดภูเก็ต,1,False,ห้องชุดพักอาศัย,46100,,official_statutory_assessment_rate_not_market_price
116935,34426,เบล แอร์ พันวา,C,83,ภูเก็ต,1,เมืองภูเก็ต,5,วิชิต,83000000,สำนักงานที่ดินจังหวัดภูเก็ต,1,False,ระเบียง,23050,,official_statutory_assessment_rate_not_market_price
116936,34426,เบล แอร์ พันวา,C,83,ภูเก็ต,1,เมืองภูเก็ต,5,วิชิต,83000000,สำนักงานที่ดินจังหวัดภูเก็ต,2,False,ห้องชุดพักอาศัย,45000,,official_statutory_assessment_rate_not_market_price
116937,34426,เบล แอร์ พันวา,C,83,ภูเก็ต,1,เมืองภูเก็ต,5,วิชิต,83000000,สำนักงานที่ดินจังหวัดภูเก็ต,2,False,ระเบียง,22500,,official_statutory_assessment_rate_not_market_price
116938,34426,เบล แอร์ พันวา,C,83,ภูเก็ต,1,เมืองภูเก็ต,5,วิชิต,83000000,สำนักงานที่ดินจังหวัดภูเก็ต,3,False,ห้องชุดพักอาศัย,44100,,official_statutory_assessment_rate_not_market_price
116939,34426,เบล แอร์ พันวา,C,83,ภูเก็ต,1,เมืองภูเก็ต,5,วิชิต,83000000,สำนักงานที่ดินจังหวัดภูเก็ต,3,False,ระเบียง,22050,,official_statutory_assessment_rate_not_market_price
116940,34428,เฟื่องฟ้าคอนโดเทล อาคารเอ,-,83,ภูเก็ต,1,เมืองภูเก็ต,5,วิชิต,83000000,สำนักงานที่ดินจังหวัดภูเก็ต,1,False,ห้องชุดพักอาศัย,11500,,official_statutory_assessment_rate_not_market_price
116941,34428,เฟื่องฟ้าคอนโดเทล อาคารเอ,-,83,ภูเก็ต,1,เมืองภูเก็ต,5,วิชิต,83000000,สำนักงานที่ดินจังหวัดภูเก็ต,1,False,ระเบียง,5750,,official_statutory_assessment_rate_not_market_price
116942,34428,เฟื่องฟ้าคอนโดเทล อาคารเอ,-,83,ภูเก็ต,1,เมืองภูเก็ต,5,วิชิต,83000000,สำนักงานที่ดินจังหวัดภูเก็ต,2,False,ห้องชุดพักอาศัย,12000,,official_statutory_assessment_rate_not_market_price
116943,34428,เฟื่องฟ้าคอนโดเทล อาคารเอ,-,83,ภูเก็ต,1,เมืองภูเก็ต,5,วิชิต,83000000,สำนักงานที่ดินจังหวัดภูเก็ต,2,False,ระเบียง,6000,,official_statutory_assessment_rate_not_market_price
116944,34428,เฟื่องฟ้าคอนโดเทล อาคารเอ,-,83,ภูเก็ต,1,เมืองภูเก็ต,5,วิชิต,83000000,สำนักงานที่ดินจังหวัดภูเก็ต,3,False,ห้องชุดพักอาศัย,12500,,official_statutory_assessment_rate_not_market_price
116945,34428,เฟื่องฟ้าคอนโดเทล อาคารเอ,-,83,ภูเก็ต,1,เมืองภูเก็ต,5,วิชิต,83000000,สำนักงานที่ดินจังหวัดภูเก็ต,3,False,ระเบียง,6250,,official_statutory_assessment_rate_not_market_price
116946,34428,เฟื่องฟ้าคอนโดเทล อาคารเอ,-,83,ภูเก็ต,1,เมืองภูเก็ต,5,วิชิต,83000000,สำนักงานที่ดินจังหวัดภูเก็ต,4,False,ห้องชุดพักอาศัย,13000,,official_statutory_assessment_rate_not_market_price
116947,34428,เฟื่องฟ้าคอนโดเทล อาคารเอ,-,83,ภูเก็ต,1,เมืองภูเก็ต,5,วิชิต,83000000,สำนักงานที่ดินจังหวัดภูเก็ต,4,False,ระเบียง,6500,,official_statutory_assessment_rate_not_market_price
116948,34428,เฟื่องฟ้าคอนโดเทล อาคารเอ,-,83,ภูเก็ต,1,เมืองภูเก็ต,5,วิชิต,83000000,สำนักงานที่ดินจังหวัดภูเก็ต,ชั้นล่าง,False,ห้องชุดเพื่อประกอบการค้า(ห้องชุดพาณิชยกรรม),13000,,official_statutory_assessment_rate_not_market_price
116949,34428,เฟื่องฟ้าคอนโดเทล อาคารเอ,-,83,ภูเก็ต,1,เมืองภูเก็ต,5,วิชิต,83000000,สำนักงานที่ดินจังหวัดภูเก็ต,ชั้นล่าง,False,ระเบียง,6500,,official_statutory_assessment_rate_not_market_price
116950,34429,เฟื่องฟ้าคอนโดเทล อาคารบี,-,83,ภูเก็ต,1,เมืองภูเก็ต,5,วิชิต,83000000,สำนักงานที่ดินจังหวัดภูเก็ต,1,False,ห้องชุดพักอาศัย,11500,,official_statutory_assessment_rate_not_market_price
116951,34429,เฟื่องฟ้าคอนโดเทล อาคารบี,-,83,ภูเก็ต,1,เมืองภูเก็ต,5,วิชิต,83000000,สำนักงานที่ดินจังหวัดภูเก็ต,1,False,ระเบียง,5750,,official_statutory_assessment_rate_not_market_price
116952,34429,เฟื่องฟ้าคอนโดเทล อาคารบี,-,83,ภูเก็ต,1,เมืองภูเก็ต,5,วิชิต,83000000,สำนักงานที่ดินจังหวัดภูเก็ต,2,False,ห้องชุดพักอาศัย,12000,,official_statutory_assessment_rate_not_market_price
116953,34429,เฟื่องฟ้าคอนโดเทล อาคารบี,-,83,ภูเก็ต,1,เมืองภูเก็ต,5,วิชิต,83000000,สำนักงานที่ดินจังหวัดภูเก็ต,2,False,ระเบียง,6000,,official_statutory_assessment_rate_not_market_price
116954,34429,เฟื่องฟ้าคอนโดเทล อาคารบี,-,83,ภูเก็ต,1,เมืองภูเก็ต,5,วิชิต,83000000,สำนักงานที่ดินจังหวัดภูเก็ต,3,False,ห้องชุดพักอาศัย,12500,,official_statutory_assessment_rate_not_market_price
116955,34429,เฟื่องฟ้าคอนโดเทล อาคารบี,-,83,ภูเก็ต,1,เมืองภูเก็ต,5,วิชิต,83000000,สำนักงานที่ดินจังหวัดภูเก็ต,3,False,ระเบียง,6250,,official_statutory_assessment_rate_not_market_price
116956,34429,เฟื่องฟ้าคอนโดเทล อาคารบี,-,83,ภูเก็ต,1,เมืองภูเก็ต,5,วิชิต,83000000,สำนักงานที่ดินจังหวัดภูเก็ต,4,False,ห้องชุดพักอาศัย,13000,,official_statutory_assessment_rate_not_market_price
116957,34429,เฟื่องฟ้าคอนโดเทล อาคารบี,-,83,ภูเก็ต,1,เมืองภูเก็ต,5,วิชิต,83000000,สำนักงานที่ดินจังหวัดภูเก็ต,4,False,ระเบียง,6500,,official_statutory_assessment_rate_not_market_price
116958,34426,เบล แอร์ พันวา,A,83,ภูเก็ต,1,เมืองภูเก็ต,5,วิชิต,83000000,สำนักงานที่ดินจังหวัดภูเก็ต,1,False,ห้องชุดพักอาศัย,49900,,official_statutory_assessment_rate_not_market_price
116959,34426,เบล แอร์ พันวา,A,83,ภูเก็ต,1,เมืองภูเก็ต,5,วิชิต,83000000,สำนักงานที่ดินจังหวัดภูเก็ต,1,False,ระเบียง,24950,,official_statutory_assessment_rate_not_market_price
116960,34426,เบล แอร์ พันวา,A,83,ภูเก็ต,1,เมืองภูเก็ต,5,วิชิต,83000000,สำนักงานที่ดินจังหวัดภูเก็ต,2,False,ห้องชุดพักอาศัย,50300,,official_statutory_assessment_rate_not_market_price
116961,34424,เดอะวิว คอนโด สวนหลวง,-,83,ภูเก็ต,1,เมืองภูเก็ต,5,วิชิต,83000000,สำนักงานที่ดินจังหวัดภูเก็ต,12,False,พื้นที่ระเบียง,17000,,official_statutory_assessment_rate_not_market_price
116962,34424,เดอะวิว คอนโด สวนหลวง,-,83,ภูเก็ต,1,เมืองภูเก็ต,5,วิชิต,83000000,สำนักงานที่ดินจังหวัดภูเก็ต,1-ก.พ.,True,ห้องชุดพักอาศัย,34000,,official_statutory_assessment_rate_not_market_price
116963,34424,เดอะวิว คอนโด สวนหลวง,-,83,ภูเก็ต,1,เมืองภูเก็ต,5,วิชิต,83000000,สำนักงานที่ดินจังหวัดภูเก็ต,3-เม.ย.,True,ห้องชุดพักอาศัย,34500,,official_statutory_assessment_rate_not_market_price
116964,34424,เดอะวิว คอนโด สวนหลวง,-,83,ภูเก็ต,1,เมืองภูเก็ต,5,วิชิต,83000000,สำนักงานที่ดินจังหวัดภูเก็ต,3-เม.ย.,True,พื้นที่ระเบียง,17250,,official_statutory_assessment_rate_not_market_price
116965,34424,เดอะวิว คอนโด สวนหลวง,-,83,ภูเก็ต,1,เมืองภูเก็ต,5,วิชิต,83000000,สำนักงานที่ดินจังหวัดภูเก็ต,5-มิ.ย.,True,ห้องชุดพักอาศัย,35000,,official_statutory_assessment_rate_not_market_price
116966,34424,เดอะวิว คอนโด สวนหลวง,-,83,ภูเก็ต,1,เมืองภูเก็ต,5,วิชิต,83000000,สำนักงานที่ดินจังหวัดภูเก็ต,5-มิ.ย.,True,พื้นที่ระเบียง,17500,,official_statutory_assessment_rate_not_market_price
116967,34424,เดอะวิว คอนโด สวนหลวง,-,83,ภูเก็ต,1,เมืองภูเก็ต,5,วิชิต,83000000,สำนักงานที่ดินจังหวัดภูเก็ต,7-ส.ค.,True,ห้องชุดพักอาศัย,35500,,official_statutory_assessment_rate_not_market_price
116968,34424,เดอะวิว คอนโด สวนหลวง,-,83,ภูเก็ต,1,เมืองภูเก็ต,5,วิชิต,83000000,สำนักงานที่ดินจังหวัดภูเก็ต,7-ส.ค.,True,พื้นที่ระเบียง,17750,,official_statutory_assessment_rate_not_market_price
116969,34422,เดอะ พอยท์,-,83,ภูเก็ต,1,เมืองภูเก็ต,5,วิชิต,83000000,สำนักงานที่ดินจังหวัดภูเก็ต,2,False,ห้องชุดพักอาศัย,58500,,official_statutory_assessment_rate_not_market_price
116970,34422,เดอะ พอยท์,-,83,ภูเก็ต,1,เมืองภูเก็ต,5,วิชิต,83000000,สำนักงานที่ดินจังหวัดภูเก็ต,2,False,พื้นที่ระเบียง,29250,,official_statutory_assessment_rate_not_market_price
116971,34422,เดอะ พอยท์,-,83,ภูเก็ต,1,เมืองภูเก็ต,5,วิชิต,83000000,สำนักงานที่ดินจังหวัดภูเก็ต,3,False,ห้องชุดพักอาศัย,58500,,official_statutory_assessment_rate_not_market_price
116972,34422,เดอะ พอยท์,-,83,ภูเก็ต,1,เมืองภูเก็ต,5,วิชิต,83000000,สำนักงานที่ดินจังหวัดภูเก็ต,3,False,พื้นที่ระเบียง,29250,,official_statutory_assessment_rate_not_market_price
116973,34422,เดอะ พอยท์,-,83,ภูเก็ต,1,เมืองภูเก็ต,5,วิชิต,83000000,สำนักงานที่ดินจังหวัดภูเก็ต,4,False,ห้องชุดพักอาศัย,59000,,official_statutory_assessment_rate_not_market_price
116974,34422,เดอะ พอยท์,-,83,ภูเก็ต,1,เมืองภูเก็ต,5,วิชิต,83000000,สำนักงานที่ดินจังหวัดภูเก็ต,4,False,พื้นที่ระเบียง,29500,,official_statutory_assessment_rate_not_market_price
116975,34422,เดอะ พอยท์,-,83,ภูเก็ต,1,เมืองภูเก็ต,5,วิชิต,83000000,สำนักงานที่ดินจังหวัดภูเก็ต,5,False,ห้องชุดพักอาศัย,59000,,official_statutory_assessment_rate_not_market_price
116976,34422,เดอะ พอยท์,-,83,ภูเก็ต,1,เมืองภูเก็ต,5,วิชิต,83000000,สำนักงานที่ดินจังหวัดภูเก็ต,5,False,พื้นที่ระเบียง,29500,,official_statutory_assessment_rate_not_market_price
116977,34422,เดอะ พอยท์,-,83,ภูเก็ต,1,เมืองภูเก็ต,5,วิชิต,83000000,สำนักงานที่ดินจังหวัดภูเก็ต,6,False,ห้องชุดพักอาศัย,59500,,official_statutory_assessment_rate_not_market_price
116978,34422,เดอะ พอยท์,-,83,ภูเก็ต,1,เมืองภูเก็ต,5,วิชิต,83000000,สำนักงานที่ดินจังหวัดภูเก็ต,6,False,พื้นที่ระเบียง,29750,,official_statutory_assessment_rate_not_market_price
116979,34422,เดอะ พอยท์,-,83,ภูเก็ต,1,เมืองภูเก็ต,5,วิชิต,83000000,สำนักงานที่ดินจังหวัดภูเก็ต,7,False,ห้องชุดพักอาศัย,59500,,official_statutory_assessment_rate_not_market_price
116980,34422,เดอะ พอยท์,-,83,ภูเก็ต,1,เมืองภูเก็ต,5,วิชิต,83000000,สำนักงานที่ดินจังหวัดภูเก็ต,7,False,พื้นที่ระเบียง,59750,,official_statutory_assessment_rate_not_market_price
116981,34422,เดอะ พอยท์,-,83,ภูเก็ต,1,เมืองภูเก็ต,5,วิชิต,83000000,สำนักงานที่ดินจังหวัดภูเก็ต,8,False,ห้องชุดพักอาศัย,61000,,official_statutory_assessment_rate_not_market_price
116982,34422,เดอะ พอยท์,-,83,ภูเก็ต,1,เมืองภูเก็ต,5,วิชิต,83000000,สำนักงานที่ดินจังหวัดภูเก็ต,8,False,พื้นที่ระเบียง,30500,,official_statutory_assessment_rate_not_market_price
116983,34422,เดอะ พอยท์,-,83,ภูเก็ต,1,เมืองภูเก็ต,5,วิชิต,83000000,สำนักงานที่ดินจังหวัดภูเก็ต,"1,2",False,ห้องชุดพักอาศัยแบบดูเพล็ก,59000,,official_statutory_assessment_rate_not_market_price
116984,34422,เดอะ พอยท์,-,83,ภูเก็ต,1,เมืองภูเก็ต,5,วิชิต,83000000,สำนักงานที่ดินจังหวัดภูเก็ต,"1,2",False,พื้นที่ระเบียง,29500,,official_statutory_assessment_rate_not_market_price
116985,34422,เดอะ พอยท์,-,83,ภูเก็ต,1,เมืองภูเก็ต,5,วิชิต,83000000,สำนักงานที่ดินจังหวัดภูเก็ต,"1,2",False,ห้องชุดเพื่อประกอบการค้า(ห้องชุดพาณิชยกรรม),69500,,official_statutory_assessment_rate_not_market_price
116986,34422,เดอะ พอยท์,-,83,ภูเก็ต,1,เมืองภูเก็ต,5,วิชิต,83000000,สำนักงานที่ดินจังหวัดภูเก็ต,"1,2",False,พื้นที่ระเบียง,34750,,official_statutory_assessment_rate_not_market_price
116987,34501,นาคา คอนโดมิเนียม,-,83,ภูเก็ต,1,เมืองภูเก็ต,5,วิชิต,83000000,สำนักงานที่ดินจังหวัดภูเก็ต,1,False,ห้องชุดเพื่อประกอบการค้า(ห้องชุดพาณิชยกรรม),38500,,official_statutory_assessment_rate_not_market_price
116988,34377,เดอะ ซิตี้ คอนโดมิเนียม 1,-,83,ภูเก็ต,1,เมืองภูเก็ต,5,วิชิต,83000000,สำนักงานที่ดินจังหวัดภูเก็ต,1-ก.พ.,True,ห้องชุดพักอาศัย,33000,,official_statutory_assessment_rate_not_market_price
116989,34377,เดอะ ซิตี้ คอนโดมิเนียม 1,-,83,ภูเก็ต,1,เมืองภูเก็ต,5,วิชิต,83000000,สำนักงานที่ดินจังหวัดภูเก็ต,1-ก.พ.,True,พื้นที่ระเบียง,16500,,official_statutory_assessment_rate_not_market_price
116990,34377,เดอะ ซิตี้ คอนโดมิเนียม 1,-,83,ภูเก็ต,1,เมืองภูเก็ต,5,วิชิต,83000000,สำนักงานที่ดินจังหวัดภูเก็ต,3-เม.ย.,True,ห้องชุดพักอาศัย,33500,,official_statutory_assessment_rate_not_market_price
116991,34377,เดอะ ซิตี้ คอนโดมิเนียม 1,-,83,ภูเก็ต,1,เมืองภูเก็ต,5,วิชิต,83000000,สำนักงานที่ดินจังหวัดภูเก็ต,3-เม.ย.,True,พื้นที่ระเบียง,16750,,official_statutory_assessment_rate_not_market_price
116992,34377,เดอะ ซิตี้ คอนโดมิเนียม 1,-,83,ภูเก็ต,1,เมืองภูเก็ต,5,วิชิต,83000000,สำนักงานที่ดินจังหวัดภูเก็ต,5-มิ.ย.,True,ห้องชุดพักอาศัย,34000,,official_statutory_assessment_rate_not_market_price
116993,34377,เดอะ ซิตี้ คอนโดมิเนียม 1,-,83,ภูเก็ต,1,เมืองภูเก็ต,5,วิชิต,83000000,สำนักงานที่ดินจังหวัดภูเก็ต,5-มิ.ย.,True,พื้นที่ระเบียง,17000,,official_statutory_assessment_rate_not_market_price
116994,34377,เดอะ ซิตี้ คอนโดมิเนียม 1,-,83,ภูเก็ต,1,เมืองภูเก็ต,5,วิชิต,83000000,สำนักงานที่ดินจังหวัดภูเก็ต,7-ส.ค.,True,ห้องชุดพักอาศัย,34500,,official_statutory_assessment_rate_not_market_price
116995,34377,เดอะ ซิตี้ คอนโดมิเนียม 1,-,83,ภูเก็ต,1,เมืองภูเก็ต,5,วิชิต,83000000,สำนักงานที่ดินจังหวัดภูเก็ต,7-ส.ค.,True,พื้นที่ระเบียง,17250,,official_statutory_assessment_rate_not_market_price
116996,34378,เดอะ ซิตี้ คอนโดมิเนียม 2,-,83,ภูเก็ต,1,เมืองภูเก็ต,5,วิชิต,83000000,สำนักงานที่ดินจังหวัดภูเก็ต,1,False,ห้องชุดเพื่อประกอบการค้า(ห้องชุดพาณิชยกรรม),39500,,official_statutory_assessment_rate_not_market_price
116997,34378,เดอะ ซิตี้ คอนโดมิเนียม 2,-,83,ภูเก็ต,1,เมืองภูเก็ต,5,วิชิต,83000000,สำนักงานที่ดินจังหวัดภูเก็ต,1,False,พื้นที่ระเบียง,19750,,official_statutory_assessment_rate_not_market_price
116998,34378,เดอะ ซิตี้ คอนโดมิเนียม 2,-,83,ภูเก็ต,1,เมืองภูเก็ต,5,วิชิต,83000000,สำนักงานที่ดินจังหวัดภูเก็ต,2,False,ห้องชุดพักอาศัย,33000,,official_statutory_assessment_rate_not_market_price
116999,34378,เดอะ ซิตี้ คอนโดมิเนียม 2,-,83,ภูเก็ต,1,เมืองภูเก็ต,5,วิชิต,83000000,สำนักงานที่ดินจังหวัดภูเก็ต,2,False,พื้นที่ระเบียง,16500,,official_statutory_assessment_rate_not_market_price
117000,34378,เดอะ ซิตี้ คอนโดมิเนียม 2,-,83,ภูเก็ต,1,เมืองภูเก็ต,5,วิชิต,83000000,สำนักงานที่ดินจังหวัดภูเก็ต,3-เม.ย.,True,ห้องชุดพักอาศัย,33500,,official_statutory_assessment_rate_not_market_price
117001,34378,เดอะ ซิตี้ คอนโดมิเนียม 2,-,83,ภูเก็ต,1,เมืองภูเก็ต,5,วิชิต,83000000,สำนักงานที่ดินจังหวัดภูเก็ต,3-เม.ย.,True,พื้นที่ระเบียง,16750,,official_statutory_assessment_rate_not_market_price
117002,34378,เดอะ ซิตี้ คอนโดมิเนียม 2,-,83,ภูเก็ต,1,เมืองภูเก็ต,5,วิชิต,83000000,สำนักงานที่ดินจังหวัดภูเก็ต,5-มิ.ย.,True,ห้องชุดพักอาศัย,34000,,official_statutory_assessment_rate_not_market_price
117003,34378,เดอะ ซิตี้ คอนโดมิเนียม 2,-,83,ภูเก็ต,1,เมืองภูเก็ต,5,วิชิต,83000000,สำนักงานที่ดินจังหวัดภูเก็ต,5-มิ.ย.,True,พื้นที่ระเบียง,17000,,official_statutory_assessment_rate_not_market_price
117004,34378,เดอะ ซิตี้ คอนโดมิเนียม 2,-,83,ภูเก็ต,1,เมืองภูเก็ต,5,วิชิต,83000000,สำนักงานที่ดินจังหวัดภูเก็ต,7-ส.ค.,True,ห้องชุดพักอาศัย,34500,,official_statutory_assessment_rate_not_market_price
117005,34378,เดอะ ซิตี้ คอนโดมิเนียม 2,-,83,ภูเก็ต,1,เมืองภูเก็ต,5,วิชิต,83000000,สำนักงานที่ดินจังหวัดภูเก็ต,7-ส.ค.,True,พื้นที่ระเบียง,17250,,official_statutory_assessment_rate_not_market_price
117006,34520,พรสวรรค์คอนโดเทล 1,-,83,ภูเก็ต,1,เมืองภูเก็ต,5,วิชิต,83000000,สำนักงานที่ดินจังหวัดภูเก็ต,2,False,ห้องชุดพักอาศัย,14500,,official_statutory_assessment_rate_not_market_price
117007,34520,พรสวรรค์คอนโดเทล 1,-,83,ภูเก็ต,1,เมืองภูเก็ต,5,วิชิต,83000000,สำนักงานที่ดินจังหวัดภูเก็ต,2,False,พื้นที่ระเบียง,7250,,official_statutory_assessment_rate_not_market_price
117008,34520,พรสวรรค์คอนโดเทล 1,-,83,ภูเก็ต,1,เมืองภูเก็ต,5,วิชิต,83000000,สำนักงานที่ดินจังหวัดภูเก็ต,3,False,ห้องชุดพักอาศัย,14500,,official_statutory_assessment_rate_not_market_price
117009,34520,พรสวรรค์คอนโดเทล 1,-,83,ภูเก็ต,1,เมืองภูเก็ต,5,วิชิต,83000000,สำนักงานที่ดินจังหวัดภูเก็ต,3,False,พื้นที่ระเบียง,7250,,official_statutory_assessment_rate_not_market_price
117010,34520,พรสวรรค์คอนโดเทล 1,-,83,ภูเก็ต,1,เมืองภูเก็ต,5,วิชิต,83000000,สำนักงานที่ดินจังหวัดภูเก็ต,4,False,ห้องชุดพักอาศัย,15000,,official_statutory_assessment_rate_not_market_price
117011,34520,พรสวรรค์คอนโดเทล 1,-,83,ภูเก็ต,1,เมืองภูเก็ต,5,วิชิต,83000000,สำนักงานที่ดินจังหวัดภูเก็ต,4,False,พื้นที่ระเบียง,7500,,official_statutory_assessment_rate_not_market_price
117012,34520,พรสวรรค์คอนโดเทล 1,-,83,ภูเก็ต,1,เมืองภูเก็ต,5,วิชิต,83000000,สำนักงานที่ดินจังหวัดภูเก็ต,5,False,ห้องชุดพักอาศัย,15000,,official_statutory_assessment_rate_not_market_price
117013,34520,พรสวรรค์คอนโดเทล 1,-,83,ภูเก็ต,1,เมืองภูเก็ต,5,วิชิต,83000000,สำนักงานที่ดินจังหวัดภูเก็ต,5,False,พื้นที่ระเบียง,7500,,official_statutory_assessment_rate_not_market_price
117014,34520,พรสวรรค์คอนโดเทล 1,-,83,ภูเก็ต,1,เมืองภูเก็ต,5,วิชิต,83000000,สำนักงานที่ดินจังหวัดภูเก็ต,6,False,ห้องชุดพักอาศัย,15500,,official_statutory_assessment_rate_not_market_price
117015,34520,พรสวรรค์คอนโดเทล 1,-,83,ภูเก็ต,1,เมืองภูเก็ต,5,วิชิต,83000000,สำนักงานที่ดินจังหวัดภูเก็ต,6,False,พื้นที่ระเบียง,7750,,official_statutory_assessment_rate_not_market_price
117016,34520,พรสวรรค์คอนโดเทล 1,-,83,ภูเก็ต,1,เมืองภูเก็ต,5,วิชิต,83000000,สำนักงานที่ดินจังหวัดภูเก็ต,7,False,ห้องชุดพักอาศัย,15500,,official_statutory_assessment_rate_not_market_price
117017,34520,พรสวรรค์คอนโดเทล 1,-,83,ภูเก็ต,1,เมืองภูเก็ต,5,วิชิต,83000000,สำนักงานที่ดินจังหวัดภูเก็ต,7,False,พื้นที่ระเบียง,7750,,official_statutory_assessment_rate_not_market_price
117018,34367,เซนทริโอ คอนโดมิเนียม ภูเก็ต,C,83,ภูเก็ต,1,เมืองภูเก็ต,5,วิชิต,83000000,สำนักงานที่ดินจังหวัดภูเก็ต,3-เม.ย.,True,ห้องชุดพักอาศัย,46000,,official_statutory_assessment_rate_not_market_price
117019,34367,เซนทริโอ คอนโดมิเนียม ภูเก็ต,C,83,ภูเก็ต,1,เมืองภูเก็ต,5,วิชิต,83000000,สำนักงานที่ดินจังหวัดภูเก็ต,3-เม.ย.,True,พื้นที่ระเบียง,23000,,official_statutory_assessment_rate_not_market_price
117020,34367,เซนทริโอ คอนโดมิเนียม ภูเก็ต,C,83,ภูเก็ต,1,เมืองภูเก็ต,5,วิชิต,83000000,สำนักงานที่ดินจังหวัดภูเก็ต,5-มิ.ย.,True,ห้องชุดพักอาศัย,46500,,official_statutory_assessment_rate_not_market_price
117021,34367,เซนทริโอ คอนโดมิเนียม ภูเก็ต,C,83,ภูเก็ต,1,เมืองภูเก็ต,5,วิชิต,83000000,สำนักงานที่ดินจังหวัดภูเก็ต,5-มิ.ย.,True,พื้นที่ระเบียง,23250,,official_statutory_assessment_rate_not_market_price
117022,34367,เซนทริโอ คอนโดมิเนียม ภูเก็ต,C,83,ภูเก็ต,1,เมืองภูเก็ต,5,วิชิต,83000000,สำนักงานที่ดินจังหวัดภูเก็ต,7-ส.ค.,True,ห้องชุดพักอาศัย,47000,,official_statutory_assessment_rate_not_market_price
117023,34367,เซนทริโอ คอนโดมิเนียม ภูเก็ต,C,83,ภูเก็ต,1,เมืองภูเก็ต,5,วิชิต,83000000,สำนักงานที่ดินจังหวัดภูเก็ต,7-ส.ค.,True,พื้นที่ระเบียง,23500,,official_statutory_assessment_rate_not_market_price
117024,31843,เดอะ เบส ดาวน์ทาวน์ - ภูเก็ต,-,83,ภูเก็ต,1,เมืองภูเก็ต,5,วิชิต,83000000,สำนักงานที่ดินจังหวัดภูเก็ต,7,False,ห้องชุดพักอาศัย,56000,,official_statutory_assessment_rate_not_market_price
117025,31843,เดอะ เบส ดาวน์ทาวน์ - ภูเก็ต,-,83,ภูเก็ต,1,เมืองภูเก็ต,5,วิชิต,83000000,สำนักงานที่ดินจังหวัดภูเก็ต,7,False,พื้นที่ระเบียง,28000,,official_statutory_assessment_rate_not_market_price
117026,31843,เดอะ เบส ดาวน์ทาวน์ - ภูเก็ต,-,83,ภูเก็ต,1,เมืองภูเก็ต,5,วิชิต,83000000,สำนักงานที่ดินจังหวัดภูเก็ต,1-ก.พ.,True,ห้องชุดพักอาศัย,54500,,official_statutory_assessment_rate_not_market_price
117027,31843,เดอะ เบส ดาวน์ทาวน์ - ภูเก็ต,-,83,ภูเก็ต,1,เมืองภูเก็ต,5,วิชิต,83000000,สำนักงานที่ดินจังหวัดภูเก็ต,1-ก.พ.,True,พื้นที่ระเบียง,27250,,official_statutory_assessment_rate_not_market_price
117028,31843,เดอะ เบส ดาวน์ทาวน์ - ภูเก็ต,-,83,ภูเก็ต,1,เมืองภูเก็ต,5,วิชิต,83000000,สำนักงานที่ดินจังหวัดภูเก็ต,3-เม.ย.,True,ห้องชุดพักอาศัย,55000,,official_statutory_assessment_rate_not_market_price
117029,31843,เดอะ เบส ดาวน์ทาวน์ - ภูเก็ต,-,83,ภูเก็ต,1,เมืองภูเก็ต,5,วิชิต,83000000,สำนักงานที่ดินจังหวัดภูเก็ต,3-เม.ย.,True,พื้นที่ระเบียง,27500,,official_statutory_assessment_rate_not_market_price
117030,31843,เดอะ เบส ดาวน์ทาวน์ - ภูเก็ต,-,83,ภูเก็ต,1,เมืองภูเก็ต,5,วิชิต,83000000,สำนักงานที่ดินจังหวัดภูเก็ต,5-มิ.ย.,True,ห้องชุดพักอาศัย,55500,,official_statutory_assessment_rate_not_market_price
117031,31843,เดอะ เบส ดาวน์ทาวน์ - ภูเก็ต,-,83,ภูเก็ต,1,เมืองภูเก็ต,5,วิชิต,83000000,สำนักงานที่ดินจังหวัดภูเก็ต,5-มิ.ย.,True,พื้นที่ระเบียง,27750,,official_statutory_assessment_rate_not_market_price
117032,34369,เดอะ เบสท์ พ้อยท์ เฟส 1,-,83,ภูเก็ต,1,เมืองภูเก็ต,5,วิชิต,83000000,สำนักงานที่ดินจังหวัดภูเก็ต,1,False,ห้องชุดพักอาศัย,22500,,official_statutory_assessment_rate_not_market_price
117033,34369,เดอะ เบสท์ พ้อยท์ เฟส 1,-,83,ภูเก็ต,1,เมืองภูเก็ต,5,วิชิต,83000000,สำนักงานที่ดินจังหวัดภูเก็ต,1,False,ห้องชุดเพื่อประกอบการค้า(ห้องชุดพาณิชยกรรม),27000,,official_statutory_assessment_rate_not_market_price
117034,34369,เดอะ เบสท์ พ้อยท์ เฟส 1,-,83,ภูเก็ต,1,เมืองภูเก็ต,5,วิชิต,83000000,สำนักงานที่ดินจังหวัดภูเก็ต,1,False,พื้นที่ระเบียง,11250,,official_statutory_assessment_rate_not_market_price
117035,34369,เดอะ เบสท์ พ้อยท์ เฟส 1,-,83,ภูเก็ต,1,เมืองภูเก็ต,5,วิชิต,83000000,สำนักงานที่ดินจังหวัดภูเก็ต,2,False,ห้องชุดพักอาศัย,23000,,official_statutory_assessment_rate_not_market_price
117036,34369,เดอะ เบสท์ พ้อยท์ เฟส 1,-,83,ภูเก็ต,1,เมืองภูเก็ต,5,วิชิต,83000000,สำนักงานที่ดินจังหวัดภูเก็ต,2,False,พื้นที่ระเบียง,11500,,official_statutory_assessment_rate_not_market_price
117037,34369,เดอะ เบสท์ พ้อยท์ เฟส 1,-,83,ภูเก็ต,1,เมืองภูเก็ต,5,วิชิต,83000000,สำนักงานที่ดินจังหวัดภูเก็ต,3,False,ห้องชุดพักอาศัย,23500,,official_statutory_assessment_rate_not_market_price
117038,34369,เดอะ เบสท์ พ้อยท์ เฟส 1,-,83,ภูเก็ต,1,เมืองภูเก็ต,5,วิชิต,83000000,สำนักงานที่ดินจังหวัดภูเก็ต,3,False,พื้นที่ระเบียง,11750,,official_statutory_assessment_rate_not_market_price
117039,34369,เดอะ เบสท์ พ้อยท์ เฟส 1,-,83,ภูเก็ต,1,เมืองภูเก็ต,5,วิชิต,83000000,สำนักงานที่ดินจังหวัดภูเก็ต,4,False,ห้องชุดพักอาศัย,24000,,official_statutory_assessment_rate_not_market_price
117040,34369,เดอะ เบสท์ พ้อยท์ เฟส 1,-,83,ภูเก็ต,1,เมืองภูเก็ต,5,วิชิต,83000000,สำนักงานที่ดินจังหวัดภูเก็ต,4,False,พื้นที่ระเบียง,12000,,official_statutory_assessment_rate_not_market_price
117041,34370,เดอะ เบสท์ พ้อยท์ เฟส 2,เดอะเบสท์พ้อยท์เฟส2,83,ภูเก็ต,1,เมืองภูเก็ต,5,วิชิต,83000000,สำนักงานที่ดินจังหวัดภูเก็ต,1,False,ห้องชุดพักอาศัย,22500,,official_statutory_assessment_rate_not_market_price
117042,34370,เดอะ เบสท์ พ้อยท์ เฟส 2,เดอะเบสท์พ้อยท์เฟส2,83,ภูเก็ต,1,เมืองภูเก็ต,5,วิชิต,83000000,สำนักงานที่ดินจังหวัดภูเก็ต,1,False,ห้องชุดเพื่อประกอบการค้า(ห้องชุดพาณิชยกรรม),27000,,official_statutory_assessment_rate_not_market_price
117043,34370,เดอะ เบสท์ พ้อยท์ เฟส 2,เดอะเบสท์พ้อยท์เฟส2,83,ภูเก็ต,1,เมืองภูเก็ต,5,วิชิต,83000000,สำนักงานที่ดินจังหวัดภูเก็ต,1,False,พื้นที่ระเบียง,11250,,official_statutory_assessment_rate_not_market_price
117044,34370,เดอะ เบสท์ พ้อยท์ เฟส 2,เดอะเบสท์พ้อยท์เฟส2,83,ภูเก็ต,1,เมืองภูเก็ต,5,วิชิต,83000000,สำนักงานที่ดินจังหวัดภูเก็ต,2,False,ห้องชุดพักอาศัย,23000,,official_statutory_assessment_rate_not_market_price
117045,34370,เดอะ เบสท์ พ้อยท์ เฟส 2,เดอะเบสท์พ้อยท์เฟส2,83,ภูเก็ต,1,เมืองภูเก็ต,5,วิชิต,83000000,สำนักงานที่ดินจังหวัดภูเก็ต,2,False,พื้นที่ระเบียง,11500,,official_statutory_assessment_rate_not_market_price
117046,34370,เดอะ เบสท์ พ้อยท์ เฟส 2,เดอะเบสท์พ้อยท์เฟส2,83,ภูเก็ต,1,เมืองภูเก็ต,5,วิชิต,83000000,สำนักงานที่ดินจังหวัดภูเก็ต,3,False,ห้องชุดพักอาศัย,23500,,official_statutory_assessment_rate_not_market_price
117047,34370,เดอะ เบสท์ พ้อยท์ เฟส 2,เดอะเบสท์พ้อยท์เฟส2,83,ภูเก็ต,1,เมืองภูเก็ต,5,วิชิต,83000000,สำนักงานที่ดินจังหวัดภูเก็ต,3,False,พื้นที่ระเบียง,11750,,official_statutory_assessment_rate_not_market_price
117048,34370,เดอะ เบสท์ พ้อยท์ เฟส 2,เดอะเบสท์พ้อยท์เฟส2,83,ภูเก็ต,1,เมืองภูเก็ต,5,วิชิต,83000000,สำนักงานที่ดินจังหวัดภูเก็ต,4,False,ห้องชุดพักอาศัย,24000,,official_statutory_assessment_rate_not_market_price
117049,34370,เดอะ เบสท์ พ้อยท์ เฟส 2,เดอะเบสท์พ้อยท์เฟส2,83,ภูเก็ต,1,เมืองภูเก็ต,5,วิชิต,83000000,สำนักงานที่ดินจังหวัดภูเก็ต,4,False,พื้นที่ระเบียง,12000,,official_statutory_assessment_rate_not_market_price
117050,34371,เดอะ เบสท์ พ้อยท์ เฟส 3,-,83,ภูเก็ต,1,เมืองภูเก็ต,5,วิชิต,83000000,สำนักงานที่ดินจังหวัดภูเก็ต,1,False,ห้องชุดพักอาศัย,23000,,official_statutory_assessment_rate_not_market_price
117051,34371,เดอะ เบสท์ พ้อยท์ เฟส 3,-,83,ภูเก็ต,1,เมืองภูเก็ต,5,วิชิต,83000000,สำนักงานที่ดินจังหวัดภูเก็ต,1,False,ห้องชุดเพื่อประกอบการค้า(ห้องชุดพาณิชยกรรม),27500,,official_statutory_assessment_rate_not_market_price
117052,34371,เดอะ เบสท์ พ้อยท์ เฟส 3,-,83,ภูเก็ต,1,เมืองภูเก็ต,5,วิชิต,83000000,สำนักงานที่ดินจังหวัดภูเก็ต,1,False,พื้นที่ระเบียง,11500,,official_statutory_assessment_rate_not_market_price
117053,34371,เดอะ เบสท์ พ้อยท์ เฟส 3,-,83,ภูเก็ต,1,เมืองภูเก็ต,5,วิชิต,83000000,สำนักงานที่ดินจังหวัดภูเก็ต,2,False,ห้องชุดพักอาศัย,23500,,official_statutory_assessment_rate_not_market_price
117054,34371,เดอะ เบสท์ พ้อยท์ เฟส 3,-,83,ภูเก็ต,1,เมืองภูเก็ต,5,วิชิต,83000000,สำนักงานที่ดินจังหวัดภูเก็ต,2,False,พื้นที่ระเบียง,11750,,official_statutory_assessment_rate_not_market_price
117055,34371,เดอะ เบสท์ พ้อยท์ เฟส 3,-,83,ภูเก็ต,1,เมืองภูเก็ต,5,วิชิต,83000000,สำนักงานที่ดินจังหวัดภูเก็ต,3,False,ห้องชุดพักอาศัย,24000,,official_statutory_assessment_rate_not_market_price
117056,34371,เดอะ เบสท์ พ้อยท์ เฟส 3,-,83,ภูเก็ต,1,เมืองภูเก็ต,5,วิชิต,83000000,สำนักงานที่ดินจังหวัดภูเก็ต,3,False,พื้นที่ระเบียง,12000,,official_statutory_assessment_rate_not_market_price
117057,34371,เดอะ เบสท์ พ้อยท์ เฟส 3,-,83,ภูเก็ต,1,เมืองภูเก็ต,5,วิชิต,83000000,สำนักงานที่ดินจังหวัดภูเก็ต,4,False,ห้องชุดพักอาศัย,24500,,official_statutory_assessment_rate_not_market_price
117058,34371,เดอะ เบสท์ พ้อยท์ เฟส 3,-,83,ภูเก็ต,1,เมืองภูเก็ต,5,วิชิต,83000000,สำนักงานที่ดินจังหวัดภูเก็ต,4,False,พื้นที่ระเบียง,12250,,official_statutory_assessment_rate_not_market_price
117059,34363,เชโล่ เรสซิเดนซ์,-,83,ภูเก็ต,1,เมืองภูเก็ต,5,วิชิต,83000000,สำนักงานที่ดินจังหวัดภูเก็ต,2,False,ห้องชุดพักอาศัย,27500,,official_statutory_assessment_rate_not_market_price
117060,34363,เชโล่ เรสซิเดนซ์,-,83,ภูเก็ต,1,เมืองภูเก็ต,5,วิชิต,83000000,สำนักงานที่ดินจังหวัดภูเก็ต,2,False,พื้นที่ระเบียง,13750,,official_statutory_assessment_rate_not_market_price
117061,34363,เชโล่ เรสซิเดนซ์,-,83,ภูเก็ต,1,เมืองภูเก็ต,5,วิชิต,83000000,สำนักงานที่ดินจังหวัดภูเก็ต,3-เม.ย.,True,ห้องชุดพักอาศัย,28000,,official_statutory_assessment_rate_not_market_price
117062,34363,เชโล่ เรสซิเดนซ์,-,83,ภูเก็ต,1,เมืองภูเก็ต,5,วิชิต,83000000,สำนักงานที่ดินจังหวัดภูเก็ต,3-เม.ย.,True,พื้นที่ระเบียง,14000,,official_statutory_assessment_rate_not_market_price
117063,34363,เชโล่ เรสซิเดนซ์,-,83,ภูเก็ต,1,เมืองภูเก็ต,5,วิชิต,83000000,สำนักงานที่ดินจังหวัดภูเก็ต,5-มิ.ย.,True,ห้องชุดพักอาศัย,28500,,official_statutory_assessment_rate_not_market_price
117064,34363,เชโล่ เรสซิเดนซ์,-,83,ภูเก็ต,1,เมืองภูเก็ต,5,วิชิต,83000000,สำนักงานที่ดินจังหวัดภูเก็ต,5-มิ.ย.,True,พื้นที่ระเบียง,14250,,official_statutory_assessment_rate_not_market_price
117065,34367,เซนทริโอ คอนโดมิเนียม ภูเก็ต,A,83,ภูเก็ต,1,เมืองภูเก็ต,5,วิชิต,83000000,สำนักงานที่ดินจังหวัดภูเก็ต,1-ก.พ.,True,ห้องชุดพักอาศัย,45500,,official_statutory_assessment_rate_not_market_price
117066,34367,เซนทริโอ คอนโดมิเนียม ภูเก็ต,A,83,ภูเก็ต,1,เมืองภูเก็ต,5,วิชิต,83000000,สำนักงานที่ดินจังหวัดภูเก็ต,1-ก.พ.,True,พื้นที่ระเบียง,22750,,official_statutory_assessment_rate_not_market_price
117067,34367,เซนทริโอ คอนโดมิเนียม ภูเก็ต,A,83,ภูเก็ต,1,เมืองภูเก็ต,5,วิชิต,83000000,สำนักงานที่ดินจังหวัดภูเก็ต,3-เม.ย.,True,ห้องชุดพักอาศัย,46000,,official_statutory_assessment_rate_not_market_price
117068,34367,เซนทริโอ คอนโดมิเนียม ภูเก็ต,A,83,ภูเก็ต,1,เมืองภูเก็ต,5,วิชิต,83000000,สำนักงานที่ดินจังหวัดภูเก็ต,3-เม.ย.,True,พื้นที่ระเบียง,23000,,official_statutory_assessment_rate_not_market_price
117069,34367,เซนทริโอ คอนโดมิเนียม ภูเก็ต,A,83,ภูเก็ต,1,เมืองภูเก็ต,5,วิชิต,83000000,สำนักงานที่ดินจังหวัดภูเก็ต,5-มิ.ย.,True,ห้องชุดพักอาศัย,46500,,official_statutory_assessment_rate_not_market_price
117070,34367,เซนทริโอ คอนโดมิเนียม ภูเก็ต,A,83,ภูเก็ต,1,เมืองภูเก็ต,5,วิชิต,83000000,สำนักงานที่ดินจังหวัดภูเก็ต,5-มิ.ย.,True,พื้นที่ระเบียง,23250,,official_statutory_assessment_rate_not_market_price
117071,34367,เซนทริโอ คอนโดมิเนียม ภูเก็ต,A,83,ภูเก็ต,1,เมืองภูเก็ต,5,วิชิต,83000000,สำนักงานที่ดินจังหวัดภูเก็ต,7-ส.ค.,True,ห้องชุดพักอาศัย,47000,,official_statutory_assessment_rate_not_market_price
117072,34367,เซนทริโอ คอนโดมิเนียม ภูเก็ต,A,83,ภูเก็ต,1,เมืองภูเก็ต,5,วิชิต,83000000,สำนักงานที่ดินจังหวัดภูเก็ต,7-ส.ค.,True,พื้นที่ระเบียง,23500,,official_statutory_assessment_rate_not_market_price
117073,34367,เซนทริโอ คอนโดมิเนียม ภูเก็ต,B,83,ภูเก็ต,1,เมืองภูเก็ต,5,วิชิต,83000000,สำนักงานที่ดินจังหวัดภูเก็ต,1-ก.พ.,True,ห้องชุดพักอาศัย,45500,,official_statutory_assessment_rate_not_market_price
117074,34367,เซนทริโอ คอนโดมิเนียม ภูเก็ต,B,83,ภูเก็ต,1,เมืองภูเก็ต,5,วิชิต,83000000,สำนักงานที่ดินจังหวัดภูเก็ต,1-ก.พ.,True,พื้นที่ระเบียง,22750,,official_statutory_assessment_rate_not_market_price
117075,34367,เซนทริโอ คอนโดมิเนียม ภูเก็ต,B,83,ภูเก็ต,1,เมืองภูเก็ต,5,วิชิต,83000000,สำนักงานที่ดินจังหวัดภูเก็ต,3-เม.ย.,True,ห้องชุดพักอาศัย,46000,,official_statutory_assessment_rate_not_market_price
117076,34367,เซนทริโอ คอนโดมิเนียม ภูเก็ต,B,83,ภูเก็ต,1,เมืองภูเก็ต,5,วิชิต,83000000,สำนักงานที่ดินจังหวัดภูเก็ต,3-เม.ย.,True,พื้นที่ระเบียง,23000,,official_statutory_assessment_rate_not_market_price
117077,34367,เซนทริโอ คอนโดมิเนียม ภูเก็ต,B,83,ภูเก็ต,1,เมืองภูเก็ต,5,วิชิต,83000000,สำนักงานที่ดินจังหวัดภูเก็ต,5-มิ.ย.,True,ห้องชุดพักอาศัย,46500,,official_statutory_assessment_rate_not_market_price
117078,34367,เซนทริโอ คอนโดมิเนียม ภูเก็ต,B,83,ภูเก็ต,1,เมืองภูเก็ต,5,วิชิต,83000000,สำนักงานที่ดินจังหวัดภูเก็ต,5-มิ.ย.,True,พื้นที่ระเบียง,23250,,official_statutory_assessment_rate_not_market_price
117079,34367,เซนทริโอ คอนโดมิเนียม ภูเก็ต,B,83,ภูเก็ต,1,เมืองภูเก็ต,5,วิชิต,83000000,สำนักงานที่ดินจังหวัดภูเก็ต,7-ส.ค.,True,ห้องชุดพักอาศัย,47000,,official_statutory_assessment_rate_not_market_price
117080,34367,เซนทริโอ คอนโดมิเนียม ภูเก็ต,B,83,ภูเก็ต,1,เมืองภูเก็ต,5,วิชิต,83000000,สำนักงานที่ดินจังหวัดภูเก็ต,7-ส.ค.,True,พื้นที่ระเบียง,23500,,official_statutory_assessment_rate_not_market_price
117081,34367,เซนทริโอ คอนโดมิเนียม ภูเก็ต,C,83,ภูเก็ต,1,เมืองภูเก็ต,5,วิชิต,83000000,สำนักงานที่ดินจังหวัดภูเก็ต,1-ก.พ.,True,ห้องชุดพักอาศัย,45500,,official_statutory_assessment_rate_not_market_price
117082,34367,เซนทริโอ คอนโดมิเนียม ภูเก็ต,C,83,ภูเก็ต,1,เมืองภูเก็ต,5,วิชิต,83000000,สำนักงานที่ดินจังหวัดภูเก็ต,1-ก.พ.,True,พื้นที่ระเบียง,22750,,official_statutory_assessment_rate_not_market_price
117083,34385,เดอะ เบส เซ็นทรัล ภูเก็ต,A,83,ภูเก็ต,1,เมืองภูเก็ต,5,วิชิต,83000000,สำนักงานที่ดินจังหวัดภูเก็ต,1,False,พื้นที่ห้องชุดพักอาศัย/พื้นที่ระเบียง,60600,,official_statutory_assessment_rate_not_market_price
117084,34385,เดอะ เบส เซ็นทรัล ภูเก็ต,A,83,ภูเก็ต,1,เมืองภูเก็ต,5,วิชิต,83000000,สำนักงานที่ดินจังหวัดภูเก็ต,2,False,พื้นที่ห้องชุดพักอาศัย/พื้นที่ระเบียง,61400,,official_statutory_assessment_rate_not_market_price
117085,34385,เดอะ เบส เซ็นทรัล ภูเก็ต,A,83,ภูเก็ต,1,เมืองภูเก็ต,5,วิชิต,83000000,สำนักงานที่ดินจังหวัดภูเก็ต,3,False,พื้นที่ห้องชุดพักอาศัย/พื้นที่ระเบียง,62400,,official_statutory_assessment_rate_not_market_price
117086,34385,เดอะ เบส เซ็นทรัล ภูเก็ต,A,83,ภูเก็ต,1,เมืองภูเก็ต,5,วิชิต,83000000,สำนักงานที่ดินจังหวัดภูเก็ต,4,False,พื้นที่ห้องชุดพักอาศัย/พื้นที่ระเบียง,63700,,official_statutory_assessment_rate_not_market_price
117087,34385,เดอะ เบส เซ็นทรัล ภูเก็ต,A,83,ภูเก็ต,1,เมืองภูเก็ต,5,วิชิต,83000000,สำนักงานที่ดินจังหวัดภูเก็ต,5,False,พื้นที่ห้องชุดพักอาศัย/พื้นที่ระเบียง,65000,,official_statutory_assessment_rate_not_market_price
117088,34385,เดอะ เบส เซ็นทรัล ภูเก็ต,A,83,ภูเก็ต,1,เมืองภูเก็ต,5,วิชิต,83000000,สำนักงานที่ดินจังหวัดภูเก็ต,6,False,พื้นที่ห้องชุดพักอาศัย/พื้นที่ระเบียง,66400,,official_statutory_assessment_rate_not_market_price
117089,34385,เดอะ เบส เซ็นทรัล ภูเก็ต,A,83,ภูเก็ต,1,เมืองภูเก็ต,5,วิชิต,83000000,สำนักงานที่ดินจังหวัดภูเก็ต,7,False,พื้นที่ห้องชุดพักอาศัย/พื้นที่ระเบียง,67900,,official_statutory_assessment_rate_not_market_price
117090,34385,เดอะ เบส เซ็นทรัล ภูเก็ต,A,83,ภูเก็ต,1,เมืองภูเก็ต,5,วิชิต,83000000,สำนักงานที่ดินจังหวัดภูเก็ต,8,False,พื้นที่ห้องชุดพักอาศัย/พื้นที่ระเบียง,69400,,official_statutory_assessment_rate_not_market_price
117091,34385,เดอะ เบส เซ็นทรัล ภูเก็ต,B,83,ภูเก็ต,1,เมืองภูเก็ต,5,วิชิต,83000000,สำนักงานที่ดินจังหวัดภูเก็ต,2,False,พื้นที่ห้องชุดพักอาศัย/พื้นที่ระเบียง,61400,,official_statutory_assessment_rate_not_market_price
117092,34385,เดอะ เบส เซ็นทรัล ภูเก็ต,B,83,ภูเก็ต,1,เมืองภูเก็ต,5,วิชิต,83000000,สำนักงานที่ดินจังหวัดภูเก็ต,3,False,พื้นที่ห้องชุดพักอาศัย/พื้นที่ระเบียง,62400,,official_statutory_assessment_rate_not_market_price
117093,34385,เดอะ เบส เซ็นทรัล ภูเก็ต,B,83,ภูเก็ต,1,เมืองภูเก็ต,5,วิชิต,83000000,สำนักงานที่ดินจังหวัดภูเก็ต,4,False,พื้นที่ห้องชุดพักอาศัย/พื้นที่ระเบียง,63700,,official_statutory_assessment_rate_not_market_price
117094,34385,เดอะ เบส เซ็นทรัล ภูเก็ต,B,83,ภูเก็ต,1,เมืองภูเก็ต,5,วิชิต,83000000,สำนักงานที่ดินจังหวัดภูเก็ต,5,False,พื้นที่ห้องชุดพักอาศัย/พื้นที่ระเบียง,65000,,official_statutory_assessment_rate_not_market_price
117095,34385,เดอะ เบส เซ็นทรัล ภูเก็ต,B,83,ภูเก็ต,1,เมืองภูเก็ต,5,วิชิต,83000000,สำนักงานที่ดินจังหวัดภูเก็ต,6,False,พื้นที่ห้องชุดพักอาศัย/พื้นที่ระเบียง,66400,,official_statutory_assessment_rate_not_market_price
117096,34385,เดอะ เบส เซ็นทรัล ภูเก็ต,B,83,ภูเก็ต,1,เมืองภูเก็ต,5,วิชิต,83000000,สำนักงานที่ดินจังหวัดภูเก็ต,7,False,พื้นที่ห้องชุดพักอาศัย/พื้นที่ระเบียง,67900,,official_statutory_assessment_rate_not_market_price
117097,34385,เดอะ เบส เซ็นทรัล ภูเก็ต,B,83,ภูเก็ต,1,เมืองภูเก็ต,5,วิชิต,83000000,สำนักงานที่ดินจังหวัดภูเก็ต,8,False,พื้นที่ห้องชุดพักอาศัย/พื้นที่ระเบียง,69400,,official_statutory_assessment_rate_not_market_price
117098,34385,เดอะ เบส เซ็นทรัล ภูเก็ต,C,83,ภูเก็ต,1,เมืองภูเก็ต,5,วิชิต,83000000,สำนักงานที่ดินจังหวัดภูเก็ต,2,False,พื้นที่ห้องชุดพักอาศัย/พื้นที่ระเบียง,61400,,official_statutory_assessment_rate_not_market_price
117099,34385,เดอะ เบส เซ็นทรัล ภูเก็ต,C,83,ภูเก็ต,1,เมืองภูเก็ต,5,วิชิต,83000000,สำนักงานที่ดินจังหวัดภูเก็ต,3,False,พื้นที่ห้องชุดพักอาศัย/พื้นที่ระเบียง,62400,,official_statutory_assessment_rate_not_market_price
117100,34385,เดอะ เบส เซ็นทรัล ภูเก็ต,C,83,ภูเก็ต,1,เมืองภูเก็ต,5,วิชิต,83000000,สำนักงานที่ดินจังหวัดภูเก็ต,4,False,พื้นที่ห้องชุดพักอาศัย/พื้นที่ระเบียง,63700,,official_statutory_assessment_rate_not_market_price
117101,34385,เดอะ เบส เซ็นทรัล ภูเก็ต,C,83,ภูเก็ต,1,เมืองภูเก็ต,5,วิชิต,83000000,สำนักงานที่ดินจังหวัดภูเก็ต,5,False,พื้นที่ห้องชุดพักอาศัย/พื้นที่ระเบียง,65000,,official_statutory_assessment_rate_not_market_price
117102,34385,เดอะ เบส เซ็นทรัล ภูเก็ต,C,83,ภูเก็ต,1,เมืองภูเก็ต,5,วิชิต,83000000,สำนักงานที่ดินจังหวัดภูเก็ต,6,False,พื้นที่ห้องชุดพักอาศัย/พื้นที่ระเบียง,66400,,official_statutory_assessment_rate_not_market_price
117103,34385,เดอะ เบส เซ็นทรัล ภูเก็ต,C,83,ภูเก็ต,1,เมืองภูเก็ต,5,วิชิต,83000000,สำนักงานที่ดินจังหวัดภูเก็ต,7,False,พื้นที่ห้องชุดพักอาศัย/พื้นที่ระเบียง,67900,,official_statutory_assessment_rate_not_market_price
117104,34385,เดอะ เบส เซ็นทรัล ภูเก็ต,C,83,ภูเก็ต,1,เมืองภูเก็ต,5,วิชิต,83000000,สำนักงานที่ดินจังหวัดภูเก็ต,8,False,พื้นที่ห้องชุดพักอาศัย/พื้นที่ระเบียง,69400,,official_statutory_assessment_rate_not_market_price
117105,34391,เดอะ โคลเวอร์ ภูเก็ต,-,83,ภูเก็ต,1,เมืองภูเก็ต,5,วิชิต,83000000,สำนักงานที่ดินจังหวัดภูเก็ต,1,False,ห้องชุดเพื่อประกอบการค้า(ห้องชุดพาณิชยกรรม),50500,,official_statutory_assessment_rate_not_market_price
117106,34391,เดอะ โคลเวอร์ ภูเก็ต,-,83,ภูเก็ต,1,เมืองภูเก็ต,5,วิชิต,83000000,สำนักงานที่ดินจังหวัดภูเก็ต,2,False,ห้องชุดพักอาศัย,42000,,official_statutory_assessment_rate_not_market_price
117107,34391,เดอะ โคลเวอร์ ภูเก็ต,-,83,ภูเก็ต,1,เมืองภูเก็ต,5,วิชิต,83000000,สำนักงานที่ดินจังหวัดภูเก็ต,2,False,ห้องชุดเพื่อประกอบการค้า(ห้องชุดพาณิชยกรรม),50000,,official_statutory_assessment_rate_not_market_price
117108,34391,เดอะ โคลเวอร์ ภูเก็ต,-,83,ภูเก็ต,1,เมืองภูเก็ต,5,วิชิต,83000000,สำนักงานที่ดินจังหวัดภูเก็ต,2,False,พื้นที่ระเบียง,21000,,official_statutory_assessment_rate_not_market_price
117109,34391,เดอะ โคลเวอร์ ภูเก็ต,-,83,ภูเก็ต,1,เมืองภูเก็ต,5,วิชิต,83000000,สำนักงานที่ดินจังหวัดภูเก็ต,7,False,ห้องชุดพักอาศัย,43500,,official_statutory_assessment_rate_not_market_price
117110,34391,เดอะ โคลเวอร์ ภูเก็ต,-,83,ภูเก็ต,1,เมืองภูเก็ต,5,วิชิต,83000000,สำนักงานที่ดินจังหวัดภูเก็ต,7,False,พื้นที่ระเบียง,21750,,official_statutory_assessment_rate_not_market_price
117111,34391,เดอะ โคลเวอร์ ภูเก็ต,-,83,ภูเก็ต,1,เมืองภูเก็ต,5,วิชิต,83000000,สำนักงานที่ดินจังหวัดภูเก็ต,3-เม.ย.,True,ห้องชุดพักอาศัย,42500,,official_statutory_assessment_rate_not_market_price
117112,34391,เดอะ โคลเวอร์ ภูเก็ต,-,83,ภูเก็ต,1,เมืองภูเก็ต,5,วิชิต,83000000,สำนักงานที่ดินจังหวัดภูเก็ต,3-เม.ย.,True,พื้นที่ระเบียง,21250,,official_statutory_assessment_rate_not_market_price
117113,34391,เดอะ โคลเวอร์ ภูเก็ต,-,83,ภูเก็ต,1,เมืองภูเก็ต,5,วิชิต,83000000,สำนักงานที่ดินจังหวัดภูเก็ต,5-มิ.ย.,True,ห้องชุดพักอาศัย,43000,,official_statutory_assessment_rate_not_market_price
117114,34391,เดอะ โคลเวอร์ ภูเก็ต,-,83,ภูเก็ต,1,เมืองภูเก็ต,5,วิชิต,83000000,สำนักงานที่ดินจังหวัดภูเก็ต,5-มิ.ย.,True,พื้นที่ระเบียง,21500,,official_statutory_assessment_rate_not_market_price
117115,34557,วอเตอร์ ไซด์,-,83,ภูเก็ต,1,เมืองภูเก็ต,5,วิชิต,83000000,สำนักงานที่ดินจังหวัดภูเก็ต,"1,2",False,ห้องชุดพักอาศัยแบบดูเพล็ก,46500,,official_statutory_assessment_rate_not_market_price
117116,34557,วอเตอร์ ไซด์,-,83,ภูเก็ต,1,เมืองภูเก็ต,5,วิชิต,83000000,สำนักงานที่ดินจังหวัดภูเก็ต,"1,2",False,พื้นที่ระเบียง,23250,,official_statutory_assessment_rate_not_market_price
117117,34557,วอเตอร์ ไซด์,-,83,ภูเก็ต,1,เมืองภูเก็ต,5,วิชิต,83000000,สำนักงานที่ดินจังหวัดภูเก็ต,"1,2",False,ห้องชุดพักอาศัยแบบดูเพล็ก,45500,,official_statutory_assessment_rate_not_market_price
117118,34557,วอเตอร์ ไซด์,-,83,ภูเก็ต,1,เมืองภูเก็ต,5,วิชิต,83000000,สำนักงานที่ดินจังหวัดภูเก็ต,"3,4",False,ห้องชุดพักอาศัยแบบดูเพล็ก,46000,,official_statutory_assessment_rate_not_market_price
117119,34557,วอเตอร์ ไซด์,-,83,ภูเก็ต,1,เมืองภูเก็ต,5,วิชิต,83000000,สำนักงานที่ดินจังหวัดภูเก็ต,"3,4",False,พื้นที่ระเบียง,23000,,official_statutory_assessment_rate_not_market_price
117120,34500,ดีลักษณ์ คอนโดมิเนียม,-,83,ภูเก็ต,1,เมืองภูเก็ต,6,ฉลอง,83000000,สำนักงานที่ดินจังหวัดภูเก็ต,2,False,ห้องชุดพักอาศัย,51000,,official_statutory_assessment_rate_not_market_price
117121,34500,ดีลักษณ์ คอนโดมิเนียม,-,83,ภูเก็ต,1,เมืองภูเก็ต,6,ฉลอง,83000000,สำนักงานที่ดินจังหวัดภูเก็ต,2,False,พื้นที่ระเบียง,25500,,official_statutory_assessment_rate_not_market_price
117122,34500,ดีลักษณ์ คอนโดมิเนียม,-,83,ภูเก็ต,1,เมืองภูเก็ต,6,ฉลอง,83000000,สำนักงานที่ดินจังหวัดภูเก็ต,7,False,ห้องชุดพักอาศัย,52500,,official_statutory_assessment_rate_not_market_price
117123,34500,ดีลักษณ์ คอนโดมิเนียม,-,83,ภูเก็ต,1,เมืองภูเก็ต,6,ฉลอง,83000000,สำนักงานที่ดินจังหวัดภูเก็ต,7,False,พื้นที่ระเบียง,26250,,official_statutory_assessment_rate_not_market_price
117124,34500,ดีลักษณ์ คอนโดมิเนียม,-,83,ภูเก็ต,1,เมืองภูเก็ต,6,ฉลอง,83000000,สำนักงานที่ดินจังหวัดภูเก็ต,3-เม.ย.,True,ห้องชุดพักอาศัย,51500,,official_statutory_assessment_rate_not_market_price
117125,34500,ดีลักษณ์ คอนโดมิเนียม,-,83,ภูเก็ต,1,เมืองภูเก็ต,6,ฉลอง,83000000,สำนักงานที่ดินจังหวัดภูเก็ต,3-เม.ย.,True,พื้นที่ระเบียง,25750,,official_statutory_assessment_rate_not_market_price
117126,34500,ดีลักษณ์ คอนโดมิเนียม,-,83,ภูเก็ต,1,เมืองภูเก็ต,6,ฉลอง,83000000,สำนักงานที่ดินจังหวัดภูเก็ต,5-มิ.ย.,True,ห้องชุดพักอาศัย,52000,,official_statutory_assessment_rate_not_market_price
117127,34500,ดีลักษณ์ คอนโดมิเนียม,-,83,ภูเก็ต,1,เมืองภูเก็ต,6,ฉลอง,83000000,สำนักงานที่ดินจังหวัดภูเก็ต,5-มิ.ย.,True,พื้นที่ระเบียง,26000,,official_statutory_assessment_rate_not_market_price
117128,34472,คอนโดเทล บุรี 1,-,83,ภูเก็ต,1,เมืองภูเก็ต,6,ฉลอง,83000000,สำนักงานที่ดินจังหวัดภูเก็ต,1,False,ห้องชุดเพื่อประกอบการค้า(ห้องชุดพาณิชยกรรม),34000,,official_statutory_assessment_rate_not_market_price
117129,34472,คอนโดเทล บุรี 1,-,83,ภูเก็ต,1,เมืองภูเก็ต,6,ฉลอง,83000000,สำนักงานที่ดินจังหวัดภูเก็ต,2,False,ห้องชุดพักอาศัย,28500,,official_statutory_assessment_rate_not_market_price
117130,34472,คอนโดเทล บุรี 1,-,83,ภูเก็ต,1,เมืองภูเก็ต,6,ฉลอง,83000000,สำนักงานที่ดินจังหวัดภูเก็ต,2,False,พื้นที่ระเบียง,14250,,official_statutory_assessment_rate_not_market_price
117131,34472,คอนโดเทล บุรี 1,-,83,ภูเก็ต,1,เมืองภูเก็ต,6,ฉลอง,83000000,สำนักงานที่ดินจังหวัดภูเก็ต,7,False,ห้องชุดพักอาศัย,30000,,official_statutory_assessment_rate_not_market_price
117132,34472,คอนโดเทล บุรี 1,-,83,ภูเก็ต,1,เมืองภูเก็ต,6,ฉลอง,83000000,สำนักงานที่ดินจังหวัดภูเก็ต,7,False,พื้นที่ระเบียง,15000,,official_statutory_assessment_rate_not_market_price
117133,34472,คอนโดเทล บุรี 1,-,83,ภูเก็ต,1,เมืองภูเก็ต,6,ฉลอง,83000000,สำนักงานที่ดินจังหวัดภูเก็ต,3-เม.ย.,True,ห้องชุดพักอาศัย,29000,,official_statutory_assessment_rate_not_market_price
117134,34472,คอนโดเทล บุรี 1,-,83,ภูเก็ต,1,เมืองภูเก็ต,6,ฉลอง,83000000,สำนักงานที่ดินจังหวัดภูเก็ต,3-เม.ย.,True,พื้นที่ระเบียง,14500,,official_statutory_assessment_rate_not_market_price
117135,34472,คอนโดเทล บุรี 1,-,83,ภูเก็ต,1,เมืองภูเก็ต,6,ฉลอง,83000000,สำนักงานที่ดินจังหวัดภูเก็ต,5-มิ.ย.,True,ห้องชุดพักอาศัย,29500,,official_statutory_assessment_rate_not_market_price
117136,34472,คอนโดเทล บุรี 1,-,83,ภูเก็ต,1,เมืองภูเก็ต,6,ฉลอง,83000000,สำนักงานที่ดินจังหวัดภูเก็ต,5-มิ.ย.,True,พื้นที่ระเบียง,14750,,official_statutory_assessment_rate_not_market_price
117137,34411,เดอะเบลล์ คอนโดมิเนียม เฟส 1,-,83,ภูเก็ต,1,เมืองภูเก็ต,6,ฉลอง,83000000,สำนักงานที่ดินจังหวัดภูเก็ต,2,False,ห้องชุดพักอาศัย,28000,,official_statutory_assessment_rate_not_market_price
117138,34411,เดอะเบลล์ คอนโดมิเนียม เฟส 1,-,83,ภูเก็ต,1,เมืองภูเก็ต,6,ฉลอง,83000000,สำนักงานที่ดินจังหวัดภูเก็ต,2,False,พื้นที่ระเบียง,14000,,official_statutory_assessment_rate_not_market_price
117139,34411,เดอะเบลล์ คอนโดมิเนียม เฟส 1,-,83,ภูเก็ต,1,เมืองภูเก็ต,6,ฉลอง,83000000,สำนักงานที่ดินจังหวัดภูเก็ต,7,False,ห้องชุดพักอาศัย,29500,,official_statutory_assessment_rate_not_market_price
117140,34411,เดอะเบลล์ คอนโดมิเนียม เฟส 1,-,83,ภูเก็ต,1,เมืองภูเก็ต,6,ฉลอง,83000000,สำนักงานที่ดินจังหวัดภูเก็ต,7,False,พื้นที่ระเบียง,14750,,official_statutory_assessment_rate_not_market_price
117141,34411,เดอะเบลล์ คอนโดมิเนียม เฟส 1,-,83,ภูเก็ต,1,เมืองภูเก็ต,6,ฉลอง,83000000,สำนักงานที่ดินจังหวัดภูเก็ต,3-เม.ย.,True,ห้องชุดพักอาศัย,28500,,official_statutory_assessment_rate_not_market_price
117142,34411,เดอะเบลล์ คอนโดมิเนียม เฟส 1,-,83,ภูเก็ต,1,เมืองภูเก็ต,6,ฉลอง,83000000,สำนักงานที่ดินจังหวัดภูเก็ต,3-เม.ย.,True,พื้นที่ระเบียง,14250,,official_statutory_assessment_rate_not_market_price
117143,34411,เดอะเบลล์ คอนโดมิเนียม เฟส 1,-,83,ภูเก็ต,1,เมืองภูเก็ต,6,ฉลอง,83000000,สำนักงานที่ดินจังหวัดภูเก็ต,5-มิ.ย.,True,ห้องชุดพักอาศัย,29000,,official_statutory_assessment_rate_not_market_price
117144,34411,เดอะเบลล์ คอนโดมิเนียม เฟส 1,-,83,ภูเก็ต,1,เมืองภูเก็ต,6,ฉลอง,83000000,สำนักงานที่ดินจังหวัดภูเก็ต,5-มิ.ย.,True,พื้นที่ระเบียง,14500,,official_statutory_assessment_rate_not_market_price
117145,34412,เดอะเบลล์ คอนโดมิเนียม เฟส 2,-,83,ภูเก็ต,1,เมืองภูเก็ต,6,ฉลอง,83000000,สำนักงานที่ดินจังหวัดภูเก็ต,2,False,ห้องชุดพักอาศัย,29500,,official_statutory_assessment_rate_not_market_price
117146,34412,เดอะเบลล์ คอนโดมิเนียม เฟส 2,-,83,ภูเก็ต,1,เมืองภูเก็ต,6,ฉลอง,83000000,สำนักงานที่ดินจังหวัดภูเก็ต,2,False,พื้นที่ระเบียง,14750,,official_statutory_assessment_rate_not_market_price
117147,34412,เดอะเบลล์ คอนโดมิเนียม เฟส 2,-,83,ภูเก็ต,1,เมืองภูเก็ต,6,ฉลอง,83000000,สำนักงานที่ดินจังหวัดภูเก็ต,7,False,ห้องชุดพักอาศัย,31000,,official_statutory_assessment_rate_not_market_price
117148,34412,เดอะเบลล์ คอนโดมิเนียม เฟส 2,-,83,ภูเก็ต,1,เมืองภูเก็ต,6,ฉลอง,83000000,สำนักงานที่ดินจังหวัดภูเก็ต,7,False,พื้นที่ระเบียง,15500,,official_statutory_assessment_rate_not_market_price
117149,34412,เดอะเบลล์ คอนโดมิเนียม เฟส 2,-,83,ภูเก็ต,1,เมืองภูเก็ต,6,ฉลอง,83000000,สำนักงานที่ดินจังหวัดภูเก็ต,3-เม.ย.,True,ห้องชุดพักอาศัย,30000,,official_statutory_assessment_rate_not_market_price
117150,34412,เดอะเบลล์ คอนโดมิเนียม เฟส 2,-,83,ภูเก็ต,1,เมืองภูเก็ต,6,ฉลอง,83000000,สำนักงานที่ดินจังหวัดภูเก็ต,3-เม.ย.,True,พื้นที่ระเบียง,15000,,official_statutory_assessment_rate_not_market_price
117151,34412,เดอะเบลล์ คอนโดมิเนียม เฟส 2,-,83,ภูเก็ต,1,เมืองภูเก็ต,6,ฉลอง,83000000,สำนักงานที่ดินจังหวัดภูเก็ต,5-มิ.ย.,True,ห้องชุดพักอาศัย,30500,,official_statutory_assessment_rate_not_market_price
117152,34412,เดอะเบลล์ คอนโดมิเนียม เฟส 2,-,83,ภูเก็ต,1,เมืองภูเก็ต,6,ฉลอง,83000000,สำนักงานที่ดินจังหวัดภูเก็ต,5-มิ.ย.,True,พื้นที่ระเบียง,15250,,official_statutory_assessment_rate_not_market_price
117153,34430,เลควิว เทอเรส คอนโดมิเนียม,ซี1,83,ภูเก็ต,1,เมืองภูเก็ต,6,ฉลอง,83000000,สำนักงานที่ดินจังหวัดภูเก็ต,7,False,ห้องชุดพักอาศัย,63500,,official_statutory_assessment_rate_not_market_price
117154,34430,เลควิว เทอเรส คอนโดมิเนียม,ซี1,83,ภูเก็ต,1,เมืองภูเก็ต,6,ฉลอง,83000000,สำนักงานที่ดินจังหวัดภูเก็ต,7,False,พื้นที่ระเบียง,31750,,official_statutory_assessment_rate_not_market_price
117155,34430,เลควิว เทอเรส คอนโดมิเนียม,ซี1,83,ภูเก็ต,1,เมืองภูเก็ต,6,ฉลอง,83000000,สำนักงานที่ดินจังหวัดภูเก็ต,1-ก.พ.,True,ห้องชุดพักอาศัย,62000,,official_statutory_assessment_rate_not_market_price
117156,34430,เลควิว เทอเรส คอนโดมิเนียม,ซี1,83,ภูเก็ต,1,เมืองภูเก็ต,6,ฉลอง,83000000,สำนักงานที่ดินจังหวัดภูเก็ต,1-ก.พ.,True,พื้นที่ระเบียง,31000,,official_statutory_assessment_rate_not_market_price
117157,34430,เลควิว เทอเรส คอนโดมิเนียม,ซี1,83,ภูเก็ต,1,เมืองภูเก็ต,6,ฉลอง,83000000,สำนักงานที่ดินจังหวัดภูเก็ต,3-เม.ย.,True,ห้องชุดพักอาศัย,62500,,official_statutory_assessment_rate_not_market_price
117158,34430,เลควิว เทอเรส คอนโดมิเนียม,ซี1,83,ภูเก็ต,1,เมืองภูเก็ต,6,ฉลอง,83000000,สำนักงานที่ดินจังหวัดภูเก็ต,3-เม.ย.,True,พื้นที่ระเบียง,31250,,official_statutory_assessment_rate_not_market_price
117159,34430,เลควิว เทอเรส คอนโดมิเนียม,ซี1,83,ภูเก็ต,1,เมืองภูเก็ต,6,ฉลอง,83000000,สำนักงานที่ดินจังหวัดภูเก็ต,5-มิ.ย.,True,ห้องชุดพักอาศัย,63000,,official_statutory_assessment_rate_not_market_price
117160,34430,เลควิว เทอเรส คอนโดมิเนียม,ซี1,83,ภูเก็ต,1,เมืองภูเก็ต,6,ฉลอง,83000000,สำนักงานที่ดินจังหวัดภูเก็ต,5-มิ.ย.,True,พื้นที่ระเบียง,31500,,official_statutory_assessment_rate_not_market_price
117161,34430,เลควิว เทอเรส คอนโดมิเนียม,ซี2,83,ภูเก็ต,1,เมืองภูเก็ต,6,ฉลอง,83000000,สำนักงานที่ดินจังหวัดภูเก็ต,7,False,ห้องชุดพักอาศัย,63500,,official_statutory_assessment_rate_not_market_price
117162,34430,เลควิว เทอเรส คอนโดมิเนียม,ซี2,83,ภูเก็ต,1,เมืองภูเก็ต,6,ฉลอง,83000000,สำนักงานที่ดินจังหวัดภูเก็ต,7,False,พื้นที่ระเบียง,31750,,official_statutory_assessment_rate_not_market_price
117163,34430,เลควิว เทอเรส คอนโดมิเนียม,ซี2,83,ภูเก็ต,1,เมืองภูเก็ต,6,ฉลอง,83000000,สำนักงานที่ดินจังหวัดภูเก็ต,1-ก.พ.,True,ห้องชุดพักอาศัย,62000,,official_statutory_assessment_rate_not_market_price
117164,34430,เลควิว เทอเรส คอนโดมิเนียม,ซี2,83,ภูเก็ต,1,เมืองภูเก็ต,6,ฉลอง,83000000,สำนักงานที่ดินจังหวัดภูเก็ต,1-ก.พ.,True,พื้นที่ระเบียง,31000,,official_statutory_assessment_rate_not_market_price
117165,34430,เลควิว เทอเรส คอนโดมิเนียม,ซี2,83,ภูเก็ต,1,เมืองภูเก็ต,6,ฉลอง,83000000,สำนักงานที่ดินจังหวัดภูเก็ต,3-เม.ย.,True,ห้องชุดพักอาศัย,62500,,official_statutory_assessment_rate_not_market_price
117166,34430,เลควิว เทอเรส คอนโดมิเนียม,ซี2,83,ภูเก็ต,1,เมืองภูเก็ต,6,ฉลอง,83000000,สำนักงานที่ดินจังหวัดภูเก็ต,3-เม.ย.,True,พื้นที่ระเบียง,31250,,official_statutory_assessment_rate_not_market_price
117167,34430,เลควิว เทอเรส คอนโดมิเนียม,ซี2,83,ภูเก็ต,1,เมืองภูเก็ต,6,ฉลอง,83000000,สำนักงานที่ดินจังหวัดภูเก็ต,5-มิ.ย.,True,ห้องชุดพักอาศัย,63000,,official_statutory_assessment_rate_not_market_price
117168,34430,เลควิว เทอเรส คอนโดมิเนียม,ซี2,83,ภูเก็ต,1,เมืองภูเก็ต,6,ฉลอง,83000000,สำนักงานที่ดินจังหวัดภูเก็ต,5-มิ.ย.,True,พื้นที่ระเบียง,31500,,official_statutory_assessment_rate_not_market_price
117169,34430,เลควิว เทอเรส คอนโดมิเนียม,ซี3,83,ภูเก็ต,1,เมืองภูเก็ต,6,ฉลอง,83000000,สำนักงานที่ดินจังหวัดภูเก็ต,7,False,ห้องชุดพักอาศัย,63500,,official_statutory_assessment_rate_not_market_price
117170,34430,เลควิว เทอเรส คอนโดมิเนียม,ซี3,83,ภูเก็ต,1,เมืองภูเก็ต,6,ฉลอง,83000000,สำนักงานที่ดินจังหวัดภูเก็ต,7,False,พื้นที่ระเบียง,31750,,official_statutory_assessment_rate_not_market_price
117171,34430,เลควิว เทอเรส คอนโดมิเนียม,ซี3,83,ภูเก็ต,1,เมืองภูเก็ต,6,ฉลอง,83000000,สำนักงานที่ดินจังหวัดภูเก็ต,1-ก.พ.,True,ห้องชุดพักอาศัย,62000,,official_statutory_assessment_rate_not_market_price
117172,34430,เลควิว เทอเรส คอนโดมิเนียม,ซี3,83,ภูเก็ต,1,เมืองภูเก็ต,6,ฉลอง,83000000,สำนักงานที่ดินจังหวัดภูเก็ต,1-ก.พ.,True,พื้นที่ระเบียง,31000,,official_statutory_assessment_rate_not_market_price
117173,34430,เลควิว เทอเรส คอนโดมิเนียม,ซี3,83,ภูเก็ต,1,เมืองภูเก็ต,6,ฉลอง,83000000,สำนักงานที่ดินจังหวัดภูเก็ต,3-เม.ย.,True,ห้องชุดพักอาศัย,62500,,official_statutory_assessment_rate_not_market_price
117174,34430,เลควิว เทอเรส คอนโดมิเนียม,ซี3,83,ภูเก็ต,1,เมืองภูเก็ต,6,ฉลอง,83000000,สำนักงานที่ดินจังหวัดภูเก็ต,3-เม.ย.,True,พื้นที่ระเบียง,31250,,official_statutory_assessment_rate_not_market_price
117175,34430,เลควิว เทอเรส คอนโดมิเนียม,ซี3,83,ภูเก็ต,1,เมืองภูเก็ต,6,ฉลอง,83000000,สำนักงานที่ดินจังหวัดภูเก็ต,5-มิ.ย.,True,ห้องชุดพักอาศัย,63000,,official_statutory_assessment_rate_not_market_price
117176,34430,เลควิว เทอเรส คอนโดมิเนียม,ซี3,83,ภูเก็ต,1,เมืองภูเก็ต,6,ฉลอง,83000000,สำนักงานที่ดินจังหวัดภูเก็ต,5-มิ.ย.,True,พื้นที่ระเบียง,31500,,official_statutory_assessment_rate_not_market_price
117177,34431,เลควิว เทอเรส คอนโดมิเนียม 2,-,83,ภูเก็ต,1,เมืองภูเก็ต,6,ฉลอง,83000000,สำนักงานที่ดินจังหวัดภูเก็ต,7,False,ห้องชุดพักอาศัย,67500,,official_statutory_assessment_rate_not_market_price
117178,34431,เลควิว เทอเรส คอนโดมิเนียม 2,-,83,ภูเก็ต,1,เมืองภูเก็ต,6,ฉลอง,83000000,สำนักงานที่ดินจังหวัดภูเก็ต,7,False,พื้นที่ระเบียง,33750,,official_statutory_assessment_rate_not_market_price
117179,34431,เลควิว เทอเรส คอนโดมิเนียม 2,-,83,ภูเก็ต,1,เมืองภูเก็ต,6,ฉลอง,83000000,สำนักงานที่ดินจังหวัดภูเก็ต,1-ก.พ.,True,ห้องชุดพักอาศัย,66000,,official_statutory_assessment_rate_not_market_price
117180,34431,เลควิว เทอเรส คอนโดมิเนียม 2,-,83,ภูเก็ต,1,เมืองภูเก็ต,6,ฉลอง,83000000,สำนักงานที่ดินจังหวัดภูเก็ต,1-ก.พ.,True,พื้นที่ระเบียง,33000,,official_statutory_assessment_rate_not_market_price
117181,34431,เลควิว เทอเรส คอนโดมิเนียม 2,-,83,ภูเก็ต,1,เมืองภูเก็ต,6,ฉลอง,83000000,สำนักงานที่ดินจังหวัดภูเก็ต,3-เม.ย.,True,ห้องชุดพักอาศัย,66500,,official_statutory_assessment_rate_not_market_price
117182,34431,เลควิว เทอเรส คอนโดมิเนียม 2,-,83,ภูเก็ต,1,เมืองภูเก็ต,6,ฉลอง,83000000,สำนักงานที่ดินจังหวัดภูเก็ต,3-เม.ย.,True,พื้นที่ระเบียง,33250,,official_statutory_assessment_rate_not_market_price
117183,34431,เลควิว เทอเรส คอนโดมิเนียม 2,-,83,ภูเก็ต,1,เมืองภูเก็ต,6,ฉลอง,83000000,สำนักงานที่ดินจังหวัดภูเก็ต,5-มิ.ย.,True,ห้องชุดพักอาศัย,67000,,official_statutory_assessment_rate_not_market_price
117184,34431,เลควิว เทอเรส คอนโดมิเนียม 2,-,83,ภูเก็ต,1,เมืองภูเก็ต,6,ฉลอง,83000000,สำนักงานที่ดินจังหวัดภูเก็ต,5-มิ.ย.,True,พื้นที่ระเบียง,33500,,official_statutory_assessment_rate_not_market_price
117185,34577,อิมเพรสชั่น ภูเก็ต,A,83,ภูเก็ต,1,เมืองภูเก็ต,6,ฉลอง,83000000,สำนักงานที่ดินจังหวัดภูเก็ต,1,False,ห้องชุดเพื่อประกอบการค้า(ห้องชุดพาณิชยกรรม)/พื้นที่ระเบียง,176200,,official_statutory_assessment_rate_not_market_price
117186,34577,อิมเพรสชั่น ภูเก็ต,A,83,ภูเก็ต,1,เมืองภูเก็ต,6,ฉลอง,83000000,สำนักงานที่ดินจังหวัดภูเก็ต,2,False,ห้องชุดเพื่อประกอบการค้า(ห้องชุดพาณิชยกรรม)/พื้นที่ระเบียง,178500,,official_statutory_assessment_rate_not_market_price
117187,34577,อิมเพรสชั่น ภูเก็ต,A,83,ภูเก็ต,1,เมืองภูเก็ต,6,ฉลอง,83000000,สำนักงานที่ดินจังหวัดภูเก็ต,3,False,ห้องชุดเพื่อประกอบการค้า(ห้องชุดพาณิชยกรรม)/พื้นที่ระเบียง,181600,,official_statutory_assessment_rate_not_market_price
117188,34577,อิมเพรสชั่น ภูเก็ต,B,83,ภูเก็ต,1,เมืองภูเก็ต,6,ฉลอง,83000000,สำนักงานที่ดินจังหวัดภูเก็ต,1,False,ห้องชุดเพื่อประกอบการค้า(ห้องชุดพาณิชยกรรม)/พื้นที่ระเบียง,176200,,official_statutory_assessment_rate_not_market_price
117189,34577,อิมเพรสชั่น ภูเก็ต,B,83,ภูเก็ต,1,เมืองภูเก็ต,6,ฉลอง,83000000,สำนักงานที่ดินจังหวัดภูเก็ต,2,False,ห้องชุดเพื่อประกอบการค้า(ห้องชุดพาณิชยกรรม)/พื้นที่ระเบียง,178500,,official_statutory_assessment_rate_not_market_price
117190,34577,อิมเพรสชั่น ภูเก็ต,B,83,ภูเก็ต,1,เมืองภูเก็ต,6,ฉลอง,83000000,สำนักงานที่ดินจังหวัดภูเก็ต,3,False,ห้องชุดเพื่อประกอบการค้า(ห้องชุดพาณิชยกรรม)/พื้นที่ระเบียง,181600,,official_statutory_assessment_rate_not_market_price
117191,34577,อิมเพรสชั่น ภูเก็ต,C,83,ภูเก็ต,1,เมืองภูเก็ต,6,ฉลอง,83000000,สำนักงานที่ดินจังหวัดภูเก็ต,1,False,ห้องชุดเพื่อประกอบการค้า(ห้องชุดพาณิชยกรรม)/พื้นที่ระเบียง,176200,,official_statutory_assessment_rate_not_market_price
117192,34577,อิมเพรสชั่น ภูเก็ต,C,83,ภูเก็ต,1,เมืองภูเก็ต,6,ฉลอง,83000000,สำนักงานที่ดินจังหวัดภูเก็ต,2,False,ห้องชุดเพื่อประกอบการค้า(ห้องชุดพาณิชยกรรม)/พื้นที่ระเบียง,178500,,official_statutory_assessment_rate_not_market_price
117193,34577,อิมเพรสชั่น ภูเก็ต,C,83,ภูเก็ต,1,เมืองภูเก็ต,6,ฉลอง,83000000,สำนักงานที่ดินจังหวัดภูเก็ต,3,False,ห้องชุดเพื่อประกอบการค้า(ห้องชุดพาณิชยกรรม)/พื้นที่ระเบียง,181600,,official_statutory_assessment_rate_not_market_price
117194,34577,อิมเพรสชั่น ภูเก็ต,D,83,ภูเก็ต,1,เมืองภูเก็ต,6,ฉลอง,83000000,สำนักงานที่ดินจังหวัดภูเก็ต,1,False,ห้องชุดเพื่อประกอบการค้า(ห้องชุดพาณิชยกรรม)/พื้นที่ระเบียง,176200,,official_statutory_assessment_rate_not_market_price
117195,34577,อิมเพรสชั่น ภูเก็ต,D,83,ภูเก็ต,1,เมืองภูเก็ต,6,ฉลอง,83000000,สำนักงานที่ดินจังหวัดภูเก็ต,2,False,ห้องชุดเพื่อประกอบการค้า(ห้องชุดพาณิชยกรรม)/พื้นที่ระเบียง,178500,,official_statutory_assessment_rate_not_market_price
117196,34577,อิมเพรสชั่น ภูเก็ต,D,83,ภูเก็ต,1,เมืองภูเก็ต,6,ฉลอง,83000000,สำนักงานที่ดินจังหวัดภูเก็ต,3,False,ห้องชุดเพื่อประกอบการค้า(ห้องชุดพาณิชยกรรม)/พื้นที่ระเบียง,181600,,official_statutory_assessment_rate_not_market_price
117197,34397,เดอะ ทาวเวอร์ คอนโดมิเนียม,-,83,ภูเก็ต,1,เมืองภูเก็ต,6,ฉลอง,83000000,สำนักงานที่ดินจังหวัดภูเก็ต,7,False,ห้องชุดพักอาศัย,55000,,official_statutory_assessment_rate_not_market_price
117198,34397,เดอะ ทาวเวอร์ คอนโดมิเนียม,-,83,ภูเก็ต,1,เมืองภูเก็ต,6,ฉลอง,83000000,สำนักงานที่ดินจังหวัดภูเก็ต,7,False,พื้นที่ระเบียง,27500,,official_statutory_assessment_rate_not_market_price
117199,34397,เดอะ ทาวเวอร์ คอนโดมิเนียม,-,83,ภูเก็ต,1,เมืองภูเก็ต,6,ฉลอง,83000000,สำนักงานที่ดินจังหวัดภูเก็ต,1-ก.พ.,True,ห้องชุดพักอาศัย,53500,,official_statutory_assessment_rate_not_market_price
117200,34397,เดอะ ทาวเวอร์ คอนโดมิเนียม,-,83,ภูเก็ต,1,เมืองภูเก็ต,6,ฉลอง,83000000,สำนักงานที่ดินจังหวัดภูเก็ต,1-ก.พ.,True,พื้นที่ระเบียง,26750,,official_statutory_assessment_rate_not_market_price
117201,34397,เดอะ ทาวเวอร์ คอนโดมิเนียม,-,83,ภูเก็ต,1,เมืองภูเก็ต,6,ฉลอง,83000000,สำนักงานที่ดินจังหวัดภูเก็ต,3-เม.ย.,True,ห้องชุดพักอาศัย,54000,,official_statutory_assessment_rate_not_market_price
117202,34397,เดอะ ทาวเวอร์ คอนโดมิเนียม,-,83,ภูเก็ต,1,เมืองภูเก็ต,6,ฉลอง,83000000,สำนักงานที่ดินจังหวัดภูเก็ต,3-เม.ย.,True,พื้นที่ระเบียง,27000,,official_statutory_assessment_rate_not_market_price
117203,34397,เดอะ ทาวเวอร์ คอนโดมิเนียม,-,83,ภูเก็ต,1,เมืองภูเก็ต,6,ฉลอง,83000000,สำนักงานที่ดินจังหวัดภูเก็ต,5-มิ.ย.,True,ห้องชุดพักอาศัย,54500,,official_statutory_assessment_rate_not_market_price
117204,34397,เดอะ ทาวเวอร์ คอนโดมิเนียม,-,83,ภูเก็ต,1,เมืองภูเก็ต,6,ฉลอง,83000000,สำนักงานที่ดินจังหวัดภูเก็ต,5-มิ.ย.,True,พื้นที่ระเบียง,27250,,official_statutory_assessment_rate_not_market_price
117205,34398,เดอะ ทาวเวอร์ คอนโดมิเนียม 2,-,83,ภูเก็ต,1,เมืองภูเก็ต,6,ฉลอง,83000000,สำนักงานที่ดินจังหวัดภูเก็ต,2,False,ห้องชุดเพื่อประกอบการค้า(ห้องชุดพาณิชยกรรม)/พื้นที่ระเบียง,55200,,official_statutory_assessment_rate_not_market_price
117206,34398,เดอะ ทาวเวอร์ คอนโดมิเนียม 2,-,83,ภูเก็ต,1,เมืองภูเก็ต,6,ฉลอง,83000000,สำนักงานที่ดินจังหวัดภูเก็ต,3,False,ห้องชุดเพื่อประกอบการค้า(ห้องชุดพาณิชยกรรม)/พื้นที่ระเบียง,55900,,official_statutory_assessment_rate_not_market_price
117207,34398,เดอะ ทาวเวอร์ คอนโดมิเนียม 2,-,83,ภูเก็ต,1,เมืองภูเก็ต,6,ฉลอง,83000000,สำนักงานที่ดินจังหวัดภูเก็ต,4,False,ห้องชุดเพื่อประกอบการค้า(ห้องชุดพาณิชยกรรม)/พื้นที่ระเบียง,56900,,official_statutory_assessment_rate_not_market_price
117208,34398,เดอะ ทาวเวอร์ คอนโดมิเนียม 2,-,83,ภูเก็ต,1,เมืองภูเก็ต,6,ฉลอง,83000000,สำนักงานที่ดินจังหวัดภูเก็ต,5,False,ห้องชุดเพื่อประกอบการค้า(ห้องชุดพาณิชยกรรม)/พื้นที่ระเบียง,58000,,official_statutory_assessment_rate_not_market_price
117209,34398,เดอะ ทาวเวอร์ คอนโดมิเนียม 2,-,83,ภูเก็ต,1,เมืองภูเก็ต,6,ฉลอง,83000000,สำนักงานที่ดินจังหวัดภูเก็ต,6,False,ห้องชุดเพื่อประกอบการค้า(ห้องชุดพาณิชยกรรม)/พื้นที่ระเบียง,59200,,official_statutory_assessment_rate_not_market_price
117210,34398,เดอะ ทาวเวอร์ คอนโดมิเนียม 2,-,83,ภูเก็ต,1,เมืองภูเก็ต,6,ฉลอง,83000000,สำนักงานที่ดินจังหวัดภูเก็ต,7,False,ห้องชุดเพื่อประกอบการค้า(ห้องชุดพาณิชยกรรม)/พื้นที่ระเบียง,60500,,official_statutory_assessment_rate_not_market_price
117211,34398,เดอะ ทาวเวอร์ คอนโดมิเนียม 2,-,83,ภูเก็ต,1,เมืองภูเก็ต,6,ฉลอง,83000000,สำนักงานที่ดินจังหวัดภูเก็ต,8,False,ห้องชุดเพื่อประกอบการค้า(ห้องชุดพาณิชยกรรม)/พื้นที่ระเบียง,61900,,official_statutory_assessment_rate_not_market_price
117212,39020,เดอะ ทาวเวอร์ คอนโดมิเนียม 3,-,83,ภูเก็ต,1,เมืองภูเก็ต,6,ฉลอง,83000000,สำนักงานที่ดินจังหวัดภูเก็ต,2,False,ห้องชุดเพื่อประกอบการค้า(ห้องชุดพาณิชยกรรม),61000,,official_statutory_assessment_rate_not_market_price
117213,39020,เดอะ ทาวเวอร์ คอนโดมิเนียม 3,-,83,ภูเก็ต,1,เมืองภูเก็ต,6,ฉลอง,83000000,สำนักงานที่ดินจังหวัดภูเก็ต,3,False,ห้องชุดเพื่อประกอบการค้า(ห้องชุดพาณิชยกรรม),61800,,official_statutory_assessment_rate_not_market_price
117214,39020,เดอะ ทาวเวอร์ คอนโดมิเนียม 3,-,83,ภูเก็ต,1,เมืองภูเก็ต,6,ฉลอง,83000000,สำนักงานที่ดินจังหวัดภูเก็ต,4,False,ห้องชุดเพื่อประกอบการค้า(ห้องชุดพาณิชยกรรม),62900,,official_statutory_assessment_rate_not_market_price
117215,39020,เดอะ ทาวเวอร์ คอนโดมิเนียม 3,-,83,ภูเก็ต,1,เมืองภูเก็ต,6,ฉลอง,83000000,สำนักงานที่ดินจังหวัดภูเก็ต,5,False,ห้องชุดเพื่อประกอบการค้า(ห้องชุดพาณิชยกรรม),64100,,official_statutory_assessment_rate_not_market_price
117216,39020,เดอะ ทาวเวอร์ คอนโดมิเนียม 3,-,83,ภูเก็ต,1,เมืองภูเก็ต,6,ฉลอง,83000000,สำนักงานที่ดินจังหวัดภูเก็ต,6,False,ห้องชุดเพื่อประกอบการค้า(ห้องชุดพาณิชยกรรม),65500,,official_statutory_assessment_rate_not_market_price
117217,39020,เดอะ ทาวเวอร์ คอนโดมิเนียม 3,-,83,ภูเก็ต,1,เมืองภูเก็ต,6,ฉลอง,83000000,สำนักงานที่ดินจังหวัดภูเก็ต,7,False,ห้องชุดเพื่อประกอบการค้า(ห้องชุดพาณิชยกรรม),66900,,official_statutory_assessment_rate_not_market_price
117218,39020,เดอะ ทาวเวอร์ คอนโดมิเนียม 3,-,83,ภูเก็ต,1,เมืองภูเก็ต,6,ฉลอง,83000000,สำนักงานที่ดินจังหวัดภูเก็ต,8,False,ห้องชุดเพื่อประกอบการค้า(ห้องชุดพาณิชยกรรม),68400,,official_statutory_assessment_rate_not_market_price
117219,38978,เดอะ บีช ฟร้อน์ 1,A,83,ภูเก็ต,1,เมืองภูเก็ต,7,ราไวย์,83000000,สำนักงานที่ดินจังหวัดภูเก็ต,1,False,ห้องชุดเพื่อประกอบการค้า(ห้องชุดพาณิชยกรรม)ที่มีระเบียงลงสระว่ายน้ำ/พื้นที่ระเบียง,90000,,official_statutory_assessment_rate_not_market_price
117220,38978,เดอะ บีช ฟร้อน์ 1,A,83,ภูเก็ต,1,เมืองภูเก็ต,7,ราไวย์,83000000,สำนักงานที่ดินจังหวัดภูเก็ต,2,False,ห้องชุดเพื่อประกอบการค้า(ห้องชุดพาณิชยกรรม)/พื้นที่ระเบียง,77200,,official_statutory_assessment_rate_not_market_price
117221,38978,เดอะ บีช ฟร้อน์ 1,A,83,ภูเก็ต,1,เมืองภูเก็ต,7,ราไวย์,83000000,สำนักงานที่ดินจังหวัดภูเก็ต,3,False,ห้องชุดเพื่อประกอบการค้า(ห้องชุดพาณิชยกรรม)/พื้นที่ระเบียง,78500,,official_statutory_assessment_rate_not_market_price
117222,38978,เดอะ บีช ฟร้อน์ 1,A,83,ภูเก็ต,1,เมืองภูเก็ต,7,ราไวย์,83000000,สำนักงานที่ดินจังหวัดภูเก็ต,4,False,ห้องชุดเพื่อประกอบการค้า(ห้องชุดพาณิชยกรรม)/พื้นที่ระเบียง,80000,,official_statutory_assessment_rate_not_market_price
117223,38978,เดอะ บีช ฟร้อน์ 1,B,83,ภูเก็ต,1,เมืองภูเก็ต,7,ราไวย์,83000000,สำนักงานที่ดินจังหวัดภูเก็ต,1,False,ห้องชุดเพื่อประกอบการค้า(ห้องชุดพาณิชยกรรม)ที่มีระเบียงลงสระว่ายน้ำ/พื้นที่ระเบียง,90000,,official_statutory_assessment_rate_not_market_price
117224,38978,เดอะ บีช ฟร้อน์ 1,B,83,ภูเก็ต,1,เมืองภูเก็ต,7,ราไวย์,83000000,สำนักงานที่ดินจังหวัดภูเก็ต,2,False,ห้องชุดเพื่อประกอบการค้า(ห้องชุดพาณิชยกรรม)/พื้นที่ระเบียง,77200,,official_statutory_assessment_rate_not_market_price
117225,38978,เดอะ บีช ฟร้อน์ 1,B,83,ภูเก็ต,1,เมืองภูเก็ต,7,ราไวย์,83000000,สำนักงานที่ดินจังหวัดภูเก็ต,3,False,ห้องชุดเพื่อประกอบการค้า(ห้องชุดพาณิชยกรรม)/พื้นที่ระเบียง,78500,,official_statutory_assessment_rate_not_market_price
117226,38978,เดอะ บีช ฟร้อน์ 1,B,83,ภูเก็ต,1,เมืองภูเก็ต,7,ราไวย์,83000000,สำนักงานที่ดินจังหวัดภูเก็ต,4,False,ห้องชุดเพื่อประกอบการค้า(ห้องชุดพาณิชยกรรม)/พื้นที่ระเบียง,80000,,official_statutory_assessment_rate_not_market_price
117227,34392,เด็อะ ไทเทิ้ล เฟส 3,D,83,ภูเก็ต,1,เมืองภูเก็ต,7,ราไวย์,83000000,สำนักงานที่ดินจังหวัดภูเก็ต,2,False,พื้นที่ระเบียง,33500,,official_statutory_assessment_rate_not_market_price
117228,34392,เด็อะ ไทเทิ้ล เฟส 3,D,83,ภูเก็ต,1,เมืองภูเก็ต,7,ราไวย์,83000000,สำนักงานที่ดินจังหวัดภูเก็ต,3,False,ห้องชุดพักอาศัยตากอากาศ,67500,,official_statutory_assessment_rate_not_market_price
117229,34392,เด็อะ ไทเทิ้ล เฟส 3,D,83,ภูเก็ต,1,เมืองภูเก็ต,7,ราไวย์,83000000,สำนักงานที่ดินจังหวัดภูเก็ต,3,False,พื้นที่ระเบียง,33750,,official_statutory_assessment_rate_not_market_price
117230,34392,เด็อะ ไทเทิ้ล เฟส 3,D,83,ภูเก็ต,1,เมืองภูเก็ต,7,ราไวย์,83000000,สำนักงานที่ดินจังหวัดภูเก็ต,4,False,ห้องชุดพักอาศัยตากอากาศ,68000,,official_statutory_assessment_rate_not_market_price
117231,34392,เด็อะ ไทเทิ้ล เฟส 3,D,83,ภูเก็ต,1,เมืองภูเก็ต,7,ราไวย์,83000000,สำนักงานที่ดินจังหวัดภูเก็ต,4,False,พื้นที่ระเบียง,34000,,official_statutory_assessment_rate_not_market_price
117232,34392,เด็อะ ไทเทิ้ล เฟส 3,E,83,ภูเก็ต,1,เมืองภูเก็ต,7,ราไวย์,83000000,สำนักงานที่ดินจังหวัดภูเก็ต,1,False,ห้องชุดพักอาศัยตากอากาศ,66500,,official_statutory_assessment_rate_not_market_price
117233,34392,เด็อะ ไทเทิ้ล เฟส 3,E,83,ภูเก็ต,1,เมืองภูเก็ต,7,ราไวย์,83000000,สำนักงานที่ดินจังหวัดภูเก็ต,1,False,พื้นที่ระเบียง,33250,,official_statutory_assessment_rate_not_market_price
117234,34392,เด็อะ ไทเทิ้ล เฟส 3,E,83,ภูเก็ต,1,เมืองภูเก็ต,7,ราไวย์,83000000,สำนักงานที่ดินจังหวัดภูเก็ต,2,False,ห้องชุดพักอาศัยตากอากาศ,67000,,official_statutory_assessment_rate_not_market_price
117235,34392,เด็อะ ไทเทิ้ล เฟส 3,E,83,ภูเก็ต,1,เมืองภูเก็ต,7,ราไวย์,83000000,สำนักงานที่ดินจังหวัดภูเก็ต,2,False,พื้นที่ระเบียง,33500,,official_statutory_assessment_rate_not_market_price
117236,34392,เด็อะ ไทเทิ้ล เฟส 3,E,83,ภูเก็ต,1,เมืองภูเก็ต,7,ราไวย์,83000000,สำนักงานที่ดินจังหวัดภูเก็ต,3,False,ห้องชุดพักอาศัยตากอากาศ,67500,,official_statutory_assessment_rate_not_market_price
117237,34392,เด็อะ ไทเทิ้ล เฟส 3,E,83,ภูเก็ต,1,เมืองภูเก็ต,7,ราไวย์,83000000,สำนักงานที่ดินจังหวัดภูเก็ต,3,False,พื้นที่ระเบียง,33750,,official_statutory_assessment_rate_not_market_price
117238,34392,เด็อะ ไทเทิ้ล เฟส 3,E,83,ภูเก็ต,1,เมืองภูเก็ต,7,ราไวย์,83000000,สำนักงานที่ดินจังหวัดภูเก็ต,4,False,ห้องชุดพักอาศัยตากอากาศ,68000,,official_statutory_assessment_rate_not_market_price
117239,34392,เด็อะ ไทเทิ้ล เฟส 3,E,83,ภูเก็ต,1,เมืองภูเก็ต,7,ราไวย์,83000000,สำนักงานที่ดินจังหวัดภูเก็ต,4,False,พื้นที่ระเบียง,34000,,official_statutory_assessment_rate_not_market_price
117240,34392,เด็อะ ไทเทิ้ล เฟส 3,F,83,ภูเก็ต,1,เมืองภูเก็ต,7,ราไวย์,83000000,สำนักงานที่ดินจังหวัดภูเก็ต,1,False,ห้องชุดพักอาศัยตากอากาศ,66500,,official_statutory_assessment_rate_not_market_price
117241,34392,เด็อะ ไทเทิ้ล เฟส 3,F,83,ภูเก็ต,1,เมืองภูเก็ต,7,ราไวย์,83000000,สำนักงานที่ดินจังหวัดภูเก็ต,1,False,พื้นที่ระเบียง,33250,,official_statutory_assessment_rate_not_market_price
117242,34392,เด็อะ ไทเทิ้ล เฟส 3,F,83,ภูเก็ต,1,เมืองภูเก็ต,7,ราไวย์,83000000,สำนักงานที่ดินจังหวัดภูเก็ต,2,False,ห้องชุดพักอาศัยตากอากาศ,67000,,official_statutory_assessment_rate_not_market_price
117243,34392,เด็อะ ไทเทิ้ล เฟส 3,F,83,ภูเก็ต,1,เมืองภูเก็ต,7,ราไวย์,83000000,สำนักงานที่ดินจังหวัดภูเก็ต,2,False,พื้นที่ระเบียง,33500,,official_statutory_assessment_rate_not_market_price
117244,34392,เด็อะ ไทเทิ้ล เฟส 3,F,83,ภูเก็ต,1,เมืองภูเก็ต,7,ราไวย์,83000000,สำนักงานที่ดินจังหวัดภูเก็ต,3,False,ห้องชุดพักอาศัยตากอากาศ,67500,,official_statutory_assessment_rate_not_market_price
117245,34392,เด็อะ ไทเทิ้ล เฟส 3,F,83,ภูเก็ต,1,เมืองภูเก็ต,7,ราไวย์,83000000,สำนักงานที่ดินจังหวัดภูเก็ต,3,False,พื้นที่ระเบียง,33750,,official_statutory_assessment_rate_not_market_price
117246,34392,เด็อะ ไทเทิ้ล เฟส 3,F,83,ภูเก็ต,1,เมืองภูเก็ต,7,ราไวย์,83000000,สำนักงานที่ดินจังหวัดภูเก็ต,4,False,ห้องชุดพักอาศัยตากอากาศ,68000,,official_statutory_assessment_rate_not_market_price
117247,34392,เด็อะ ไทเทิ้ล เฟส 3,F,83,ภูเก็ต,1,เมืองภูเก็ต,7,ราไวย์,83000000,สำนักงานที่ดินจังหวัดภูเก็ต,4,False,พื้นที่ระเบียง,34000,,official_statutory_assessment_rate_not_market_price
117248,34392,เด็อะ ไทเทิ้ล เฟส 3,G,83,ภูเก็ต,1,เมืองภูเก็ต,7,ราไวย์,83000000,สำนักงานที่ดินจังหวัดภูเก็ต,1,False,ห้องชุดพักอาศัยตากอากาศ,66500,,official_statutory_assessment_rate_not_market_price
117249,34392,เด็อะ ไทเทิ้ล เฟส 3,G,83,ภูเก็ต,1,เมืองภูเก็ต,7,ราไวย์,83000000,สำนักงานที่ดินจังหวัดภูเก็ต,1,False,พื้นที่ระเบียง,33250,,official_statutory_assessment_rate_not_market_price
117250,34392,เด็อะ ไทเทิ้ล เฟส 3,G,83,ภูเก็ต,1,เมืองภูเก็ต,7,ราไวย์,83000000,สำนักงานที่ดินจังหวัดภูเก็ต,2,False,ห้องชุดพักอาศัยตากอากาศ,67000,,official_statutory_assessment_rate_not_market_price
117251,34392,เด็อะ ไทเทิ้ล เฟส 3,G,83,ภูเก็ต,1,เมืองภูเก็ต,7,ราไวย์,83000000,สำนักงานที่ดินจังหวัดภูเก็ต,2,False,พื้นที่ระเบียง,33500,,official_statutory_assessment_rate_not_market_price
117252,34392,เด็อะ ไทเทิ้ล เฟส 3,G,83,ภูเก็ต,1,เมืองภูเก็ต,7,ราไวย์,83000000,สำนักงานที่ดินจังหวัดภูเก็ต,3,False,ห้องชุดพักอาศัยตากอากาศ,67500,,official_statutory_assessment_rate_not_market_price
117253,34392,เด็อะ ไทเทิ้ล เฟส 3,G,83,ภูเก็ต,1,เมืองภูเก็ต,7,ราไวย์,83000000,สำนักงานที่ดินจังหวัดภูเก็ต,3,False,พื้นที่ระเบียง,33750,,official_statutory_assessment_rate_not_market_price
117254,34392,เด็อะ ไทเทิ้ล เฟส 3,G,83,ภูเก็ต,1,เมืองภูเก็ต,7,ราไวย์,83000000,สำนักงานที่ดินจังหวัดภูเก็ต,4,False,ห้องชุดพักอาศัยตากอากาศ,68000,,official_statutory_assessment_rate_not_market_price
117255,34392,เด็อะ ไทเทิ้ล เฟส 3,G,83,ภูเก็ต,1,เมืองภูเก็ต,7,ราไวย์,83000000,สำนักงานที่ดินจังหวัดภูเก็ต,4,False,พื้นที่ระเบียง,34000,,official_statutory_assessment_rate_not_market_price
117256,39147,เด็อะ ไทเทิ้ล วี,U,83,ภูเก็ต,1,เมืองภูเก็ต,7,ราไวย์,83000000,สำนักงานที่ดินจังหวัดภูเก็ต,1,False,ห้องชุดเพื่อประกอบการค้า/พื้นที่ระเบียง,83000,,official_statutory_assessment_rate_not_market_price
117257,39147,เด็อะ ไทเทิ้ล วี,U,83,ภูเก็ต,1,เมืองภูเก็ต,7,ราไวย์,83000000,สำนักงานที่ดินจังหวัดภูเก็ต,2,False,ห้องชุดเพื่อประกอบการค้า/พื้นที่ระเบียง,84000,,official_statutory_assessment_rate_not_market_price
117258,39147,เด็อะ ไทเทิ้ล วี,U,83,ภูเก็ต,1,เมืองภูเก็ต,7,ราไวย์,83000000,สำนักงานที่ดินจังหวัดภูเก็ต,3,False,ห้องชุดเพื่อประกอบการค้า/พื้นที่ระเบียง,85500,,official_statutory_assessment_rate_not_market_price
117259,39147,เด็อะ ไทเทิ้ล วี,U,83,ภูเก็ต,1,เมืองภูเก็ต,7,ราไวย์,83000000,สำนักงานที่ดินจังหวัดภูเก็ต,4,False,ห้องชุดเพื่อประกอบการค้า/พื้นที่ระเบียง,87200,,official_statutory_assessment_rate_not_market_price
117260,39147,เด็อะ ไทเทิ้ล วี,U,83,ภูเก็ต,1,เมืองภูเก็ต,7,ราไวย์,83000000,สำนักงานที่ดินจังหวัดภูเก็ต,5,False,ห้องชุดเพื่อประกอบการค้า/พื้นที่ระเบียง,89000,,official_statutory_assessment_rate_not_market_price
117261,39147,เด็อะ ไทเทิ้ล วี,V,83,ภูเก็ต,1,เมืองภูเก็ต,7,ราไวย์,83000000,สำนักงานที่ดินจังหวัดภูเก็ต,1,False,ห้องชุดเพื่อประกอบการค้า/พื้นที่ระเบียง,83000,,official_statutory_assessment_rate_not_market_price
117262,39147,เด็อะ ไทเทิ้ล วี,V,83,ภูเก็ต,1,เมืองภูเก็ต,7,ราไวย์,83000000,สำนักงานที่ดินจังหวัดภูเก็ต,2,False,ห้องชุดเพื่อประกอบการค้า/พื้นที่ระเบียง,84000,,official_statutory_assessment_rate_not_market_price
117263,39147,เด็อะ ไทเทิ้ล วี,V,83,ภูเก็ต,1,เมืองภูเก็ต,7,ราไวย์,83000000,สำนักงานที่ดินจังหวัดภูเก็ต,3,False,ห้องชุดเพื่อประกอบการค้า/พื้นที่ระเบียง,85500,,official_statutory_assessment_rate_not_market_price
117264,39147,เด็อะ ไทเทิ้ล วี,V,83,ภูเก็ต,1,เมืองภูเก็ต,7,ราไวย์,83000000,สำนักงานที่ดินจังหวัดภูเก็ต,4,False,ห้องชุดเพื่อประกอบการค้า/พื้นที่ระเบียง,87200,,official_statutory_assessment_rate_not_market_price
117265,39147,เด็อะ ไทเทิ้ล วี,V,83,ภูเก็ต,1,เมืองภูเก็ต,7,ราไวย์,83000000,สำนักงานที่ดินจังหวัดภูเก็ต,5,False,ห้องชุดเพื่อประกอบการค้า/พื้นที่ระเบียง,89000,,official_statutory_assessment_rate_not_market_price
117266,39147,เด็อะ ไทเทิ้ล วี,X,83,ภูเก็ต,1,เมืองภูเก็ต,7,ราไวย์,83000000,สำนักงานที่ดินจังหวัดภูเก็ต,1,False,ห้องชุดเพื่อประกอบการค้า/พื้นที่ระเบียง,83000,,official_statutory_assessment_rate_not_market_price
117267,39147,เด็อะ ไทเทิ้ล วี,X,83,ภูเก็ต,1,เมืองภูเก็ต,7,ราไวย์,83000000,สำนักงานที่ดินจังหวัดภูเก็ต,2,False,ห้องชุดเพื่อประกอบการค้า/พื้นที่ระเบียง,84000,,official_statutory_assessment_rate_not_market_price
117268,39147,เด็อะ ไทเทิ้ล วี,X,83,ภูเก็ต,1,เมืองภูเก็ต,7,ราไวย์,83000000,สำนักงานที่ดินจังหวัดภูเก็ต,3,False,ห้องชุดเพื่อประกอบการค้า/พื้นที่ระเบียง,85500,,official_statutory_assessment_rate_not_market_price
117269,39147,เด็อะ ไทเทิ้ล วี,X,83,ภูเก็ต,1,เมืองภูเก็ต,7,ราไวย์,83000000,สำนักงานที่ดินจังหวัดภูเก็ต,4,False,ห้องชุดเพื่อประกอบการค้า/พื้นที่ระเบียง,87200,,official_statutory_assessment_rate_not_market_price
117270,39147,เด็อะ ไทเทิ้ล วี,X,83,ภูเก็ต,1,เมืองภูเก็ต,7,ราไวย์,83000000,สำนักงานที่ดินจังหวัดภูเก็ต,5,False,ห้องชุดเพื่อประกอบการค้า/พื้นที่ระเบียง,89000,,official_statutory_assessment_rate_not_market_price
117271,39147,เด็อะ ไทเทิ้ล วี,Y,83,ภูเก็ต,1,เมืองภูเก็ต,7,ราไวย์,83000000,สำนักงานที่ดินจังหวัดภูเก็ต,1,False,ห้องชุดเพื่อประกอบการค้า/พื้นที่ระเบียง,83000,,official_statutory_assessment_rate_not_market_price
117272,39147,เด็อะ ไทเทิ้ล วี,Y,83,ภูเก็ต,1,เมืองภูเก็ต,7,ราไวย์,83000000,สำนักงานที่ดินจังหวัดภูเก็ต,2,False,ห้องชุดเพื่อประกอบการค้า/พื้นที่ระเบียง,84000,,official_statutory_assessment_rate_not_market_price
117273,39147,เด็อะ ไทเทิ้ล วี,Y,83,ภูเก็ต,1,เมืองภูเก็ต,7,ราไวย์,83000000,สำนักงานที่ดินจังหวัดภูเก็ต,3,False,ห้องชุดเพื่อประกอบการค้า/พื้นที่ระเบียง,85500,,official_statutory_assessment_rate_not_market_price
117274,39147,เด็อะ ไทเทิ้ล วี,Y,83,ภูเก็ต,1,เมืองภูเก็ต,7,ราไวย์,83000000,สำนักงานที่ดินจังหวัดภูเก็ต,4,False,ห้องชุดเพื่อประกอบการค้า/พื้นที่ระเบียง,87200,,official_statutory_assessment_rate_not_market_price
117275,39147,เด็อะ ไทเทิ้ล วี,Y,83,ภูเก็ต,1,เมืองภูเก็ต,7,ราไวย์,83000000,สำนักงานที่ดินจังหวัดภูเก็ต,5,False,ห้องชุดเพื่อประกอบการค้า/พื้นที่ระเบียง,89000,,official_statutory_assessment_rate_not_market_price
117276,34578,อิมพาล่า ราไวย์,-,83,ภูเก็ต,1,เมืองภูเก็ต,7,ราไวย์,83000000,สำนักงานที่ดินจังหวัดภูเก็ต,1,False,ห้องชุดเพื่อประกอบการค้า(ห้องชุดพาณิชยกรรม),39500,,official_statutory_assessment_rate_not_market_price
117277,34578,อิมพาล่า ราไวย์,-,83,ภูเก็ต,1,เมืองภูเก็ต,7,ราไวย์,83000000,สำนักงานที่ดินจังหวัดภูเก็ต,2,False,ห้องชุดพักอาศัยตากอากาศ,33500,,official_statutory_assessment_rate_not_market_price
117278,34578,อิมพาล่า ราไวย์,-,83,ภูเก็ต,1,เมืองภูเก็ต,7,ราไวย์,83000000,สำนักงานที่ดินจังหวัดภูเก็ต,2,False,ระเบียง,16750,,official_statutory_assessment_rate_not_market_price
117279,34578,อิมพาล่า ราไวย์,-,83,ภูเก็ต,1,เมืองภูเก็ต,7,ราไวย์,83000000,สำนักงานที่ดินจังหวัดภูเก็ต,3,False,ห้องชุดพักอาศัยตากอากาศ,34000,,official_statutory_assessment_rate_not_market_price
117280,34578,อิมพาล่า ราไวย์,-,83,ภูเก็ต,1,เมืองภูเก็ต,7,ราไวย์,83000000,สำนักงานที่ดินจังหวัดภูเก็ต,3,False,ระเบียง,17000,,official_statutory_assessment_rate_not_market_price
117281,34578,อิมพาล่า ราไวย์,-,83,ภูเก็ต,1,เมืองภูเก็ต,7,ราไวย์,83000000,สำนักงานที่ดินจังหวัดภูเก็ต,4,False,ห้องชุดพักอาศัยตากอากาศ,34500,,official_statutory_assessment_rate_not_market_price
117282,34578,อิมพาล่า ราไวย์,-,83,ภูเก็ต,1,เมืองภูเก็ต,7,ราไวย์,83000000,สำนักงานที่ดินจังหวัดภูเก็ต,4,False,ระเบียง,17250,,official_statutory_assessment_rate_not_market_price
117283,34574,อันดามันเพลส คอนโดมิเนียม,-,83,ภูเก็ต,1,เมืองภูเก็ต,7,ราไวย์,83000000,สำนักงานที่ดินจังหวัดภูเก็ต,1,False,ห้องชุดพักอาศัยตากอากาศ,22500,,official_statutory_assessment_rate_not_market_price
117284,34574,อันดามันเพลส คอนโดมิเนียม,-,83,ภูเก็ต,1,เมืองภูเก็ต,7,ราไวย์,83000000,สำนักงานที่ดินจังหวัดภูเก็ต,2,False,ห้องชุดพักอาศัยตากอากาศ,23000,,official_statutory_assessment_rate_not_market_price
117285,34574,อันดามันเพลส คอนโดมิเนียม,-,83,ภูเก็ต,1,เมืองภูเก็ต,7,ราไวย์,83000000,สำนักงานที่ดินจังหวัดภูเก็ต,2,False,ระเบียง,11500,,official_statutory_assessment_rate_not_market_price
117286,34574,อันดามันเพลส คอนโดมิเนียม,-,83,ภูเก็ต,1,เมืองภูเก็ต,7,ราไวย์,83000000,สำนักงานที่ดินจังหวัดภูเก็ต,3,False,ห้องชุดพักอาศัยตากอากาศ,23500,,official_statutory_assessment_rate_not_market_price
117287,34574,อันดามันเพลส คอนโดมิเนียม,-,83,ภูเก็ต,1,เมืองภูเก็ต,7,ราไวย์,83000000,สำนักงานที่ดินจังหวัดภูเก็ต,3,False,ระเบียง,11750,,official_statutory_assessment_rate_not_market_price
117288,34574,อันดามันเพลส คอนโดมิเนียม,-,83,ภูเก็ต,1,เมืองภูเก็ต,7,ราไวย์,83000000,สำนักงานที่ดินจังหวัดภูเก็ต,4,False,ห้องชุดพักอาศัยตากอากาศ,24000,,official_statutory_assessment_rate_not_market_price
117289,34574,อันดามันเพลส คอนโดมิเนียม,-,83,ภูเก็ต,1,เมืองภูเก็ต,7,ราไวย์,83000000,สำนักงานที่ดินจังหวัดภูเก็ต,4,False,ระเบียง,12000,,official_statutory_assessment_rate_not_market_price
117290,34574,อันดามันเพลส คอนโดมิเนียม,-,83,ภูเก็ต,1,เมืองภูเก็ต,7,ราไวย์,83000000,สำนักงานที่ดินจังหวัดภูเก็ต,5,False,ห้องชุดพักอาศัยตากอากาศ,24500,,official_statutory_assessment_rate_not_market_price
117291,34574,อันดามันเพลส คอนโดมิเนียม,-,83,ภูเก็ต,1,เมืองภูเก็ต,7,ราไวย์,83000000,สำนักงานที่ดินจังหวัดภูเก็ต,5,False,ระเบียง,12250,,official_statutory_assessment_rate_not_market_price
117292,34571,ออกซิเจน คอนโดมิเนียม,A,83,ภูเก็ต,1,เมืองภูเก็ต,7,ราไวย์,83000000,สำนักงานที่ดินจังหวัดภูเก็ต,"1,2",False,พักอาศัยแบบดูเพล็กซ์,36000,,official_statutory_assessment_rate_not_market_price
117293,34571,ออกซิเจน คอนโดมิเนียม,A,83,ภูเก็ต,1,เมืองภูเก็ต,7,ราไวย์,83000000,สำนักงานที่ดินจังหวัดภูเก็ต,"1,2",False,ระเบียง/สระว่ายน้ำ/พื้นที่จัดสวน,18000,,official_statutory_assessment_rate_not_market_price
117294,34571,ออกซิเจน คอนโดมิเนียม,B,83,ภูเก็ต,1,เมืองภูเก็ต,7,ราไวย์,83000000,สำนักงานที่ดินจังหวัดภูเก็ต,1,False,ห้องชุดพักอาศัย,35000,,official_statutory_assessment_rate_not_market_price
117295,34571,ออกซิเจน คอนโดมิเนียม,B,83,ภูเก็ต,1,เมืองภูเก็ต,7,ราไวย์,83000000,สำนักงานที่ดินจังหวัดภูเก็ต,1,False,ระเบียง/สระว่ายน้ำ/พื้นที่จัดสวน,17500,,official_statutory_assessment_rate_not_market_price
117296,34571,ออกซิเจน คอนโดมิเนียม,B,83,ภูเก็ต,1,เมืองภูเก็ต,7,ราไวย์,83000000,สำนักงานที่ดินจังหวัดภูเก็ต,"1,2",False,พักอาศัยแบบดูเพล็กซ์,36000,,official_statutory_assessment_rate_not_market_price
117297,34571,ออกซิเจน คอนโดมิเนียม,B,83,ภูเก็ต,1,เมืองภูเก็ต,7,ราไวย์,83000000,สำนักงานที่ดินจังหวัดภูเก็ต,"1,2",False,ระเบียง/สระว่ายน้ำ/พื้นที่จัดสวน,18000,,official_statutory_assessment_rate_not_market_price
117298,34571,ออกซิเจน คอนโดมิเนียม,C,83,ภูเก็ต,1,เมืองภูเก็ต,7,ราไวย์,83000000,สำนักงานที่ดินจังหวัดภูเก็ต,1,False,ห้องชุดพักอาศัย,35000,,official_statutory_assessment_rate_not_market_price
117299,34571,ออกซิเจน คอนโดมิเนียม,C,83,ภูเก็ต,1,เมืองภูเก็ต,7,ราไวย์,83000000,สำนักงานที่ดินจังหวัดภูเก็ต,1,False,ระเบียง/สระว่ายน้ำ/พื้นที่จัดสวน,17500,,official_statutory_assessment_rate_not_market_price
117300,34571,ออกซิเจน คอนโดมิเนียม,C,83,ภูเก็ต,1,เมืองภูเก็ต,7,ราไวย์,83000000,สำนักงานที่ดินจังหวัดภูเก็ต,"1,2",False,พักอาศัยแบบดูเพล็กซ์,36000,,official_statutory_assessment_rate_not_market_price
117301,34571,ออกซิเจน คอนโดมิเนียม,C,83,ภูเก็ต,1,เมืองภูเก็ต,7,ราไวย์,83000000,สำนักงานที่ดินจังหวัดภูเก็ต,"1,2",False,ระเบียง/สระว่ายน้ำ/พื้นที่จัดสวน,18000,,official_statutory_assessment_rate_not_market_price
117302,34571,ออกซิเจน คอนโดมิเนียม,D,83,ภูเก็ต,1,เมืองภูเก็ต,7,ราไวย์,83000000,สำนักงานที่ดินจังหวัดภูเก็ต,1,False,ห้องชุดพักอาศัย,35000,,official_statutory_assessment_rate_not_market_price
117303,34571,ออกซิเจน คอนโดมิเนียม,D,83,ภูเก็ต,1,เมืองภูเก็ต,7,ราไวย์,83000000,สำนักงานที่ดินจังหวัดภูเก็ต,1,False,ระเบียง/สระว่ายน้ำ/พื้นที่จัดสวน,17500,,official_statutory_assessment_rate_not_market_price
117304,34571,ออกซิเจน คอนโดมิเนียม,D,83,ภูเก็ต,1,เมืองภูเก็ต,7,ราไวย์,83000000,สำนักงานที่ดินจังหวัดภูเก็ต,"1,2",False,พักอาศัยแบบดูเพล็กซ์,36000,,official_statutory_assessment_rate_not_market_price
117305,34571,ออกซิเจน คอนโดมิเนียม,D,83,ภูเก็ต,1,เมืองภูเก็ต,7,ราไวย์,83000000,สำนักงานที่ดินจังหวัดภูเก็ต,"1,2",False,ระเบียง/สระว่ายน้ำ/พื้นที่จัดสวน,18000,,official_statutory_assessment_rate_not_market_price
117306,34571,ออกซิเจน คอนโดมิเนียม,E,83,ภูเก็ต,1,เมืองภูเก็ต,7,ราไวย์,83000000,สำนักงานที่ดินจังหวัดภูเก็ต,1,False,ห้องชุดพักอาศัย,35000,,official_statutory_assessment_rate_not_market_price
117307,34571,ออกซิเจน คอนโดมิเนียม,E,83,ภูเก็ต,1,เมืองภูเก็ต,7,ราไวย์,83000000,สำนักงานที่ดินจังหวัดภูเก็ต,1,False,ระเบียง/สระว่ายน้ำ/พื้นที่จัดสวน,17500,,official_statutory_assessment_rate_not_market_price
117308,34571,ออกซิเจน คอนโดมิเนียม,E,83,ภูเก็ต,1,เมืองภูเก็ต,7,ราไวย์,83000000,สำนักงานที่ดินจังหวัดภูเก็ต,"1,2",False,พักอาศัยแบบดูเพล็กซ์,36000,,official_statutory_assessment_rate_not_market_price
117309,34571,ออกซิเจน คอนโดมิเนียม,E,83,ภูเก็ต,1,เมืองภูเก็ต,7,ราไวย์,83000000,สำนักงานที่ดินจังหวัดภูเก็ต,"1,2",False,ระเบียง/สระว่ายน้ำ/พื้นที่จัดสวน,18000,,official_statutory_assessment_rate_not_market_price
117310,34406,เดอะ ลาโก้,-,83,ภูเก็ต,1,เมืองภูเก็ต,7,ราไวย์,83000000,สำนักงานที่ดินจังหวัดภูเก็ต,1,False,ห้องชุดพักอาศัยตากอากาศ,47000,,official_statutory_assessment_rate_not_market_price
117311,34406,เดอะ ลาโก้,-,83,ภูเก็ต,1,เมืองภูเก็ต,7,ราไวย์,83000000,สำนักงานที่ดินจังหวัดภูเก็ต,2,False,ห้องชุดพักอาศัยตากอากาศ,47500,,official_statutory_assessment_rate_not_market_price
117312,34406,เดอะ ลาโก้,-,83,ภูเก็ต,1,เมืองภูเก็ต,7,ราไวย์,83000000,สำนักงานที่ดินจังหวัดภูเก็ต,2,False,พื้นที่ระเบียง,23750,,official_statutory_assessment_rate_not_market_price
117313,34406,เดอะ ลาโก้,-,83,ภูเก็ต,1,เมืองภูเก็ต,7,ราไวย์,83000000,สำนักงานที่ดินจังหวัดภูเก็ต,3,False,ห้องชุดพักอาศัยตากอากาศ,48000,,official_statutory_assessment_rate_not_market_price
117314,34406,เดอะ ลาโก้,-,83,ภูเก็ต,1,เมืองภูเก็ต,7,ราไวย์,83000000,สำนักงานที่ดินจังหวัดภูเก็ต,3,False,พื้นที่ระเบียง,24000,,official_statutory_assessment_rate_not_market_price
117315,34406,เดอะ ลาโก้,-,83,ภูเก็ต,1,เมืองภูเก็ต,7,ราไวย์,83000000,สำนักงานที่ดินจังหวัดภูเก็ต,4,False,ห้องชุดพักอาศัยตากอากาศ,48500,,official_statutory_assessment_rate_not_market_price
117316,34406,เดอะ ลาโก้,-,83,ภูเก็ต,1,เมืองภูเก็ต,7,ราไวย์,83000000,สำนักงานที่ดินจังหวัดภูเก็ต,4,False,พื้นที่ระเบียง,24250,,official_statutory_assessment_rate_not_market_price
117317,34433,แซทเทอร์เดย์,A,83,ภูเก็ต,1,เมืองภูเก็ต,7,ราไวย์,83000000,สำนักงานที่ดินจังหวัดภูเก็ต,1,False,ห้องชุดพักอาศัยตากอากาศ,79000,,official_statutory_assessment_rate_not_market_price
117318,34433,แซทเทอร์เดย์,A,83,ภูเก็ต,1,เมืองภูเก็ต,7,ราไวย์,83000000,สำนักงานที่ดินจังหวัดภูเก็ต,1,False,พื้นที่ระเบียง,39500,,official_statutory_assessment_rate_not_market_price
117319,34433,แซทเทอร์เดย์,A,83,ภูเก็ต,1,เมืองภูเก็ต,7,ราไวย์,83000000,สำนักงานที่ดินจังหวัดภูเก็ต,1,False,พื้นที่สวน,39500,,official_statutory_assessment_rate_not_market_price
117320,34433,แซทเทอร์เดย์,A,83,ภูเก็ต,1,เมืองภูเก็ต,7,ราไวย์,83000000,สำนักงานที่ดินจังหวัดภูเก็ต,2,False,ห้องชุดพักอาศัยตากอากาศ,79500,,official_statutory_assessment_rate_not_market_price
117321,34433,แซทเทอร์เดย์,A,83,ภูเก็ต,1,เมืองภูเก็ต,7,ราไวย์,83000000,สำนักงานที่ดินจังหวัดภูเก็ต,2,False,พื้นที่ระเบียง,39750,,official_statutory_assessment_rate_not_market_price
117322,34433,แซทเทอร์เดย์,A,83,ภูเก็ต,1,เมืองภูเก็ต,7,ราไวย์,83000000,สำนักงานที่ดินจังหวัดภูเก็ต,3,False,ห้องชุดพักอาศัยตากอากาศ,80000,,official_statutory_assessment_rate_not_market_price
117323,34433,แซทเทอร์เดย์,A,83,ภูเก็ต,1,เมืองภูเก็ต,7,ราไวย์,83000000,สำนักงานที่ดินจังหวัดภูเก็ต,3,False,พื้นที่ระเบียง,40000,,official_statutory_assessment_rate_not_market_price
117324,34433,แซทเทอร์เดย์,A,83,ภูเก็ต,1,เมืองภูเก็ต,7,ราไวย์,83000000,สำนักงานที่ดินจังหวัดภูเก็ต,4,False,ห้องชุดพักอาศัยตากอากาศ,80500,,official_statutory_assessment_rate_not_market_price
117325,34433,แซทเทอร์เดย์,A,83,ภูเก็ต,1,เมืองภูเก็ต,7,ราไวย์,83000000,สำนักงานที่ดินจังหวัดภูเก็ต,4,False,พื้นที่ระเบียง,40250,,official_statutory_assessment_rate_not_market_price
117326,34433,แซทเทอร์เดย์,B,83,ภูเก็ต,1,เมืองภูเก็ต,7,ราไวย์,83000000,สำนักงานที่ดินจังหวัดภูเก็ต,1,False,ห้องชุดพักอาศัย,79000,,official_statutory_assessment_rate_not_market_price
117327,34433,แซทเทอร์เดย์,B,83,ภูเก็ต,1,เมืองภูเก็ต,7,ราไวย์,83000000,สำนักงานที่ดินจังหวัดภูเก็ต,1,False,ห้องชุดพักอาศัยตากอากาศ,80000,,official_statutory_assessment_rate_not_market_price
117328,34433,แซทเทอร์เดย์,B,83,ภูเก็ต,1,เมืองภูเก็ต,7,ราไวย์,83000000,สำนักงานที่ดินจังหวัดภูเก็ต,1,False,พื้นที่ระเบียง,40000,,official_statutory_assessment_rate_not_market_price
117329,34433,แซทเทอร์เดย์,B,83,ภูเก็ต,1,เมืองภูเก็ต,7,ราไวย์,83000000,สำนักงานที่ดินจังหวัดภูเก็ต,1,False,พื้นที่สวน,40000,,official_statutory_assessment_rate_not_market_price
117330,34433,แซทเทอร์เดย์,B,83,ภูเก็ต,1,เมืองภูเก็ต,7,ราไวย์,83000000,สำนักงานที่ดินจังหวัดภูเก็ต,1,False,พื้นที่ระเบียง,39500,,official_statutory_assessment_rate_not_market_price
117331,34433,แซทเทอร์เดย์,B,83,ภูเก็ต,1,เมืองภูเก็ต,7,ราไวย์,83000000,สำนักงานที่ดินจังหวัดภูเก็ต,1,False,พื้นที่สวน,39500,,official_statutory_assessment_rate_not_market_price
117332,34433,แซทเทอร์เดย์,B,83,ภูเก็ต,1,เมืองภูเก็ต,7,ราไวย์,83000000,สำนักงานที่ดินจังหวัดภูเก็ต,2,False,ห้องชุดพักอาศัยตากอากาศ,79500,,official_statutory_assessment_rate_not_market_price
117333,34433,แซทเทอร์เดย์,B,83,ภูเก็ต,1,เมืองภูเก็ต,7,ราไวย์,83000000,สำนักงานที่ดินจังหวัดภูเก็ต,2,False,พื้นที่ระเบียง,39750,,official_statutory_assessment_rate_not_market_price
117334,34433,แซทเทอร์เดย์,B,83,ภูเก็ต,1,เมืองภูเก็ต,7,ราไวย์,83000000,สำนักงานที่ดินจังหวัดภูเก็ต,3,False,ห้องชุดพักอาศัยตากอากาศ,80000,,official_statutory_assessment_rate_not_market_price
117335,34433,แซทเทอร์เดย์,B,83,ภูเก็ต,1,เมืองภูเก็ต,7,ราไวย์,83000000,สำนักงานที่ดินจังหวัดภูเก็ต,3,False,พื้นที่ระเบียง,40000,,official_statutory_assessment_rate_not_market_price
117336,34433,แซทเทอร์เดย์,B,83,ภูเก็ต,1,เมืองภูเก็ต,7,ราไวย์,83000000,สำนักงานที่ดินจังหวัดภูเก็ต,4,False,ห้องชุดพักอาศัยตากอากาศ,80500,,official_statutory_assessment_rate_not_market_price
117337,34433,แซทเทอร์เดย์,B,83,ภูเก็ต,1,เมืองภูเก็ต,7,ราไวย์,83000000,สำนักงานที่ดินจังหวัดภูเก็ต,4,False,พื้นที่ระเบียง,40250,,official_statutory_assessment_rate_not_market_price
117338,34433,แซทเทอร์เดย์,C,83,ภูเก็ต,1,เมืองภูเก็ต,7,ราไวย์,83000000,สำนักงานที่ดินจังหวัดภูเก็ต,1,False,ห้องชุดเพื่อประกอบการค้า(ห้องชุดพาณิชยกรรม),95000,,official_statutory_assessment_rate_not_market_price
117339,34433,แซทเทอร์เดย์,C,83,ภูเก็ต,1,เมืองภูเก็ต,7,ราไวย์,83000000,สำนักงานที่ดินจังหวัดภูเก็ต,1,False,พื้นที่ระเบียง,47500,,official_statutory_assessment_rate_not_market_price
117340,34433,แซทเทอร์เดย์,C,83,ภูเก็ต,1,เมืองภูเก็ต,7,ราไวย์,83000000,สำนักงานที่ดินจังหวัดภูเก็ต,2,False,ห้องชุดเพื่อประกอบการค้า(ห้องชุดพาณิชยกรรม),94500,,official_statutory_assessment_rate_not_market_price
117341,34433,แซทเทอร์เดย์,C,83,ภูเก็ต,1,เมืองภูเก็ต,7,ราไวย์,83000000,สำนักงานที่ดินจังหวัดภูเก็ต,2,False,พื้นที่ระเบียง,47250,,official_statutory_assessment_rate_not_market_price
117342,34436,แอท เดอะ ทรี คอนโดมิเนียม,-,83,ภูเก็ต,1,เมืองภูเก็ต,7,ราไวย์,83000000,สำนักงานที่ดินจังหวัดภูเก็ต,1,False,ห้องชุดพักอาศัยตากอากาศ,60500,,official_statutory_assessment_rate_not_market_price
117343,34436,แอท เดอะ ทรี คอนโดมิเนียม,-,83,ภูเก็ต,1,เมืองภูเก็ต,7,ราไวย์,83000000,สำนักงานที่ดินจังหวัดภูเก็ต,1,False,พื้นที่ระเบียง,30250,,official_statutory_assessment_rate_not_market_price
117344,34436,แอท เดอะ ทรี คอนโดมิเนียม,-,83,ภูเก็ต,1,เมืองภูเก็ต,7,ราไวย์,83000000,สำนักงานที่ดินจังหวัดภูเก็ต,1,False,พื้นที่ระเบียง/สระว่ายน้ำ,60500,,official_statutory_assessment_rate_not_market_price
117345,34436,แอท เดอะ ทรี คอนโดมิเนียม,-,83,ภูเก็ต,1,เมืองภูเก็ต,7,ราไวย์,83000000,สำนักงานที่ดินจังหวัดภูเก็ต,2,False,ห้องชุดพักอาศัยตากอากาศ,61000,,official_statutory_assessment_rate_not_market_price
117346,34436,แอท เดอะ ทรี คอนโดมิเนียม,-,83,ภูเก็ต,1,เมืองภูเก็ต,7,ราไวย์,83000000,สำนักงานที่ดินจังหวัดภูเก็ต,2,False,พื้นที่ระเบียง,30500,,official_statutory_assessment_rate_not_market_price
117347,34436,แอท เดอะ ทรี คอนโดมิเนียม,-,83,ภูเก็ต,1,เมืองภูเก็ต,7,ราไวย์,83000000,สำนักงานที่ดินจังหวัดภูเก็ต,3,False,ห้องชุดพักอาศัยตากอากาศ,61500,,official_statutory_assessment_rate_not_market_price
117348,34436,แอท เดอะ ทรี คอนโดมิเนียม,-,83,ภูเก็ต,1,เมืองภูเก็ต,7,ราไวย์,83000000,สำนักงานที่ดินจังหวัดภูเก็ต,3,False,พื้นที่ระเบียง,30750,,official_statutory_assessment_rate_not_market_price
117349,34436,แอท เดอะ ทรี คอนโดมิเนียม,-,83,ภูเก็ต,1,เมืองภูเก็ต,7,ราไวย์,83000000,สำนักงานที่ดินจังหวัดภูเก็ต,4,False,ห้องชุดพักอาศัยตากอากาศ,62000,,official_statutory_assessment_rate_not_market_price
117350,34436,แอท เดอะ ทรี คอนโดมิเนียม,-,83,ภูเก็ต,1,เมืองภูเก็ต,7,ราไวย์,83000000,สำนักงานที่ดินจังหวัดภูเก็ต,4,False,พื้นที่ระเบียง,31000,,official_statutory_assessment_rate_not_market_price
117351,34436,แอท เดอะ ทรี คอนโดมิเนียม,-,83,ภูเก็ต,1,เมืองภูเก็ต,7,ราไวย์,83000000,สำนักงานที่ดินจังหวัดภูเก็ต,5,False,ห้องชุดพักอาศัยตากอากาศ,62500,,official_statutory_assessment_rate_not_market_price
117352,34436,แอท เดอะ ทรี คอนโดมิเนียม,-,83,ภูเก็ต,1,เมืองภูเก็ต,7,ราไวย์,83000000,สำนักงานที่ดินจังหวัดภูเก็ต,5,False,พื้นที่ระเบียง,31250,,official_statutory_assessment_rate_not_market_price
117353,34436,แอท เดอะ ทรี คอนโดมิเนียม,-,83,ภูเก็ต,1,เมืองภูเก็ต,7,ราไวย์,83000000,สำนักงานที่ดินจังหวัดภูเก็ต,"2,3",False,ห้องชุดพักอาศัยตากอากาศ,62000,,official_statutory_assessment_rate_not_market_price
117354,34436,แอท เดอะ ทรี คอนโดมิเนียม,-,83,ภูเก็ต,1,เมืองภูเก็ต,7,ราไวย์,83000000,สำนักงานที่ดินจังหวัดภูเก็ต,"2,3",False,พื้นที่ระเบียง/สระว่ายน้ำ,31000,,official_statutory_assessment_rate_not_market_price
117355,34439,โคโค่ ซี คอนโดมิเนียม เฟส 1,A,83,ภูเก็ต,1,เมืองภูเก็ต,7,ราไวย์,83000000,สำนักงานที่ดินจังหวัดภูเก็ต,1,False,ห้องชุดเพื่อประกอบการค้า(ห้องชุดพาณิชยกรรม)ที่มีระเบียงลงสระว่ายน้ำ,125000,,official_statutory_assessment_rate_not_market_price
117356,34439,โคโค่ ซี คอนโดมิเนียม เฟส 1,A,83,ภูเก็ต,1,เมืองภูเก็ต,7,ราไวย์,83000000,สำนักงานที่ดินจังหวัดภูเก็ต,2,False,ห้องชุดเพื่อประกอบการค้า(ห้องชุดพาณิชยกรรม),119100,,official_statutory_assessment_rate_not_market_price
117357,34439,โคโค่ ซี คอนโดมิเนียม เฟส 1,A,83,ภูเก็ต,1,เมืองภูเก็ต,7,ราไวย์,83000000,สำนักงานที่ดินจังหวัดภูเก็ต,3,False,ห้องชุดเพื่อประกอบการค้า(ห้องชุดพาณิชยกรรม),121200,,official_statutory_assessment_rate_not_market_price
117358,34439,โคโค่ ซี คอนโดมิเนียม เฟส 1,A,83,ภูเก็ต,1,เมืองภูเก็ต,7,ราไวย์,83000000,สำนักงานที่ดินจังหวัดภูเก็ต,4,False,ห้องชุดเพื่อประกอบการค้า(ห้องชุดพาณิชยกรรม),123600,,official_statutory_assessment_rate_not_market_price
117359,34439,โคโค่ ซี คอนโดมิเนียม เฟส 1,B,83,ภูเก็ต,1,เมืองภูเก็ต,7,ราไวย์,83000000,สำนักงานที่ดินจังหวัดภูเก็ต,1,False,ห้องชุดเพื่อประกอบการค้า(ห้องชุดพาณิชยกรรม)ที่มีระเบียงลงสระว่ายน้ำ,125000,,official_statutory_assessment_rate_not_market_price
117360,34439,โคโค่ ซี คอนโดมิเนียม เฟส 1,B,83,ภูเก็ต,1,เมืองภูเก็ต,7,ราไวย์,83000000,สำนักงานที่ดินจังหวัดภูเก็ต,2,False,ห้องชุดเพื่อประกอบการค้า(ห้องชุดพาณิชยกรรม),119100,,official_statutory_assessment_rate_not_market_price
117361,34439,โคโค่ ซี คอนโดมิเนียม เฟส 1,B,83,ภูเก็ต,1,เมืองภูเก็ต,7,ราไวย์,83000000,สำนักงานที่ดินจังหวัดภูเก็ต,3,False,ห้องชุดเพื่อประกอบการค้า(ห้องชุดพาณิชยกรรม),121200,,official_statutory_assessment_rate_not_market_price
117362,34439,โคโค่ ซี คอนโดมิเนียม เฟส 1,B,83,ภูเก็ต,1,เมืองภูเก็ต,7,ราไวย์,83000000,สำนักงานที่ดินจังหวัดภูเก็ต,4,False,ห้องชุดเพื่อประกอบการค้า(ห้องชุดพาณิชยกรรม),123600,,official_statutory_assessment_rate_not_market_price
117363,34439,โคโค่ ซี คอนโดมิเนียม เฟส 1,C,83,ภูเก็ต,1,เมืองภูเก็ต,7,ราไวย์,83000000,สำนักงานที่ดินจังหวัดภูเก็ต,1,False,ห้องชุดเพื่อประกอบการค้า(ห้องชุดพาณิชยกรรม)ที่มีระเบียงลงสระว่ายน้ำ,125000,,official_statutory_assessment_rate_not_market_price
117364,34439,โคโค่ ซี คอนโดมิเนียม เฟส 1,C,83,ภูเก็ต,1,เมืองภูเก็ต,7,ราไวย์,83000000,สำนักงานที่ดินจังหวัดภูเก็ต,2,False,ห้องชุดเพื่อประกอบการค้า(ห้องชุดพาณิชยกรรม),119100,,official_statutory_assessment_rate_not_market_price
117365,34439,โคโค่ ซี คอนโดมิเนียม เฟส 1,C,83,ภูเก็ต,1,เมืองภูเก็ต,7,ราไวย์,83000000,สำนักงานที่ดินจังหวัดภูเก็ต,3,False,ห้องชุดเพื่อประกอบการค้า(ห้องชุดพาณิชยกรรม),121200,,official_statutory_assessment_rate_not_market_price
117366,34439,โคโค่ ซี คอนโดมิเนียม เฟส 1,C,83,ภูเก็ต,1,เมืองภูเก็ต,7,ราไวย์,83000000,สำนักงานที่ดินจังหวัดภูเก็ต,4,False,ห้องชุดเพื่อประกอบการค้า(ห้องชุดพาณิชยกรรม),123600,,official_statutory_assessment_rate_not_market_price
117367,34440,โคโค่ ซี คอนโดมิเนี่ยม เฟส 2,E,83,ภูเก็ต,1,เมืองภูเก็ต,7,ราไวย์,83000000,สำนักงานที่ดินจังหวัดภูเก็ต,1,False,ห้องชุดเพื่อประกอบการค้า(ห้องชุดพาณิชยกรรม)ที่มีระเบียงลงสระว่ายน้ำ/พื้นที่ระเบียง,153100,,official_statutory_assessment_rate_not_market_price
117368,34440,โคโค่ ซี คอนโดมิเนี่ยม เฟส 2,E,83,ภูเก็ต,1,เมืองภูเก็ต,7,ราไวย์,83000000,สำนักงานที่ดินจังหวัดภูเก็ต,2,False,ห้องชุดเพื่อประกอบการค้า(ห้องชุดพาณิชยกรรม)/พื้นที่ระเบียง,137800,,official_statutory_assessment_rate_not_market_price
117369,34440,โคโค่ ซี คอนโดมิเนี่ยม เฟส 2,E,83,ภูเก็ต,1,เมืองภูเก็ต,7,ราไวย์,83000000,สำนักงานที่ดินจังหวัดภูเก็ต,3,False,ห้องชุดเพื่อประกอบการค้า(ห้องชุดพาณิชยกรรม)/พื้นที่ระเบียง,140200,,official_statutory_assessment_rate_not_market_price
117370,34440,โคโค่ ซี คอนโดมิเนี่ยม เฟส 2,E,83,ภูเก็ต,1,เมืองภูเก็ต,7,ราไวย์,83000000,สำนักงานที่ดินจังหวัดภูเก็ต,4,False,ห้องชุดเพื่อประกอบการค้า(ห้องชุดพาณิชยกรรม)/พื้นที่ระเบียง,143000,,official_statutory_assessment_rate_not_market_price
117371,34440,โคโค่ ซี คอนโดมิเนี่ยม เฟส 2,F,83,ภูเก็ต,1,เมืองภูเก็ต,7,ราไวย์,83000000,สำนักงานที่ดินจังหวัดภูเก็ต,1,False,ห้องชุดเพื่อประกอบการค้า(ห้องชุดพาณิชยกรรม)ที่มีระเบียงลงสระว่ายน้ำ/พื้นที่ระเบียง,153100,,official_statutory_assessment_rate_not_market_price
117372,34440,โคโค่ ซี คอนโดมิเนี่ยม เฟส 2,F,83,ภูเก็ต,1,เมืองภูเก็ต,7,ราไวย์,83000000,สำนักงานที่ดินจังหวัดภูเก็ต,2,False,ห้องชุดเพื่อประกอบการค้า(ห้องชุดพาณิชยกรรม)/พื้นที่ระเบียง,137800,,official_statutory_assessment_rate_not_market_price
117373,34440,โคโค่ ซี คอนโดมิเนี่ยม เฟส 2,F,83,ภูเก็ต,1,เมืองภูเก็ต,7,ราไวย์,83000000,สำนักงานที่ดินจังหวัดภูเก็ต,3,False,ห้องชุดเพื่อประกอบการค้า(ห้องชุดพาณิชยกรรม)/พื้นที่ระเบียง,140200,,official_statutory_assessment_rate_not_market_price
117374,34440,โคโค่ ซี คอนโดมิเนี่ยม เฟส 2,F,83,ภูเก็ต,1,เมืองภูเก็ต,7,ราไวย์,83000000,สำนักงานที่ดินจังหวัดภูเก็ต,4,False,ห้องชุดเพื่อประกอบการค้า(ห้องชุดพาณิชยกรรม)/พื้นที่ระเบียง,143000,,official_statutory_assessment_rate_not_market_price
117375,34440,โคโค่ ซี คอนโดมิเนี่ยม เฟส 2,G,83,ภูเก็ต,1,เมืองภูเก็ต,7,ราไวย์,83000000,สำนักงานที่ดินจังหวัดภูเก็ต,1,False,ห้องชุดเพื่อประกอบการค้า(ห้องชุดพาณิชยกรรม)ที่มีระเบียงลงสระว่ายน้ำ/พื้นที่ระเบียง,153100,,official_statutory_assessment_rate_not_market_price
117376,34440,โคโค่ ซี คอนโดมิเนี่ยม เฟส 2,G,83,ภูเก็ต,1,เมืองภูเก็ต,7,ราไวย์,83000000,สำนักงานที่ดินจังหวัดภูเก็ต,2,False,ห้องชุดเพื่อประกอบการค้า(ห้องชุดพาณิชยกรรม)/พื้นที่ระเบียง,137800,,official_statutory_assessment_rate_not_market_price
117377,34440,โคโค่ ซี คอนโดมิเนี่ยม เฟส 2,G,83,ภูเก็ต,1,เมืองภูเก็ต,7,ราไวย์,83000000,สำนักงานที่ดินจังหวัดภูเก็ต,3,False,ห้องชุดเพื่อประกอบการค้า(ห้องชุดพาณิชยกรรม)/พื้นที่ระเบียง,140200,,official_statutory_assessment_rate_not_market_price
117378,34440,โคโค่ ซี คอนโดมิเนี่ยม เฟส 2,G,83,ภูเก็ต,1,เมืองภูเก็ต,7,ราไวย์,83000000,สำนักงานที่ดินจังหวัดภูเก็ต,4,False,ห้องชุดเพื่อประกอบการค้า(ห้องชุดพาณิชยกรรม)/พื้นที่ระเบียง,143000,,official_statutory_assessment_rate_not_market_price
117379,34440,โคโค่ ซี คอนโดมิเนี่ยม เฟส 2,H,83,ภูเก็ต,1,เมืองภูเก็ต,7,ราไวย์,83000000,สำนักงานที่ดินจังหวัดภูเก็ต,1,False,ห้องชุดเพื่อประกอบการค้า(ห้องชุดพาณิชยกรรม)ที่มีระเบียงลงสระว่ายน้ำ/พื้นที่ระเบียง,153100,,official_statutory_assessment_rate_not_market_price
117380,34440,โคโค่ ซี คอนโดมิเนี่ยม เฟส 2,H,83,ภูเก็ต,1,เมืองภูเก็ต,7,ราไวย์,83000000,สำนักงานที่ดินจังหวัดภูเก็ต,2,False,ห้องชุดเพื่อประกอบการค้า(ห้องชุดพาณิชยกรรม)/พื้นที่ระเบียง,137800,,official_statutory_assessment_rate_not_market_price
117381,34440,โคโค่ ซี คอนโดมิเนี่ยม เฟส 2,H,83,ภูเก็ต,1,เมืองภูเก็ต,7,ราไวย์,83000000,สำนักงานที่ดินจังหวัดภูเก็ต,3,False,ห้องชุดเพื่อประกอบการค้า(ห้องชุดพาณิชยกรรม)/พื้นที่ระเบียง,140200,,official_statutory_assessment_rate_not_market_price
117382,34440,โคโค่ ซี คอนโดมิเนี่ยม เฟส 2,H,83,ภูเก็ต,1,เมืองภูเก็ต,7,ราไวย์,83000000,สำนักงานที่ดินจังหวัดภูเก็ต,4,False,ห้องชุดเพื่อประกอบการค้า(ห้องชุดพาณิชยกรรม)/พื้นที่ระเบียง,143000,,official_statutory_assessment_rate_not_market_price
117383,34440,โคโค่ ซี คอนโดมิเนี่ยม เฟส 2,I,83,ภูเก็ต,1,เมืองภูเก็ต,7,ราไวย์,83000000,สำนักงานที่ดินจังหวัดภูเก็ต,1,False,ห้องชุดเพื่อประกอบการค้า(ห้องชุดพาณิชยกรรม)ที่มีระเบียงลงสระว่ายน้ำ/พื้นที่ระเบียง,153100,,official_statutory_assessment_rate_not_market_price
117384,34440,โคโค่ ซี คอนโดมิเนี่ยม เฟส 2,I,83,ภูเก็ต,1,เมืองภูเก็ต,7,ราไวย์,83000000,สำนักงานที่ดินจังหวัดภูเก็ต,2,False,ห้องชุดเพื่อประกอบการค้า(ห้องชุดพาณิชยกรรม)/พื้นที่ระเบียง,137800,,official_statutory_assessment_rate_not_market_price
117385,34440,โคโค่ ซี คอนโดมิเนี่ยม เฟส 2,I,83,ภูเก็ต,1,เมืองภูเก็ต,7,ราไวย์,83000000,สำนักงานที่ดินจังหวัดภูเก็ต,3,False,ห้องชุดเพื่อประกอบการค้า(ห้องชุดพาณิชยกรรม)/พื้นที่ระเบียง,140200,,official_statutory_assessment_rate_not_market_price
117386,34440,โคโค่ ซี คอนโดมิเนี่ยม เฟส 2,I,83,ภูเก็ต,1,เมืองภูเก็ต,7,ราไวย์,83000000,สำนักงานที่ดินจังหวัดภูเก็ต,4,False,ห้องชุดเพื่อประกอบการค้า(ห้องชุดพาณิชยกรรม)/พื้นที่ระเบียง,143000,,official_statutory_assessment_rate_not_market_price
117387,34414,เดอะแซนด์,A,83,ภูเก็ต,1,เมืองภูเก็ต,7,ราไวย์,83000000,สำนักงานที่ดินจังหวัดภูเก็ต,1,False,ห้องชุดพักอาศัย,45000,,official_statutory_assessment_rate_not_market_price
117388,34414,เดอะแซนด์,A,83,ภูเก็ต,1,เมืองภูเก็ต,7,ราไวย์,83000000,สำนักงานที่ดินจังหวัดภูเก็ต,1,False,ระเบียง,22500,,official_statutory_assessment_rate_not_market_price
117389,34414,เดอะแซนด์,A,83,ภูเก็ต,1,เมืองภูเก็ต,7,ราไวย์,83000000,สำนักงานที่ดินจังหวัดภูเก็ต,2,False,ห้องชุดพักอาศัย,44500,,official_statutory_assessment_rate_not_market_price
117390,34414,เดอะแซนด์,A,83,ภูเก็ต,1,เมืองภูเก็ต,7,ราไวย์,83000000,สำนักงานที่ดินจังหวัดภูเก็ต,2,False,ระเบียง,22250,,official_statutory_assessment_rate_not_market_price
117391,34414,เดอะแซนด์,A,83,ภูเก็ต,1,เมืองภูเก็ต,7,ราไวย์,83000000,สำนักงานที่ดินจังหวัดภูเก็ต,3,False,ห้องชุดพักอาศัย,45000,,official_statutory_assessment_rate_not_market_price
117392,34414,เดอะแซนด์,A,83,ภูเก็ต,1,เมืองภูเก็ต,7,ราไวย์,83000000,สำนักงานที่ดินจังหวัดภูเก็ต,3,False,ระเบียง,22500,,official_statutory_assessment_rate_not_market_price
117393,34414,เดอะแซนด์,A,83,ภูเก็ต,1,เมืองภูเก็ต,7,ราไวย์,83000000,สำนักงานที่ดินจังหวัดภูเก็ต,4,False,ห้องชุดพักอาศัย,45500,,official_statutory_assessment_rate_not_market_price
117394,34414,เดอะแซนด์,A,83,ภูเก็ต,1,เมืองภูเก็ต,7,ราไวย์,83000000,สำนักงานที่ดินจังหวัดภูเก็ต,4,False,ระเบียง,22750,,official_statutory_assessment_rate_not_market_price
117395,34414,เดอะแซนด์,B,83,ภูเก็ต,1,เมืองภูเก็ต,7,ราไวย์,83000000,สำนักงานที่ดินจังหวัดภูเก็ต,1,False,ห้องชุดพักอาศัย,45000,,official_statutory_assessment_rate_not_market_price
117396,34414,เดอะแซนด์,B,83,ภูเก็ต,1,เมืองภูเก็ต,7,ราไวย์,83000000,สำนักงานที่ดินจังหวัดภูเก็ต,1,False,ระเบียง,22500,,official_statutory_assessment_rate_not_market_price
117397,34414,เดอะแซนด์,B,83,ภูเก็ต,1,เมืองภูเก็ต,7,ราไวย์,83000000,สำนักงานที่ดินจังหวัดภูเก็ต,2,False,ห้องชุดพักอาศัย,44500,,official_statutory_assessment_rate_not_market_price
117398,34414,เดอะแซนด์,B,83,ภูเก็ต,1,เมืองภูเก็ต,7,ราไวย์,83000000,สำนักงานที่ดินจังหวัดภูเก็ต,2,False,ระเบียง,22250,,official_statutory_assessment_rate_not_market_price
117399,34414,เดอะแซนด์,B,83,ภูเก็ต,1,เมืองภูเก็ต,7,ราไวย์,83000000,สำนักงานที่ดินจังหวัดภูเก็ต,3,False,ห้องชุดพักอาศัย,45000,,official_statutory_assessment_rate_not_market_price
117400,34414,เดอะแซนด์,B,83,ภูเก็ต,1,เมืองภูเก็ต,7,ราไวย์,83000000,สำนักงานที่ดินจังหวัดภูเก็ต,3,False,ระเบียง,22500,,official_statutory_assessment_rate_not_market_price
117401,34414,เดอะแซนด์,B,83,ภูเก็ต,1,เมืองภูเก็ต,7,ราไวย์,83000000,สำนักงานที่ดินจังหวัดภูเก็ต,4,False,ห้องชุดพักอาศัย,45500,,official_statutory_assessment_rate_not_market_price
117402,34414,เดอะแซนด์,B,83,ภูเก็ต,1,เมืองภูเก็ต,7,ราไวย์,83000000,สำนักงานที่ดินจังหวัดภูเก็ต,4,False,ระเบียง,22750,,official_statutory_assessment_rate_not_market_price
117403,34414,เดอะแซนด์,C,83,ภูเก็ต,1,เมืองภูเก็ต,7,ราไวย์,83000000,สำนักงานที่ดินจังหวัดภูเก็ต,2,False,ห้องชุดพักอาศัย,30000,,official_statutory_assessment_rate_not_market_price
117404,34414,เดอะแซนด์,C,83,ภูเก็ต,1,เมืองภูเก็ต,7,ราไวย์,83000000,สำนักงานที่ดินจังหวัดภูเก็ต,2,False,ระเบียง,15000,,official_statutory_assessment_rate_not_market_price
117405,34447,ในหาน ซี คอนโดมิเนี่ยม,-,83,ภูเก็ต,1,เมืองภูเก็ต,7,ราไวย์,83000000,สำนักงานที่ดินจังหวัดภูเก็ต,1,False,ห้องชุดพักอาศัยตากอากาศ/พื้นที่ระเบียง,68000,,official_statutory_assessment_rate_not_market_price
117406,34447,ในหาน ซี คอนโดมิเนี่ยม,-,83,ภูเก็ต,1,เมืองภูเก็ต,7,ราไวย์,83000000,สำนักงานที่ดินจังหวัดภูเก็ต,2,False,ห้องชุดพักอาศัยตากอากาศ/พื้นที่ระเบียง,68900,,official_statutory_assessment_rate_not_market_price
117407,34447,ในหาน ซี คอนโดมิเนี่ยม,-,83,ภูเก็ต,1,เมืองภูเก็ต,7,ราไวย์,83000000,สำนักงานที่ดินจังหวัดภูเก็ต,3,False,ห้องชุดพักอาศัยตากอากาศ/พื้นที่ระเบียง,70100,,official_statutory_assessment_rate_not_market_price
117408,34447,ในหาน ซี คอนโดมิเนี่ยม,-,83,ภูเก็ต,1,เมืองภูเก็ต,7,ราไวย์,83000000,สำนักงานที่ดินจังหวัดภูเก็ต,4,False,ห้องชุดพักอาศัยตากอากาศ/พื้นที่ระเบียง,71500,,official_statutory_assessment_rate_not_market_price
117409,34447,ในหาน ซี คอนโดมิเนี่ยม,-,83,ภูเก็ต,1,เมืองภูเก็ต,7,ราไวย์,83000000,สำนักงานที่ดินจังหวัดภูเก็ต,5,False,ห้องชุดพักอาศัยตากอากาศ/พื้นที่ระเบียง,73000,,official_statutory_assessment_rate_not_market_price
117410,34447,ในหาน ซี คอนโดมิเนี่ยม,-,83,ภูเก็ต,1,เมืองภูเก็ต,7,ราไวย์,83000000,สำนักงานที่ดินจังหวัดภูเก็ต,6,False,ห้องชุดพักอาศัยตากอากาศ/พื้นที่ระเบียง,74600,,official_statutory_assessment_rate_not_market_price
117411,34447,ในหาน ซี คอนโดมิเนี่ยม,-,83,ภูเก็ต,1,เมืองภูเก็ต,7,ราไวย์,83000000,สำนักงานที่ดินจังหวัดภูเก็ต,7,False,ห้องชุดพักอาศัยตากอากาศ/พื้นที่ระเบียง,76300,,official_statutory_assessment_rate_not_market_price
117412,34447,ในหาน ซี คอนโดมิเนี่ยม,-,83,ภูเก็ต,1,เมืองภูเก็ต,7,ราไวย์,83000000,สำนักงานที่ดินจังหวัดภูเก็ต,8,False,ห้องชุดพักอาศัยตากอากาศ/พื้นที่ระเบียง,78000,,official_statutory_assessment_rate_not_market_price
117413,34448,ในหาน บีช คอนโดมิเนี่ยม,A,83,ภูเก็ต,1,เมืองภูเก็ต,7,ราไวย์,83000000,สำนักงานที่ดินจังหวัดภูเก็ต,7,False,พื้นที่ระเบียง,39250,,official_statutory_assessment_rate_not_market_price
117414,34448,ในหาน บีช คอนโดมิเนี่ยม,A,83,ภูเก็ต,1,เมืองภูเก็ต,7,ราไวย์,83000000,สำนักงานที่ดินจังหวัดภูเก็ต,7,False,พักอาศัยตากอากาศเพ้นท์เฮ้าส์,78500,,official_statutory_assessment_rate_not_market_price
117415,34448,ในหาน บีช คอนโดมิเนี่ยม,A,83,ภูเก็ต,1,เมืองภูเก็ต,7,ราไวย์,83000000,สำนักงานที่ดินจังหวัดภูเก็ต,1-ก.พ.,True,ห้องชุดพักอาศัยตากอากาศ,76000,,official_statutory_assessment_rate_not_market_price
117416,34448,ในหาน บีช คอนโดมิเนี่ยม,A,83,ภูเก็ต,1,เมืองภูเก็ต,7,ราไวย์,83000000,สำนักงานที่ดินจังหวัดภูเก็ต,1-ก.พ.,True,พื้นที่ระเบียง,38000,,official_statutory_assessment_rate_not_market_price
117417,34448,ในหาน บีช คอนโดมิเนี่ยม,A,83,ภูเก็ต,1,เมืองภูเก็ต,7,ราไวย์,83000000,สำนักงานที่ดินจังหวัดภูเก็ต,3-เม.ย.,True,ห้องชุดพักอาศัยตากอากาศ,76500,,official_statutory_assessment_rate_not_market_price
117418,34448,ในหาน บีช คอนโดมิเนี่ยม,A,83,ภูเก็ต,1,เมืองภูเก็ต,7,ราไวย์,83000000,สำนักงานที่ดินจังหวัดภูเก็ต,3-เม.ย.,True,พื้นที่ระเบียง,38250,,official_statutory_assessment_rate_not_market_price
117419,34448,ในหาน บีช คอนโดมิเนี่ยม,A,83,ภูเก็ต,1,เมืองภูเก็ต,7,ราไวย์,83000000,สำนักงานที่ดินจังหวัดภูเก็ต,5-มิ.ย.,True,ห้องชุดพักอาศัยตากอากาศ,77000,,official_statutory_assessment_rate_not_market_price
117420,34448,ในหาน บีช คอนโดมิเนี่ยม,A,83,ภูเก็ต,1,เมืองภูเก็ต,7,ราไวย์,83000000,สำนักงานที่ดินจังหวัดภูเก็ต,5-มิ.ย.,True,พื้นที่ระเบียง,38500,,official_statutory_assessment_rate_not_market_price
117421,34448,ในหาน บีช คอนโดมิเนี่ยม,B,83,ภูเก็ต,1,เมืองภูเก็ต,7,ราไวย์,83000000,สำนักงานที่ดินจังหวัดภูเก็ต,7,False,พื้นที่ระเบียง,39250,,official_statutory_assessment_rate_not_market_price
117422,34448,ในหาน บีช คอนโดมิเนี่ยม,B,83,ภูเก็ต,1,เมืองภูเก็ต,7,ราไวย์,83000000,สำนักงานที่ดินจังหวัดภูเก็ต,7,False,พักอาศัยตากอากาศเพ้นท์เฮ้าส์,78500,,official_statutory_assessment_rate_not_market_price
117423,34448,ในหาน บีช คอนโดมิเนี่ยม,B,83,ภูเก็ต,1,เมืองภูเก็ต,7,ราไวย์,83000000,สำนักงานที่ดินจังหวัดภูเก็ต,1-ก.พ.,True,ห้องชุดพักอาศัยตากอากาศ,76000,,official_statutory_assessment_rate_not_market_price
117424,34448,ในหาน บีช คอนโดมิเนี่ยม,B,83,ภูเก็ต,1,เมืองภูเก็ต,7,ราไวย์,83000000,สำนักงานที่ดินจังหวัดภูเก็ต,1-ก.พ.,True,พื้นที่ระเบียง,38000,,official_statutory_assessment_rate_not_market_price
117425,34448,ในหาน บีช คอนโดมิเนี่ยม,B,83,ภูเก็ต,1,เมืองภูเก็ต,7,ราไวย์,83000000,สำนักงานที่ดินจังหวัดภูเก็ต,3-เม.ย.,True,ห้องชุดพักอาศัยตากอากาศ,76500,,official_statutory_assessment_rate_not_market_price
117426,34448,ในหาน บีช คอนโดมิเนี่ยม,B,83,ภูเก็ต,1,เมืองภูเก็ต,7,ราไวย์,83000000,สำนักงานที่ดินจังหวัดภูเก็ต,3-เม.ย.,True,พื้นที่ระเบียง,38250,,official_statutory_assessment_rate_not_market_price
117427,34448,ในหาน บีช คอนโดมิเนี่ยม,B,83,ภูเก็ต,1,เมืองภูเก็ต,7,ราไวย์,83000000,สำนักงานที่ดินจังหวัดภูเก็ต,5-มิ.ย.,True,ห้องชุดพักอาศัยตากอากาศ,77000,,official_statutory_assessment_rate_not_market_price
117428,34448,ในหาน บีช คอนโดมิเนี่ยม,B,83,ภูเก็ต,1,เมืองภูเก็ต,7,ราไวย์,83000000,สำนักงานที่ดินจังหวัดภูเก็ต,5-มิ.ย.,True,พื้นที่ระเบียง,38500,,official_statutory_assessment_rate_not_market_price
117429,34449,ในหาน รีไลฟ์,-,83,ภูเก็ต,1,เมืองภูเก็ต,7,ราไวย์,83000000,สำนักงานที่ดินจังหวัดภูเก็ต,1,False,ห้องชุดพักอาศัยตากอากาศ,79000,,official_statutory_assessment_rate_not_market_price
117430,34449,ในหาน รีไลฟ์,-,83,ภูเก็ต,1,เมืองภูเก็ต,7,ราไวย์,83000000,สำนักงานที่ดินจังหวัดภูเก็ต,1,False,ห้องชุดเพื่อประกอบการค้า(ห้องชุดพาณิชยกรรม),93500,,official_statutory_assessment_rate_not_market_price
117431,34449,ในหาน รีไลฟ์,-,83,ภูเก็ต,1,เมืองภูเก็ต,7,ราไวย์,83000000,สำนักงานที่ดินจังหวัดภูเก็ต,1,False,พื้นที่ระเบียง,39500,,official_statutory_assessment_rate_not_market_price
117432,34449,ในหาน รีไลฟ์,-,83,ภูเก็ต,1,เมืองภูเก็ต,7,ราไวย์,83000000,สำนักงานที่ดินจังหวัดภูเก็ต,1,False,พื้นที่ระเบียง,46750,,official_statutory_assessment_rate_not_market_price
117433,34449,ในหาน รีไลฟ์,-,83,ภูเก็ต,1,เมืองภูเก็ต,7,ราไวย์,83000000,สำนักงานที่ดินจังหวัดภูเก็ต,5,False,ห้องชุดพักอาศัยตากอากาศ,79000,,official_statutory_assessment_rate_not_market_price
117434,34449,ในหาน รีไลฟ์,-,83,ภูเก็ต,1,เมืองภูเก็ต,7,ราไวย์,83000000,สำนักงานที่ดินจังหวัดภูเก็ต,5,False,พื้นที่ระเบียง,39500,,official_statutory_assessment_rate_not_market_price
117435,34449,ในหาน รีไลฟ์,-,83,ภูเก็ต,1,เมืองภูเก็ต,7,ราไวย์,83000000,สำนักงานที่ดินจังหวัดภูเก็ต,6,False,พื้นที่ระเบียง,40000,,official_statutory_assessment_rate_not_market_price
117436,34449,ในหาน รีไลฟ์,-,83,ภูเก็ต,1,เมืองภูเก็ต,7,ราไวย์,83000000,สำนักงานที่ดินจังหวัดภูเก็ต,6,False,พักอาศัยตากอากาศเพ้นท์เฮ้าส์,80000,,official_statutory_assessment_rate_not_market_price
117437,34449,ในหาน รีไลฟ์,-,83,ภูเก็ต,1,เมืองภูเก็ต,7,ราไวย์,83000000,สำนักงานที่ดินจังหวัดภูเก็ต,1-ก.พ.,True,ห้องชุดพักอาศัยตากอากาศ,78000,,official_statutory_assessment_rate_not_market_price
117438,34449,ในหาน รีไลฟ์,-,83,ภูเก็ต,1,เมืองภูเก็ต,7,ราไวย์,83000000,สำนักงานที่ดินจังหวัดภูเก็ต,1-ก.พ.,True,พื้นที่ระเบียง,39000,,official_statutory_assessment_rate_not_market_price
117439,34449,ในหาน รีไลฟ์,-,83,ภูเก็ต,1,เมืองภูเก็ต,7,ราไวย์,83000000,สำนักงานที่ดินจังหวัดภูเก็ต,3-เม.ย.,True,ห้องชุดพักอาศัยตากอากาศ,78500,,official_statutory_assessment_rate_not_market_price
117440,34449,ในหาน รีไลฟ์,-,83,ภูเก็ต,1,เมืองภูเก็ต,7,ราไวย์,83000000,สำนักงานที่ดินจังหวัดภูเก็ต,3-เม.ย.,True,พื้นที่ระเบียง,39250,,official_statutory_assessment_rate_not_market_price
117441,34450,ใสยวนบุรี,-,83,ภูเก็ต,1,เมืองภูเก็ต,7,ราไวย์,83000000,สำนักงานที่ดินจังหวัดภูเก็ต,1,False,ห้องชุดเพื่อประกอบการค้า(ห้องชุดพาณิชยกรรม),49000,,official_statutory_assessment_rate_not_market_price
117442,34450,ใสยวนบุรี,-,83,ภูเก็ต,1,เมืองภูเก็ต,7,ราไวย์,83000000,สำนักงานที่ดินจังหวัดภูเก็ต,2,False,ห้องชุดพักอาศัยตากอากาศ,41000,,official_statutory_assessment_rate_not_market_price
117443,34450,ใสยวนบุรี,-,83,ภูเก็ต,1,เมืองภูเก็ต,7,ราไวย์,83000000,สำนักงานที่ดินจังหวัดภูเก็ต,2,False,พื้นที่ระเบียง,20500,,official_statutory_assessment_rate_not_market_price
117444,34450,ใสยวนบุรี,-,83,ภูเก็ต,1,เมืองภูเก็ต,7,ราไวย์,83000000,สำนักงานที่ดินจังหวัดภูเก็ต,7,False,ห้องชุดพักอาศัยตากอากาศ,42500,,official_statutory_assessment_rate_not_market_price
117445,34450,ใสยวนบุรี,-,83,ภูเก็ต,1,เมืองภูเก็ต,7,ราไวย์,83000000,สำนักงานที่ดินจังหวัดภูเก็ต,7,False,พื้นที่ระเบียง,21250,,official_statutory_assessment_rate_not_market_price
117446,34450,ใสยวนบุรี,-,83,ภูเก็ต,1,เมืองภูเก็ต,7,ราไวย์,83000000,สำนักงานที่ดินจังหวัดภูเก็ต,3-เม.ย.,True,ห้องชุดพักอาศัยตากอากาศ,41500,,official_statutory_assessment_rate_not_market_price
117447,34450,ใสยวนบุรี,-,83,ภูเก็ต,1,เมืองภูเก็ต,7,ราไวย์,83000000,สำนักงานที่ดินจังหวัดภูเก็ต,3-เม.ย.,True,พื้นที่ระเบียง,20750,,official_statutory_assessment_rate_not_market_price
117448,34450,ใสยวนบุรี,-,83,ภูเก็ต,1,เมืองภูเก็ต,7,ราไวย์,83000000,สำนักงานที่ดินจังหวัดภูเก็ต,5-มิ.ย.,True,ห้องชุดพักอาศัยตากอากาศ,42000,,official_statutory_assessment_rate_not_market_price
117449,34450,ใสยวนบุรี,-,83,ภูเก็ต,1,เมืองภูเก็ต,7,ราไวย์,83000000,สำนักงานที่ดินจังหวัดภูเก็ต,5-มิ.ย.,True,พื้นที่ระเบียง,21000,,official_statutory_assessment_rate_not_market_price
117450,40395,พันโดร่า เรสซิเดนซ์,แอล,83,ภูเก็ต,1,เมืองภูเก็ต,7,ราไวย์,83000000,สำนักงานที่ดินจังหวัดภูเก็ต,1,False,ที่จอดรถยนต์ส่วนบุคคล ,57100,,official_statutory_assessment_rate_not_market_price
117451,40395,พันโดร่า เรสซิเดนซ์,แอล,83,ภูเก็ต,1,เมืองภูเก็ต,7,ราไวย์,83000000,สำนักงานที่ดินจังหวัดภูเก็ต,"1,2,3,4",False,ห้องชุดพักอาศัยตากอากาศแบบ 4 ชั้นควบ,57100,,official_statutory_assessment_rate_not_market_price
117452,40395,พันโดร่า เรสซิเดนซ์,พี,83,ภูเก็ต,1,เมืองภูเก็ต,7,ราไวย์,83000000,สำนักงานที่ดินจังหวัดภูเก็ต,"1,2",False,ห้องชุดพักอาศัยตากอากาศแบบ 2 ชั้นควบ,80600,,official_statutory_assessment_rate_not_market_price
117453,24530,เพิร์ล คอนโดมิเนี่ยม,-,83,ภูเก็ต,1,เมืองภูเก็ต,7,ราไวย์,83000000,สำนักงานที่ดินจังหวัดภูเก็ต,1,False,พักอาศัยตากอากาศ/พื้นที่ระเบียง,68000,,official_statutory_assessment_rate_not_market_price
117454,24530,เพิร์ล คอนโดมิเนี่ยม,-,83,ภูเก็ต,1,เมืองภูเก็ต,7,ราไวย์,83000000,สำนักงานที่ดินจังหวัดภูเก็ต,2,False,พักอาศัยตากอากาศ/พื้นที่ระเบียง,68900,,official_statutory_assessment_rate_not_market_price
117455,24530,เพิร์ล คอนโดมิเนี่ยม,-,83,ภูเก็ต,1,เมืองภูเก็ต,7,ราไวย์,83000000,สำนักงานที่ดินจังหวัดภูเก็ต,3,False,พักอาศัยตากอากาศ/พื้นที่ระเบียง,70100,,official_statutory_assessment_rate_not_market_price
117456,24530,เพิร์ล คอนโดมิเนี่ยม,-,83,ภูเก็ต,1,เมืองภูเก็ต,7,ราไวย์,83000000,สำนักงานที่ดินจังหวัดภูเก็ต,4,False,พักอาศัยตากอากาศ/พื้นที่ระเบียง,71500,,official_statutory_assessment_rate_not_market_price
117457,24530,เพิร์ล คอนโดมิเนี่ยม,-,83,ภูเก็ต,1,เมืองภูเก็ต,7,ราไวย์,83000000,สำนักงานที่ดินจังหวัดภูเก็ต,5,False,พักอาศัยตากอากาศ/พื้นที่ระเบียง,73000,,official_statutory_assessment_rate_not_market_price
117458,24530,เพิร์ล คอนโดมิเนี่ยม,-,83,ภูเก็ต,1,เมืองภูเก็ต,7,ราไวย์,83000000,สำนักงานที่ดินจังหวัดภูเก็ต,6,False,พักอาศัยตากอากาศ/พื้นที่ระเบียง,74600,,official_statutory_assessment_rate_not_market_price
117459,24530,เพิร์ล คอนโดมิเนี่ยม,-,83,ภูเก็ต,1,เมืองภูเก็ต,7,ราไวย์,83000000,สำนักงานที่ดินจังหวัดภูเก็ต,7,False,พักอาศัยตากอากาศ/พื้นที่ระเบียง,76300,,official_statutory_assessment_rate_not_market_price
117460,24530,เพิร์ล คอนโดมิเนี่ยม,-,83,ภูเก็ต,1,เมืองภูเก็ต,7,ราไวย์,83000000,สำนักงานที่ดินจังหวัดภูเก็ต,8,False,พักอาศัยตากอากาศ/พื้นที่ระเบียง,78000,,official_statutory_assessment_rate_not_market_price
117461,34474,คาลิปโซ่ การ์เด้น เรสซิเด้นซ์เซ็ส,-,83,ภูเก็ต,1,เมืองภูเก็ต,7,ราไวย์,83000000,สำนักงานที่ดินจังหวัดภูเก็ต,1,False,ห้องชุดเพื่อประกอบการค้า(ห้องชุดพาณิชยกรรม)/พื้นที่ระเบียง,83500,,official_statutory_assessment_rate_not_market_price
117462,34474,คาลิปโซ่ การ์เด้น เรสซิเด้นซ์เซ็ส,-,83,ภูเก็ต,1,เมืองภูเก็ต,7,ราไวย์,83000000,สำนักงานที่ดินจังหวัดภูเก็ต,1,False,พักอาศัยตากอากาศ/พื้นที่ระเบียง,69600,,official_statutory_assessment_rate_not_market_price
117463,34474,คาลิปโซ่ การ์เด้น เรสซิเด้นซ์เซ็ส,-,83,ภูเก็ต,1,เมืองภูเก็ต,7,ราไวย์,83000000,สำนักงานที่ดินจังหวัดภูเก็ต,2,False,พักอาศัยตากอากาศ/พื้นที่ระเบียง,70600,,official_statutory_assessment_rate_not_market_price
117464,34474,คาลิปโซ่ การ์เด้น เรสซิเด้นซ์เซ็ส,-,83,ภูเก็ต,1,เมืองภูเก็ต,7,ราไวย์,83000000,สำนักงานที่ดินจังหวัดภูเก็ต,3,False,พักอาศัยตากอากาศวิวทะเล/ระเบียง,81500,,official_statutory_assessment_rate_not_market_price
117465,34474,คาลิปโซ่ การ์เด้น เรสซิเด้นซ์เซ็ส,-,83,ภูเก็ต,1,เมืองภูเก็ต,7,ราไวย์,83000000,สำนักงานที่ดินจังหวัดภูเก็ต,3,False,พักอาศัยตากอากาศ/พื้นที่ระเบียง,71800,,official_statutory_assessment_rate_not_market_price
117466,34474,คาลิปโซ่ การ์เด้น เรสซิเด้นซ์เซ็ส,-,83,ภูเก็ต,1,เมืองภูเก็ต,7,ราไวย์,83000000,สำนักงานที่ดินจังหวัดภูเก็ต,4,False,พักอาศัยตากอากาศวิวทะเล/ระเบียง,83100,,official_statutory_assessment_rate_not_market_price
117467,34474,คาลิปโซ่ การ์เด้น เรสซิเด้นซ์เซ็ส,-,83,ภูเก็ต,1,เมืองภูเก็ต,7,ราไวย์,83000000,สำนักงานที่ดินจังหวัดภูเก็ต,4,False,พักอาศัยตากอากาศ/พื้นที่ระเบียง,73200,,official_statutory_assessment_rate_not_market_price
117468,34474,คาลิปโซ่ การ์เด้น เรสซิเด้นซ์เซ็ส,-,83,ภูเก็ต,1,เมืองภูเก็ต,7,ราไวย์,83000000,สำนักงานที่ดินจังหวัดภูเก็ต,5,False,พักอาศัยตากอากาศ/พื้นที่ระเบียง,74700,,official_statutory_assessment_rate_not_market_price
117469,34474,คาลิปโซ่ การ์เด้น เรสซิเด้นซ์เซ็ส,-,83,ภูเก็ต,1,เมืองภูเก็ต,7,ราไวย์,83000000,สำนักงานที่ดินจังหวัดภูเก็ต,5,False,พักอาศัยตากอากาศวิวทะเล/ระเบียง,84900,,official_statutory_assessment_rate_not_market_price
117470,34474,คาลิปโซ่ การ์เด้น เรสซิเด้นซ์เซ็ส,-,83,ภูเก็ต,1,เมืองภูเก็ต,7,ราไวย์,83000000,สำนักงานที่ดินจังหวัดภูเก็ต,6,False,พักอาศัยตากอากาศ/พื้นที่ระเบียง,76400,,official_statutory_assessment_rate_not_market_price
117471,34474,คาลิปโซ่ การ์เด้น เรสซิเด้นซ์เซ็ส,-,83,ภูเก็ต,1,เมืองภูเก็ต,7,ราไวย์,83000000,สำนักงานที่ดินจังหวัดภูเก็ต,6,False,พักอาศัยตากอากาศวิวทะเล/ระเบียง,86800,,official_statutory_assessment_rate_not_market_price
117472,34474,คาลิปโซ่ การ์เด้น เรสซิเด้นซ์เซ็ส,-,83,ภูเก็ต,1,เมืองภูเก็ต,7,ราไวย์,83000000,สำนักงานที่ดินจังหวัดภูเก็ต,7,False,พักอาศัยตากอากาศ/พื้นที่ระเบียง,85000,,official_statutory_assessment_rate_not_market_price
117473,34474,คาลิปโซ่ การ์เด้น เรสซิเด้นซ์เซ็ส,-,83,ภูเก็ต,1,เมืองภูเก็ต,7,ราไวย์,83000000,สำนักงานที่ดินจังหวัดภูเก็ต,7,False,พักอาศัยตากอากาศวิวทะเล/ระเบียง,109600,,official_statutory_assessment_rate_not_market_price
117474,34475,คาลิปโซ่ คอนโดมิเนียม,-,83,ภูเก็ต,1,เมืองภูเก็ต,7,ราไวย์,83000000,สำนักงานที่ดินจังหวัดภูเก็ต,2,False,ห้องชุดพักอาศัยตากอากาศ,73000,,official_statutory_assessment_rate_not_market_price
117475,34475,คาลิปโซ่ คอนโดมิเนียม,-,83,ภูเก็ต,1,เมืองภูเก็ต,7,ราไวย์,83000000,สำนักงานที่ดินจังหวัดภูเก็ต,2,False,ห้องชุดพักอาศัยตากอากาศ,74000,,official_statutory_assessment_rate_not_market_price
117476,34475,คาลิปโซ่ คอนโดมิเนียม,-,83,ภูเก็ต,1,เมืองภูเก็ต,7,ราไวย์,83000000,สำนักงานที่ดินจังหวัดภูเก็ต,2,False,พื้นที่ระเบียง,37000,,official_statutory_assessment_rate_not_market_price
117477,34475,คาลิปโซ่ คอนโดมิเนียม,-,83,ภูเก็ต,1,เมืองภูเก็ต,7,ราไวย์,83000000,สำนักงานที่ดินจังหวัดภูเก็ต,2,False,พื้นที่ระเบียง,36500,,official_statutory_assessment_rate_not_market_price
117478,34475,คาลิปโซ่ คอนโดมิเนียม,-,83,ภูเก็ต,1,เมืองภูเก็ต,7,ราไวย์,83000000,สำนักงานที่ดินจังหวัดภูเก็ต,8,False,ห้องชุดพักอาศัยตากอากาศ,75500,,official_statutory_assessment_rate_not_market_price
117479,34475,คาลิปโซ่ คอนโดมิเนียม,-,83,ภูเก็ต,1,เมืองภูเก็ต,7,ราไวย์,83000000,สำนักงานที่ดินจังหวัดภูเก็ต,8,False,พื้นที่ระเบียง,37750,,official_statutory_assessment_rate_not_market_price
117480,34475,คาลิปโซ่ คอนโดมิเนียม,-,83,ภูเก็ต,1,เมืองภูเก็ต,7,ราไวย์,83000000,สำนักงานที่ดินจังหวัดภูเก็ต,3-เม.ย.,True,ห้องชุดพักอาศัยตากอากาศ,73500,,official_statutory_assessment_rate_not_market_price
117481,34475,คาลิปโซ่ คอนโดมิเนียม,-,83,ภูเก็ต,1,เมืองภูเก็ต,7,ราไวย์,83000000,สำนักงานที่ดินจังหวัดภูเก็ต,3-เม.ย.,True,พื้นที่ระเบียง,36750,,official_statutory_assessment_rate_not_market_price
117482,34475,คาลิปโซ่ คอนโดมิเนียม,-,83,ภูเก็ต,1,เมืองภูเก็ต,7,ราไวย์,83000000,สำนักงานที่ดินจังหวัดภูเก็ต,5-มิ.ย.,True,ห้องชุดพักอาศัยตากอากาศ,74000,,official_statutory_assessment_rate_not_market_price
117483,34475,คาลิปโซ่ คอนโดมิเนียม,-,83,ภูเก็ต,1,เมืองภูเก็ต,7,ราไวย์,83000000,สำนักงานที่ดินจังหวัดภูเก็ต,5-มิ.ย.,True,พื้นที่ระเบียง,37000,,official_statutory_assessment_rate_not_market_price
117484,34475,คาลิปโซ่ คอนโดมิเนียม,-,83,ภูเก็ต,1,เมืองภูเก็ต,7,ราไวย์,83000000,สำนักงานที่ดินจังหวัดภูเก็ต,7-ส.ค.,True,ห้องชุดพักอาศัยตากอากาศ,74500,,official_statutory_assessment_rate_not_market_price
117485,34475,คาลิปโซ่ คอนโดมิเนียม,-,83,ภูเก็ต,1,เมืองภูเก็ต,7,ราไวย์,83000000,สำนักงานที่ดินจังหวัดภูเก็ต,7-ส.ค.,True,พื้นที่ระเบียง,37250,,official_statutory_assessment_rate_not_market_price
117486,34508,บาบีลอน สกาย การ์เด้น,-,83,ภูเก็ต,1,เมืองภูเก็ต,7,ราไวย์,83000000,สำนักงานที่ดินจังหวัดภูเก็ต,1,False,ห้องชุดเพื่อประกอบการค้า(ห้องชุดพาณิชยกรรม)/พื้นที่ระเบียง,73200,,official_statutory_assessment_rate_not_market_price
117487,34508,บาบีลอน สกาย การ์เด้น,-,83,ภูเก็ต,1,เมืองภูเก็ต,7,ราไวย์,83000000,สำนักงานที่ดินจังหวัดภูเก็ต,2,False,ห้องชุดเพื่อประกอบการค้า(ห้องชุดพาณิชยกรรม)/พื้นที่ระเบียง,74100,,official_statutory_assessment_rate_not_market_price
117488,34508,บาบีลอน สกาย การ์เด้น,-,83,ภูเก็ต,1,เมืองภูเก็ต,7,ราไวย์,83000000,สำนักงานที่ดินจังหวัดภูเก็ต,3,False,ห้องชุดเพื่อประกอบการค้า(ห้องชุดพาณิชยกรรม)/พื้นที่ระเบียง,75400,,official_statutory_assessment_rate_not_market_price
117489,34508,บาบีลอน สกาย การ์เด้น,-,83,ภูเก็ต,1,เมืองภูเก็ต,7,ราไวย์,83000000,สำนักงานที่ดินจังหวัดภูเก็ต,4,False,ห้องชุดเพื่อประกอบการค้า(ห้องชุดพาณิชยกรรม)/พื้นที่ระเบียง,76900,,official_statutory_assessment_rate_not_market_price
117490,34508,บาบีลอน สกาย การ์เด้น,-,83,ภูเก็ต,1,เมืองภูเก็ต,7,ราไวย์,83000000,สำนักงานที่ดินจังหวัดภูเก็ต,5,False,ห้องชุดเพื่อประกอบการค้า(ห้องชุดพาณิชยกรรม)/พื้นที่ระเบียง,78500,,official_statutory_assessment_rate_not_market_price
117491,34508,บาบีลอน สกาย การ์เด้น,-,83,ภูเก็ต,1,เมืองภูเก็ต,7,ราไวย์,83000000,สำนักงานที่ดินจังหวัดภูเก็ต,6,False,ห้องชุดเพื่อประกอบการค้า(ห้องชุดพาณิชยกรรม)/พื้นที่ระเบียง,80200,,official_statutory_assessment_rate_not_market_price
117492,34508,บาบีลอน สกาย การ์เด้น,-,83,ภูเก็ต,1,เมืองภูเก็ต,7,ราไวย์,83000000,สำนักงานที่ดินจังหวัดภูเก็ต,7,False,ห้องชุดเพื่อประกอบการค้า(ห้องชุดพาณิชยกรรม)/พื้นที่ระเบียง,82000,,official_statutory_assessment_rate_not_market_price
117493,34478,ฉลอง เบย์ วิว คอนโดมิเนียม,-,83,ภูเก็ต,1,เมืองภูเก็ต,7,ราไวย์,83000000,สำนักงานที่ดินจังหวัดภูเก็ต,1,False,ห้องชุดพักอาศัยตากอากาศ,41000,,official_statutory_assessment_rate_not_market_price
117494,34478,ฉลอง เบย์ วิว คอนโดมิเนียม,-,83,ภูเก็ต,1,เมืองภูเก็ต,7,ราไวย์,83000000,สำนักงานที่ดินจังหวัดภูเก็ต,1,False,ห้องชุดเพื่อประกอบการค้า(ห้องชุดพาณิชยกรรม),49000,,official_statutory_assessment_rate_not_market_price
117495,34478,ฉลอง เบย์ วิว คอนโดมิเนียม,-,83,ภูเก็ต,1,เมืองภูเก็ต,7,ราไวย์,83000000,สำนักงานที่ดินจังหวัดภูเก็ต,1,False,พื้นที่ระเบียง,20500,,official_statutory_assessment_rate_not_market_price
117496,34478,ฉลอง เบย์ วิว คอนโดมิเนียม,-,83,ภูเก็ต,1,เมืองภูเก็ต,7,ราไวย์,83000000,สำนักงานที่ดินจังหวัดภูเก็ต,1,False,พื้นที่ระเบียง,24500,,official_statutory_assessment_rate_not_market_price
117497,34478,ฉลอง เบย์ วิว คอนโดมิเนียม,-,83,ภูเก็ต,1,เมืองภูเก็ต,7,ราไวย์,83000000,สำนักงานที่ดินจังหวัดภูเก็ต,2,False,ห้องชุดพักอาศัยตากอากาศ,41500,,official_statutory_assessment_rate_not_market_price
117498,34478,ฉลอง เบย์ วิว คอนโดมิเนียม,-,83,ภูเก็ต,1,เมืองภูเก็ต,7,ราไวย์,83000000,สำนักงานที่ดินจังหวัดภูเก็ต,3,False,ห้องชุดพักอาศัยตากอากาศ,42000,,official_statutory_assessment_rate_not_market_price
117499,34478,ฉลอง เบย์ วิว คอนโดมิเนียม,-,83,ภูเก็ต,1,เมืองภูเก็ต,7,ราไวย์,83000000,สำนักงานที่ดินจังหวัดภูเก็ต,4,False,ห้องชุดพักอาศัยตากอากาศ,42500,,official_statutory_assessment_rate_not_market_price
117500,34478,ฉลอง เบย์ วิว คอนโดมิเนียม,-,83,ภูเก็ต,1,เมืองภูเก็ต,7,ราไวย์,83000000,สำนักงานที่ดินจังหวัดภูเก็ต,5,False,ห้องชุดพักอาศัยตากอากาศ,43000,,official_statutory_assessment_rate_not_market_price
117501,34479,ฉลองอินเตอร์วิลล์ คอนโดมิเนียม,-,83,ภูเก็ต,1,เมืองภูเก็ต,7,ราไวย์,83000000,สำนักงานที่ดินจังหวัดภูเก็ต,1,False,ห้องชุดเพื่อประกอบการค้า(ห้องชุดพาณิชยกรรม),30000,,official_statutory_assessment_rate_not_market_price
117502,34479,ฉลองอินเตอร์วิลล์ คอนโดมิเนียม,-,83,ภูเก็ต,1,เมืองภูเก็ต,7,ราไวย์,83000000,สำนักงานที่ดินจังหวัดภูเก็ต,1,False,พื้นที่ระเบียง,15000,,official_statutory_assessment_rate_not_market_price
117503,34479,ฉลองอินเตอร์วิลล์ คอนโดมิเนียม,-,83,ภูเก็ต,1,เมืองภูเก็ต,7,ราไวย์,83000000,สำนักงานที่ดินจังหวัดภูเก็ต,1,False,ห้องชุดพักอาศัย,25000,,official_statutory_assessment_rate_not_market_price
117504,34479,ฉลองอินเตอร์วิลล์ คอนโดมิเนียม,-,83,ภูเก็ต,1,เมืองภูเก็ต,7,ราไวย์,83000000,สำนักงานที่ดินจังหวัดภูเก็ต,1,False,พื้นที่ระเบียง,12500,,official_statutory_assessment_rate_not_market_price
117505,34479,ฉลองอินเตอร์วิลล์ คอนโดมิเนียม,-,83,ภูเก็ต,1,เมืองภูเก็ต,7,ราไวย์,83000000,สำนักงานที่ดินจังหวัดภูเก็ต,2,False,ห้องชุดพักอาศัย,24500,,official_statutory_assessment_rate_not_market_price
117506,34479,ฉลองอินเตอร์วิลล์ คอนโดมิเนียม,-,83,ภูเก็ต,1,เมืองภูเก็ต,7,ราไวย์,83000000,สำนักงานที่ดินจังหวัดภูเก็ต,2,False,พื้นที่ระเบียง,12250,,official_statutory_assessment_rate_not_market_price
117507,34479,ฉลองอินเตอร์วิลล์ คอนโดมิเนียม,-,83,ภูเก็ต,1,เมืองภูเก็ต,7,ราไวย์,83000000,สำนักงานที่ดินจังหวัดภูเก็ต,3,False,ห้องชุดพักอาศัย,24000,,official_statutory_assessment_rate_not_market_price
117508,34479,ฉลองอินเตอร์วิลล์ คอนโดมิเนียม,-,83,ภูเก็ต,1,เมืองภูเก็ต,7,ราไวย์,83000000,สำนักงานที่ดินจังหวัดภูเก็ต,3,False,พื้นที่ระเบียง,12000,,official_statutory_assessment_rate_not_market_price
117509,34479,ฉลองอินเตอร์วิลล์ คอนโดมิเนียม,-,83,ภูเก็ต,1,เมืองภูเก็ต,7,ราไวย์,83000000,สำนักงานที่ดินจังหวัดภูเก็ต,4,False,ห้องชุดพักอาศัย,23500,,official_statutory_assessment_rate_not_market_price
117510,34479,ฉลองอินเตอร์วิลล์ คอนโดมิเนียม,-,83,ภูเก็ต,1,เมืองภูเก็ต,7,ราไวย์,83000000,สำนักงานที่ดินจังหวัดภูเก็ต,4,False,พื้นที่ระเบียง,11750,,official_statutory_assessment_rate_not_market_price
117511,34490,ดิ อันดามันโคฟว์ คอนโดมิเนียม,A,83,ภูเก็ต,1,เมืองภูเก็ต,7,ราไวย์,83000000,สำนักงานที่ดินจังหวัดภูเก็ต,1,False,ห้องชุดพักอาศัย,58500,,official_statutory_assessment_rate_not_market_price
117512,34490,ดิ อันดามันโคฟว์ คอนโดมิเนียม,A,83,ภูเก็ต,1,เมืองภูเก็ต,7,ราไวย์,83000000,สำนักงานที่ดินจังหวัดภูเก็ต,1,False,ห้องชุดพักอาศัยแบบเพนท์เฮ้าส์,59500,,official_statutory_assessment_rate_not_market_price
117513,34490,ดิ อันดามันโคฟว์ คอนโดมิเนียม,A,83,ภูเก็ต,1,เมืองภูเก็ต,7,ราไวย์,83000000,สำนักงานที่ดินจังหวัดภูเก็ต,1,False,ระเบียง,29250,,official_statutory_assessment_rate_not_market_price
117514,34490,ดิ อันดามันโคฟว์ คอนโดมิเนียม,A,83,ภูเก็ต,1,เมืองภูเก็ต,7,ราไวย์,83000000,สำนักงานที่ดินจังหวัดภูเก็ต,1,False,ระเบียง,29750,,official_statutory_assessment_rate_not_market_price
117515,34490,ดิ อันดามันโคฟว์ คอนโดมิเนียม,A,83,ภูเก็ต,1,เมืองภูเก็ต,7,ราไวย์,83000000,สำนักงานที่ดินจังหวัดภูเก็ต,2,False,ห้องชุดพักอาศัย,58500,,official_statutory_assessment_rate_not_market_price
117516,34490,ดิ อันดามันโคฟว์ คอนโดมิเนียม,A,83,ภูเก็ต,1,เมืองภูเก็ต,7,ราไวย์,83000000,สำนักงานที่ดินจังหวัดภูเก็ต,2,False,ห้องชุดพักอาศัยแบบเพนท์เฮ้าส์,59500,,official_statutory_assessment_rate_not_market_price
117517,34490,ดิ อันดามันโคฟว์ คอนโดมิเนียม,A,83,ภูเก็ต,1,เมืองภูเก็ต,7,ราไวย์,83000000,สำนักงานที่ดินจังหวัดภูเก็ต,2,False,ระเบียง,29250,,official_statutory_assessment_rate_not_market_price
117518,34490,ดิ อันดามันโคฟว์ คอนโดมิเนียม,A,83,ภูเก็ต,1,เมืองภูเก็ต,7,ราไวย์,83000000,สำนักงานที่ดินจังหวัดภูเก็ต,2,False,ระเบียง,29750,,official_statutory_assessment_rate_not_market_price
117519,34490,ดิ อันดามันโคฟว์ คอนโดมิเนียม,B,83,ภูเก็ต,1,เมืองภูเก็ต,7,ราไวย์,83000000,สำนักงานที่ดินจังหวัดภูเก็ต,1,False,ห้องชุดพักอาศัย,58500,,official_statutory_assessment_rate_not_market_price
117520,34490,ดิ อันดามันโคฟว์ คอนโดมิเนียม,B,83,ภูเก็ต,1,เมืองภูเก็ต,7,ราไวย์,83000000,สำนักงานที่ดินจังหวัดภูเก็ต,1,False,ห้องชุดพักอาศัยแบบเพนท์เฮ้าส์,59500,,official_statutory_assessment_rate_not_market_price
117521,34490,ดิ อันดามันโคฟว์ คอนโดมิเนียม,B,83,ภูเก็ต,1,เมืองภูเก็ต,7,ราไวย์,83000000,สำนักงานที่ดินจังหวัดภูเก็ต,1,False,ระเบียง,29250,,official_statutory_assessment_rate_not_market_price
117522,34490,ดิ อันดามันโคฟว์ คอนโดมิเนียม,B,83,ภูเก็ต,1,เมืองภูเก็ต,7,ราไวย์,83000000,สำนักงานที่ดินจังหวัดภูเก็ต,1,False,ระเบียง,29750,,official_statutory_assessment_rate_not_market_price
117523,34490,ดิ อันดามันโคฟว์ คอนโดมิเนียม,B,83,ภูเก็ต,1,เมืองภูเก็ต,7,ราไวย์,83000000,สำนักงานที่ดินจังหวัดภูเก็ต,2,False,ห้องชุดพักอาศัย,58500,,official_statutory_assessment_rate_not_market_price
117524,34490,ดิ อันดามันโคฟว์ คอนโดมิเนียม,B,83,ภูเก็ต,1,เมืองภูเก็ต,7,ราไวย์,83000000,สำนักงานที่ดินจังหวัดภูเก็ต,2,False,ห้องชุดพักอาศัยแบบเพนท์เฮ้าส์,59500,,official_statutory_assessment_rate_not_market_price
117525,34490,ดิ อันดามันโคฟว์ คอนโดมิเนียม,B,83,ภูเก็ต,1,เมืองภูเก็ต,7,ราไวย์,83000000,สำนักงานที่ดินจังหวัดภูเก็ต,2,False,ระเบียง,29250,,official_statutory_assessment_rate_not_market_price
117526,34490,ดิ อันดามันโคฟว์ คอนโดมิเนียม,B,83,ภูเก็ต,1,เมืองภูเก็ต,7,ราไวย์,83000000,สำนักงานที่ดินจังหวัดภูเก็ต,2,False,ระเบียง,29750,,official_statutory_assessment_rate_not_market_price
117527,34490,ดิ อันดามันโคฟว์ คอนโดมิเนียม,C,83,ภูเก็ต,1,เมืองภูเก็ต,7,ราไวย์,83000000,สำนักงานที่ดินจังหวัดภูเก็ต,1,False,ห้องชุดพักอาศัย,58500,,official_statutory_assessment_rate_not_market_price
117528,34490,ดิ อันดามันโคฟว์ คอนโดมิเนียม,C,83,ภูเก็ต,1,เมืองภูเก็ต,7,ราไวย์,83000000,สำนักงานที่ดินจังหวัดภูเก็ต,1,False,ห้องชุดพักอาศัยแบบเพนท์เฮ้าส์,59500,,official_statutory_assessment_rate_not_market_price
117529,34490,ดิ อันดามันโคฟว์ คอนโดมิเนียม,C,83,ภูเก็ต,1,เมืองภูเก็ต,7,ราไวย์,83000000,สำนักงานที่ดินจังหวัดภูเก็ต,1,False,ระเบียง,29250,,official_statutory_assessment_rate_not_market_price
117530,34490,ดิ อันดามันโคฟว์ คอนโดมิเนียม,C,83,ภูเก็ต,1,เมืองภูเก็ต,7,ราไวย์,83000000,สำนักงานที่ดินจังหวัดภูเก็ต,1,False,ระเบียง,29750,,official_statutory_assessment_rate_not_market_price
117531,34490,ดิ อันดามันโคฟว์ คอนโดมิเนียม,C,83,ภูเก็ต,1,เมืองภูเก็ต,7,ราไวย์,83000000,สำนักงานที่ดินจังหวัดภูเก็ต,2,False,ห้องชุดพักอาศัย,58500,,official_statutory_assessment_rate_not_market_price
117532,34490,ดิ อันดามันโคฟว์ คอนโดมิเนียม,C,83,ภูเก็ต,1,เมืองภูเก็ต,7,ราไวย์,83000000,สำนักงานที่ดินจังหวัดภูเก็ต,2,False,ห้องชุดพักอาศัยแบบเพนท์เฮ้าส์,59500,,official_statutory_assessment_rate_not_market_price
117533,34490,ดิ อันดามันโคฟว์ คอนโดมิเนียม,C,83,ภูเก็ต,1,เมืองภูเก็ต,7,ราไวย์,83000000,สำนักงานที่ดินจังหวัดภูเก็ต,2,False,ระเบียง,29250,,official_statutory_assessment_rate_not_market_price
117534,34490,ดิ อันดามันโคฟว์ คอนโดมิเนียม,C,83,ภูเก็ต,1,เมืองภูเก็ต,7,ราไวย์,83000000,สำนักงานที่ดินจังหวัดภูเก็ต,2,False,ระเบียง,29750,,official_statutory_assessment_rate_not_market_price
117535,34548,ราไวย์ คอนโดมิเนียม,-,83,ภูเก็ต,1,เมืองภูเก็ต,7,ราไวย์,83000000,สำนักงานที่ดินจังหวัดภูเก็ต,1,False,ห้องชุดพักอาศัย,31500,,official_statutory_assessment_rate_not_market_price
117536,34548,ราไวย์ คอนโดมิเนียม,-,83,ภูเก็ต,1,เมืองภูเก็ต,7,ราไวย์,83000000,สำนักงานที่ดินจังหวัดภูเก็ต,1,False,พื้นที่ระเบียง,15750,,official_statutory_assessment_rate_not_market_price
117537,34548,ราไวย์ คอนโดมิเนียม,-,83,ภูเก็ต,1,เมืองภูเก็ต,7,ราไวย์,83000000,สำนักงานที่ดินจังหวัดภูเก็ต,2,False,ห้องชุดพักอาศัย,32000,,official_statutory_assessment_rate_not_market_price
117538,34548,ราไวย์ คอนโดมิเนียม,-,83,ภูเก็ต,1,เมืองภูเก็ต,7,ราไวย์,83000000,สำนักงานที่ดินจังหวัดภูเก็ต,2,False,พื้นที่ระเบียง,16000,,official_statutory_assessment_rate_not_market_price
117539,34548,ราไวย์ คอนโดมิเนียม,-,83,ภูเก็ต,1,เมืองภูเก็ต,7,ราไวย์,83000000,สำนักงานที่ดินจังหวัดภูเก็ต,3,False,ห้องชุดพักอาศัย,32500,,official_statutory_assessment_rate_not_market_price
117540,34548,ราไวย์ คอนโดมิเนียม,-,83,ภูเก็ต,1,เมืองภูเก็ต,7,ราไวย์,83000000,สำนักงานที่ดินจังหวัดภูเก็ต,3,False,พื้นที่ระเบียง,16250,,official_statutory_assessment_rate_not_market_price
117541,34548,ราไวย์ คอนโดมิเนียม,-,83,ภูเก็ต,1,เมืองภูเก็ต,7,ราไวย์,83000000,สำนักงานที่ดินจังหวัดภูเก็ต,4,False,ห้องชุดพักอาศัย,33000,,official_statutory_assessment_rate_not_market_price
117542,34548,ราไวย์ คอนโดมิเนียม,-,83,ภูเก็ต,1,เมืองภูเก็ต,7,ราไวย์,83000000,สำนักงานที่ดินจังหวัดภูเก็ต,4,False,พื้นที่ระเบียง,16500,,official_statutory_assessment_rate_not_market_price
117543,34548,ราไวย์ คอนโดมิเนียม,-,83,ภูเก็ต,1,เมืองภูเก็ต,7,ราไวย์,83000000,สำนักงานที่ดินจังหวัดภูเก็ต,5,False,ห้องชุดพักอาศัย,33500,,official_statutory_assessment_rate_not_market_price
117544,34548,ราไวย์ คอนโดมิเนียม,-,83,ภูเก็ต,1,เมืองภูเก็ต,7,ราไวย์,83000000,สำนักงานที่ดินจังหวัดภูเก็ต,5,False,พื้นที่ระเบียง,16750,,official_statutory_assessment_rate_not_market_price
117545,34549,ราไวย์ ซีวิว คอนโดมิเนียม,1,83,ภูเก็ต,1,เมืองภูเก็ต,7,ราไวย์,83000000,สำนักงานที่ดินจังหวัดภูเก็ต,1,False,ห้องชุดพักอาศัย,37500,,official_statutory_assessment_rate_not_market_price
117546,34549,ราไวย์ ซีวิว คอนโดมิเนียม,1,83,ภูเก็ต,1,เมืองภูเก็ต,7,ราไวย์,83000000,สำนักงานที่ดินจังหวัดภูเก็ต,1,False,ระเบียง,18750,,official_statutory_assessment_rate_not_market_price
117547,34549,ราไวย์ ซีวิว คอนโดมิเนียม,1,83,ภูเก็ต,1,เมืองภูเก็ต,7,ราไวย์,83000000,สำนักงานที่ดินจังหวัดภูเก็ต,2,False,ห้องชุดพักอาศัย,37800,,official_statutory_assessment_rate_not_market_price
117548,34549,ราไวย์ ซีวิว คอนโดมิเนียม,1,83,ภูเก็ต,1,เมืองภูเก็ต,7,ราไวย์,83000000,สำนักงานที่ดินจังหวัดภูเก็ต,2,False,ระเบียง,18900,,official_statutory_assessment_rate_not_market_price
117549,34549,ราไวย์ ซีวิว คอนโดมิเนียม,1,83,ภูเก็ต,1,เมืองภูเก็ต,7,ราไวย์,83000000,สำนักงานที่ดินจังหวัดภูเก็ต,3,False,ห้องชุดพักอาศัย,38100,,official_statutory_assessment_rate_not_market_price
117550,34549,ราไวย์ ซีวิว คอนโดมิเนียม,1,83,ภูเก็ต,1,เมืองภูเก็ต,7,ราไวย์,83000000,สำนักงานที่ดินจังหวัดภูเก็ต,3,False,ระเบียง,19050,,official_statutory_assessment_rate_not_market_price
117551,34549,ราไวย์ ซีวิว คอนโดมิเนียม,1,83,ภูเก็ต,1,เมืองภูเก็ต,7,ราไวย์,83000000,สำนักงานที่ดินจังหวัดภูเก็ต,4,False,ห้องชุดพักอาศัย,38500,,official_statutory_assessment_rate_not_market_price
117552,34549,ราไวย์ ซีวิว คอนโดมิเนียม,1,83,ภูเก็ต,1,เมืองภูเก็ต,7,ราไวย์,83000000,สำนักงานที่ดินจังหวัดภูเก็ต,4,False,ระเบียง,19250,,official_statutory_assessment_rate_not_market_price
117553,34549,ราไวย์ ซีวิว คอนโดมิเนียม,1,83,ภูเก็ต,1,เมืองภูเก็ต,7,ราไวย์,83000000,สำนักงานที่ดินจังหวัดภูเก็ต,5,False,ห้องชุดพักอาศัย,38900,,official_statutory_assessment_rate_not_market_price
117554,34549,ราไวย์ ซีวิว คอนโดมิเนียม,1,83,ภูเก็ต,1,เมืองภูเก็ต,7,ราไวย์,83000000,สำนักงานที่ดินจังหวัดภูเก็ต,5,False,ระเบียง,19450,,official_statutory_assessment_rate_not_market_price
117555,34549,ราไวย์ ซีวิว คอนโดมิเนียม,1,83,ภูเก็ต,1,เมืองภูเก็ต,7,ราไวย์,83000000,สำนักงานที่ดินจังหวัดภูเก็ต,6,False,ห้องชุดพักอาศัย,39400,,official_statutory_assessment_rate_not_market_price
117556,34549,ราไวย์ ซีวิว คอนโดมิเนียม,1,83,ภูเก็ต,1,เมืองภูเก็ต,7,ราไวย์,83000000,สำนักงานที่ดินจังหวัดภูเก็ต,6,False,ระเบียง,19700,,official_statutory_assessment_rate_not_market_price
117557,34549,ราไวย์ ซีวิว คอนโดมิเนียม,1,83,ภูเก็ต,1,เมืองภูเก็ต,7,ราไวย์,83000000,สำนักงานที่ดินจังหวัดภูเก็ต,7,False,ห้องชุดพักอาศัยแบบเพนท์เฮ้าส์,40900,,official_statutory_assessment_rate_not_market_price
117558,34549,ราไวย์ ซีวิว คอนโดมิเนียม,1,83,ภูเก็ต,1,เมืองภูเก็ต,7,ราไวย์,83000000,สำนักงานที่ดินจังหวัดภูเก็ต,7,False,ระเบียง,20450,,official_statutory_assessment_rate_not_market_price
117559,34549,ราไวย์ ซีวิว คอนโดมิเนียม,2,83,ภูเก็ต,1,เมืองภูเก็ต,7,ราไวย์,83000000,สำนักงานที่ดินจังหวัดภูเก็ต,1,False,ห้องชุดพักอาศัย,35000,,official_statutory_assessment_rate_not_market_price
117560,34549,ราไวย์ ซีวิว คอนโดมิเนียม,2,83,ภูเก็ต,1,เมืองภูเก็ต,7,ราไวย์,83000000,สำนักงานที่ดินจังหวัดภูเก็ต,1,False,ระเบียง,17500,,official_statutory_assessment_rate_not_market_price
117561,34550,ราไวย์ บีช คอนโดมิเนี่ยม,-,83,ภูเก็ต,1,เมืองภูเก็ต,7,ราไวย์,83000000,สำนักงานที่ดินจังหวัดภูเก็ต,1,False,ห้องชุดพักอาศัยตากอากาศ/พื้นที่ระเบียง,70600,,official_statutory_assessment_rate_not_market_price
117562,34550,ราไวย์ บีช คอนโดมิเนี่ยม,-,83,ภูเก็ต,1,เมืองภูเก็ต,7,ราไวย์,83000000,สำนักงานที่ดินจังหวัดภูเก็ต,2,False,ห้องชุดพักอาศัยตากอากาศ/พื้นที่ระเบียง,71600,,official_statutory_assessment_rate_not_market_price
117563,34550,ราไวย์ บีช คอนโดมิเนี่ยม,-,83,ภูเก็ต,1,เมืองภูเก็ต,7,ราไวย์,83000000,สำนักงานที่ดินจังหวัดภูเก็ต,3,False,ห้องชุดพักอาศัยตากอากาศ/พื้นที่ระเบียง,72800,,official_statutory_assessment_rate_not_market_price
117564,34550,ราไวย์ บีช คอนโดมิเนี่ยม,-,83,ภูเก็ต,1,เมืองภูเก็ต,7,ราไวย์,83000000,สำนักงานที่ดินจังหวัดภูเก็ต,4,False,ห้องชุดพักอาศัยตากอากาศ/พื้นที่ระเบียง,74200,,official_statutory_assessment_rate_not_market_price
117565,34550,ราไวย์ บีช คอนโดมิเนี่ยม,-,83,ภูเก็ต,1,เมืองภูเก็ต,7,ราไวย์,83000000,สำนักงานที่ดินจังหวัดภูเก็ต,5,False,ห้องชุดพักอาศัยตากอากาศ/พื้นที่ระเบียง,75800,,official_statutory_assessment_rate_not_market_price
117566,34551,ราไวย์คอนโดเทล 3,-,83,ภูเก็ต,1,เมืองภูเก็ต,7,ราไวย์,83000000,สำนักงานที่ดินจังหวัดภูเก็ต,1,False,ห้องชุดพักอาศัย,12500,,official_statutory_assessment_rate_not_market_price
117567,34551,ราไวย์คอนโดเทล 3,-,83,ภูเก็ต,1,เมืองภูเก็ต,7,ราไวย์,83000000,สำนักงานที่ดินจังหวัดภูเก็ต,1,False,ระเบียง,6250,,official_statutory_assessment_rate_not_market_price
117568,34551,ราไวย์คอนโดเทล 3,-,83,ภูเก็ต,1,เมืองภูเก็ต,7,ราไวย์,83000000,สำนักงานที่ดินจังหวัดภูเก็ต,2,False,ห้องชุดพักอาศัย,12000,,official_statutory_assessment_rate_not_market_price
117569,34551,ราไวย์คอนโดเทล 3,-,83,ภูเก็ต,1,เมืองภูเก็ต,7,ราไวย์,83000000,สำนักงานที่ดินจังหวัดภูเก็ต,2,False,ระเบียง,6000,,official_statutory_assessment_rate_not_market_price
117570,34551,ราไวย์คอนโดเทล 3,-,83,ภูเก็ต,1,เมืองภูเก็ต,7,ราไวย์,83000000,สำนักงานที่ดินจังหวัดภูเก็ต,3,False,ห้องชุดพักอาศัย,11500,,official_statutory_assessment_rate_not_market_price
117571,34551,ราไวย์คอนโดเทล 3,-,83,ภูเก็ต,1,เมืองภูเก็ต,7,ราไวย์,83000000,สำนักงานที่ดินจังหวัดภูเก็ต,3,False,ระเบียง,5750,,official_statutory_assessment_rate_not_market_price
117572,34551,ราไวย์คอนโดเทล 3,-,83,ภูเก็ต,1,เมืองภูเก็ต,7,ราไวย์,83000000,สำนักงานที่ดินจังหวัดภูเก็ต,4,False,ห้องชุดพักอาศัย,11000,,official_statutory_assessment_rate_not_market_price
117573,34551,ราไวย์คอนโดเทล 3,-,83,ภูเก็ต,1,เมืองภูเก็ต,7,ราไวย์,83000000,สำนักงานที่ดินจังหวัดภูเก็ต,4,False,ระเบียง,5500,,official_statutory_assessment_rate_not_market_price
117574,34551,ราไวย์คอนโดเทล 3,-,83,ภูเก็ต,1,เมืองภูเก็ต,7,ราไวย์,83000000,สำนักงานที่ดินจังหวัดภูเก็ต,5,False,ห้องชุดพักอาศัย,10500,,official_statutory_assessment_rate_not_market_price
117575,34551,ราไวย์คอนโดเทล 3,-,83,ภูเก็ต,1,เมืองภูเก็ต,7,ราไวย์,83000000,สำนักงานที่ดินจังหวัดภูเก็ต,5,False,ระเบียง,5250,,official_statutory_assessment_rate_not_market_price
117576,34552,ราไวย์คอนโดเทล 4,-,83,ภูเก็ต,1,เมืองภูเก็ต,7,ราไวย์,83000000,สำนักงานที่ดินจังหวัดภูเก็ต,1,False,ห้องชุดพักอาศัย,12500,,official_statutory_assessment_rate_not_market_price
117577,34552,ราไวย์คอนโดเทล 4,-,83,ภูเก็ต,1,เมืองภูเก็ต,7,ราไวย์,83000000,สำนักงานที่ดินจังหวัดภูเก็ต,1,False,ระเบียง,6250,,official_statutory_assessment_rate_not_market_price
117578,34552,ราไวย์คอนโดเทล 4,-,83,ภูเก็ต,1,เมืองภูเก็ต,7,ราไวย์,83000000,สำนักงานที่ดินจังหวัดภูเก็ต,2,False,ห้องชุดพักอาศัย,12000,,official_statutory_assessment_rate_not_market_price
117579,34552,ราไวย์คอนโดเทล 4,-,83,ภูเก็ต,1,เมืองภูเก็ต,7,ราไวย์,83000000,สำนักงานที่ดินจังหวัดภูเก็ต,2,False,ระเบียง,6000,,official_statutory_assessment_rate_not_market_price
117580,34552,ราไวย์คอนโดเทล 4,-,83,ภูเก็ต,1,เมืองภูเก็ต,7,ราไวย์,83000000,สำนักงานที่ดินจังหวัดภูเก็ต,3,False,ห้องชุดพักอาศัย,11500,,official_statutory_assessment_rate_not_market_price
117581,34552,ราไวย์คอนโดเทล 4,-,83,ภูเก็ต,1,เมืองภูเก็ต,7,ราไวย์,83000000,สำนักงานที่ดินจังหวัดภูเก็ต,3,False,ระเบียง,5750,,official_statutory_assessment_rate_not_market_price
117582,34552,ราไวย์คอนโดเทล 4,-,83,ภูเก็ต,1,เมืองภูเก็ต,7,ราไวย์,83000000,สำนักงานที่ดินจังหวัดภูเก็ต,4,False,ห้องชุดพักอาศัย,11000,,official_statutory_assessment_rate_not_market_price
117583,34552,ราไวย์คอนโดเทล 4,-,83,ภูเก็ต,1,เมืองภูเก็ต,7,ราไวย์,83000000,สำนักงานที่ดินจังหวัดภูเก็ต,4,False,ระเบียง,5500,,official_statutory_assessment_rate_not_market_price
117584,34552,ราไวย์คอนโดเทล 4,-,83,ภูเก็ต,1,เมืองภูเก็ต,7,ราไวย์,83000000,สำนักงานที่ดินจังหวัดภูเก็ต,5,False,ห้องชุดพักอาศัย,10500,,official_statutory_assessment_rate_not_market_price
117585,34552,ราไวย์คอนโดเทล 4,-,83,ภูเก็ต,1,เมืองภูเก็ต,7,ราไวย์,83000000,สำนักงานที่ดินจังหวัดภูเก็ต,5,False,ระเบียง,5250,,official_statutory_assessment_rate_not_market_price
117586,34553,ราไวย์คอนโดเทล 5,-,83,ภูเก็ต,1,เมืองภูเก็ต,7,ราไวย์,83000000,สำนักงานที่ดินจังหวัดภูเก็ต,1,False,ห้องชุดพักอาศัย,12500,,official_statutory_assessment_rate_not_market_price
117587,34553,ราไวย์คอนโดเทล 5,-,83,ภูเก็ต,1,เมืองภูเก็ต,7,ราไวย์,83000000,สำนักงานที่ดินจังหวัดภูเก็ต,1,False,ระเบียง,6250,,official_statutory_assessment_rate_not_market_price
117588,34553,ราไวย์คอนโดเทล 5,-,83,ภูเก็ต,1,เมืองภูเก็ต,7,ราไวย์,83000000,สำนักงานที่ดินจังหวัดภูเก็ต,2,False,ห้องชุดพักอาศัย,12000,,official_statutory_assessment_rate_not_market_price
117589,34553,ราไวย์คอนโดเทล 5,-,83,ภูเก็ต,1,เมืองภูเก็ต,7,ราไวย์,83000000,สำนักงานที่ดินจังหวัดภูเก็ต,2,False,ระเบียง,6000,,official_statutory_assessment_rate_not_market_price
117590,34553,ราไวย์คอนโดเทล 5,-,83,ภูเก็ต,1,เมืองภูเก็ต,7,ราไวย์,83000000,สำนักงานที่ดินจังหวัดภูเก็ต,3,False,ห้องชุดพักอาศัย,11500,,official_statutory_assessment_rate_not_market_price
117591,34553,ราไวย์คอนโดเทล 5,-,83,ภูเก็ต,1,เมืองภูเก็ต,7,ราไวย์,83000000,สำนักงานที่ดินจังหวัดภูเก็ต,3,False,ระเบียง,5750,,official_statutory_assessment_rate_not_market_price
117592,34553,ราไวย์คอนโดเทล 5,-,83,ภูเก็ต,1,เมืองภูเก็ต,7,ราไวย์,83000000,สำนักงานที่ดินจังหวัดภูเก็ต,4,False,ห้องชุดพักอาศัย,11000,,official_statutory_assessment_rate_not_market_price
117593,34553,ราไวย์คอนโดเทล 5,-,83,ภูเก็ต,1,เมืองภูเก็ต,7,ราไวย์,83000000,สำนักงานที่ดินจังหวัดภูเก็ต,4,False,ระเบียง,5500,,official_statutory_assessment_rate_not_market_price
117594,34553,ราไวย์คอนโดเทล 5,-,83,ภูเก็ต,1,เมืองภูเก็ต,7,ราไวย์,83000000,สำนักงานที่ดินจังหวัดภูเก็ต,5,False,ห้องชุดพักอาศัย,10500,,official_statutory_assessment_rate_not_market_price
117595,34553,ราไวย์คอนโดเทล 5,-,83,ภูเก็ต,1,เมืองภูเก็ต,7,ราไวย์,83000000,สำนักงานที่ดินจังหวัดภูเก็ต,5,False,ระเบียง,5250,,official_statutory_assessment_rate_not_market_price
117596,34554,ราไวย์คอนโดมิเนียมโครงการ 2,-,83,ภูเก็ต,1,เมืองภูเก็ต,7,ราไวย์,83000000,สำนักงานที่ดินจังหวัดภูเก็ต,1,False,ห้องชุดพักอาศัย,12500,,official_statutory_assessment_rate_not_market_price
117597,34554,ราไวย์คอนโดมิเนียมโครงการ 2,-,83,ภูเก็ต,1,เมืองภูเก็ต,7,ราไวย์,83000000,สำนักงานที่ดินจังหวัดภูเก็ต,1,False,พื้นที่ระเบียง,6250,,official_statutory_assessment_rate_not_market_price
117598,34554,ราไวย์คอนโดมิเนียมโครงการ 2,-,83,ภูเก็ต,1,เมืองภูเก็ต,7,ราไวย์,83000000,สำนักงานที่ดินจังหวัดภูเก็ต,2,False,ห้องชุดพักอาศัย,12000,,official_statutory_assessment_rate_not_market_price
117599,34554,ราไวย์คอนโดมิเนียมโครงการ 2,-,83,ภูเก็ต,1,เมืองภูเก็ต,7,ราไวย์,83000000,สำนักงานที่ดินจังหวัดภูเก็ต,2,False,พื้นที่ระเบียง,6000,,official_statutory_assessment_rate_not_market_price
117600,34554,ราไวย์คอนโดมิเนียมโครงการ 2,-,83,ภูเก็ต,1,เมืองภูเก็ต,7,ราไวย์,83000000,สำนักงานที่ดินจังหวัดภูเก็ต,3,False,ห้องชุดพักอาศัย,11500,,official_statutory_assessment_rate_not_market_price
117601,34554,ราไวย์คอนโดมิเนียมโครงการ 2,-,83,ภูเก็ต,1,เมืองภูเก็ต,7,ราไวย์,83000000,สำนักงานที่ดินจังหวัดภูเก็ต,3,False,พื้นที่ระเบียง,5750,,official_statutory_assessment_rate_not_market_price
117602,34554,ราไวย์คอนโดมิเนียมโครงการ 2,-,83,ภูเก็ต,1,เมืองภูเก็ต,7,ราไวย์,83000000,สำนักงานที่ดินจังหวัดภูเก็ต,4,False,ห้องชุดพักอาศัย,11000,,official_statutory_assessment_rate_not_market_price
117603,34554,ราไวย์คอนโดมิเนียมโครงการ 2,-,83,ภูเก็ต,1,เมืองภูเก็ต,7,ราไวย์,83000000,สำนักงานที่ดินจังหวัดภูเก็ต,4,False,พื้นที่ระเบียง,5500,,official_statutory_assessment_rate_not_market_price
117604,34554,ราไวย์คอนโดมิเนียมโครงการ 2,-,83,ภูเก็ต,1,เมืองภูเก็ต,7,ราไวย์,83000000,สำนักงานที่ดินจังหวัดภูเก็ต,5,False,ห้องชุดพักอาศัย,10500,,official_statutory_assessment_rate_not_market_price
117605,34554,ราไวย์คอนโดมิเนียมโครงการ 2,-,83,ภูเก็ต,1,เมืองภูเก็ต,7,ราไวย์,83000000,สำนักงานที่ดินจังหวัดภูเก็ต,5,False,พื้นที่ระเบียง,5250,,official_statutory_assessment_rate_not_market_price
117606,34555,ราไวย์บีช คอนโดมิเนี่ยม,-,83,ภูเก็ต,1,เมืองภูเก็ต,7,ราไวย์,83000000,สำนักงานที่ดินจังหวัดภูเก็ต,1,False,พักอาศัยตากอากาศ/พื้นที่ระเบียง,70600,,official_statutory_assessment_rate_not_market_price
117607,34555,ราไวย์บีช คอนโดมิเนี่ยม,-,83,ภูเก็ต,1,เมืองภูเก็ต,7,ราไวย์,83000000,สำนักงานที่ดินจังหวัดภูเก็ต,2,False,พักอาศัยตากอากาศ/พื้นที่ระเบียง,71600,,official_statutory_assessment_rate_not_market_price
117608,34555,ราไวย์บีช คอนโดมิเนี่ยม,-,83,ภูเก็ต,1,เมืองภูเก็ต,7,ราไวย์,83000000,สำนักงานที่ดินจังหวัดภูเก็ต,3,False,พักอาศัยตากอากาศ/พื้นที่ระเบียง,72800,,official_statutory_assessment_rate_not_market_price
117609,34555,ราไวย์บีช คอนโดมิเนี่ยม,-,83,ภูเก็ต,1,เมืองภูเก็ต,7,ราไวย์,83000000,สำนักงานที่ดินจังหวัดภูเก็ต,4,False,พักอาศัยตากอากาศ/พื้นที่ระเบียง,74200,,official_statutory_assessment_rate_not_market_price
117610,34555,ราไวย์บีช คอนโดมิเนี่ยม,-,83,ภูเก็ต,1,เมืองภูเก็ต,7,ราไวย์,83000000,สำนักงานที่ดินจังหวัดภูเก็ต,5,False,พักอาศัยตากอากาศ/พื้นที่ระเบียง,75800,,official_statutory_assessment_rate_not_market_price
117611,34556,รีไลฟ์ เดอะ วินดี้ คอนโดมิเนียม,-,83,ภูเก็ต,1,เมืองภูเก็ต,7,ราไวย์,83000000,สำนักงานที่ดินจังหวัดภูเก็ต,1,False,ห้องชุดเพื่อประกอบการค้า(ห้องชุดพาณิชยกรรม)/พื้นที่ระเบียง,74700,,official_statutory_assessment_rate_not_market_price
117612,34556,รีไลฟ์ เดอะ วินดี้ คอนโดมิเนียม,-,83,ภูเก็ต,1,เมืองภูเก็ต,7,ราไวย์,83000000,สำนักงานที่ดินจังหวัดภูเก็ต,2,False,ห้องชุดเพื่อประกอบการค้า(ห้องชุดพาณิชยกรรม)/พื้นที่ระเบียง,75700,,official_statutory_assessment_rate_not_market_price
117613,34556,รีไลฟ์ เดอะ วินดี้ คอนโดมิเนียม,-,83,ภูเก็ต,1,เมืองภูเก็ต,7,ราไวย์,83000000,สำนักงานที่ดินจังหวัดภูเก็ต,3,False,ห้องชุดเพื่อประกอบการค้า(ห้องชุดพาณิชยกรรม)/พื้นที่ระเบียง,77000,,official_statutory_assessment_rate_not_market_price
117614,34556,รีไลฟ์ เดอะ วินดี้ คอนโดมิเนียม,-,83,ภูเก็ต,1,เมืองภูเก็ต,7,ราไวย์,83000000,สำนักงานที่ดินจังหวัดภูเก็ต,4,False,ห้องชุดเพื่อประกอบการค้า(ห้องชุดพาณิชยกรรม)/พื้นที่ระเบียง,78500,,official_statutory_assessment_rate_not_market_price
117615,34556,รีไลฟ์ เดอะ วินดี้ คอนโดมิเนียม,-,83,ภูเก็ต,1,เมืองภูเก็ต,7,ราไวย์,83000000,สำนักงานที่ดินจังหวัดภูเก็ต,5,False,ห้องชุดเพื่อประกอบการค้า(ห้องชุดพาณิชยกรรม)/พื้นที่ระเบียง,80200,,official_statutory_assessment_rate_not_market_price
117616,34556,รีไลฟ์ เดอะ วินดี้ คอนโดมิเนียม,-,83,ภูเก็ต,1,เมืองภูเก็ต,7,ราไวย์,83000000,สำนักงานที่ดินจังหวัดภูเก็ต,6,False,ห้องชุดเพื่อประกอบการค้า(ห้องชุดพาณิชยกรรม)/พื้นที่ระเบียง,82000,,official_statutory_assessment_rate_not_market_price
117617,34556,รีไลฟ์ เดอะ วินดี้ คอนโดมิเนียม,-,83,ภูเก็ต,1,เมืองภูเก็ต,7,ราไวย์,83000000,สำนักงานที่ดินจังหวัดภูเก็ต,7,False,ห้องชุดเพื่อประกอบการค้า(ห้องชุดพาณิชยกรรม)/พื้นที่ระเบียง,83800,,official_statutory_assessment_rate_not_market_price
117618,31845,ยูโทเปีย ลอฟท์,A,83,ภูเก็ต,1,เมืองภูเก็ต,7,ราไวย์,83000000,สำนักงานที่ดินจังหวัดภูเก็ต,2,False,พักอาศัยตากอากาศที่มีระเบียงลงสระว่ายน้ำ/พื้นที่ระเบียง,109300,,official_statutory_assessment_rate_not_market_price
117619,31845,ยูโทเปีย ลอฟท์,A,83,ภูเก็ต,1,เมืองภูเก็ต,7,ราไวย์,83000000,สำนักงานที่ดินจังหวัดภูเก็ต,2,False,พักอาศัยตากอากาศ/พื้นที่ระเบียง,101200,,official_statutory_assessment_rate_not_market_price
117620,31845,ยูโทเปีย ลอฟท์,A,83,ภูเก็ต,1,เมืองภูเก็ต,7,ราไวย์,83000000,สำนักงานที่ดินจังหวัดภูเก็ต,3,False,พักอาศัยตากอากาศ/พื้นที่ระเบียง,75000,,official_statutory_assessment_rate_not_market_price
117621,31845,ยูโทเปีย ลอฟท์,A,83,ภูเก็ต,1,เมืองภูเก็ต,7,ราไวย์,83000000,สำนักงานที่ดินจังหวัดภูเก็ต,4,False,พักอาศัยตากอากาศ/พื้นที่ระเบียง,89000,,official_statutory_assessment_rate_not_market_price
117622,31845,ยูโทเปีย ลอฟท์,A,83,ภูเก็ต,1,เมืองภูเก็ต,7,ราไวย์,83000000,สำนักงานที่ดินจังหวัดภูเก็ต,5,False,พักอาศัยตากอากาศ/พื้นที่ระเบียง,92100,,official_statutory_assessment_rate_not_market_price
117623,31845,ยูโทเปีย ลอฟท์,B,83,ภูเก็ต,1,เมืองภูเก็ต,7,ราไวย์,83000000,สำนักงานที่ดินจังหวัดภูเก็ต,2,False,พักอาศัยตากอากาศที่มีระเบียงลงสระว่ายน้ำ/พื้นที่ระเบียง,109300,,official_statutory_assessment_rate_not_market_price
117624,31845,ยูโทเปีย ลอฟท์,B,83,ภูเก็ต,1,เมืองภูเก็ต,7,ราไวย์,83000000,สำนักงานที่ดินจังหวัดภูเก็ต,2,False,พักอาศัยตากอากาศ/พื้นที่ระเบียง,101200,,official_statutory_assessment_rate_not_market_price
117625,31845,ยูโทเปีย ลอฟท์,B,83,ภูเก็ต,1,เมืองภูเก็ต,7,ราไวย์,83000000,สำนักงานที่ดินจังหวัดภูเก็ต,3,False,พักอาศัยตากอากาศ/พื้นที่ระเบียง,75000,,official_statutory_assessment_rate_not_market_price
117626,31845,ยูโทเปีย ลอฟท์,B,83,ภูเก็ต,1,เมืองภูเก็ต,7,ราไวย์,83000000,สำนักงานที่ดินจังหวัดภูเก็ต,4,False,พักอาศัยตากอากาศ/พื้นที่ระเบียง,89000,,official_statutory_assessment_rate_not_market_price
117627,31845,ยูโทเปีย ลอฟท์,B,83,ภูเก็ต,1,เมืองภูเก็ต,7,ราไวย์,83000000,สำนักงานที่ดินจังหวัดภูเก็ต,5,False,พักอาศัยตากอากาศ/พื้นที่ระเบียง,92100,,official_statutory_assessment_rate_not_market_price
117628,34544,ยูทีเอ็น คอนโด,A,83,ภูเก็ต,1,เมืองภูเก็ต,7,ราไวย์,83000000,สำนักงานที่ดินจังหวัดภูเก็ต,2,False,ห้องชุดพักอาศัยตากอากาศ/พื้นทีระเบียง,72800,,official_statutory_assessment_rate_not_market_price
117629,34544,ยูทีเอ็น คอนโด,A,83,ภูเก็ต,1,เมืองภูเก็ต,7,ราไวย์,83000000,สำนักงานที่ดินจังหวัดภูเก็ต,3,False,ห้องชุดพักอาศัยตากอากาศ/พื้นทีระเบียง,73700,,official_statutory_assessment_rate_not_market_price
117630,34544,ยูทีเอ็น คอนโด,A,83,ภูเก็ต,1,เมืองภูเก็ต,7,ราไวย์,83000000,สำนักงานที่ดินจังหวัดภูเก็ต,4,False,ห้องชุดพักอาศัยตากอากาศ/พื้นทีระเบียง,75000,,official_statutory_assessment_rate_not_market_price
117631,34544,ยูทีเอ็น คอนโด,A,83,ภูเก็ต,1,เมืองภูเก็ต,7,ราไวย์,83000000,สำนักงานที่ดินจังหวัดภูเก็ต,5,False,ห้องชุดพักอาศัยตากอากาศ/พื้นทีระเบียง,76500,,official_statutory_assessment_rate_not_market_price
117632,34544,ยูทีเอ็น คอนโด,A,83,ภูเก็ต,1,เมืองภูเก็ต,7,ราไวย์,83000000,สำนักงานที่ดินจังหวัดภูเก็ต,6,False,ห้องชุดพักอาศัยตากอากาศ/พื้นทีระเบียง,78100,,official_statutory_assessment_rate_not_market_price
117633,34544,ยูทีเอ็น คอนโด,B,83,ภูเก็ต,1,เมืองภูเก็ต,7,ราไวย์,83000000,สำนักงานที่ดินจังหวัดภูเก็ต,2,False,ห้องชุดเพื่อประกอบการค้า(ห้องชุดพาณิชยกรรม)/พื้นที่ระเบียง,72800,,official_statutory_assessment_rate_not_market_price
117634,34544,ยูทีเอ็น คอนโด,B,83,ภูเก็ต,1,เมืองภูเก็ต,7,ราไวย์,83000000,สำนักงานที่ดินจังหวัดภูเก็ต,3,False,ห้องชุดเพื่อประกอบการค้า(ห้องชุดพาณิชยกรรม)/พื้นที่ระเบียง,73700,,official_statutory_assessment_rate_not_market_price
117635,34544,ยูทีเอ็น คอนโด,B,83,ภูเก็ต,1,เมืองภูเก็ต,7,ราไวย์,83000000,สำนักงานที่ดินจังหวัดภูเก็ต,4,False,ห้องชุดเพื่อประกอบการค้า(ห้องชุดพาณิชยกรรม)/พื้นที่ระเบียง,75000,,official_statutory_assessment_rate_not_market_price
117636,34544,ยูทีเอ็น คอนโด,B,83,ภูเก็ต,1,เมืองภูเก็ต,7,ราไวย์,83000000,สำนักงานที่ดินจังหวัดภูเก็ต,5,False,ห้องชุดเพื่อประกอบการค้า(ห้องชุดพาณิชยกรรม)/พื้นที่ระเบียง,76500,,official_statutory_assessment_rate_not_market_price
117637,34544,ยูทีเอ็น คอนโด,B,83,ภูเก็ต,1,เมืองภูเก็ต,7,ราไวย์,83000000,สำนักงานที่ดินจังหวัดภูเก็ต,6,False,ห้องชุดพักอาศัยตากอากาศ/พื้นทีระเบียง,78100,,official_statutory_assessment_rate_not_market_price
117638,34544,ยูทีเอ็น คอนโด,B,83,ภูเก็ต,1,เมืองภูเก็ต,7,ราไวย์,83000000,สำนักงานที่ดินจังหวัดภูเก็ต,7,False,ห้องชุดเพื่อประกอบการค้า(ห้องชุดพาณิชยกรรม)/พื้นที่ระเบียง,79800,,official_statutory_assessment_rate_not_market_price
117639,34392,เด็อะ ไทเทิ้ล เฟส 3,A,83,ภูเก็ต,1,เมืองภูเก็ต,7,ราไวย์,83000000,สำนักงานที่ดินจังหวัดภูเก็ต,1,False,ห้องชุดพักอาศัยตากอากาศ,66500,,official_statutory_assessment_rate_not_market_price
117640,34392,เด็อะ ไทเทิ้ล เฟส 3,A,83,ภูเก็ต,1,เมืองภูเก็ต,7,ราไวย์,83000000,สำนักงานที่ดินจังหวัดภูเก็ต,1,False,พื้นที่ระเบียง,33250,,official_statutory_assessment_rate_not_market_price
117641,34392,เด็อะ ไทเทิ้ล เฟส 3,A,83,ภูเก็ต,1,เมืองภูเก็ต,7,ราไวย์,83000000,สำนักงานที่ดินจังหวัดภูเก็ต,2,False,ห้องชุดพักอาศัยตากอากาศ,67000,,official_statutory_assessment_rate_not_market_price
117642,34392,เด็อะ ไทเทิ้ล เฟส 3,A,83,ภูเก็ต,1,เมืองภูเก็ต,7,ราไวย์,83000000,สำนักงานที่ดินจังหวัดภูเก็ต,2,False,พื้นที่ระเบียง,33500,,official_statutory_assessment_rate_not_market_price
117643,34392,เด็อะ ไทเทิ้ล เฟส 3,A,83,ภูเก็ต,1,เมืองภูเก็ต,7,ราไวย์,83000000,สำนักงานที่ดินจังหวัดภูเก็ต,3,False,ห้องชุดพักอาศัยตากอากาศ,67500,,official_statutory_assessment_rate_not_market_price
117644,34392,เด็อะ ไทเทิ้ล เฟส 3,A,83,ภูเก็ต,1,เมืองภูเก็ต,7,ราไวย์,83000000,สำนักงานที่ดินจังหวัดภูเก็ต,3,False,พื้นที่ระเบียง,33750,,official_statutory_assessment_rate_not_market_price
117645,34392,เด็อะ ไทเทิ้ล เฟส 3,A,83,ภูเก็ต,1,เมืองภูเก็ต,7,ราไวย์,83000000,สำนักงานที่ดินจังหวัดภูเก็ต,4,False,ห้องชุดพักอาศัยตากอากาศ,68000,,official_statutory_assessment_rate_not_market_price
117646,34392,เด็อะ ไทเทิ้ล เฟส 3,A,83,ภูเก็ต,1,เมืองภูเก็ต,7,ราไวย์,83000000,สำนักงานที่ดินจังหวัดภูเก็ต,4,False,พื้นที่ระเบียง,34000,,official_statutory_assessment_rate_not_market_price
117647,34392,เด็อะ ไทเทิ้ล เฟส 3,B,83,ภูเก็ต,1,เมืองภูเก็ต,7,ราไวย์,83000000,สำนักงานที่ดินจังหวัดภูเก็ต,1,False,ห้องชุดพักอาศัยตากอากาศ,66500,,official_statutory_assessment_rate_not_market_price
117648,34392,เด็อะ ไทเทิ้ล เฟส 3,B,83,ภูเก็ต,1,เมืองภูเก็ต,7,ราไวย์,83000000,สำนักงานที่ดินจังหวัดภูเก็ต,1,False,พื้นที่ระเบียง,33250,,official_statutory_assessment_rate_not_market_price
117649,34392,เด็อะ ไทเทิ้ล เฟส 3,B,83,ภูเก็ต,1,เมืองภูเก็ต,7,ราไวย์,83000000,สำนักงานที่ดินจังหวัดภูเก็ต,2,False,ห้องชุดพักอาศัยตากอากาศ,67000,,official_statutory_assessment_rate_not_market_price
117650,34392,เด็อะ ไทเทิ้ล เฟส 3,B,83,ภูเก็ต,1,เมืองภูเก็ต,7,ราไวย์,83000000,สำนักงานที่ดินจังหวัดภูเก็ต,2,False,พื้นที่ระเบียง,33500,,official_statutory_assessment_rate_not_market_price
117651,34392,เด็อะ ไทเทิ้ล เฟส 3,B,83,ภูเก็ต,1,เมืองภูเก็ต,7,ราไวย์,83000000,สำนักงานที่ดินจังหวัดภูเก็ต,3,False,ห้องชุดพักอาศัยตากอากาศ,67500,,official_statutory_assessment_rate_not_market_price
117652,34392,เด็อะ ไทเทิ้ล เฟส 3,B,83,ภูเก็ต,1,เมืองภูเก็ต,7,ราไวย์,83000000,สำนักงานที่ดินจังหวัดภูเก็ต,3,False,พื้นที่ระเบียง,33750,,official_statutory_assessment_rate_not_market_price
117653,34392,เด็อะ ไทเทิ้ล เฟส 3,B,83,ภูเก็ต,1,เมืองภูเก็ต,7,ราไวย์,83000000,สำนักงานที่ดินจังหวัดภูเก็ต,4,False,ห้องชุดพักอาศัยตากอากาศ,68000,,official_statutory_assessment_rate_not_market_price
117654,34392,เด็อะ ไทเทิ้ล เฟส 3,B,83,ภูเก็ต,1,เมืองภูเก็ต,7,ราไวย์,83000000,สำนักงานที่ดินจังหวัดภูเก็ต,4,False,พื้นที่ระเบียง,34000,,official_statutory_assessment_rate_not_market_price
117655,34392,เด็อะ ไทเทิ้ล เฟส 3,C,83,ภูเก็ต,1,เมืองภูเก็ต,7,ราไวย์,83000000,สำนักงานที่ดินจังหวัดภูเก็ต,1,False,ห้องชุดพักอาศัยตากอากาศ,66500,,official_statutory_assessment_rate_not_market_price
117656,34392,เด็อะ ไทเทิ้ล เฟส 3,C,83,ภูเก็ต,1,เมืองภูเก็ต,7,ราไวย์,83000000,สำนักงานที่ดินจังหวัดภูเก็ต,1,False,พื้นที่ระเบียง,33250,,official_statutory_assessment_rate_not_market_price
117657,34392,เด็อะ ไทเทิ้ล เฟส 3,C,83,ภูเก็ต,1,เมืองภูเก็ต,7,ราไวย์,83000000,สำนักงานที่ดินจังหวัดภูเก็ต,2,False,ห้องชุดพักอาศัยตากอากาศ,67000,,official_statutory_assessment_rate_not_market_price
117658,34392,เด็อะ ไทเทิ้ล เฟส 3,C,83,ภูเก็ต,1,เมืองภูเก็ต,7,ราไวย์,83000000,สำนักงานที่ดินจังหวัดภูเก็ต,2,False,พื้นที่ระเบียง,33500,,official_statutory_assessment_rate_not_market_price
117659,34392,เด็อะ ไทเทิ้ล เฟส 3,C,83,ภูเก็ต,1,เมืองภูเก็ต,7,ราไวย์,83000000,สำนักงานที่ดินจังหวัดภูเก็ต,3,False,ห้องชุดพักอาศัยตากอากาศ,67500,,official_statutory_assessment_rate_not_market_price
117660,34392,เด็อะ ไทเทิ้ล เฟส 3,C,83,ภูเก็ต,1,เมืองภูเก็ต,7,ราไวย์,83000000,สำนักงานที่ดินจังหวัดภูเก็ต,3,False,พื้นที่ระเบียง,33750,,official_statutory_assessment_rate_not_market_price
117661,34392,เด็อะ ไทเทิ้ล เฟส 3,C,83,ภูเก็ต,1,เมืองภูเก็ต,7,ราไวย์,83000000,สำนักงานที่ดินจังหวัดภูเก็ต,4,False,ห้องชุดพักอาศัยตากอากาศ,68000,,official_statutory_assessment_rate_not_market_price
117662,34392,เด็อะ ไทเทิ้ล เฟส 3,C,83,ภูเก็ต,1,เมืองภูเก็ต,7,ราไวย์,83000000,สำนักงานที่ดินจังหวัดภูเก็ต,4,False,พื้นที่ระเบียง,34000,,official_statutory_assessment_rate_not_market_price
117663,34392,เด็อะ ไทเทิ้ล เฟส 3,D,83,ภูเก็ต,1,เมืองภูเก็ต,7,ราไวย์,83000000,สำนักงานที่ดินจังหวัดภูเก็ต,1,False,ห้องชุดพักอาศัยตากอากาศ,66500,,official_statutory_assessment_rate_not_market_price
117664,34392,เด็อะ ไทเทิ้ล เฟส 3,D,83,ภูเก็ต,1,เมืองภูเก็ต,7,ราไวย์,83000000,สำนักงานที่ดินจังหวัดภูเก็ต,1,False,พื้นที่ระเบียง,33250,,official_statutory_assessment_rate_not_market_price
117665,34392,เด็อะ ไทเทิ้ล เฟส 3,D,83,ภูเก็ต,1,เมืองภูเก็ต,7,ราไวย์,83000000,สำนักงานที่ดินจังหวัดภูเก็ต,2,False,ห้องชุดพักอาศัยตากอากาศ,67000,,official_statutory_assessment_rate_not_market_price
117666,34517,ปาล์ม บรีซ รีสอร์ท,A,83,ภูเก็ต,1,เมืองภูเก็ต,7,ราไวย์,83000000,สำนักงานที่ดินจังหวัดภูเก็ต,1,False,ห้องชุดพักอาศัยตากอากาศ,43500,,official_statutory_assessment_rate_not_market_price
117667,34517,ปาล์ม บรีซ รีสอร์ท,A,83,ภูเก็ต,1,เมืองภูเก็ต,7,ราไวย์,83000000,สำนักงานที่ดินจังหวัดภูเก็ต,1,False,พื้นที่ระเบียง,21750,,official_statutory_assessment_rate_not_market_price
117668,34517,ปาล์ม บรีซ รีสอร์ท,A,83,ภูเก็ต,1,เมืองภูเก็ต,7,ราไวย์,83000000,สำนักงานที่ดินจังหวัดภูเก็ต,2,False,ห้องชุดพักอาศัยตากอากาศ,44000,,official_statutory_assessment_rate_not_market_price
117669,34517,ปาล์ม บรีซ รีสอร์ท,A,83,ภูเก็ต,1,เมืองภูเก็ต,7,ราไวย์,83000000,สำนักงานที่ดินจังหวัดภูเก็ต,2,False,พื้นที่ระเบียง,22000,,official_statutory_assessment_rate_not_market_price
117670,34517,ปาล์ม บรีซ รีสอร์ท,A,83,ภูเก็ต,1,เมืองภูเก็ต,7,ราไวย์,83000000,สำนักงานที่ดินจังหวัดภูเก็ต,3,False,ห้องชุดพักอาศัยตากอากาศ,44500,,official_statutory_assessment_rate_not_market_price
117671,34517,ปาล์ม บรีซ รีสอร์ท,A,83,ภูเก็ต,1,เมืองภูเก็ต,7,ราไวย์,83000000,สำนักงานที่ดินจังหวัดภูเก็ต,3,False,พื้นที่ระเบียง,22250,,official_statutory_assessment_rate_not_market_price
117672,34517,ปาล์ม บรีซ รีสอร์ท,A,83,ภูเก็ต,1,เมืองภูเก็ต,7,ราไวย์,83000000,สำนักงานที่ดินจังหวัดภูเก็ต,4,False,ห้องชุดพักอาศัยตากอากาศ,45000,,official_statutory_assessment_rate_not_market_price
117673,34517,ปาล์ม บรีซ รีสอร์ท,A,83,ภูเก็ต,1,เมืองภูเก็ต,7,ราไวย์,83000000,สำนักงานที่ดินจังหวัดภูเก็ต,4,False,พื้นที่ระเบียง,22500,,official_statutory_assessment_rate_not_market_price
117674,34517,ปาล์ม บรีซ รีสอร์ท,A,83,ภูเก็ต,1,เมืองภูเก็ต,7,ราไวย์,83000000,สำนักงานที่ดินจังหวัดภูเก็ต,5,False,ห้องชุดพักอาศัยตากอากาศ,45500,,official_statutory_assessment_rate_not_market_price
117675,34517,ปาล์ม บรีซ รีสอร์ท,A,83,ภูเก็ต,1,เมืองภูเก็ต,7,ราไวย์,83000000,สำนักงานที่ดินจังหวัดภูเก็ต,5,False,พื้นที่ระเบียง,22750,,official_statutory_assessment_rate_not_market_price
117676,34517,ปาล์ม บรีซ รีสอร์ท,B,83,ภูเก็ต,1,เมืองภูเก็ต,7,ราไวย์,83000000,สำนักงานที่ดินจังหวัดภูเก็ต,1,False,ห้องชุดพักอาศัยตากอากาศ,43500,,official_statutory_assessment_rate_not_market_price
117677,34517,ปาล์ม บรีซ รีสอร์ท,B,83,ภูเก็ต,1,เมืองภูเก็ต,7,ราไวย์,83000000,สำนักงานที่ดินจังหวัดภูเก็ต,1,False,พื้นที่ระเบียง,21750,,official_statutory_assessment_rate_not_market_price
117678,34517,ปาล์ม บรีซ รีสอร์ท,B,83,ภูเก็ต,1,เมืองภูเก็ต,7,ราไวย์,83000000,สำนักงานที่ดินจังหวัดภูเก็ต,2,False,ห้องชุดพักอาศัยตากอากาศ,44000,,official_statutory_assessment_rate_not_market_price
117679,34517,ปาล์ม บรีซ รีสอร์ท,B,83,ภูเก็ต,1,เมืองภูเก็ต,7,ราไวย์,83000000,สำนักงานที่ดินจังหวัดภูเก็ต,2,False,พื้นที่ระเบียง,22000,,official_statutory_assessment_rate_not_market_price
117680,34517,ปาล์ม บรีซ รีสอร์ท,B,83,ภูเก็ต,1,เมืองภูเก็ต,7,ราไวย์,83000000,สำนักงานที่ดินจังหวัดภูเก็ต,3,False,ห้องชุดพักอาศัยตากอากาศ,44500,,official_statutory_assessment_rate_not_market_price
117681,34517,ปาล์ม บรีซ รีสอร์ท,B,83,ภูเก็ต,1,เมืองภูเก็ต,7,ราไวย์,83000000,สำนักงานที่ดินจังหวัดภูเก็ต,3,False,พื้นที่ระเบียง,22250,,official_statutory_assessment_rate_not_market_price
117682,34517,ปาล์ม บรีซ รีสอร์ท,B,83,ภูเก็ต,1,เมืองภูเก็ต,7,ราไวย์,83000000,สำนักงานที่ดินจังหวัดภูเก็ต,4,False,ห้องชุดพักอาศัยตากอากาศ,45000,,official_statutory_assessment_rate_not_market_price
117683,34517,ปาล์ม บรีซ รีสอร์ท,B,83,ภูเก็ต,1,เมืองภูเก็ต,7,ราไวย์,83000000,สำนักงานที่ดินจังหวัดภูเก็ต,4,False,พื้นที่ระเบียง,22500,,official_statutory_assessment_rate_not_market_price
117684,34517,ปาล์ม บรีซ รีสอร์ท,B,83,ภูเก็ต,1,เมืองภูเก็ต,7,ราไวย์,83000000,สำนักงานที่ดินจังหวัดภูเก็ต,5,False,ห้องชุดพักอาศัยตากอากาศ,45500,,official_statutory_assessment_rate_not_market_price
117685,34517,ปาล์ม บรีซ รีสอร์ท,B,83,ภูเก็ต,1,เมืองภูเก็ต,7,ราไวย์,83000000,สำนักงานที่ดินจังหวัดภูเก็ต,5,False,พื้นที่ระเบียง,22750,,official_statutory_assessment_rate_not_market_price
117686,34517,ปาล์ม บรีซ รีสอร์ท,D,83,ภูเก็ต,1,เมืองภูเก็ต,7,ราไวย์,83000000,สำนักงานที่ดินจังหวัดภูเก็ต,1,False,ห้องชุดพักอาศัยตากอากาศ,43500,,official_statutory_assessment_rate_not_market_price
117687,34517,ปาล์ม บรีซ รีสอร์ท,D,83,ภูเก็ต,1,เมืองภูเก็ต,7,ราไวย์,83000000,สำนักงานที่ดินจังหวัดภูเก็ต,1,False,พื้นที่ระเบียง,21750,,official_statutory_assessment_rate_not_market_price
117688,34517,ปาล์ม บรีซ รีสอร์ท,D,83,ภูเก็ต,1,เมืองภูเก็ต,7,ราไวย์,83000000,สำนักงานที่ดินจังหวัดภูเก็ต,2,False,ห้องชุดพักอาศัยตากอากาศ,44000,,official_statutory_assessment_rate_not_market_price
117689,34517,ปาล์ม บรีซ รีสอร์ท,D,83,ภูเก็ต,1,เมืองภูเก็ต,7,ราไวย์,83000000,สำนักงานที่ดินจังหวัดภูเก็ต,2,False,พื้นที่ระเบียง,22000,,official_statutory_assessment_rate_not_market_price
117690,34517,ปาล์ม บรีซ รีสอร์ท,D,83,ภูเก็ต,1,เมืองภูเก็ต,7,ราไวย์,83000000,สำนักงานที่ดินจังหวัดภูเก็ต,3,False,ห้องชุดพักอาศัยตากอากาศ,44500,,official_statutory_assessment_rate_not_market_price
117691,34517,ปาล์ม บรีซ รีสอร์ท,D,83,ภูเก็ต,1,เมืองภูเก็ต,7,ราไวย์,83000000,สำนักงานที่ดินจังหวัดภูเก็ต,3,False,พื้นที่ระเบียง,22250,,official_statutory_assessment_rate_not_market_price
117692,34517,ปาล์ม บรีซ รีสอร์ท,D,83,ภูเก็ต,1,เมืองภูเก็ต,7,ราไวย์,83000000,สำนักงานที่ดินจังหวัดภูเก็ต,4,False,ห้องชุดพักอาศัยตากอากาศ,45000,,official_statutory_assessment_rate_not_market_price
117693,34517,ปาล์ม บรีซ รีสอร์ท,D,83,ภูเก็ต,1,เมืองภูเก็ต,7,ราไวย์,83000000,สำนักงานที่ดินจังหวัดภูเก็ต,4,False,พื้นที่ระเบียง,22500,,official_statutory_assessment_rate_not_market_price
117694,34517,ปาล์ม บรีซ รีสอร์ท,D,83,ภูเก็ต,1,เมืองภูเก็ต,7,ราไวย์,83000000,สำนักงานที่ดินจังหวัดภูเก็ต,5,False,ห้องชุดพักอาศัยตากอากาศ,45500,,official_statutory_assessment_rate_not_market_price
117695,34517,ปาล์ม บรีซ รีสอร์ท,D,83,ภูเก็ต,1,เมืองภูเก็ต,7,ราไวย์,83000000,สำนักงานที่ดินจังหวัดภูเก็ต,5,False,พื้นที่ระเบียง,22750,,official_statutory_assessment_rate_not_market_price
117696,34517,ปาล์ม บรีซ รีสอร์ท,E,83,ภูเก็ต,1,เมืองภูเก็ต,7,ราไวย์,83000000,สำนักงานที่ดินจังหวัดภูเก็ต,1,False,ห้องชุดพักอาศัยตากอากาศ,43500,,official_statutory_assessment_rate_not_market_price
117697,34517,ปาล์ม บรีซ รีสอร์ท,E,83,ภูเก็ต,1,เมืองภูเก็ต,7,ราไวย์,83000000,สำนักงานที่ดินจังหวัดภูเก็ต,1,False,พื้นที่ระเบียง,21750,,official_statutory_assessment_rate_not_market_price
117698,34517,ปาล์ม บรีซ รีสอร์ท,E,83,ภูเก็ต,1,เมืองภูเก็ต,7,ราไวย์,83000000,สำนักงานที่ดินจังหวัดภูเก็ต,2,False,ห้องชุดพักอาศัยตากอากาศ,44000,,official_statutory_assessment_rate_not_market_price
117699,34517,ปาล์ม บรีซ รีสอร์ท,E,83,ภูเก็ต,1,เมืองภูเก็ต,7,ราไวย์,83000000,สำนักงานที่ดินจังหวัดภูเก็ต,2,False,พื้นที่ระเบียง,22000,,official_statutory_assessment_rate_not_market_price
117700,34517,ปาล์ม บรีซ รีสอร์ท,E,83,ภูเก็ต,1,เมืองภูเก็ต,7,ราไวย์,83000000,สำนักงานที่ดินจังหวัดภูเก็ต,3,False,ห้องชุดพักอาศัยตากอากาศ,44500,,official_statutory_assessment_rate_not_market_price
117701,34517,ปาล์ม บรีซ รีสอร์ท,E,83,ภูเก็ต,1,เมืองภูเก็ต,7,ราไวย์,83000000,สำนักงานที่ดินจังหวัดภูเก็ต,3,False,พื้นที่ระเบียง,22250,,official_statutory_assessment_rate_not_market_price
117702,34517,ปาล์ม บรีซ รีสอร์ท,E,83,ภูเก็ต,1,เมืองภูเก็ต,7,ราไวย์,83000000,สำนักงานที่ดินจังหวัดภูเก็ต,4,False,ห้องชุดพักอาศัยตากอากาศ,45000,,official_statutory_assessment_rate_not_market_price
117703,34517,ปาล์ม บรีซ รีสอร์ท,E,83,ภูเก็ต,1,เมืองภูเก็ต,7,ราไวย์,83000000,สำนักงานที่ดินจังหวัดภูเก็ต,4,False,พื้นที่ระเบียง,22500,,official_statutory_assessment_rate_not_market_price
117704,34517,ปาล์ม บรีซ รีสอร์ท,E,83,ภูเก็ต,1,เมืองภูเก็ต,7,ราไวย์,83000000,สำนักงานที่ดินจังหวัดภูเก็ต,5,False,ห้องชุดพักอาศัยตากอากาศ,45500,,official_statutory_assessment_rate_not_market_price
117705,34517,ปาล์ม บรีซ รีสอร์ท,E,83,ภูเก็ต,1,เมืองภูเก็ต,7,ราไวย์,83000000,สำนักงานที่ดินจังหวัดภูเก็ต,5,False,พื้นที่ระเบียง,22750,,official_statutory_assessment_rate_not_market_price
117706,34364,เซเรนิตี้ เทอร์เรสเซส,D1,83,ภูเก็ต,1,เมืองภูเก็ต,7,ราไวย์,83000000,สำนักงานที่ดินจังหวัดภูเก็ต,2,False,ห้องชุดพักอาศัยตากอากาศ,53000,,official_statutory_assessment_rate_not_market_price
117707,34364,เซเรนิตี้ เทอร์เรสเซส,D1,83,ภูเก็ต,1,เมืองภูเก็ต,7,ราไวย์,83000000,สำนักงานที่ดินจังหวัดภูเก็ต,2,False,ระเบียง,26500,,official_statutory_assessment_rate_not_market_price
117708,34364,เซเรนิตี้ เทอร์เรสเซส,D1,83,ภูเก็ต,1,เมืองภูเก็ต,7,ราไวย์,83000000,สำนักงานที่ดินจังหวัดภูเก็ต,3,False,ห้องชุดพักอาศัยตากอากาศ,53500,,official_statutory_assessment_rate_not_market_price
117709,34364,เซเรนิตี้ เทอร์เรสเซส,D1,83,ภูเก็ต,1,เมืองภูเก็ต,7,ราไวย์,83000000,สำนักงานที่ดินจังหวัดภูเก็ต,3,False,ระเบียง,26750,,official_statutory_assessment_rate_not_market_price
117710,34364,เซเรนิตี้ เทอร์เรสเซส,D1,83,ภูเก็ต,1,เมืองภูเก็ต,7,ราไวย์,83000000,สำนักงานที่ดินจังหวัดภูเก็ต,"4,5",False,พักอาศัยตากอากาศ2ชั้นควบ,55000,,official_statutory_assessment_rate_not_market_price
117711,34364,เซเรนิตี้ เทอร์เรสเซส,D1,83,ภูเก็ต,1,เมืองภูเก็ต,7,ราไวย์,83000000,สำนักงานที่ดินจังหวัดภูเก็ต,"4,5",False,ระเบียง/สระว่ายน้ำ,27500,,official_statutory_assessment_rate_not_market_price
117712,34364,เซเรนิตี้ เทอร์เรสเซส,D2,83,ภูเก็ต,1,เมืองภูเก็ต,7,ราไวย์,83000000,สำนักงานที่ดินจังหวัดภูเก็ต,1,False,ห้องชุดพักอาศัยตากอากาศ,52500,,official_statutory_assessment_rate_not_market_price
117713,34364,เซเรนิตี้ เทอร์เรสเซส,D2,83,ภูเก็ต,1,เมืองภูเก็ต,7,ราไวย์,83000000,สำนักงานที่ดินจังหวัดภูเก็ต,1,False,ระเบียง,26250,,official_statutory_assessment_rate_not_market_price
117714,34364,เซเรนิตี้ เทอร์เรสเซส,D2,83,ภูเก็ต,1,เมืองภูเก็ต,7,ราไวย์,83000000,สำนักงานที่ดินจังหวัดภูเก็ต,2,False,ห้องชุดพักอาศัยตากอากาศ,53000,,official_statutory_assessment_rate_not_market_price
117715,34364,เซเรนิตี้ เทอร์เรสเซส,D2,83,ภูเก็ต,1,เมืองภูเก็ต,7,ราไวย์,83000000,สำนักงานที่ดินจังหวัดภูเก็ต,2,False,ระเบียง,26500,,official_statutory_assessment_rate_not_market_price
117716,34364,เซเรนิตี้ เทอร์เรสเซส,D2,83,ภูเก็ต,1,เมืองภูเก็ต,7,ราไวย์,83000000,สำนักงานที่ดินจังหวัดภูเก็ต,3,False,ห้องชุดพักอาศัยตากอากาศ,53500,,official_statutory_assessment_rate_not_market_price
117717,34364,เซเรนิตี้ เทอร์เรสเซส,D2,83,ภูเก็ต,1,เมืองภูเก็ต,7,ราไวย์,83000000,สำนักงานที่ดินจังหวัดภูเก็ต,3,False,ระเบียง,26750,,official_statutory_assessment_rate_not_market_price
117718,34364,เซเรนิตี้ เทอร์เรสเซส,D2,83,ภูเก็ต,1,เมืองภูเก็ต,7,ราไวย์,83000000,สำนักงานที่ดินจังหวัดภูเก็ต,"4,5",False,พักอาศัยตากอากาศ2ชั้นควบ,55000,,official_statutory_assessment_rate_not_market_price
117719,34364,เซเรนิตี้ เทอร์เรสเซส,D2,83,ภูเก็ต,1,เมืองภูเก็ต,7,ราไวย์,83000000,สำนักงานที่ดินจังหวัดภูเก็ต,"4,5",False,ระเบียง/สระว่ายน้ำ,27500,,official_statutory_assessment_rate_not_market_price
117720,34364,เซเรนิตี้ เทอร์เรสเซส,A,83,ภูเก็ต,1,เมืองภูเก็ต,7,ราไวย์,83000000,สำนักงานที่ดินจังหวัดภูเก็ต,1,False,ห้องชุดพักอาศัยตากอากาศ,40500,,official_statutory_assessment_rate_not_market_price
117721,34364,เซเรนิตี้ เทอร์เรสเซส,A,83,ภูเก็ต,1,เมืองภูเก็ต,7,ราไวย์,83000000,สำนักงานที่ดินจังหวัดภูเก็ต,1,False,ระเบียง,20250,,official_statutory_assessment_rate_not_market_price
117722,34364,เซเรนิตี้ เทอร์เรสเซส,A,83,ภูเก็ต,1,เมืองภูเก็ต,7,ราไวย์,83000000,สำนักงานที่ดินจังหวัดภูเก็ต,2,False,ห้องชุดพักอาศัยตากอากาศ,41000,,official_statutory_assessment_rate_not_market_price
117723,34364,เซเรนิตี้ เทอร์เรสเซส,A,83,ภูเก็ต,1,เมืองภูเก็ต,7,ราไวย์,83000000,สำนักงานที่ดินจังหวัดภูเก็ต,2,False,ระเบียง,20500,,official_statutory_assessment_rate_not_market_price
117724,34364,เซเรนิตี้ เทอร์เรสเซส,A,83,ภูเก็ต,1,เมืองภูเก็ต,7,ราไวย์,83000000,สำนักงานที่ดินจังหวัดภูเก็ต,3,False,ห้องชุดพักอาศัยตากอากาศ,41500,,official_statutory_assessment_rate_not_market_price
117725,34364,เซเรนิตี้ เทอร์เรสเซส,A,83,ภูเก็ต,1,เมืองภูเก็ต,7,ราไวย์,83000000,สำนักงานที่ดินจังหวัดภูเก็ต,3,False,ระเบียง,20750,,official_statutory_assessment_rate_not_market_price
117726,34364,เซเรนิตี้ เทอร์เรสเซส,A,83,ภูเก็ต,1,เมืองภูเก็ต,7,ราไวย์,83000000,สำนักงานที่ดินจังหวัดภูเก็ต,"4,5",False,พักอาศัยตากอากาศ2ชั้นควบ,55000,,official_statutory_assessment_rate_not_market_price
117727,34364,เซเรนิตี้ เทอร์เรสเซส,A,83,ภูเก็ต,1,เมืองภูเก็ต,7,ราไวย์,83000000,สำนักงานที่ดินจังหวัดภูเก็ต,"4,5",False,ระเบียง/สระว่ายน้ำ,27500,,official_statutory_assessment_rate_not_market_price
117728,34364,เซเรนิตี้ เทอร์เรสเซส,B,83,ภูเก็ต,1,เมืองภูเก็ต,7,ราไวย์,83000000,สำนักงานที่ดินจังหวัดภูเก็ต,1,False,ห้องชุดพักอาศัยตากอากาศ,40500,,official_statutory_assessment_rate_not_market_price
117729,34364,เซเรนิตี้ เทอร์เรสเซส,B,83,ภูเก็ต,1,เมืองภูเก็ต,7,ราไวย์,83000000,สำนักงานที่ดินจังหวัดภูเก็ต,1,False,ระเบียง,20250,,official_statutory_assessment_rate_not_market_price
117730,34364,เซเรนิตี้ เทอร์เรสเซส,B,83,ภูเก็ต,1,เมืองภูเก็ต,7,ราไวย์,83000000,สำนักงานที่ดินจังหวัดภูเก็ต,2,False,ห้องชุดพักอาศัยตากอากาศ,41000,,official_statutory_assessment_rate_not_market_price
117731,34364,เซเรนิตี้ เทอร์เรสเซส,B,83,ภูเก็ต,1,เมืองภูเก็ต,7,ราไวย์,83000000,สำนักงานที่ดินจังหวัดภูเก็ต,2,False,ระเบียง,20500,,official_statutory_assessment_rate_not_market_price
117732,34364,เซเรนิตี้ เทอร์เรสเซส,B,83,ภูเก็ต,1,เมืองภูเก็ต,7,ราไวย์,83000000,สำนักงานที่ดินจังหวัดภูเก็ต,3,False,ห้องชุดพักอาศัยตากอากาศ,41500,,official_statutory_assessment_rate_not_market_price
117733,34364,เซเรนิตี้ เทอร์เรสเซส,B,83,ภูเก็ต,1,เมืองภูเก็ต,7,ราไวย์,83000000,สำนักงานที่ดินจังหวัดภูเก็ต,3,False,ระเบียง,20750,,official_statutory_assessment_rate_not_market_price
117734,34364,เซเรนิตี้ เทอร์เรสเซส,B,83,ภูเก็ต,1,เมืองภูเก็ต,7,ราไวย์,83000000,สำนักงานที่ดินจังหวัดภูเก็ต,"4,5",False,พักอาศัยตากอากาศ2ชั้นควบ,55000,,official_statutory_assessment_rate_not_market_price
117735,34364,เซเรนิตี้ เทอร์เรสเซส,B,83,ภูเก็ต,1,เมืองภูเก็ต,7,ราไวย์,83000000,สำนักงานที่ดินจังหวัดภูเก็ต,"4,5",False,ระเบียง/สระว่ายน้ำ,27500,,official_statutory_assessment_rate_not_market_price
117736,34364,เซเรนิตี้ เทอร์เรสเซส,C,83,ภูเก็ต,1,เมืองภูเก็ต,7,ราไวย์,83000000,สำนักงานที่ดินจังหวัดภูเก็ต,1,False,ห้องชุดพักอาศัยตากอากาศ,40500,,official_statutory_assessment_rate_not_market_price
117737,34364,เซเรนิตี้ เทอร์เรสเซส,C,83,ภูเก็ต,1,เมืองภูเก็ต,7,ราไวย์,83000000,สำนักงานที่ดินจังหวัดภูเก็ต,1,False,ระเบียง,20250,,official_statutory_assessment_rate_not_market_price
117738,34364,เซเรนิตี้ เทอร์เรสเซส,C,83,ภูเก็ต,1,เมืองภูเก็ต,7,ราไวย์,83000000,สำนักงานที่ดินจังหวัดภูเก็ต,2,False,ห้องชุดพักอาศัยตากอากาศ,41000,,official_statutory_assessment_rate_not_market_price
117739,34364,เซเรนิตี้ เทอร์เรสเซส,C,83,ภูเก็ต,1,เมืองภูเก็ต,7,ราไวย์,83000000,สำนักงานที่ดินจังหวัดภูเก็ต,2,False,ระเบียง,20500,,official_statutory_assessment_rate_not_market_price
117740,34364,เซเรนิตี้ เทอร์เรสเซส,C,83,ภูเก็ต,1,เมืองภูเก็ต,7,ราไวย์,83000000,สำนักงานที่ดินจังหวัดภูเก็ต,3,False,ห้องชุดพักอาศัยตากอากาศ,41500,,official_statutory_assessment_rate_not_market_price
117741,34364,เซเรนิตี้ เทอร์เรสเซส,C,83,ภูเก็ต,1,เมืองภูเก็ต,7,ราไวย์,83000000,สำนักงานที่ดินจังหวัดภูเก็ต,3,False,ระเบียง,20750,,official_statutory_assessment_rate_not_market_price
117742,34364,เซเรนิตี้ เทอร์เรสเซส,C,83,ภูเก็ต,1,เมืองภูเก็ต,7,ราไวย์,83000000,สำนักงานที่ดินจังหวัดภูเก็ต,"3,4,5",False,พักอาศัยตากอากาศ3ชั้นควบ,50000,,official_statutory_assessment_rate_not_market_price
117743,34364,เซเรนิตี้ เทอร์เรสเซส,C,83,ภูเก็ต,1,เมืองภูเก็ต,7,ราไวย์,83000000,สำนักงานที่ดินจังหวัดภูเก็ต,"3,4,5",False,ระเบียง/สระว่ายน้ำ,25000,,official_statutory_assessment_rate_not_market_price
117744,34364,เซเรนิตี้ เทอร์เรสเซส,C,83,ภูเก็ต,1,เมืองภูเก็ต,7,ราไวย์,83000000,สำนักงานที่ดินจังหวัดภูเก็ต,"4,5",False,พักอาศัยตากอากาศ2ชั้นควบ,55000,,official_statutory_assessment_rate_not_market_price
117745,34364,เซเรนิตี้ เทอร์เรสเซส,C,83,ภูเก็ต,1,เมืองภูเก็ต,7,ราไวย์,83000000,สำนักงานที่ดินจังหวัดภูเก็ต,"4,5",False,ระเบียง/สระว่ายน้ำ,27500,,official_statutory_assessment_rate_not_market_price
117746,34364,เซเรนิตี้ เทอร์เรสเซส,D1,83,ภูเก็ต,1,เมืองภูเก็ต,7,ราไวย์,83000000,สำนักงานที่ดินจังหวัดภูเก็ต,1,False,ห้องชุดพักอาศัยตากอากาศ,52500,,official_statutory_assessment_rate_not_market_price
117747,34364,เซเรนิตี้ เทอร์เรสเซส,D1,83,ภูเก็ต,1,เมืองภูเก็ต,7,ราไวย์,83000000,สำนักงานที่ดินจังหวัดภูเก็ต,1,False,ห้องชุดเพื่อประกอบการค้า(ห้องชุดพาณิชยกรรม),63000,,official_statutory_assessment_rate_not_market_price
117748,34364,เซเรนิตี้ เทอร์เรสเซส,D1,83,ภูเก็ต,1,เมืองภูเก็ต,7,ราไวย์,83000000,สำนักงานที่ดินจังหวัดภูเก็ต,1,False,ระเบียง,31500,,official_statutory_assessment_rate_not_market_price
117749,34364,เซเรนิตี้ เทอร์เรสเซส,D1,83,ภูเก็ต,1,เมืองภูเก็ต,7,ราไวย์,83000000,สำนักงานที่ดินจังหวัดภูเก็ต,1,False,ระเบียง,26250,,official_statutory_assessment_rate_not_market_price
117750,34373,เด็อะ ไทเทิ้ล,A,83,ภูเก็ต,1,เมืองภูเก็ต,7,ราไวย์,83000000,สำนักงานที่ดินจังหวัดภูเก็ต,1,False,ห้องชุดพักอาศัยตากอากาศ,51000,,official_statutory_assessment_rate_not_market_price
117751,34373,เด็อะ ไทเทิ้ล,A,83,ภูเก็ต,1,เมืองภูเก็ต,7,ราไวย์,83000000,สำนักงานที่ดินจังหวัดภูเก็ต,1,False,พื้นที่ระเบียง,25500,,official_statutory_assessment_rate_not_market_price
117752,34373,เด็อะ ไทเทิ้ล,A,83,ภูเก็ต,1,เมืองภูเก็ต,7,ราไวย์,83000000,สำนักงานที่ดินจังหวัดภูเก็ต,2,False,ห้องชุดพักอาศัยตากอากาศ,51500,,official_statutory_assessment_rate_not_market_price
117753,34373,เด็อะ ไทเทิ้ล,A,83,ภูเก็ต,1,เมืองภูเก็ต,7,ราไวย์,83000000,สำนักงานที่ดินจังหวัดภูเก็ต,2,False,พื้นที่ระเบียง,25750,,official_statutory_assessment_rate_not_market_price
117754,34373,เด็อะ ไทเทิ้ล,A,83,ภูเก็ต,1,เมืองภูเก็ต,7,ราไวย์,83000000,สำนักงานที่ดินจังหวัดภูเก็ต,3,False,ห้องชุดพักอาศัยตากอากาศ,52000,,official_statutory_assessment_rate_not_market_price
117755,34373,เด็อะ ไทเทิ้ล,A,83,ภูเก็ต,1,เมืองภูเก็ต,7,ราไวย์,83000000,สำนักงานที่ดินจังหวัดภูเก็ต,3,False,พื้นที่ระเบียง,26000,,official_statutory_assessment_rate_not_market_price
117756,34373,เด็อะ ไทเทิ้ล,A,83,ภูเก็ต,1,เมืองภูเก็ต,7,ราไวย์,83000000,สำนักงานที่ดินจังหวัดภูเก็ต,4,False,ห้องชุดพักอาศัยตากอากาศ,52500,,official_statutory_assessment_rate_not_market_price
117757,34373,เด็อะ ไทเทิ้ล,A,83,ภูเก็ต,1,เมืองภูเก็ต,7,ราไวย์,83000000,สำนักงานที่ดินจังหวัดภูเก็ต,4,False,พื้นที่ระเบียง,26250,,official_statutory_assessment_rate_not_market_price
117758,34373,เด็อะ ไทเทิ้ล,B,83,ภูเก็ต,1,เมืองภูเก็ต,7,ราไวย์,83000000,สำนักงานที่ดินจังหวัดภูเก็ต,1,False,ห้องชุดพักอาศัยตากอากาศ,51000,,official_statutory_assessment_rate_not_market_price
117759,34373,เด็อะ ไทเทิ้ล,B,83,ภูเก็ต,1,เมืองภูเก็ต,7,ราไวย์,83000000,สำนักงานที่ดินจังหวัดภูเก็ต,1,False,พื้นที่ระเบียง,25500,,official_statutory_assessment_rate_not_market_price
117760,34373,เด็อะ ไทเทิ้ล,B,83,ภูเก็ต,1,เมืองภูเก็ต,7,ราไวย์,83000000,สำนักงานที่ดินจังหวัดภูเก็ต,2,False,ห้องชุดพักอาศัยตากอากาศ,51500,,official_statutory_assessment_rate_not_market_price
117761,34373,เด็อะ ไทเทิ้ล,B,83,ภูเก็ต,1,เมืองภูเก็ต,7,ราไวย์,83000000,สำนักงานที่ดินจังหวัดภูเก็ต,2,False,พื้นที่ระเบียง,25750,,official_statutory_assessment_rate_not_market_price
117762,34373,เด็อะ ไทเทิ้ล,B,83,ภูเก็ต,1,เมืองภูเก็ต,7,ราไวย์,83000000,สำนักงานที่ดินจังหวัดภูเก็ต,3,False,ห้องชุดพักอาศัยตากอากาศ,52000,,official_statutory_assessment_rate_not_market_price
117763,34373,เด็อะ ไทเทิ้ล,B,83,ภูเก็ต,1,เมืองภูเก็ต,7,ราไวย์,83000000,สำนักงานที่ดินจังหวัดภูเก็ต,3,False,พื้นที่ระเบียง,26000,,official_statutory_assessment_rate_not_market_price
117764,34373,เด็อะ ไทเทิ้ล,B,83,ภูเก็ต,1,เมืองภูเก็ต,7,ราไวย์,83000000,สำนักงานที่ดินจังหวัดภูเก็ต,4,False,ห้องชุดพักอาศัยตากอากาศ,52500,,official_statutory_assessment_rate_not_market_price
117765,34373,เด็อะ ไทเทิ้ล,B,83,ภูเก็ต,1,เมืองภูเก็ต,7,ราไวย์,83000000,สำนักงานที่ดินจังหวัดภูเก็ต,4,False,พื้นที่ระเบียง,26250,,official_statutory_assessment_rate_not_market_price
117766,34373,เด็อะ ไทเทิ้ล,C,83,ภูเก็ต,1,เมืองภูเก็ต,7,ราไวย์,83000000,สำนักงานที่ดินจังหวัดภูเก็ต,1,False,ห้องชุดพักอาศัยตากอากาศ,51000,,official_statutory_assessment_rate_not_market_price
117767,34373,เด็อะ ไทเทิ้ล,C,83,ภูเก็ต,1,เมืองภูเก็ต,7,ราไวย์,83000000,สำนักงานที่ดินจังหวัดภูเก็ต,1,False,พื้นที่ระเบียง,25500,,official_statutory_assessment_rate_not_market_price
117768,34373,เด็อะ ไทเทิ้ล,C,83,ภูเก็ต,1,เมืองภูเก็ต,7,ราไวย์,83000000,สำนักงานที่ดินจังหวัดภูเก็ต,2,False,ห้องชุดพักอาศัยตากอากาศ,51500,,official_statutory_assessment_rate_not_market_price
117769,34373,เด็อะ ไทเทิ้ล,C,83,ภูเก็ต,1,เมืองภูเก็ต,7,ราไวย์,83000000,สำนักงานที่ดินจังหวัดภูเก็ต,2,False,พื้นที่ระเบียง,25750,,official_statutory_assessment_rate_not_market_price
117770,34373,เด็อะ ไทเทิ้ล,C,83,ภูเก็ต,1,เมืองภูเก็ต,7,ราไวย์,83000000,สำนักงานที่ดินจังหวัดภูเก็ต,3,False,ห้องชุดพักอาศัยตากอากาศ,52000,,official_statutory_assessment_rate_not_market_price
117771,34373,เด็อะ ไทเทิ้ล,C,83,ภูเก็ต,1,เมืองภูเก็ต,7,ราไวย์,83000000,สำนักงานที่ดินจังหวัดภูเก็ต,3,False,พื้นที่ระเบียง,26000,,official_statutory_assessment_rate_not_market_price
117772,34373,เด็อะ ไทเทิ้ล,C,83,ภูเก็ต,1,เมืองภูเก็ต,7,ราไวย์,83000000,สำนักงานที่ดินจังหวัดภูเก็ต,4,False,ห้องชุดพักอาศัยตากอากาศ,52500,,official_statutory_assessment_rate_not_market_price
117773,34373,เด็อะ ไทเทิ้ล,C,83,ภูเก็ต,1,เมืองภูเก็ต,7,ราไวย์,83000000,สำนักงานที่ดินจังหวัดภูเก็ต,4,False,พื้นที่ระเบียง,26250,,official_statutory_assessment_rate_not_market_price
117774,34373,เด็อะ ไทเทิ้ล,D,83,ภูเก็ต,1,เมืองภูเก็ต,7,ราไวย์,83000000,สำนักงานที่ดินจังหวัดภูเก็ต,1,False,ห้องชุดพักอาศัยตากอากาศ,51000,,official_statutory_assessment_rate_not_market_price
117775,34373,เด็อะ ไทเทิ้ล,D,83,ภูเก็ต,1,เมืองภูเก็ต,7,ราไวย์,83000000,สำนักงานที่ดินจังหวัดภูเก็ต,1,False,พื้นที่ระเบียง,25500,,official_statutory_assessment_rate_not_market_price
117776,34373,เด็อะ ไทเทิ้ล,D,83,ภูเก็ต,1,เมืองภูเก็ต,7,ราไวย์,83000000,สำนักงานที่ดินจังหวัดภูเก็ต,2,False,ห้องชุดพักอาศัยตากอากาศ,51500,,official_statutory_assessment_rate_not_market_price
117777,34373,เด็อะ ไทเทิ้ล,D,83,ภูเก็ต,1,เมืองภูเก็ต,7,ราไวย์,83000000,สำนักงานที่ดินจังหวัดภูเก็ต,2,False,พื้นที่ระเบียง,25750,,official_statutory_assessment_rate_not_market_price
117778,34373,เด็อะ ไทเทิ้ล,D,83,ภูเก็ต,1,เมืองภูเก็ต,7,ราไวย์,83000000,สำนักงานที่ดินจังหวัดภูเก็ต,3,False,ห้องชุดพักอาศัยตากอากาศ,52000,,official_statutory_assessment_rate_not_market_price
117779,34373,เด็อะ ไทเทิ้ล,D,83,ภูเก็ต,1,เมืองภูเก็ต,7,ราไวย์,83000000,สำนักงานที่ดินจังหวัดภูเก็ต,3,False,พื้นที่ระเบียง,26000,,official_statutory_assessment_rate_not_market_price
117780,34373,เด็อะ ไทเทิ้ล,D,83,ภูเก็ต,1,เมืองภูเก็ต,7,ราไวย์,83000000,สำนักงานที่ดินจังหวัดภูเก็ต,4,False,ห้องชุดพักอาศัยตากอากาศ,52500,,official_statutory_assessment_rate_not_market_price
117781,34373,เด็อะ ไทเทิ้ล,D,83,ภูเก็ต,1,เมืองภูเก็ต,7,ราไวย์,83000000,สำนักงานที่ดินจังหวัดภูเก็ต,4,False,พื้นที่ระเบียง,26250,,official_statutory_assessment_rate_not_market_price
117782,34373,เด็อะ ไทเทิ้ล,E,83,ภูเก็ต,1,เมืองภูเก็ต,7,ราไวย์,83000000,สำนักงานที่ดินจังหวัดภูเก็ต,1,False,ห้องชุดพักอาศัยตากอากาศ,51000,,official_statutory_assessment_rate_not_market_price
117783,34373,เด็อะ ไทเทิ้ล,E,83,ภูเก็ต,1,เมืองภูเก็ต,7,ราไวย์,83000000,สำนักงานที่ดินจังหวัดภูเก็ต,1,False,พื้นที่ระเบียง,25500,,official_statutory_assessment_rate_not_market_price
117784,34373,เด็อะ ไทเทิ้ล,E,83,ภูเก็ต,1,เมืองภูเก็ต,7,ราไวย์,83000000,สำนักงานที่ดินจังหวัดภูเก็ต,2,False,ห้องชุดพักอาศัยตากอากาศ,51500,,official_statutory_assessment_rate_not_market_price
117785,34373,เด็อะ ไทเทิ้ล,E,83,ภูเก็ต,1,เมืองภูเก็ต,7,ราไวย์,83000000,สำนักงานที่ดินจังหวัดภูเก็ต,2,False,พื้นที่ระเบียง,25750,,official_statutory_assessment_rate_not_market_price
117786,34373,เด็อะ ไทเทิ้ล,E,83,ภูเก็ต,1,เมืองภูเก็ต,7,ราไวย์,83000000,สำนักงานที่ดินจังหวัดภูเก็ต,3,False,ห้องชุดพักอาศัยตากอากาศ,52000,,official_statutory_assessment_rate_not_market_price
117787,34373,เด็อะ ไทเทิ้ล,E,83,ภูเก็ต,1,เมืองภูเก็ต,7,ราไวย์,83000000,สำนักงานที่ดินจังหวัดภูเก็ต,3,False,พื้นที่ระเบียง,26000,,official_statutory_assessment_rate_not_market_price
117788,34373,เด็อะ ไทเทิ้ล,E,83,ภูเก็ต,1,เมืองภูเก็ต,7,ราไวย์,83000000,สำนักงานที่ดินจังหวัดภูเก็ต,4,False,ห้องชุดพักอาศัยตากอากาศ,52500,,official_statutory_assessment_rate_not_market_price
117789,34373,เด็อะ ไทเทิ้ล,E,83,ภูเก็ต,1,เมืองภูเก็ต,7,ราไวย์,83000000,สำนักงานที่ดินจังหวัดภูเก็ต,4,False,พื้นที่ระเบียง,26250,,official_statutory_assessment_rate_not_market_price
117790,34373,เด็อะ ไทเทิ้ล,F,83,ภูเก็ต,1,เมืองภูเก็ต,7,ราไวย์,83000000,สำนักงานที่ดินจังหวัดภูเก็ต,1,False,ห้องชุดพักอาศัยตากอากาศ,51000,,official_statutory_assessment_rate_not_market_price
117791,34373,เด็อะ ไทเทิ้ล,F,83,ภูเก็ต,1,เมืองภูเก็ต,7,ราไวย์,83000000,สำนักงานที่ดินจังหวัดภูเก็ต,1,False,พื้นที่ระเบียง,25500,,official_statutory_assessment_rate_not_market_price
117792,34373,เด็อะ ไทเทิ้ล,F,83,ภูเก็ต,1,เมืองภูเก็ต,7,ราไวย์,83000000,สำนักงานที่ดินจังหวัดภูเก็ต,2,False,ห้องชุดพักอาศัยตากอากาศ,51500,,official_statutory_assessment_rate_not_market_price
117793,34373,เด็อะ ไทเทิ้ล,F,83,ภูเก็ต,1,เมืองภูเก็ต,7,ราไวย์,83000000,สำนักงานที่ดินจังหวัดภูเก็ต,2,False,พื้นที่ระเบียง,25750,,official_statutory_assessment_rate_not_market_price
117794,34373,เด็อะ ไทเทิ้ล,F,83,ภูเก็ต,1,เมืองภูเก็ต,7,ราไวย์,83000000,สำนักงานที่ดินจังหวัดภูเก็ต,3,False,ห้องชุดพักอาศัยตากอากาศ,52000,,official_statutory_assessment_rate_not_market_price
117795,34373,เด็อะ ไทเทิ้ล,F,83,ภูเก็ต,1,เมืองภูเก็ต,7,ราไวย์,83000000,สำนักงานที่ดินจังหวัดภูเก็ต,3,False,พื้นที่ระเบียง,26000,,official_statutory_assessment_rate_not_market_price
117796,34373,เด็อะ ไทเทิ้ล,F,83,ภูเก็ต,1,เมืองภูเก็ต,7,ราไวย์,83000000,สำนักงานที่ดินจังหวัดภูเก็ต,4,False,ห้องชุดพักอาศัยตากอากาศ,52500,,official_statutory_assessment_rate_not_market_price
117797,34373,เด็อะ ไทเทิ้ล,F,83,ภูเก็ต,1,เมืองภูเก็ต,7,ราไวย์,83000000,สำนักงานที่ดินจังหวัดภูเก็ต,4,False,พื้นที่ระเบียง,26250,,official_statutory_assessment_rate_not_market_price
117798,34373,เด็อะ ไทเทิ้ล,G,83,ภูเก็ต,1,เมืองภูเก็ต,7,ราไวย์,83000000,สำนักงานที่ดินจังหวัดภูเก็ต,1,False,ห้องชุดพักอาศัยตากอากาศ,51000,,official_statutory_assessment_rate_not_market_price
117799,34373,เด็อะ ไทเทิ้ล,G,83,ภูเก็ต,1,เมืองภูเก็ต,7,ราไวย์,83000000,สำนักงานที่ดินจังหวัดภูเก็ต,1,False,พื้นที่ระเบียง,25500,,official_statutory_assessment_rate_not_market_price
117800,34373,เด็อะ ไทเทิ้ล,G,83,ภูเก็ต,1,เมืองภูเก็ต,7,ราไวย์,83000000,สำนักงานที่ดินจังหวัดภูเก็ต,2,False,ห้องชุดพักอาศัยตากอากาศ,51500,,official_statutory_assessment_rate_not_market_price
117801,34373,เด็อะ ไทเทิ้ล,G,83,ภูเก็ต,1,เมืองภูเก็ต,7,ราไวย์,83000000,สำนักงานที่ดินจังหวัดภูเก็ต,2,False,พื้นที่ระเบียง,25750,,official_statutory_assessment_rate_not_market_price
117802,34373,เด็อะ ไทเทิ้ล,G,83,ภูเก็ต,1,เมืองภูเก็ต,7,ราไวย์,83000000,สำนักงานที่ดินจังหวัดภูเก็ต,3,False,ห้องชุดพักอาศัยตากอากาศ,52000,,official_statutory_assessment_rate_not_market_price
117803,34373,เด็อะ ไทเทิ้ล,G,83,ภูเก็ต,1,เมืองภูเก็ต,7,ราไวย์,83000000,สำนักงานที่ดินจังหวัดภูเก็ต,3,False,พื้นที่ระเบียง,26000,,official_statutory_assessment_rate_not_market_price
117804,34373,เด็อะ ไทเทิ้ล,G,83,ภูเก็ต,1,เมืองภูเก็ต,7,ราไวย์,83000000,สำนักงานที่ดินจังหวัดภูเก็ต,4,False,ห้องชุดพักอาศัยตากอากาศ,52500,,official_statutory_assessment_rate_not_market_price
117805,34373,เด็อะ ไทเทิ้ล,G,83,ภูเก็ต,1,เมืองภูเก็ต,7,ราไวย์,83000000,สำนักงานที่ดินจังหวัดภูเก็ต,4,False,พื้นที่ระเบียง,26250,,official_statutory_assessment_rate_not_market_price
117806,34379,เดอะ ปาล์ม เรซิเด้นท์,-,83,ภูเก็ต,1,เมืองภูเก็ต,7,ราไวย์,83000000,สำนักงานที่ดินจังหวัดภูเก็ต,1,False,ห้องชุดพักอาศัยตากอากาศ,51000,,official_statutory_assessment_rate_not_market_price
117807,34379,เดอะ ปาล์ม เรซิเด้นท์,-,83,ภูเก็ต,1,เมืองภูเก็ต,7,ราไวย์,83000000,สำนักงานที่ดินจังหวัดภูเก็ต,1,False,ระเบียง,25500,,official_statutory_assessment_rate_not_market_price
117808,34379,เดอะ ปาล์ม เรซิเด้นท์,-,83,ภูเก็ต,1,เมืองภูเก็ต,7,ราไวย์,83000000,สำนักงานที่ดินจังหวัดภูเก็ต,2,False,ห้องชุดพักอาศัยตากอากาศ,51000,,official_statutory_assessment_rate_not_market_price
117809,34379,เดอะ ปาล์ม เรซิเด้นท์,-,83,ภูเก็ต,1,เมืองภูเก็ต,7,ราไวย์,83000000,สำนักงานที่ดินจังหวัดภูเก็ต,2,False,ระเบียง,25500,,official_statutory_assessment_rate_not_market_price
117810,34379,เดอะ ปาล์ม เรซิเด้นท์,-,83,ภูเก็ต,1,เมืองภูเก็ต,7,ราไวย์,83000000,สำนักงานที่ดินจังหวัดภูเก็ต,3,False,ห้องชุดพักอาศัยตากอากาศ,51500,,official_statutory_assessment_rate_not_market_price
117811,34379,เดอะ ปาล์ม เรซิเด้นท์,-,83,ภูเก็ต,1,เมืองภูเก็ต,7,ราไวย์,83000000,สำนักงานที่ดินจังหวัดภูเก็ต,3,False,ระเบียง,25750,,official_statutory_assessment_rate_not_market_price
117812,34379,เดอะ ปาล์ม เรซิเด้นท์,-,83,ภูเก็ต,1,เมืองภูเก็ต,7,ราไวย์,83000000,สำนักงานที่ดินจังหวัดภูเก็ต,4,False,ห้องชุดพักอาศัยตากอากาศ,51500,,official_statutory_assessment_rate_not_market_price
117813,34379,เดอะ ปาล์ม เรซิเด้นท์,-,83,ภูเก็ต,1,เมืองภูเก็ต,7,ราไวย์,83000000,สำนักงานที่ดินจังหวัดภูเก็ต,4,False,ระเบียง,25750,,official_statutory_assessment_rate_not_market_price
117814,34379,เดอะ ปาล์ม เรซิเด้นท์,-,83,ภูเก็ต,1,เมืองภูเก็ต,7,ราไวย์,83000000,สำนักงานที่ดินจังหวัดภูเก็ต,5,False,ห้องชุดพักอาศัยตากอากาศ,52000,,official_statutory_assessment_rate_not_market_price
117815,34379,เดอะ ปาล์ม เรซิเด้นท์,-,83,ภูเก็ต,1,เมืองภูเก็ต,7,ราไวย์,83000000,สำนักงานที่ดินจังหวัดภูเก็ต,5,False,ระเบียง,26000,,official_statutory_assessment_rate_not_market_price
117816,34379,เดอะ ปาล์ม เรซิเด้นท์,-,83,ภูเก็ต,1,เมืองภูเก็ต,7,ราไวย์,83000000,สำนักงานที่ดินจังหวัดภูเก็ต,6,False,ห้องชุดพักอาศัยตากอากาศ,52000,,official_statutory_assessment_rate_not_market_price
117817,34379,เดอะ ปาล์ม เรซิเด้นท์,-,83,ภูเก็ต,1,เมืองภูเก็ต,7,ราไวย์,83000000,สำนักงานที่ดินจังหวัดภูเก็ต,6,False,ระเบียง,26000,,official_statutory_assessment_rate_not_market_price
117818,34379,เดอะ ปาล์ม เรซิเด้นท์,-,83,ภูเก็ต,1,เมืองภูเก็ต,7,ราไวย์,83000000,สำนักงานที่ดินจังหวัดภูเก็ต,7,False,ห้องชุดพักอาศัยตากอากาศ,52500,,official_statutory_assessment_rate_not_market_price
117819,34379,เดอะ ปาล์ม เรซิเด้นท์,-,83,ภูเก็ต,1,เมืองภูเก็ต,7,ราไวย์,83000000,สำนักงานที่ดินจังหวัดภูเก็ต,7,False,ระเบียง,26250,,official_statutory_assessment_rate_not_market_price
117820,34519,ปาล์มเมตโต้,-,83,ภูเก็ต,1,เมืองภูเก็ต,8,กะรน,83000000,สำนักงานที่ดินจังหวัดภูเก็ต,2,False,พักอาศัยตากอากาศ/พื้นที่ระเบียง,58800,,official_statutory_assessment_rate_not_market_price
117821,34519,ปาล์มเมตโต้,-,83,ภูเก็ต,1,เมืองภูเก็ต,8,กะรน,83000000,สำนักงานที่ดินจังหวัดภูเก็ต,3,False,พักอาศัยตากอากาศ/พื้นที่ระเบียง,59600,,official_statutory_assessment_rate_not_market_price
117822,34519,ปาล์มเมตโต้,-,83,ภูเก็ต,1,เมืองภูเก็ต,8,กะรน,83000000,สำนักงานที่ดินจังหวัดภูเก็ต,4,False,พักอาศัยตากอากาศ/พื้นที่ระเบียง,60600,,official_statutory_assessment_rate_not_market_price
117823,34519,ปาล์มเมตโต้,-,83,ภูเก็ต,1,เมืองภูเก็ต,8,กะรน,83000000,สำนักงานที่ดินจังหวัดภูเก็ต,5,False,พักอาศัยตากอากาศ/พื้นที่ระเบียง,61800,,official_statutory_assessment_rate_not_market_price
117824,34536,ภูเก็ต กะรนฮิล,-,83,ภูเก็ต,1,เมืองภูเก็ต,8,กะรน,83000000,สำนักงานที่ดินจังหวัดภูเก็ต,2,False,ห้องชุดพักอาศัย,59000,,official_statutory_assessment_rate_not_market_price
117825,34536,ภูเก็ต กะรนฮิล,-,83,ภูเก็ต,1,เมืองภูเก็ต,8,กะรน,83000000,สำนักงานที่ดินจังหวัดภูเก็ต,2,False,ระเบียง,29500,,official_statutory_assessment_rate_not_market_price
117826,34536,ภูเก็ต กะรนฮิล,-,83,ภูเก็ต,1,เมืองภูเก็ต,8,กะรน,83000000,สำนักงานที่ดินจังหวัดภูเก็ต,3,False,ห้องชุดพักอาศัย,59000,,official_statutory_assessment_rate_not_market_price
117827,34536,ภูเก็ต กะรนฮิล,-,83,ภูเก็ต,1,เมืองภูเก็ต,8,กะรน,83000000,สำนักงานที่ดินจังหวัดภูเก็ต,3,False,ระเบียง,29500,,official_statutory_assessment_rate_not_market_price
117828,34536,ภูเก็ต กะรนฮิล,-,83,ภูเก็ต,1,เมืองภูเก็ต,8,กะรน,83000000,สำนักงานที่ดินจังหวัดภูเก็ต,4,False,ห้องชุดพักอาศัย,59500,,official_statutory_assessment_rate_not_market_price
117829,34536,ภูเก็ต กะรนฮิล,-,83,ภูเก็ต,1,เมืองภูเก็ต,8,กะรน,83000000,สำนักงานที่ดินจังหวัดภูเก็ต,4,False,ระเบียง,29750,,official_statutory_assessment_rate_not_market_price
117830,34536,ภูเก็ต กะรนฮิล,-,83,ภูเก็ต,1,เมืองภูเก็ต,8,กะรน,83000000,สำนักงานที่ดินจังหวัดภูเก็ต,5,False,ห้องชุดพักอาศัย,59500,,official_statutory_assessment_rate_not_market_price
117831,34536,ภูเก็ต กะรนฮิล,-,83,ภูเก็ต,1,เมืองภูเก็ต,8,กะรน,83000000,สำนักงานที่ดินจังหวัดภูเก็ต,5,False,ระเบียง,29750,,official_statutory_assessment_rate_not_market_price
117832,34536,ภูเก็ต กะรนฮิล,-,83,ภูเก็ต,1,เมืองภูเก็ต,8,กะรน,83000000,สำนักงานที่ดินจังหวัดภูเก็ต,6,False,ห้องชุดพักอาศัย,60000,,official_statutory_assessment_rate_not_market_price
117833,34536,ภูเก็ต กะรนฮิล,-,83,ภูเก็ต,1,เมืองภูเก็ต,8,กะรน,83000000,สำนักงานที่ดินจังหวัดภูเก็ต,6,False,ระเบียง,30000,,official_statutory_assessment_rate_not_market_price
117834,34536,ภูเก็ต กะรนฮิล,-,83,ภูเก็ต,1,เมืองภูเก็ต,8,กะรน,83000000,สำนักงานที่ดินจังหวัดภูเก็ต,7,False,พักอาศัยตากอากาศเพ้นท์เฮ้าส์,61000,,official_statutory_assessment_rate_not_market_price
117835,34536,ภูเก็ต กะรนฮิล,-,83,ภูเก็ต,1,เมืองภูเก็ต,8,กะรน,83000000,สำนักงานที่ดินจังหวัดภูเก็ต,7,False,ระเบียง,30500,,official_statutory_assessment_rate_not_market_price
117836,34560,วีไอพี คอนโด กะตะ,A,83,ภูเก็ต,1,เมืองภูเก็ต,8,กะรน,83000000,สำนักงานที่ดินจังหวัดภูเก็ต,1,False,เพื่อประกอบการค้า/ระเบียง/สระว่ายน้ำ ,65200,,official_statutory_assessment_rate_not_market_price
117837,34560,วีไอพี คอนโด กะตะ,A,83,ภูเก็ต,1,เมืองภูเก็ต,8,กะรน,83000000,สำนักงานที่ดินจังหวัดภูเก็ต,2,False,เพื่อประกอบการค้า/ระเบียง/สระว่ายน้ำ ,66100,,official_statutory_assessment_rate_not_market_price
117838,34560,วีไอพี คอนโด กะตะ,A,83,ภูเก็ต,1,เมืองภูเก็ต,8,กะรน,83000000,สำนักงานที่ดินจังหวัดภูเก็ต,3,False,เพื่อประกอบการค้า/ระเบียง/สระว่ายน้ำ ,67200,,official_statutory_assessment_rate_not_market_price
117839,34560,วีไอพี คอนโด กะตะ,A,83,ภูเก็ต,1,เมืองภูเก็ต,8,กะรน,83000000,สำนักงานที่ดินจังหวัดภูเก็ต,4,False,เพื่อประกอบการค้า/ระเบียง/สระว่ายน้ำ ,68600,,official_statutory_assessment_rate_not_market_price
117840,34560,วีไอพี คอนโด กะตะ,A,83,ภูเก็ต,1,เมืองภูเก็ต,8,กะรน,83000000,สำนักงานที่ดินจังหวัดภูเก็ต,5,False,เพื่อประกอบการค้า/ระเบียง/สระว่ายน้ำ ,70000,,official_statutory_assessment_rate_not_market_price
117841,34560,วีไอพี คอนโด กะตะ,A,83,ภูเก็ต,1,เมืองภูเก็ต,8,กะรน,83000000,สำนักงานที่ดินจังหวัดภูเก็ต,6,False,เพื่อประกอบการค้า/ระเบียง/สระว่ายน้ำ ,71500,,official_statutory_assessment_rate_not_market_price
117842,34560,วีไอพี คอนโด กะตะ,A,83,ภูเก็ต,1,เมืองภูเก็ต,8,กะรน,83000000,สำนักงานที่ดินจังหวัดภูเก็ต,7,False,เพื่อประกอบการค้า/ระเบียง/สระว่ายน้ำ ,73100,,official_statutory_assessment_rate_not_market_price
117843,34560,วีไอพี คอนโด กะตะ,A,83,ภูเก็ต,1,เมืองภูเก็ต,8,กะรน,83000000,สำนักงานที่ดินจังหวัดภูเก็ต,8,False,เพื่อประกอบการค้า/ระเบียง/สระว่ายน้ำ ,74800,,official_statutory_assessment_rate_not_market_price
117844,34560,วีไอพี คอนโด กะตะ,A,83,ภูเก็ต,1,เมืองภูเก็ต,8,กะรน,83000000,สำนักงานที่ดินจังหวัดภูเก็ต,"4, 5",False,ห้องชุดเพื่อประกอบการค้าแบบ 2 ชั้นควบ/พื้นที่ระเบียง/พื้นที่สระว่ายน้ำ,69600,,official_statutory_assessment_rate_not_market_price
117845,34560,วีไอพี คอนโด กะตะ,A,83,ภูเก็ต,1,เมืองภูเก็ต,8,กะรน,83000000,สำนักงานที่ดินจังหวัดภูเก็ต,"7, 8",False,ห้องชุดเพื่อประกอบการค้าแบบ 2 ชั้นควบ/พื้นที่ระเบียง/พื้นที่สระว่ายน้ำ,74100,,official_statutory_assessment_rate_not_market_price
117846,34560,วีไอพี คอนโด กะตะ,B,83,ภูเก็ต,1,เมืองภูเก็ต,8,กะรน,83000000,สำนักงานที่ดินจังหวัดภูเก็ต,1,False,พักอาศัยตากอากาศ/ระเบียง/สระว่ายน้ำ ,59600,,official_statutory_assessment_rate_not_market_price
117847,34560,วีไอพี คอนโด กะตะ,B,83,ภูเก็ต,1,เมืองภูเก็ต,8,กะรน,83000000,สำนักงานที่ดินจังหวัดภูเก็ต,1,False,เพื่อประกอบการค้า/ระเบียง/สระว่ายน้ำ ,65200,,official_statutory_assessment_rate_not_market_price
117848,34560,วีไอพี คอนโด กะตะ,B,83,ภูเก็ต,1,เมืองภูเก็ต,8,กะรน,83000000,สำนักงานที่ดินจังหวัดภูเก็ต,2,False,พักอาศัยตากอากาศ/ระเบียง/สระว่ายน้ำ ,60400,,official_statutory_assessment_rate_not_market_price
117849,34560,วีไอพี คอนโด กะตะ,B,83,ภูเก็ต,1,เมืองภูเก็ต,8,กะรน,83000000,สำนักงานที่ดินจังหวัดภูเก็ต,2,False,เพื่อประกอบการค้า/ระเบียง/สระว่ายน้ำ ,66100,,official_statutory_assessment_rate_not_market_price
117850,34560,วีไอพี คอนโด กะตะ,B,83,ภูเก็ต,1,เมืองภูเก็ต,8,กะรน,83000000,สำนักงานที่ดินจังหวัดภูเก็ต,3,False,พักอาศัยตากอากาศ/ระเบียง/สระว่ายน้ำ ,61500,,official_statutory_assessment_rate_not_market_price
117851,34560,วีไอพี คอนโด กะตะ,B,83,ภูเก็ต,1,เมืองภูเก็ต,8,กะรน,83000000,สำนักงานที่ดินจังหวัดภูเก็ต,3,False,เพื่อประกอบการค้า/ระเบียง/สระว่ายน้ำ ,67200,,official_statutory_assessment_rate_not_market_price
117852,34560,วีไอพี คอนโด กะตะ,B,83,ภูเก็ต,1,เมืองภูเก็ต,8,กะรน,83000000,สำนักงานที่ดินจังหวัดภูเก็ต,4,False,พักอาศัยตากอากาศ/ระเบียง/สระว่ายน้ำ ,62700,,official_statutory_assessment_rate_not_market_price
117853,34560,วีไอพี คอนโด กะตะ,B,83,ภูเก็ต,1,เมืองภูเก็ต,8,กะรน,83000000,สำนักงานที่ดินจังหวัดภูเก็ต,4,False,เพื่อประกอบการค้า/ระเบียง/สระว่ายน้ำ ,68600,,official_statutory_assessment_rate_not_market_price
117854,34560,วีไอพี คอนโด กะตะ,B,83,ภูเก็ต,1,เมืองภูเก็ต,8,กะรน,83000000,สำนักงานที่ดินจังหวัดภูเก็ต,5,False,พักอาศัยตากอากาศ/ระเบียง/สระว่ายน้ำ ,64000,,official_statutory_assessment_rate_not_market_price
117855,34560,วีไอพี คอนโด กะตะ,B,83,ภูเก็ต,1,เมืองภูเก็ต,8,กะรน,83000000,สำนักงานที่ดินจังหวัดภูเก็ต,5,False,เพื่อประกอบการค้า/ระเบียง/สระว่ายน้ำ ,70000,,official_statutory_assessment_rate_not_market_price
117856,34560,วีไอพี คอนโด กะตะ,B,83,ภูเก็ต,1,เมืองภูเก็ต,8,กะรน,83000000,สำนักงานที่ดินจังหวัดภูเก็ต,"4, 5",False,ห้องชุดเพื่อประกอบการค้าแบบ 2 ชั้นควบ/พื้นที่ระเบียง/พื้นที่สระว่ายน้ำ,69600,,official_statutory_assessment_rate_not_market_price
117857,34491,ดิ อาร์ก,-,83,ภูเก็ต,1,เมืองภูเก็ต,8,กะรน,83000000,สำนักงานที่ดินจังหวัดภูเก็ต,7,False,พักอาศัยตากอากาศเพ้นท์เฮ้าส์,71000,,official_statutory_assessment_rate_not_market_price
117858,34491,ดิ อาร์ก,-,83,ภูเก็ต,1,เมืองภูเก็ต,8,กะรน,83000000,สำนักงานที่ดินจังหวัดภูเก็ต,7,False,พื้นที่ระเบียง/สระว่ายน้ำ,35500,,official_statutory_assessment_rate_not_market_price
117859,34491,ดิ อาร์ก,-,83,ภูเก็ต,1,เมืองภูเก็ต,8,กะรน,83000000,สำนักงานที่ดินจังหวัดภูเก็ต,1-ก.พ.,True,ห้องชุดพักอาศัยตากอากาศ,68500,,official_statutory_assessment_rate_not_market_price
117860,34491,ดิ อาร์ก,-,83,ภูเก็ต,1,เมืองภูเก็ต,8,กะรน,83000000,สำนักงานที่ดินจังหวัดภูเก็ต,1-ก.พ.,True,พื้นที่ระเบียง,34250,,official_statutory_assessment_rate_not_market_price
117861,34491,ดิ อาร์ก,-,83,ภูเก็ต,1,เมืองภูเก็ต,8,กะรน,83000000,สำนักงานที่ดินจังหวัดภูเก็ต,3-เม.ย.,True,ห้องชุดพักอาศัยตากอากาศ,69000,,official_statutory_assessment_rate_not_market_price
117862,34491,ดิ อาร์ก,-,83,ภูเก็ต,1,เมืองภูเก็ต,8,กะรน,83000000,สำนักงานที่ดินจังหวัดภูเก็ต,3-เม.ย.,True,พื้นที่ระเบียง,34500,,official_statutory_assessment_rate_not_market_price
117863,34491,ดิ อาร์ก,-,83,ภูเก็ต,1,เมืองภูเก็ต,8,กะรน,83000000,สำนักงานที่ดินจังหวัดภูเก็ต,5-มิ.ย.,True,ห้องชุดพักอาศัยตากอากาศ,69500,,official_statutory_assessment_rate_not_market_price
117864,34491,ดิ อาร์ก,-,83,ภูเก็ต,1,เมืองภูเก็ต,8,กะรน,83000000,สำนักงานที่ดินจังหวัดภูเก็ต,5-มิ.ย.,True,พื้นที่ระเบียง,34750,,official_statutory_assessment_rate_not_market_price
117865,34480,เดอะ ชิค คอนโดมิเนียม,-,83,ภูเก็ต,1,เมืองภูเก็ต,8,กะรน,83000000,สำนักงานที่ดินจังหวัดภูเก็ต,7,False,ห้องชุดพักอาศัยตากอากาศ,53000,,official_statutory_assessment_rate_not_market_price
117866,34480,เดอะ ชิค คอนโดมิเนียม,-,83,ภูเก็ต,1,เมืองภูเก็ต,8,กะรน,83000000,สำนักงานที่ดินจังหวัดภูเก็ต,7,False,พื้นที่ระเบียง,26500,,official_statutory_assessment_rate_not_market_price
117867,34480,เดอะ ชิค คอนโดมิเนียม,-,83,ภูเก็ต,1,เมืองภูเก็ต,8,กะรน,83000000,สำนักงานที่ดินจังหวัดภูเก็ต,1-ก.พ.,True,ห้องชุดพักอาศัยตากอากาศ,51500,,official_statutory_assessment_rate_not_market_price
117868,34480,เดอะ ชิค คอนโดมิเนียม,-,83,ภูเก็ต,1,เมืองภูเก็ต,8,กะรน,83000000,สำนักงานที่ดินจังหวัดภูเก็ต,1-ก.พ.,True,พื้นที่ระเบียง,25750,,official_statutory_assessment_rate_not_market_price
117869,34480,เดอะ ชิค คอนโดมิเนียม,-,83,ภูเก็ต,1,เมืองภูเก็ต,8,กะรน,83000000,สำนักงานที่ดินจังหวัดภูเก็ต,3-เม.ย.,True,ห้องชุดพักอาศัยตากอากาศ,52000,,official_statutory_assessment_rate_not_market_price
117870,34480,เดอะ ชิค คอนโดมิเนียม,-,83,ภูเก็ต,1,เมืองภูเก็ต,8,กะรน,83000000,สำนักงานที่ดินจังหวัดภูเก็ต,3-เม.ย.,True,พื้นที่ระเบียง,26000,,official_statutory_assessment_rate_not_market_price
117871,34480,เดอะ ชิค คอนโดมิเนียม,-,83,ภูเก็ต,1,เมืองภูเก็ต,8,กะรน,83000000,สำนักงานที่ดินจังหวัดภูเก็ต,5-มิ.ย.,True,ห้องชุดพักอาศัยตากอากาศ,52500,,official_statutory_assessment_rate_not_market_price
117872,34480,เดอะ ชิค คอนโดมิเนียม,-,83,ภูเก็ต,1,เมืองภูเก็ต,8,กะรน,83000000,สำนักงานที่ดินจังหวัดภูเก็ต,5-มิ.ย.,True,พื้นที่ระเบียง,26250,,official_statutory_assessment_rate_not_market_price
117873,34481,ชิค คอนโดมิเนียม 2,-,83,ภูเก็ต,1,เมืองภูเก็ต,8,กะรน,83000000,สำนักงานที่ดินจังหวัดภูเก็ต,7,False,ห้องชุดพักอาศัยตากอากาศ,58500,,official_statutory_assessment_rate_not_market_price
117874,34481,ชิค คอนโดมิเนียม 2,-,83,ภูเก็ต,1,เมืองภูเก็ต,8,กะรน,83000000,สำนักงานที่ดินจังหวัดภูเก็ต,7,False,พื้นที่ระเบียง,29250,,official_statutory_assessment_rate_not_market_price
117875,34481,ชิค คอนโดมิเนียม 2,-,83,ภูเก็ต,1,เมืองภูเก็ต,8,กะรน,83000000,สำนักงานที่ดินจังหวัดภูเก็ต,1-ก.พ.,True,ห้องชุดพักอาศัยตากอากาศ,57000,,official_statutory_assessment_rate_not_market_price
117876,34481,ชิค คอนโดมิเนียม 2,-,83,ภูเก็ต,1,เมืองภูเก็ต,8,กะรน,83000000,สำนักงานที่ดินจังหวัดภูเก็ต,1-ก.พ.,True,พื้นที่ระเบียง,28500,,official_statutory_assessment_rate_not_market_price
117877,34481,ชิค คอนโดมิเนียม 2,-,83,ภูเก็ต,1,เมืองภูเก็ต,8,กะรน,83000000,สำนักงานที่ดินจังหวัดภูเก็ต,3-เม.ย.,True,ห้องชุดพักอาศัยตากอากาศ,57500,,official_statutory_assessment_rate_not_market_price
117878,34481,ชิค คอนโดมิเนียม 2,-,83,ภูเก็ต,1,เมืองภูเก็ต,8,กะรน,83000000,สำนักงานที่ดินจังหวัดภูเก็ต,3-เม.ย.,True,พื้นที่ระเบียง,28750,,official_statutory_assessment_rate_not_market_price
117879,34481,ชิค คอนโดมิเนียม 2,-,83,ภูเก็ต,1,เมืองภูเก็ต,8,กะรน,83000000,สำนักงานที่ดินจังหวัดภูเก็ต,5-มิ.ย.,True,ห้องชุดพักอาศัยตากอากาศ,58000,,official_statutory_assessment_rate_not_market_price
117880,34481,ชิค คอนโดมิเนียม 2,-,83,ภูเก็ต,1,เมืองภูเก็ต,8,กะรน,83000000,สำนักงานที่ดินจังหวัดภูเก็ต,5-มิ.ย.,True,พื้นที่ระเบียง,29000,,official_statutory_assessment_rate_not_market_price
117881,34486,ซี แอนด์ สกาย คอนโดมิเนียม ภูเก็ต,-,83,ภูเก็ต,1,เมืองภูเก็ต,8,กะรน,83000000,สำนักงานที่ดินจังหวัดภูเก็ต,2,False,ห้องชุดพักอาศัยตากอากาศ,69000,,official_statutory_assessment_rate_not_market_price
117882,34486,ซี แอนด์ สกาย คอนโดมิเนียม ภูเก็ต,-,83,ภูเก็ต,1,เมืองภูเก็ต,8,กะรน,83000000,สำนักงานที่ดินจังหวัดภูเก็ต,2,False,พื้นที่ระเบียง,34500,,official_statutory_assessment_rate_not_market_price
117883,34486,ซี แอนด์ สกาย คอนโดมิเนียม ภูเก็ต,-,83,ภูเก็ต,1,เมืองภูเก็ต,8,กะรน,83000000,สำนักงานที่ดินจังหวัดภูเก็ต,5,False,ห้องชุดพักอาศัยตากอากาศ,70000,,official_statutory_assessment_rate_not_market_price
117884,34486,ซี แอนด์ สกาย คอนโดมิเนียม ภูเก็ต,-,83,ภูเก็ต,1,เมืองภูเก็ต,8,กะรน,83000000,สำนักงานที่ดินจังหวัดภูเก็ต,5,False,พื้นที่ระเบียง,35000,,official_statutory_assessment_rate_not_market_price
117885,34486,ซี แอนด์ สกาย คอนโดมิเนียม ภูเก็ต,-,83,ภูเก็ต,1,เมืองภูเก็ต,8,กะรน,83000000,สำนักงานที่ดินจังหวัดภูเก็ต,6,False,พื้นที่ระเบียง,35500,,official_statutory_assessment_rate_not_market_price
117886,34486,ซี แอนด์ สกาย คอนโดมิเนียม ภูเก็ต,-,83,ภูเก็ต,1,เมืองภูเก็ต,8,กะรน,83000000,สำนักงานที่ดินจังหวัดภูเก็ต,6,False,พักอาศัยตากอากาศเพ้นท์เฮ้าส์,71000,,official_statutory_assessment_rate_not_market_price
117887,34486,ซี แอนด์ สกาย คอนโดมิเนียม ภูเก็ต,-,83,ภูเก็ต,1,เมืองภูเก็ต,8,กะรน,83000000,สำนักงานที่ดินจังหวัดภูเก็ต,3-เม.ย.,True,ห้องชุดพักอาศัยตากอากาศ,69500,,official_statutory_assessment_rate_not_market_price
117888,34486,ซี แอนด์ สกาย คอนโดมิเนียม ภูเก็ต,-,83,ภูเก็ต,1,เมืองภูเก็ต,8,กะรน,83000000,สำนักงานที่ดินจังหวัดภูเก็ต,3-เม.ย.,True,พื้นที่ระเบียง,34750,,official_statutory_assessment_rate_not_market_price
117889,34483,ซันเซ็ท พลาซ่า คอนโดมิเนียม,A,83,ภูเก็ต,1,เมืองภูเก็ต,8,กะรน,83000000,สำนักงานที่ดินจังหวัดภูเก็ต,1,False,ห้องชุดพักอาศัยตากอากาศ,52000,,official_statutory_assessment_rate_not_market_price
117890,34483,ซันเซ็ท พลาซ่า คอนโดมิเนียม,A,83,ภูเก็ต,1,เมืองภูเก็ต,8,กะรน,83000000,สำนักงานที่ดินจังหวัดภูเก็ต,1,False,ระเบียง,26000,,official_statutory_assessment_rate_not_market_price
117891,34483,ซันเซ็ท พลาซ่า คอนโดมิเนียม,A,83,ภูเก็ต,1,เมืองภูเก็ต,8,กะรน,83000000,สำนักงานที่ดินจังหวัดภูเก็ต,2,False,ห้องชุดพักอาศัยตากอากาศ,52000,,official_statutory_assessment_rate_not_market_price
117892,34483,ซันเซ็ท พลาซ่า คอนโดมิเนียม,A,83,ภูเก็ต,1,เมืองภูเก็ต,8,กะรน,83000000,สำนักงานที่ดินจังหวัดภูเก็ต,2,False,ระเบียง,26000,,official_statutory_assessment_rate_not_market_price
117893,34483,ซันเซ็ท พลาซ่า คอนโดมิเนียม,A,83,ภูเก็ต,1,เมืองภูเก็ต,8,กะรน,83000000,สำนักงานที่ดินจังหวัดภูเก็ต,3,False,ห้องชุดพักอาศัยตากอากาศ,52500,,official_statutory_assessment_rate_not_market_price
117894,34483,ซันเซ็ท พลาซ่า คอนโดมิเนียม,A,83,ภูเก็ต,1,เมืองภูเก็ต,8,กะรน,83000000,สำนักงานที่ดินจังหวัดภูเก็ต,3,False,ระเบียง,26250,,official_statutory_assessment_rate_not_market_price
117895,34483,ซันเซ็ท พลาซ่า คอนโดมิเนียม,A,83,ภูเก็ต,1,เมืองภูเก็ต,8,กะรน,83000000,สำนักงานที่ดินจังหวัดภูเก็ต,4,False,ห้องชุดพักอาศัยตากอากาศ,52500,,official_statutory_assessment_rate_not_market_price
117896,34483,ซันเซ็ท พลาซ่า คอนโดมิเนียม,A,83,ภูเก็ต,1,เมืองภูเก็ต,8,กะรน,83000000,สำนักงานที่ดินจังหวัดภูเก็ต,4,False,ระเบียง,26250,,official_statutory_assessment_rate_not_market_price
117897,34483,ซันเซ็ท พลาซ่า คอนโดมิเนียม,A,83,ภูเก็ต,1,เมืองภูเก็ต,8,กะรน,83000000,สำนักงานที่ดินจังหวัดภูเก็ต,5,False,ห้องชุดพักอาศัยตากอากาศ,53000,,official_statutory_assessment_rate_not_market_price
117898,34483,ซันเซ็ท พลาซ่า คอนโดมิเนียม,A,83,ภูเก็ต,1,เมืองภูเก็ต,8,กะรน,83000000,สำนักงานที่ดินจังหวัดภูเก็ต,5,False,ระเบียง,26500,,official_statutory_assessment_rate_not_market_price
117899,34483,ซันเซ็ท พลาซ่า คอนโดมิเนียม,A,83,ภูเก็ต,1,เมืองภูเก็ต,8,กะรน,83000000,สำนักงานที่ดินจังหวัดภูเก็ต,6,False,ห้องชุดพักอาศัยตากอากาศ,53000,,official_statutory_assessment_rate_not_market_price
117900,34483,ซันเซ็ท พลาซ่า คอนโดมิเนียม,A,83,ภูเก็ต,1,เมืองภูเก็ต,8,กะรน,83000000,สำนักงานที่ดินจังหวัดภูเก็ต,6,False,พักอาศัยตากอากาศเพ้นท์เฮ้าส์,54000,,official_statutory_assessment_rate_not_market_price
117901,34483,ซันเซ็ท พลาซ่า คอนโดมิเนียม,A,83,ภูเก็ต,1,เมืองภูเก็ต,8,กะรน,83000000,สำนักงานที่ดินจังหวัดภูเก็ต,6,False,ระเบียง,26500,,official_statutory_assessment_rate_not_market_price
117902,34483,ซันเซ็ท พลาซ่า คอนโดมิเนียม,A,83,ภูเก็ต,1,เมืองภูเก็ต,8,กะรน,83000000,สำนักงานที่ดินจังหวัดภูเก็ต,6,False,ระเบียง,27000,,official_statutory_assessment_rate_not_market_price
117903,34483,ซันเซ็ท พลาซ่า คอนโดมิเนียม,A,83,ภูเก็ต,1,เมืองภูเก็ต,8,กะรน,83000000,สำนักงานที่ดินจังหวัดภูเก็ต,7,False,พักอาศัยตากอากาศเพ้นท์เฮ้าส์,54000,,official_statutory_assessment_rate_not_market_price
117904,34483,ซันเซ็ท พลาซ่า คอนโดมิเนียม,A,83,ภูเก็ต,1,เมืองภูเก็ต,8,กะรน,83000000,สำนักงานที่ดินจังหวัดภูเก็ต,7,False,ระเบียง,27000,,official_statutory_assessment_rate_not_market_price
117905,34483,ซันเซ็ท พลาซ่า คอนโดมิเนียม,B,83,ภูเก็ต,1,เมืองภูเก็ต,8,กะรน,83000000,สำนักงานที่ดินจังหวัดภูเก็ต,1,False,ห้องชุดพักอาศัยตากอากาศ,52000,,official_statutory_assessment_rate_not_market_price
117906,34483,ซันเซ็ท พลาซ่า คอนโดมิเนียม,B,83,ภูเก็ต,1,เมืองภูเก็ต,8,กะรน,83000000,สำนักงานที่ดินจังหวัดภูเก็ต,1,False,ระเบียง,26000,,official_statutory_assessment_rate_not_market_price
117907,34483,ซันเซ็ท พลาซ่า คอนโดมิเนียม,B,83,ภูเก็ต,1,เมืองภูเก็ต,8,กะรน,83000000,สำนักงานที่ดินจังหวัดภูเก็ต,2,False,ห้องชุดพักอาศัยตากอากาศ,51500,,official_statutory_assessment_rate_not_market_price
117908,34483,ซันเซ็ท พลาซ่า คอนโดมิเนียม,B,83,ภูเก็ต,1,เมืองภูเก็ต,8,กะรน,83000000,สำนักงานที่ดินจังหวัดภูเก็ต,2,False,ระเบียง,25750,,official_statutory_assessment_rate_not_market_price
117909,34483,ซันเซ็ท พลาซ่า คอนโดมิเนียม,B,83,ภูเก็ต,1,เมืองภูเก็ต,8,กะรน,83000000,สำนักงานที่ดินจังหวัดภูเก็ต,3,False,ห้องชุดพักอาศัยตากอากาศ,51000,,official_statutory_assessment_rate_not_market_price
117910,34483,ซันเซ็ท พลาซ่า คอนโดมิเนียม,B,83,ภูเก็ต,1,เมืองภูเก็ต,8,กะรน,83000000,สำนักงานที่ดินจังหวัดภูเก็ต,3,False,ระเบียง,25500,,official_statutory_assessment_rate_not_market_price
117911,34503,บัตเตอร์ฟลาย,-,83,ภูเก็ต,1,เมืองภูเก็ต,8,กะรน,83000000,สำนักงานที่ดินจังหวัดภูเก็ต,1,False,ห้องชุดพักอาศัยตากอากาศ,54000,,official_statutory_assessment_rate_not_market_price
117912,34503,บัตเตอร์ฟลาย,-,83,ภูเก็ต,1,เมืองภูเก็ต,8,กะรน,83000000,สำนักงานที่ดินจังหวัดภูเก็ต,1,False,พื้นที่ระเบียง,27000,,official_statutory_assessment_rate_not_market_price
117913,34503,บัตเตอร์ฟลาย,-,83,ภูเก็ต,1,เมืองภูเก็ต,8,กะรน,83000000,สำนักงานที่ดินจังหวัดภูเก็ต,1,False,ห้องเก็บของ,27000,,official_statutory_assessment_rate_not_market_price
117914,34503,บัตเตอร์ฟลาย,-,83,ภูเก็ต,1,เมืองภูเก็ต,8,กะรน,83000000,สำนักงานที่ดินจังหวัดภูเก็ต,1,False,พื้นทีสวน,1000,,official_statutory_assessment_rate_not_market_price
117915,34503,บัตเตอร์ฟลาย,-,83,ภูเก็ต,1,เมืองภูเก็ต,8,กะรน,83000000,สำนักงานที่ดินจังหวัดภูเก็ต,2,False,ห้องชุดพักอาศัยตากอากาศ,53500,,official_statutory_assessment_rate_not_market_price
117916,34503,บัตเตอร์ฟลาย,-,83,ภูเก็ต,1,เมืองภูเก็ต,8,กะรน,83000000,สำนักงานที่ดินจังหวัดภูเก็ต,2,False,พื้นที่ระเบียง,26750,,official_statutory_assessment_rate_not_market_price
117917,34503,บัตเตอร์ฟลาย,-,83,ภูเก็ต,1,เมืองภูเก็ต,8,กะรน,83000000,สำนักงานที่ดินจังหวัดภูเก็ต,2,False,ห้องเก็บของ,26750,,official_statutory_assessment_rate_not_market_price
117918,34503,บัตเตอร์ฟลาย,-,83,ภูเก็ต,1,เมืองภูเก็ต,8,กะรน,83000000,สำนักงานที่ดินจังหวัดภูเก็ต,3,False,ห้องชุดพักอาศัยตากอากาศ,53000,,official_statutory_assessment_rate_not_market_price
117919,34503,บัตเตอร์ฟลาย,-,83,ภูเก็ต,1,เมืองภูเก็ต,8,กะรน,83000000,สำนักงานที่ดินจังหวัดภูเก็ต,3,False,พื้นที่ระเบียง,26500,,official_statutory_assessment_rate_not_market_price
117920,34503,บัตเตอร์ฟลาย,-,83,ภูเก็ต,1,เมืองภูเก็ต,8,กะรน,83000000,สำนักงานที่ดินจังหวัดภูเก็ต,3,False,ห้องเก็บของ,26500,,official_statutory_assessment_rate_not_market_price
117921,34476,คิว คอนเซ็ปท์,A,83,ภูเก็ต,1,เมืองภูเก็ต,8,กะรน,83000000,สำนักงานที่ดินจังหวัดภูเก็ต,2,False,พื้นที่ระเบียง,41000,,official_statutory_assessment_rate_not_market_price
117922,34476,คิว คอนเซ็ปท์,A,83,ภูเก็ต,1,เมืองภูเก็ต,8,กะรน,83000000,สำนักงานที่ดินจังหวัดภูเก็ต,2,False,ห้องชุดพักอาศัยตากอากาศ,82000,,official_statutory_assessment_rate_not_market_price
117923,34476,คิว คอนเซ็ปท์,A,83,ภูเก็ต,1,เมืองภูเก็ต,8,กะรน,83000000,สำนักงานที่ดินจังหวัดภูเก็ต,3,False,พื้นที่ระเบียง,41250,,official_statutory_assessment_rate_not_market_price
117924,34476,คิว คอนเซ็ปท์,A,83,ภูเก็ต,1,เมืองภูเก็ต,8,กะรน,83000000,สำนักงานที่ดินจังหวัดภูเก็ต,3,False,ห้องชุดพักอาศัยตากอากาศ,82500,,official_statutory_assessment_rate_not_market_price
117925,34476,คิว คอนเซ็ปท์,A,83,ภูเก็ต,1,เมืองภูเก็ต,8,กะรน,83000000,สำนักงานที่ดินจังหวัดภูเก็ต,4,False,พื้นที่ระเบียง,41500,,official_statutory_assessment_rate_not_market_price
117926,34476,คิว คอนเซ็ปท์,A,83,ภูเก็ต,1,เมืองภูเก็ต,8,กะรน,83000000,สำนักงานที่ดินจังหวัดภูเก็ต,4,False,ห้องชุดพักอาศัยตากอากาศ,83000,,official_statutory_assessment_rate_not_market_price
117927,34476,คิว คอนเซ็ปท์,A,83,ภูเก็ต,1,เมืองภูเก็ต,8,กะรน,83000000,สำนักงานที่ดินจังหวัดภูเก็ต,5,False,พื้นที่ระเบียง,41750,,official_statutory_assessment_rate_not_market_price
117928,34476,คิว คอนเซ็ปท์,A,83,ภูเก็ต,1,เมืองภูเก็ต,8,กะรน,83000000,สำนักงานที่ดินจังหวัดภูเก็ต,5,False,ห้องชุดพักอาศัยตากอากาศ,83500,,official_statutory_assessment_rate_not_market_price
117929,34476,คิว คอนเซ็ปท์,A,83,ภูเก็ต,1,เมืองภูเก็ต,8,กะรน,83000000,สำนักงานที่ดินจังหวัดภูเก็ต,"5,ดาดฟ้า",False,พื้นที่ระเบียง,42250,,official_statutory_assessment_rate_not_market_price
117930,34476,คิว คอนเซ็ปท์,B,83,ภูเก็ต,1,เมืองภูเก็ต,8,กะรน,83000000,สำนักงานที่ดินจังหวัดภูเก็ต,2,False,ห้องชุดพักอาศัยตากอากาศ,82000,,official_statutory_assessment_rate_not_market_price
117931,34476,คิว คอนเซ็ปท์,B,83,ภูเก็ต,1,เมืองภูเก็ต,8,กะรน,83000000,สำนักงานที่ดินจังหวัดภูเก็ต,2,False,พื้นที่ระเบียง,41000,,official_statutory_assessment_rate_not_market_price
117932,34476,คิว คอนเซ็ปท์,B,83,ภูเก็ต,1,เมืองภูเก็ต,8,กะรน,83000000,สำนักงานที่ดินจังหวัดภูเก็ต,3,False,ห้องชุดพักอาศัยตากอากาศ,82500,,official_statutory_assessment_rate_not_market_price
117933,34476,คิว คอนเซ็ปท์,B,83,ภูเก็ต,1,เมืองภูเก็ต,8,กะรน,83000000,สำนักงานที่ดินจังหวัดภูเก็ต,3,False,พื้นที่ระเบียง,41250,,official_statutory_assessment_rate_not_market_price
117934,34476,คิว คอนเซ็ปท์,B,83,ภูเก็ต,1,เมืองภูเก็ต,8,กะรน,83000000,สำนักงานที่ดินจังหวัดภูเก็ต,4,False,ห้องชุดพักอาศัยตากอากาศ,83000,,official_statutory_assessment_rate_not_market_price
117935,34476,คิว คอนเซ็ปท์,B,83,ภูเก็ต,1,เมืองภูเก็ต,8,กะรน,83000000,สำนักงานที่ดินจังหวัดภูเก็ต,4,False,พื้นที่ระเบียง,41500,,official_statutory_assessment_rate_not_market_price
117936,34476,คิว คอนเซ็ปท์,B,83,ภูเก็ต,1,เมืองภูเก็ต,8,กะรน,83000000,สำนักงานที่ดินจังหวัดภูเก็ต,5,False,ห้องชุดพักอาศัยตากอากาศ,83500,,official_statutory_assessment_rate_not_market_price
117937,34476,คิว คอนเซ็ปท์,B,83,ภูเก็ต,1,เมืองภูเก็ต,8,กะรน,83000000,สำนักงานที่ดินจังหวัดภูเก็ต,5,False,พื้นที่ระเบียง,41750,,official_statutory_assessment_rate_not_market_price
117938,34464,กะรน บัตเตอร์ฟลาย คอนโดมิเนี่ยม อาคารจี,-,83,ภูเก็ต,1,เมืองภูเก็ต,8,กะรน,83000000,สำนักงานที่ดินจังหวัดภูเก็ต,1,False,ห้องชุดพักอาศัยตากอากาศ,54500,,official_statutory_assessment_rate_not_market_price
117939,34464,กะรน บัตเตอร์ฟลาย คอนโดมิเนี่ยม อาคารจี,-,83,ภูเก็ต,1,เมืองภูเก็ต,8,กะรน,83000000,สำนักงานที่ดินจังหวัดภูเก็ต,1,False,พื้นที่ระเบียง,27250,,official_statutory_assessment_rate_not_market_price
117940,34464,กะรน บัตเตอร์ฟลาย คอนโดมิเนี่ยม อาคารจี,-,83,ภูเก็ต,1,เมืองภูเก็ต,8,กะรน,83000000,สำนักงานที่ดินจังหวัดภูเก็ต,2,False,ห้องชุดพักอาศัยตากอากาศ,54000,,official_statutory_assessment_rate_not_market_price
117941,34464,กะรน บัตเตอร์ฟลาย คอนโดมิเนี่ยม อาคารจี,-,83,ภูเก็ต,1,เมืองภูเก็ต,8,กะรน,83000000,สำนักงานที่ดินจังหวัดภูเก็ต,2,False,พื้นที่ระเบียง,27000,,official_statutory_assessment_rate_not_market_price
117942,34465,กะรน วิว,-,83,ภูเก็ต,1,เมืองภูเก็ต,8,กะรน,83000000,สำนักงานที่ดินจังหวัดภูเก็ต,1,False,พักอาศัยตากอากาศ,47500,,official_statutory_assessment_rate_not_market_price
117943,34465,กะรน วิว,-,83,ภูเก็ต,1,เมืองภูเก็ต,8,กะรน,83000000,สำนักงานที่ดินจังหวัดภูเก็ต,1,False,พื้นที่ระเบียง,23750,,official_statutory_assessment_rate_not_market_price
117944,34465,กะรน วิว,-,83,ภูเก็ต,1,เมืองภูเก็ต,8,กะรน,83000000,สำนักงานที่ดินจังหวัดภูเก็ต,2,False,พักอาศัยตากอากาศ,48000,,official_statutory_assessment_rate_not_market_price
117945,34465,กะรน วิว,-,83,ภูเก็ต,1,เมืองภูเก็ต,8,กะรน,83000000,สำนักงานที่ดินจังหวัดภูเก็ต,2,False,พื้นที่ระเบียง,24000,,official_statutory_assessment_rate_not_market_price
117946,34465,กะรน วิว,-,83,ภูเก็ต,1,เมืองภูเก็ต,8,กะรน,83000000,สำนักงานที่ดินจังหวัดภูเก็ต,3,False,พักอาศัยตากอากาศ,48500,,official_statutory_assessment_rate_not_market_price
117947,34465,กะรน วิว,-,83,ภูเก็ต,1,เมืองภูเก็ต,8,กะรน,83000000,สำนักงานที่ดินจังหวัดภูเก็ต,3,False,พื้นที่ระเบียง,24250,,official_statutory_assessment_rate_not_market_price
117948,34465,กะรน วิว,-,83,ภูเก็ต,1,เมืองภูเก็ต,8,กะรน,83000000,สำนักงานที่ดินจังหวัดภูเก็ต,4,False,พักอาศัยตากอากาศ,49000,,official_statutory_assessment_rate_not_market_price
117949,34465,กะรน วิว,-,83,ภูเก็ต,1,เมืองภูเก็ต,8,กะรน,83000000,สำนักงานที่ดินจังหวัดภูเก็ต,4,False,พื้นที่ระเบียง,24500,,official_statutory_assessment_rate_not_market_price
117950,34465,กะรน วิว,-,83,ภูเก็ต,1,เมืองภูเก็ต,8,กะรน,83000000,สำนักงานที่ดินจังหวัดภูเก็ต,ล่าง,False,ห้องเก็บของ,23750,,official_statutory_assessment_rate_not_market_price
117951,34466,กะรน ฮิลล์ เรสซิเดนซ์,-,83,ภูเก็ต,1,เมืองภูเก็ต,8,กะรน,83000000,สำนักงานที่ดินจังหวัดภูเก็ต,2,False,ห้องชุดพักอาศัยตากอากาศ,61000,,official_statutory_assessment_rate_not_market_price
117952,34466,กะรน ฮิลล์ เรสซิเดนซ์,-,83,ภูเก็ต,1,เมืองภูเก็ต,8,กะรน,83000000,สำนักงานที่ดินจังหวัดภูเก็ต,2,False,ระเบียง/สระว่ายน้ำ,30500,,official_statutory_assessment_rate_not_market_price
117953,34466,กะรน ฮิลล์ เรสซิเดนซ์,-,83,ภูเก็ต,1,เมืองภูเก็ต,8,กะรน,83000000,สำนักงานที่ดินจังหวัดภูเก็ต,3,False,ห้องชุดพักอาศัยตากอากาศ,61500,,official_statutory_assessment_rate_not_market_price
117954,34466,กะรน ฮิลล์ เรสซิเดนซ์,-,83,ภูเก็ต,1,เมืองภูเก็ต,8,กะรน,83000000,สำนักงานที่ดินจังหวัดภูเก็ต,3,False,ระเบียง/สระว่ายน้ำ,30750,,official_statutory_assessment_rate_not_market_price
117955,34466,กะรน ฮิลล์ เรสซิเดนซ์,-,83,ภูเก็ต,1,เมืองภูเก็ต,8,กะรน,83000000,สำนักงานที่ดินจังหวัดภูเก็ต,4,False,ห้องชุดพักอาศัยตากอากาศ,61500,,official_statutory_assessment_rate_not_market_price
117956,34466,กะรน ฮิลล์ เรสซิเดนซ์,-,83,ภูเก็ต,1,เมืองภูเก็ต,8,กะรน,83000000,สำนักงานที่ดินจังหวัดภูเก็ต,4,False,ระเบียง/สระว่ายน้ำ,30750,,official_statutory_assessment_rate_not_market_price
117957,34466,กะรน ฮิลล์ เรสซิเดนซ์,-,83,ภูเก็ต,1,เมืองภูเก็ต,8,กะรน,83000000,สำนักงานที่ดินจังหวัดภูเก็ต,5,False,ห้องชุดพักอาศัยตากอากาศ,62000,,official_statutory_assessment_rate_not_market_price
117958,34466,กะรน ฮิลล์ เรสซิเดนซ์,-,83,ภูเก็ต,1,เมืองภูเก็ต,8,กะรน,83000000,สำนักงานที่ดินจังหวัดภูเก็ต,5,False,ระเบียง/สระว่ายน้ำ,31000,,official_statutory_assessment_rate_not_market_price
117959,34466,กะรน ฮิลล์ เรสซิเดนซ์,-,83,ภูเก็ต,1,เมืองภูเก็ต,8,กะรน,83000000,สำนักงานที่ดินจังหวัดภูเก็ต,6,False,ห้องชุดพักอาศัยตากอากาศ,62000,,official_statutory_assessment_rate_not_market_price
117960,34466,กะรน ฮิลล์ เรสซิเดนซ์,-,83,ภูเก็ต,1,เมืองภูเก็ต,8,กะรน,83000000,สำนักงานที่ดินจังหวัดภูเก็ต,6,False,ระเบียง/สระว่ายน้ำ,31000,,official_statutory_assessment_rate_not_market_price
117961,34466,กะรน ฮิลล์ เรสซิเดนซ์,-,83,ภูเก็ต,1,เมืองภูเก็ต,8,กะรน,83000000,สำนักงานที่ดินจังหวัดภูเก็ต,7,False,ห้องชุดพักอาศัยตากอากาศ,62500,,official_statutory_assessment_rate_not_market_price
117962,34466,กะรน ฮิลล์ เรสซิเดนซ์,-,83,ภูเก็ต,1,เมืองภูเก็ต,8,กะรน,83000000,สำนักงานที่ดินจังหวัดภูเก็ต,7,False,ระเบียง/สระว่ายน้ำ,31250,,official_statutory_assessment_rate_not_market_price
117963,34467,กะรน บัตเตอร์ฟลาย คอนโดมิเนี่ยม อาคารซี ดี,-,83,ภูเก็ต,1,เมืองภูเก็ต,8,กะรน,83000000,สำนักงานที่ดินจังหวัดภูเก็ต,1,False,ห้องชุดพักอาศัยตากอากาศ,54500,,official_statutory_assessment_rate_not_market_price
117964,34467,กะรน บัตเตอร์ฟลาย คอนโดมิเนี่ยม อาคารซี ดี,-,83,ภูเก็ต,1,เมืองภูเก็ต,8,กะรน,83000000,สำนักงานที่ดินจังหวัดภูเก็ต,1,False,พื้นที่ระเบียง,27250,,official_statutory_assessment_rate_not_market_price
117965,34467,กะรน บัตเตอร์ฟลาย คอนโดมิเนี่ยม อาคารซี ดี,-,83,ภูเก็ต,1,เมืองภูเก็ต,8,กะรน,83000000,สำนักงานที่ดินจังหวัดภูเก็ต,2,False,ห้องชุดพักอาศัยตากอากาศ,54000,,official_statutory_assessment_rate_not_market_price
117966,34467,กะรน บัตเตอร์ฟลาย คอนโดมิเนี่ยม อาคารซี ดี,-,83,ภูเก็ต,1,เมืองภูเก็ต,8,กะรน,83000000,สำนักงานที่ดินจังหวัดภูเก็ต,2,False,พื้นที่ระเบียง,27000,,official_statutory_assessment_rate_not_market_price
117967,34468,กะรน บัตเตอร์ฟลาย คอนโดมิเนี่ยม อาคารอี,-,83,ภูเก็ต,1,เมืองภูเก็ต,8,กะรน,83000000,สำนักงานที่ดินจังหวัดภูเก็ต,1,False,ห้องชุดพักอาศัยตากอากาศ,54500,,official_statutory_assessment_rate_not_market_price
117968,34468,กะรน บัตเตอร์ฟลาย คอนโดมิเนี่ยม อาคารอี,-,83,ภูเก็ต,1,เมืองภูเก็ต,8,กะรน,83000000,สำนักงานที่ดินจังหวัดภูเก็ต,1,False,พื้นที่ระเบียง,27250,,official_statutory_assessment_rate_not_market_price
117969,34468,กะรน บัตเตอร์ฟลาย คอนโดมิเนี่ยม อาคารอี,-,83,ภูเก็ต,1,เมืองภูเก็ต,8,กะรน,83000000,สำนักงานที่ดินจังหวัดภูเก็ต,2,False,ห้องชุดพักอาศัยตากอากาศ,54000,,official_statutory_assessment_rate_not_market_price
117970,34468,กะรน บัตเตอร์ฟลาย คอนโดมิเนี่ยม อาคารอี,-,83,ภูเก็ต,1,เมืองภูเก็ต,8,กะรน,83000000,สำนักงานที่ดินจังหวัดภูเก็ต,2,False,พื้นที่ระเบียง,27000,,official_statutory_assessment_rate_not_market_price
117971,34460,กะตะ โอเชียนวิว คอนโดมิเนียม 6,-,83,ภูเก็ต,1,เมืองภูเก็ต,8,กะรน,83000000,สำนักงานที่ดินจังหวัดภูเก็ต,2,False,ห้องชุดพักอาศัยตากอากาศ,68500,,official_statutory_assessment_rate_not_market_price
117972,34460,กะตะ โอเชียนวิว คอนโดมิเนียม 6,-,83,ภูเก็ต,1,เมืองภูเก็ต,8,กะรน,83000000,สำนักงานที่ดินจังหวัดภูเก็ต,2,False,พื้นที่ระเบียง,34250,,official_statutory_assessment_rate_not_market_price
117973,34460,กะตะ โอเชียนวิว คอนโดมิเนียม 6,-,83,ภูเก็ต,1,เมืองภูเก็ต,8,กะรน,83000000,สำนักงานที่ดินจังหวัดภูเก็ต,7,False,พื้นที่ระเบียง,35500,,official_statutory_assessment_rate_not_market_price
117974,34460,กะตะ โอเชียนวิว คอนโดมิเนียม 6,-,83,ภูเก็ต,1,เมืองภูเก็ต,8,กะรน,83000000,สำนักงานที่ดินจังหวัดภูเก็ต,7,False,พักอาศัยตากอากาศเพ้นท์เฮ้าส์,71000,,official_statutory_assessment_rate_not_market_price
117975,34460,กะตะ โอเชียนวิว คอนโดมิเนียม 6,-,83,ภูเก็ต,1,เมืองภูเก็ต,8,กะรน,83000000,สำนักงานที่ดินจังหวัดภูเก็ต,3-เม.ย.,True,ห้องชุดพักอาศัยตากอากาศ,69000,,official_statutory_assessment_rate_not_market_price
117976,34460,กะตะ โอเชียนวิว คอนโดมิเนียม 6,-,83,ภูเก็ต,1,เมืองภูเก็ต,8,กะรน,83000000,สำนักงานที่ดินจังหวัดภูเก็ต,3-เม.ย.,True,พื้นที่ระเบียง,34500,,official_statutory_assessment_rate_not_market_price
117977,34460,กะตะ โอเชียนวิว คอนโดมิเนียม 6,-,83,ภูเก็ต,1,เมืองภูเก็ต,8,กะรน,83000000,สำนักงานที่ดินจังหวัดภูเก็ต,5-มิ.ย.,True,ห้องชุดพักอาศัยตากอากาศ,69500,,official_statutory_assessment_rate_not_market_price
117978,34460,กะตะ โอเชียนวิว คอนโดมิเนียม 6,-,83,ภูเก็ต,1,เมืองภูเก็ต,8,กะรน,83000000,สำนักงานที่ดินจังหวัดภูเก็ต,5-มิ.ย.,True,พื้นที่ระเบียง,34750,,official_statutory_assessment_rate_not_market_price
117979,34461,กะตะโอเชียน วิว คอนโดมิเนียม,-,83,ภูเก็ต,1,เมืองภูเก็ต,8,กะรน,83000000,สำนักงานที่ดินจังหวัดภูเก็ต,1,False,ห้องชุดพักอาศัยตากอากาศ,45500,,official_statutory_assessment_rate_not_market_price
117980,34461,กะตะโอเชียน วิว คอนโดมิเนียม,-,83,ภูเก็ต,1,เมืองภูเก็ต,8,กะรน,83000000,สำนักงานที่ดินจังหวัดภูเก็ต,1,False,พื้นที่ระเบียง,22750,,official_statutory_assessment_rate_not_market_price
117981,34461,กะตะโอเชียน วิว คอนโดมิเนียม,-,83,ภูเก็ต,1,เมืองภูเก็ต,8,กะรน,83000000,สำนักงานที่ดินจังหวัดภูเก็ต,1,False,ห้องชุดพักอาศัยตากอากาศ,47500,,official_statutory_assessment_rate_not_market_price
117982,34461,กะตะโอเชียน วิว คอนโดมิเนียม,-,83,ภูเก็ต,1,เมืองภูเก็ต,8,กะรน,83000000,สำนักงานที่ดินจังหวัดภูเก็ต,1,False,พื้นที่ระเบียง,23750,,official_statutory_assessment_rate_not_market_price
117983,34461,กะตะโอเชียน วิว คอนโดมิเนียม,-,83,ภูเก็ต,1,เมืองภูเก็ต,8,กะรน,83000000,สำนักงานที่ดินจังหวัดภูเก็ต,2,False,ห้องชุดพักอาศัยตากอากาศ,46000,,official_statutory_assessment_rate_not_market_price
117984,34461,กะตะโอเชียน วิว คอนโดมิเนียม,-,83,ภูเก็ต,1,เมืองภูเก็ต,8,กะรน,83000000,สำนักงานที่ดินจังหวัดภูเก็ต,2,False,พื้นที่ระเบียง,23000,,official_statutory_assessment_rate_not_market_price
117985,34461,กะตะโอเชียน วิว คอนโดมิเนียม,-,83,ภูเก็ต,1,เมืองภูเก็ต,8,กะรน,83000000,สำนักงานที่ดินจังหวัดภูเก็ต,2,False,ห้องชุดพักอาศัยตากอากาศ,47000,,official_statutory_assessment_rate_not_market_price
117986,34461,กะตะโอเชียน วิว คอนโดมิเนียม,-,83,ภูเก็ต,1,เมืองภูเก็ต,8,กะรน,83000000,สำนักงานที่ดินจังหวัดภูเก็ต,2,False,พื้นที่ระเบียง,23500,,official_statutory_assessment_rate_not_market_price
117987,34461,กะตะโอเชียน วิว คอนโดมิเนียม,-,83,ภูเก็ต,1,เมืองภูเก็ต,8,กะรน,83000000,สำนักงานที่ดินจังหวัดภูเก็ต,3,False,ห้องชุดพักอาศัยตากอากาศ,46500,,official_statutory_assessment_rate_not_market_price
117988,34461,กะตะโอเชียน วิว คอนโดมิเนียม,-,83,ภูเก็ต,1,เมืองภูเก็ต,8,กะรน,83000000,สำนักงานที่ดินจังหวัดภูเก็ต,3,False,พื้นที่ระเบียง,23250,,official_statutory_assessment_rate_not_market_price
117989,34462,กะตะการ์เด้นส์,1,83,ภูเก็ต,1,เมืองภูเก็ต,8,กะรน,83000000,สำนักงานที่ดินจังหวัดภูเก็ต,1,False,ห้องชุดพักอาศัยตากอากาศ,44000,,official_statutory_assessment_rate_not_market_price
117990,34462,กะตะการ์เด้นส์,1,83,ภูเก็ต,1,เมืองภูเก็ต,8,กะรน,83000000,สำนักงานที่ดินจังหวัดภูเก็ต,1,False,ระเบียง,22000,,official_statutory_assessment_rate_not_market_price
117991,34462,กะตะการ์เด้นส์,1,83,ภูเก็ต,1,เมืองภูเก็ต,8,กะรน,83000000,สำนักงานที่ดินจังหวัดภูเก็ต,2,False,ห้องชุดพักอาศัยตากอากาศ,44500,,official_statutory_assessment_rate_not_market_price
117992,34462,กะตะการ์เด้นส์,1,83,ภูเก็ต,1,เมืองภูเก็ต,8,กะรน,83000000,สำนักงานที่ดินจังหวัดภูเก็ต,2,False,ระเบียง,22250,,official_statutory_assessment_rate_not_market_price
117993,34462,กะตะการ์เด้นส์,1,83,ภูเก็ต,1,เมืองภูเก็ต,8,กะรน,83000000,สำนักงานที่ดินจังหวัดภูเก็ต,3,False,ห้องชุดพักอาศัยแบบเพนท์เฮ้าส์,46000,,official_statutory_assessment_rate_not_market_price
117994,34462,กะตะการ์เด้นส์,1,83,ภูเก็ต,1,เมืองภูเก็ต,8,กะรน,83000000,สำนักงานที่ดินจังหวัดภูเก็ต,3,False,ระเบียง,23000,,official_statutory_assessment_rate_not_market_price
117995,34462,กะตะการ์เด้นส์,2,83,ภูเก็ต,1,เมืองภูเก็ต,8,กะรน,83000000,สำนักงานที่ดินจังหวัดภูเก็ต,1,False,ห้องชุดพักอาศัยตากอากาศ,44000,,official_statutory_assessment_rate_not_market_price
117996,34462,กะตะการ์เด้นส์,2,83,ภูเก็ต,1,เมืองภูเก็ต,8,กะรน,83000000,สำนักงานที่ดินจังหวัดภูเก็ต,1,False,ระเบียง,22000,,official_statutory_assessment_rate_not_market_price
117997,34462,กะตะการ์เด้นส์,2,83,ภูเก็ต,1,เมืองภูเก็ต,8,กะรน,83000000,สำนักงานที่ดินจังหวัดภูเก็ต,2,False,ห้องชุดพักอาศัยตากอากาศ,44500,,official_statutory_assessment_rate_not_market_price
117998,34462,กะตะการ์เด้นส์,2,83,ภูเก็ต,1,เมืองภูเก็ต,8,กะรน,83000000,สำนักงานที่ดินจังหวัดภูเก็ต,2,False,ระเบียง,22250,,official_statutory_assessment_rate_not_market_price
117999,34462,กะตะการ์เด้นส์,2,83,ภูเก็ต,1,เมืองภูเก็ต,8,กะรน,83000000,สำนักงานที่ดินจังหวัดภูเก็ต,3,False,ดาดฟ้า,23000,,official_statutory_assessment_rate_not_market_price
118000,34462,กะตะการ์เด้นส์,2,83,ภูเก็ต,1,เมืองภูเก็ต,8,กะรน,83000000,สำนักงานที่ดินจังหวัดภูเก็ต,3,False,ห้องชุดพักอาศัยแบบเพนท์เฮ้าส์,46000,,official_statutory_assessment_rate_not_market_price
118001,34462,กะตะการ์เด้นส์,2,83,ภูเก็ต,1,เมืองภูเก็ต,8,กะรน,83000000,สำนักงานที่ดินจังหวัดภูเก็ต,3,False,ระเบียง,11500,,official_statutory_assessment_rate_not_market_price
118002,34462,กะตะการ์เด้นส์,2,83,ภูเก็ต,1,เมืองภูเก็ต,8,กะรน,83000000,สำนักงานที่ดินจังหวัดภูเก็ต,3,False,ระเบียง,23000,,official_statutory_assessment_rate_not_market_price
118003,34462,กะตะการ์เด้นส์,3,83,ภูเก็ต,1,เมืองภูเก็ต,8,กะรน,83000000,สำนักงานที่ดินจังหวัดภูเก็ต,1,False,ห้องชุดพักอาศัยตากอากาศ,44000,,official_statutory_assessment_rate_not_market_price
118004,34462,กะตะการ์เด้นส์,3,83,ภูเก็ต,1,เมืองภูเก็ต,8,กะรน,83000000,สำนักงานที่ดินจังหวัดภูเก็ต,1,False,ระเบียง,22000,,official_statutory_assessment_rate_not_market_price
118005,34462,กะตะการ์เด้นส์,3,83,ภูเก็ต,1,เมืองภูเก็ต,8,กะรน,83000000,สำนักงานที่ดินจังหวัดภูเก็ต,2,False,ห้องชุดพักอาศัยตากอากาศ,44500,,official_statutory_assessment_rate_not_market_price
118006,34462,กะตะการ์เด้นส์,3,83,ภูเก็ต,1,เมืองภูเก็ต,8,กะรน,83000000,สำนักงานที่ดินจังหวัดภูเก็ต,2,False,ระเบียง,22250,,official_statutory_assessment_rate_not_market_price
118007,34462,กะตะการ์เด้นส์,3,83,ภูเก็ต,1,เมืองภูเก็ต,8,กะรน,83000000,สำนักงานที่ดินจังหวัดภูเก็ต,3,False,ดาดฟ้า,23000,,official_statutory_assessment_rate_not_market_price
118008,34462,กะตะการ์เด้นส์,3,83,ภูเก็ต,1,เมืองภูเก็ต,8,กะรน,83000000,สำนักงานที่ดินจังหวัดภูเก็ต,3,False,ห้องชุดพักอาศัยแบบเพนท์เฮ้าส์,46000,,official_statutory_assessment_rate_not_market_price
118009,34462,กะตะการ์เด้นส์,3,83,ภูเก็ต,1,เมืองภูเก็ต,8,กะรน,83000000,สำนักงานที่ดินจังหวัดภูเก็ต,3,False,ระเบียง,11500,,official_statutory_assessment_rate_not_market_price
118010,34462,กะตะการ์เด้นส์,3,83,ภูเก็ต,1,เมืองภูเก็ต,8,กะรน,83000000,สำนักงานที่ดินจังหวัดภูเก็ต,3,False,ระเบียง,23000,,official_statutory_assessment_rate_not_market_price
118011,34462,กะตะการ์เด้นส์,4,83,ภูเก็ต,1,เมืองภูเก็ต,8,กะรน,83000000,สำนักงานที่ดินจังหวัดภูเก็ต,1,False,ห้องชุดพักอาศัยตากอากาศ,44000,,official_statutory_assessment_rate_not_market_price
118012,34462,กะตะการ์เด้นส์,4,83,ภูเก็ต,1,เมืองภูเก็ต,8,กะรน,83000000,สำนักงานที่ดินจังหวัดภูเก็ต,1,False,ระเบียง,22000,,official_statutory_assessment_rate_not_market_price
118013,34462,กะตะการ์เด้นส์,4,83,ภูเก็ต,1,เมืองภูเก็ต,8,กะรน,83000000,สำนักงานที่ดินจังหวัดภูเก็ต,2,False,ห้องชุดพักอาศัยตากอากาศ,44500,,official_statutory_assessment_rate_not_market_price
118014,34462,กะตะการ์เด้นส์,4,83,ภูเก็ต,1,เมืองภูเก็ต,8,กะรน,83000000,สำนักงานที่ดินจังหวัดภูเก็ต,2,False,ระเบียง,22250,,official_statutory_assessment_rate_not_market_price
118015,34462,กะตะการ์เด้นส์,4,83,ภูเก็ต,1,เมืองภูเก็ต,8,กะรน,83000000,สำนักงานที่ดินจังหวัดภูเก็ต,3,False,ห้องชุดพักอาศัยแบบเพนท์เฮ้าส์,46000,,official_statutory_assessment_rate_not_market_price
118016,34462,กะตะการ์เด้นส์,4,83,ภูเก็ต,1,เมืองภูเก็ต,8,กะรน,83000000,สำนักงานที่ดินจังหวัดภูเก็ต,3,False,ระเบียง,23000,,official_statutory_assessment_rate_not_market_price
118017,34462,กะตะการ์เด้นส์,5,83,ภูเก็ต,1,เมืองภูเก็ต,8,กะรน,83000000,สำนักงานที่ดินจังหวัดภูเก็ต,1,False,ห้องชุดพักอาศัยตากอากาศ,44000,,official_statutory_assessment_rate_not_market_price
118018,34462,กะตะการ์เด้นส์,5,83,ภูเก็ต,1,เมืองภูเก็ต,8,กะรน,83000000,สำนักงานที่ดินจังหวัดภูเก็ต,1,False,ระเบียง,22000,,official_statutory_assessment_rate_not_market_price
118019,34462,กะตะการ์เด้นส์,5,83,ภูเก็ต,1,เมืองภูเก็ต,8,กะรน,83000000,สำนักงานที่ดินจังหวัดภูเก็ต,2,False,ห้องชุดพักอาศัยตากอากาศ,44500,,official_statutory_assessment_rate_not_market_price
118020,34462,กะตะการ์เด้นส์,5,83,ภูเก็ต,1,เมืองภูเก็ต,8,กะรน,83000000,สำนักงานที่ดินจังหวัดภูเก็ต,2,False,ระเบียง,22250,,official_statutory_assessment_rate_not_market_price
118021,34462,กะตะการ์เด้นส์,5,83,ภูเก็ต,1,เมืองภูเก็ต,8,กะรน,83000000,สำนักงานที่ดินจังหวัดภูเก็ต,3,False,ห้องชุดพักอาศัยแบบเพนท์เฮ้าส์,46000,,official_statutory_assessment_rate_not_market_price
118022,34462,กะตะการ์เด้นส์,5,83,ภูเก็ต,1,เมืองภูเก็ต,8,กะรน,83000000,สำนักงานที่ดินจังหวัดภูเก็ต,3,False,ระเบียง,23000,,official_statutory_assessment_rate_not_market_price
118023,34462,กะตะการ์เด้นส์,6,83,ภูเก็ต,1,เมืองภูเก็ต,8,กะรน,83000000,สำนักงานที่ดินจังหวัดภูเก็ต,1,False,ห้องชุดเพื่อประกอบการค้า(ห้องชุดพาณิชยกรรม),50000,,official_statutory_assessment_rate_not_market_price
118024,34462,กะตะการ์เด้นส์,6,83,ภูเก็ต,1,เมืองภูเก็ต,8,กะรน,83000000,สำนักงานที่ดินจังหวัดภูเก็ต,1,False,ระเบียง,25000,,official_statutory_assessment_rate_not_market_price
118025,34462,กะตะการ์เด้นส์,6,83,ภูเก็ต,1,เมืองภูเก็ต,8,กะรน,83000000,สำนักงานที่ดินจังหวัดภูเก็ต,2,False,ห้องชุดเพื่อประกอบการค้า(ห้องชุดพาณิชยกรรม),50000,,official_statutory_assessment_rate_not_market_price
118026,34462,กะตะการ์เด้นส์,6,83,ภูเก็ต,1,เมืองภูเก็ต,8,กะรน,83000000,สำนักงานที่ดินจังหวัดภูเก็ต,2,False,ระเบียง,25000,,official_statutory_assessment_rate_not_market_price
118027,39214,วีไอพี คอนโด กะตะ2,C,83,ภูเก็ต,1,เมืองภูเก็ต,8,กะรน,83000000,สำนักงานที่ดินจังหวัดภูเก็ต,1,False,เพื่อประกอบการค้า/พื้นที่ระเบียง ,81800,,official_statutory_assessment_rate_not_market_price
118028,39214,วีไอพี คอนโด กะตะ2,C,83,ภูเก็ต,1,เมืองภูเก็ต,8,กะรน,83000000,สำนักงานที่ดินจังหวัดภูเก็ต,1,False,พักอาศัยตากอากาศ/พื้นที่ระเบียง ,68200,,official_statutory_assessment_rate_not_market_price
118029,39214,วีไอพี คอนโด กะตะ2,C,83,ภูเก็ต,1,เมืองภูเก็ต,8,กะรน,83000000,สำนักงานที่ดินจังหวัดภูเก็ต,1,False,พักอาศัยตากอากาศทีมีระเบียงลงสระว่ายน้ำ/พื้นที่ระเบียง ,69200,,official_statutory_assessment_rate_not_market_price
118030,39214,วีไอพี คอนโด กะตะ2,C,83,ภูเก็ต,1,เมืองภูเก็ต,8,กะรน,83000000,สำนักงานที่ดินจังหวัดภูเก็ต,2,False,พักอาศัยตากอากาศ/พื้นที่ระเบียง ,69100,,official_statutory_assessment_rate_not_market_price
118031,39214,วีไอพี คอนโด กะตะ2,C,83,ภูเก็ต,1,เมืองภูเก็ต,8,กะรน,83000000,สำนักงานที่ดินจังหวัดภูเก็ต,3,False,พักอาศัยตากอากาศ/พื้นที่ระเบียง ,70300,,official_statutory_assessment_rate_not_market_price
118032,39214,วีไอพี คอนโด กะตะ2,C,83,ภูเก็ต,1,เมืองภูเก็ต,8,กะรน,83000000,สำนักงานที่ดินจังหวัดภูเก็ต,4,False,พักอาศัยตากอากาศ/พื้นที่ระเบียง ,71700,,official_statutory_assessment_rate_not_market_price
118033,39214,วีไอพี คอนโด กะตะ2,C,83,ภูเก็ต,1,เมืองภูเก็ต,8,กะรน,83000000,สำนักงานที่ดินจังหวัดภูเก็ต,5,False,พักอาศัยตากอากาศ/พื้นที่ระเบียง ,73200,,official_statutory_assessment_rate_not_market_price
118034,39214,วีไอพี คอนโด กะตะ2,C,83,ภูเก็ต,1,เมืองภูเก็ต,8,กะรน,83000000,สำนักงานที่ดินจังหวัดภูเก็ต,6,False,พักอาศัยตากอากาศ/พื้นที่ระเบียง ,74800,,official_statutory_assessment_rate_not_market_price
118035,39214,วีไอพี คอนโด กะตะ2,C,83,ภูเก็ต,1,เมืองภูเก็ต,8,กะรน,83000000,สำนักงานที่ดินจังหวัดภูเก็ต,6,False,เพื่อประกอบการค้า/พื้นที่ระเบียง ,89800,,official_statutory_assessment_rate_not_market_price
118036,39214,วีไอพี คอนโด กะตะ2,C,83,ภูเก็ต,1,เมืองภูเก็ต,8,กะรน,83000000,สำนักงานที่ดินจังหวัดภูเก็ต,7,False,พักอาศัยตากอากาศ/พื้นที่ระเบียง ,76500,,official_statutory_assessment_rate_not_market_price
118037,39214,วีไอพี คอนโด กะตะ2,C,83,ภูเก็ต,1,เมืองภูเก็ต,8,กะรน,83000000,สำนักงานที่ดินจังหวัดภูเก็ต,8,False,พักอาศัยตากอากาศ/พื้นที่ระเบียง ,78200,,official_statutory_assessment_rate_not_market_price
118038,39214,วีไอพี คอนโด กะตะ2,D,83,ภูเก็ต,1,เมืองภูเก็ต,8,กะรน,83000000,สำนักงานที่ดินจังหวัดภูเก็ต,1,False,เพื่อประกอบการค้า/พื้นที่ระเบียง ,68200,,official_statutory_assessment_rate_not_market_price
118039,39214,วีไอพี คอนโด กะตะ2,D,83,ภูเก็ต,1,เมืองภูเก็ต,8,กะรน,83000000,สำนักงานที่ดินจังหวัดภูเก็ต,2,False,เพื่อประกอบการค้า/พื้นที่ระเบียง ,69100,,official_statutory_assessment_rate_not_market_price
118040,39214,วีไอพี คอนโด กะตะ2,D,83,ภูเก็ต,1,เมืองภูเก็ต,8,กะรน,83000000,สำนักงานที่ดินจังหวัดภูเก็ต,3,False,เพื่อประกอบการค้า/พื้นที่ระเบียง ,70300,,official_statutory_assessment_rate_not_market_price
118041,39214,วีไอพี คอนโด กะตะ2,D,83,ภูเก็ต,1,เมืองภูเก็ต,8,กะรน,83000000,สำนักงานที่ดินจังหวัดภูเก็ต,4,False,เพื่อประกอบการค้า/พื้นที่ระเบียง ,71700,,official_statutory_assessment_rate_not_market_price
118042,39214,วีไอพี คอนโด กะตะ2,D,83,ภูเก็ต,1,เมืองภูเก็ต,8,กะรน,83000000,สำนักงานที่ดินจังหวัดภูเก็ต,5,False,เพื่อประกอบการค้า/พื้นที่ระเบียง ,73200,,official_statutory_assessment_rate_not_market_price
118043,39214,วีไอพี คอนโด กะตะ2,D,83,ภูเก็ต,1,เมืองภูเก็ต,8,กะรน,83000000,สำนักงานที่ดินจังหวัดภูเก็ต,6,False,เพื่อประกอบการค้า/พื้นที่ระเบียง ,74800,,official_statutory_assessment_rate_not_market_price
118044,39214,วีไอพี คอนโด กะตะ2,D,83,ภูเก็ต,1,เมืองภูเก็ต,8,กะรน,83000000,สำนักงานที่ดินจังหวัดภูเก็ต,7,False,เพื่อประกอบการค้า/พื้นที่ระเบียง ,76500,,official_statutory_assessment_rate_not_market_price
118045,34445,โอโซน คอนโดเทล กะตะ บีช,-,83,ภูเก็ต,1,เมืองภูเก็ต,8,กะรน,83000000,สำนักงานที่ดินจังหวัดภูเก็ต,2,False,ห้องชุดพักอาศัยตากอากาศ,71500,,official_statutory_assessment_rate_not_market_price
118046,34445,โอโซน คอนโดเทล กะตะ บีช,-,83,ภูเก็ต,1,เมืองภูเก็ต,8,กะรน,83000000,สำนักงานที่ดินจังหวัดภูเก็ต,2,False,พื้นที่ระเบียง,35750,,official_statutory_assessment_rate_not_market_price
118047,34445,โอโซน คอนโดเทล กะตะ บีช,-,83,ภูเก็ต,1,เมืองภูเก็ต,8,กะรน,83000000,สำนักงานที่ดินจังหวัดภูเก็ต,3-เม.ย.,True,ห้องชุดพักอาศัยตากอากาศ,72000,,official_statutory_assessment_rate_not_market_price
118048,34445,โอโซน คอนโดเทล กะตะ บีช,-,83,ภูเก็ต,1,เมืองภูเก็ต,8,กะรน,83000000,สำนักงานที่ดินจังหวัดภูเก็ต,3-เม.ย.,True,พื้นที่ระเบียง,36000,,official_statutory_assessment_rate_not_market_price
118049,34445,โอโซน คอนโดเทล กะตะ บีช,-,83,ภูเก็ต,1,เมืองภูเก็ต,8,กะรน,83000000,สำนักงานที่ดินจังหวัดภูเก็ต,5-มิ.ย.,True,ห้องชุดพักอาศัยตากอากาศ,72500,,official_statutory_assessment_rate_not_market_price
118050,34445,โอโซน คอนโดเทล กะตะ บีช,-,83,ภูเก็ต,1,เมืองภูเก็ต,8,กะรน,83000000,สำนักงานที่ดินจังหวัดภูเก็ต,5-มิ.ย.,True,พื้นที่ระเบียง,36250,,official_statutory_assessment_rate_not_market_price
118051,34445,โอโซน คอนโดเทล กะตะ บีช,-,83,ภูเก็ต,1,เมืองภูเก็ต,8,กะรน,83000000,สำนักงานที่ดินจังหวัดภูเก็ต,7-ส.ค.,True,ห้องชุดพักอาศัยตากอากาศ,73000,,official_statutory_assessment_rate_not_market_price
118052,34445,โอโซน คอนโดเทล กะตะ บีช,-,83,ภูเก็ต,1,เมืองภูเก็ต,8,กะรน,83000000,สำนักงานที่ดินจังหวัดภูเก็ต,7-ส.ค.,True,พื้นที่ระเบียง,36500,,official_statutory_assessment_rate_not_market_price
118053,34457,กะตะ โอเชียนวิว คอนโดมิเนียม 4,-,83,ภูเก็ต,1,เมืองภูเก็ต,8,กะรน,83000000,สำนักงานที่ดินจังหวัดภูเก็ต,1,False,ห้องชุดพักอาศัยตากอากาศ,56500,,official_statutory_assessment_rate_not_market_price
118054,34457,กะตะ โอเชียนวิว คอนโดมิเนียม 4,-,83,ภูเก็ต,1,เมืองภูเก็ต,8,กะรน,83000000,สำนักงานที่ดินจังหวัดภูเก็ต,1,False,ห้องชุดเพื่อประกอบการค้า(ห้องชุดพาณิชยกรรม),68000,,official_statutory_assessment_rate_not_market_price
118055,34457,กะตะ โอเชียนวิว คอนโดมิเนียม 4,-,83,ภูเก็ต,1,เมืองภูเก็ต,8,กะรน,83000000,สำนักงานที่ดินจังหวัดภูเก็ต,1,False,ระเบียง,28250,,official_statutory_assessment_rate_not_market_price
118056,34457,กะตะ โอเชียนวิว คอนโดมิเนียม 4,-,83,ภูเก็ต,1,เมืองภูเก็ต,8,กะรน,83000000,สำนักงานที่ดินจังหวัดภูเก็ต,1,False,ระเบียง,34000,,official_statutory_assessment_rate_not_market_price
118057,34457,กะตะ โอเชียนวิว คอนโดมิเนียม 4,-,83,ภูเก็ต,1,เมืองภูเก็ต,8,กะรน,83000000,สำนักงานที่ดินจังหวัดภูเก็ต,2,False,ห้องชุดพักอาศัยตากอากาศ,56000,,official_statutory_assessment_rate_not_market_price
118058,34457,กะตะ โอเชียนวิว คอนโดมิเนียม 4,-,83,ภูเก็ต,1,เมืองภูเก็ต,8,กะรน,83000000,สำนักงานที่ดินจังหวัดภูเก็ต,2,False,ระเบียง,28000,,official_statutory_assessment_rate_not_market_price
118059,34457,กะตะ โอเชียนวิว คอนโดมิเนียม 4,-,83,ภูเก็ต,1,เมืองภูเก็ต,8,กะรน,83000000,สำนักงานที่ดินจังหวัดภูเก็ต,3,False,ห้องชุดพักอาศัยตากอากาศ,55500,,official_statutory_assessment_rate_not_market_price
118060,34457,กะตะ โอเชียนวิว คอนโดมิเนียม 4,-,83,ภูเก็ต,1,เมืองภูเก็ต,8,กะรน,83000000,สำนักงานที่ดินจังหวัดภูเก็ต,3,False,ระเบียง,27750,,official_statutory_assessment_rate_not_market_price
118061,34458,กะตะ โอเชียนวิว คอนโดมิเนียม 5,L,83,ภูเก็ต,1,เมืองภูเก็ต,8,กะรน,83000000,สำนักงานที่ดินจังหวัดภูเก็ต,1,False,ห้องชุดพักอาศัยตากอากาศ,59500,,official_statutory_assessment_rate_not_market_price
118062,34458,กะตะ โอเชียนวิว คอนโดมิเนียม 5,L,83,ภูเก็ต,1,เมืองภูเก็ต,8,กะรน,83000000,สำนักงานที่ดินจังหวัดภูเก็ต,1,False,พื้นที่ระเบียง,29750,,official_statutory_assessment_rate_not_market_price
118063,34458,กะตะ โอเชียนวิว คอนโดมิเนียม 5,L,83,ภูเก็ต,1,เมืองภูเก็ต,8,กะรน,83000000,สำนักงานที่ดินจังหวัดภูเก็ต,2,False,ห้องชุดพักอาศัยตากอากาศ,59000,,official_statutory_assessment_rate_not_market_price
118064,34458,กะตะ โอเชียนวิว คอนโดมิเนียม 5,L,83,ภูเก็ต,1,เมืองภูเก็ต,8,กะรน,83000000,สำนักงานที่ดินจังหวัดภูเก็ต,2,False,พื้นที่ระเบียง,29500,,official_statutory_assessment_rate_not_market_price
118065,34458,กะตะ โอเชียนวิว คอนโดมิเนียม 5,L,83,ภูเก็ต,1,เมืองภูเก็ต,8,กะรน,83000000,สำนักงานที่ดินจังหวัดภูเก็ต,3,False,ห้องชุดพักอาศัยตากอากาศ,58500,,official_statutory_assessment_rate_not_market_price
118066,34458,กะตะ โอเชียนวิว คอนโดมิเนียม 5,L,83,ภูเก็ต,1,เมืองภูเก็ต,8,กะรน,83000000,สำนักงานที่ดินจังหวัดภูเก็ต,3,False,พื้นที่ระเบียง,29250,,official_statutory_assessment_rate_not_market_price
118067,34458,กะตะ โอเชียนวิว คอนโดมิเนียม 5,M,83,ภูเก็ต,1,เมืองภูเก็ต,8,กะรน,83000000,สำนักงานที่ดินจังหวัดภูเก็ต,1,False,ห้องชุดพักอาศัยตากอากาศ,59500,,official_statutory_assessment_rate_not_market_price
118068,34458,กะตะ โอเชียนวิว คอนโดมิเนียม 5,M,83,ภูเก็ต,1,เมืองภูเก็ต,8,กะรน,83000000,สำนักงานที่ดินจังหวัดภูเก็ต,1,False,พื้นที่ระเบียง,29750,,official_statutory_assessment_rate_not_market_price
118069,34458,กะตะ โอเชียนวิว คอนโดมิเนียม 5,M,83,ภูเก็ต,1,เมืองภูเก็ต,8,กะรน,83000000,สำนักงานที่ดินจังหวัดภูเก็ต,2,False,ห้องชุดพักอาศัยตากอากาศ,59000,,official_statutory_assessment_rate_not_market_price
118070,34458,กะตะ โอเชียนวิว คอนโดมิเนียม 5,M,83,ภูเก็ต,1,เมืองภูเก็ต,8,กะรน,83000000,สำนักงานที่ดินจังหวัดภูเก็ต,2,False,พื้นที่ระเบียง,29500,,official_statutory_assessment_rate_not_market_price
118071,34458,กะตะ โอเชียนวิว คอนโดมิเนียม 5,M,83,ภูเก็ต,1,เมืองภูเก็ต,8,กะรน,83000000,สำนักงานที่ดินจังหวัดภูเก็ต,3,False,ห้องชุดพักอาศัยตากอากาศ,58500,,official_statutory_assessment_rate_not_market_price
118072,34458,กะตะ โอเชียนวิว คอนโดมิเนียม 5,M,83,ภูเก็ต,1,เมืองภูเก็ต,8,กะรน,83000000,สำนักงานที่ดินจังหวัดภูเก็ต,3,False,พื้นที่ระเบียง,29250,,official_statutory_assessment_rate_not_market_price
118073,34458,กะตะ โอเชียนวิว คอนโดมิเนียม 5,N,83,ภูเก็ต,1,เมืองภูเก็ต,8,กะรน,83000000,สำนักงานที่ดินจังหวัดภูเก็ต,1,False,ห้องชุดเพื่อประกอบการค้า(ห้องชุดพาณิชยกรรม),71500,,official_statutory_assessment_rate_not_market_price
118074,34458,กะตะ โอเชียนวิว คอนโดมิเนียม 5,N,83,ภูเก็ต,1,เมืองภูเก็ต,8,กะรน,83000000,สำนักงานที่ดินจังหวัดภูเก็ต,2,False,ห้องชุดเพื่อประกอบการค้า(ห้องชุดพาณิชยกรรม),71000,,official_statutory_assessment_rate_not_market_price
118075,34458,กะตะ โอเชียนวิว คอนโดมิเนียม 5,N,83,ภูเก็ต,1,เมืองภูเก็ต,8,กะรน,83000000,สำนักงานที่ดินจังหวัดภูเก็ต,2,False,พื้นที่ระเบียง,35500,,official_statutory_assessment_rate_not_market_price
118076,34459,กะตะ โอเชียนวิว คอนโดมิเนียม 3,-,83,ภูเก็ต,1,เมืองภูเก็ต,8,กะรน,83000000,สำนักงานที่ดินจังหวัดภูเก็ต,1,False,พักอาศัยตากอากาศ,65500,,official_statutory_assessment_rate_not_market_price
118077,34459,กะตะ โอเชียนวิว คอนโดมิเนียม 3,-,83,ภูเก็ต,1,เมืองภูเก็ต,8,กะรน,83000000,สำนักงานที่ดินจังหวัดภูเก็ต,1,False,พื้นที่ระเบียง,32750,,official_statutory_assessment_rate_not_market_price
118078,34459,กะตะ โอเชียนวิว คอนโดมิเนียม 3,-,83,ภูเก็ต,1,เมืองภูเก็ต,8,กะรน,83000000,สำนักงานที่ดินจังหวัดภูเก็ต,2,False,พักอาศัยตากอากาศ,65000,,official_statutory_assessment_rate_not_market_price
118079,34459,กะตะ โอเชียนวิว คอนโดมิเนียม 3,-,83,ภูเก็ต,1,เมืองภูเก็ต,8,กะรน,83000000,สำนักงานที่ดินจังหวัดภูเก็ต,2,False,พื้นที่ระเบียง,32500,,official_statutory_assessment_rate_not_market_price
118080,34459,กะตะ โอเชียนวิว คอนโดมิเนียม 3,-,83,ภูเก็ต,1,เมืองภูเก็ต,8,กะรน,83000000,สำนักงานที่ดินจังหวัดภูเก็ต,3,False,พักอาศัยตากอากาศ,64500,,official_statutory_assessment_rate_not_market_price
118081,34459,กะตะ โอเชียนวิว คอนโดมิเนียม 3,-,83,ภูเก็ต,1,เมืองภูเก็ต,8,กะรน,83000000,สำนักงานที่ดินจังหวัดภูเก็ต,3,False,พื้นที่ระเบียง,32250,,official_statutory_assessment_rate_not_market_price
118082,34416,เดอะไฮทส์ ภูเก็ต,-,83,ภูเก็ต,1,เมืองภูเก็ต,8,กะรน,83000000,สำนักงานที่ดินจังหวัดภูเก็ต,1,False,ห้องชุดพักอาศัยตากอากาศ,64500,,official_statutory_assessment_rate_not_market_price
118083,34416,เดอะไฮทส์ ภูเก็ต,-,83,ภูเก็ต,1,เมืองภูเก็ต,8,กะรน,83000000,สำนักงานที่ดินจังหวัดภูเก็ต,1,False,พื้นที่ระเบียง,32250,,official_statutory_assessment_rate_not_market_price
118084,34416,เดอะไฮทส์ ภูเก็ต,-,83,ภูเก็ต,1,เมืองภูเก็ต,8,กะรน,83000000,สำนักงานที่ดินจังหวัดภูเก็ต,2,False,ห้องชุดพักอาศัยตากอากาศ,64500,,official_statutory_assessment_rate_not_market_price
118085,34416,เดอะไฮทส์ ภูเก็ต,-,83,ภูเก็ต,1,เมืองภูเก็ต,8,กะรน,83000000,สำนักงานที่ดินจังหวัดภูเก็ต,2,False,พื้นที่ระเบียง,32250,,official_statutory_assessment_rate_not_market_price
118086,34416,เดอะไฮทส์ ภูเก็ต,-,83,ภูเก็ต,1,เมืองภูเก็ต,8,กะรน,83000000,สำนักงานที่ดินจังหวัดภูเก็ต,3,False,ห้องชุดพักอาศัยตากอากาศ,64500,,official_statutory_assessment_rate_not_market_price
118087,34416,เดอะไฮทส์ ภูเก็ต,-,83,ภูเก็ต,1,เมืองภูเก็ต,8,กะรน,83000000,สำนักงานที่ดินจังหวัดภูเก็ต,3,False,พื้นที่ระเบียง,32250,,official_statutory_assessment_rate_not_market_price
118088,34416,เดอะไฮทส์ ภูเก็ต,-,83,ภูเก็ต,1,เมืองภูเก็ต,8,กะรน,83000000,สำนักงานที่ดินจังหวัดภูเก็ต,"1,2",False,พักอาศัยตากอากาศแบบดูเพล็กซ์,65500,,official_statutory_assessment_rate_not_market_price
118089,34416,เดอะไฮทส์ ภูเก็ต,-,83,ภูเก็ต,1,เมืองภูเก็ต,8,กะรน,83000000,สำนักงานที่ดินจังหวัดภูเก็ต,"1,2",False,พื้นที่ระเบียง,32750,,official_statutory_assessment_rate_not_market_price
118090,34416,เดอะไฮทส์ ภูเก็ต,-,83,ภูเก็ต,1,เมืองภูเก็ต,8,กะรน,83000000,สำนักงานที่ดินจังหวัดภูเก็ต,"2,3",False,พักอาศัยตากอากาศแบบดูเพล็กซ์,65500,,official_statutory_assessment_rate_not_market_price
118091,34416,เดอะไฮทส์ ภูเก็ต,-,83,ภูเก็ต,1,เมืองภูเก็ต,8,กะรน,83000000,สำนักงานที่ดินจังหวัดภูเก็ต,"2,3",False,พื้นที่ระเบียง,32750,,official_statutory_assessment_rate_not_market_price
118092,34417,เดอะกะตะ พลาซ่า,-,83,ภูเก็ต,1,เมืองภูเก็ต,8,กะรน,83000000,สำนักงานที่ดินจังหวัดภูเก็ต,1,False,ห้องชุดเพื่อประกอบการค้า(ห้องชุดพาณิชยกรรม),62000,,official_statutory_assessment_rate_not_market_price
118093,34417,เดอะกะตะ พลาซ่า,-,83,ภูเก็ต,1,เมืองภูเก็ต,8,กะรน,83000000,สำนักงานที่ดินจังหวัดภูเก็ต,1,False,ระเบียง,31000,,official_statutory_assessment_rate_not_market_price
118094,34417,เดอะกะตะ พลาซ่า,-,83,ภูเก็ต,1,เมืองภูเก็ต,8,กะรน,83000000,สำนักงานที่ดินจังหวัดภูเก็ต,2,False,ห้องชุดพักอาศัย,41000,,official_statutory_assessment_rate_not_market_price
118095,34417,เดอะกะตะ พลาซ่า,-,83,ภูเก็ต,1,เมืองภูเก็ต,8,กะรน,83000000,สำนักงานที่ดินจังหวัดภูเก็ต,2,False,ระเบียง,20500,,official_statutory_assessment_rate_not_market_price
118096,34417,เดอะกะตะ พลาซ่า,-,83,ภูเก็ต,1,เมืองภูเก็ต,8,กะรน,83000000,สำนักงานที่ดินจังหวัดภูเก็ต,3,False,ห้องชุดพักอาศัย,41500,,official_statutory_assessment_rate_not_market_price
118097,34417,เดอะกะตะ พลาซ่า,-,83,ภูเก็ต,1,เมืองภูเก็ต,8,กะรน,83000000,สำนักงานที่ดินจังหวัดภูเก็ต,3,False,ระเบียง,20750,,official_statutory_assessment_rate_not_market_price
118098,34421,เดอะบีช คอนโดเทล,บี1,83,ภูเก็ต,1,เมืองภูเก็ต,8,กะรน,83000000,สำนักงานที่ดินจังหวัดภูเก็ต,1-ก.พ.,True,ห้องชุดพักอาศัยตากอากาศ,49000,,official_statutory_assessment_rate_not_market_price
118099,34421,เดอะบีช คอนโดเทล,บี1,83,ภูเก็ต,1,เมืองภูเก็ต,8,กะรน,83000000,สำนักงานที่ดินจังหวัดภูเก็ต,1-ก.พ.,True,พื้นที่ระเบียง,24500,,official_statutory_assessment_rate_not_market_price
118100,34421,เดอะบีช คอนโดเทล,บี1,83,ภูเก็ต,1,เมืองภูเก็ต,8,กะรน,83000000,สำนักงานที่ดินจังหวัดภูเก็ต,3-เม.ย.,True,ห้องชุดพักอาศัยตากอากาศ,49500,,official_statutory_assessment_rate_not_market_price
118101,34421,เดอะบีช คอนโดเทล,บี1,83,ภูเก็ต,1,เมืองภูเก็ต,8,กะรน,83000000,สำนักงานที่ดินจังหวัดภูเก็ต,3-เม.ย.,True,พื้นที่ระเบียง,24750,,official_statutory_assessment_rate_not_market_price
118102,34421,เดอะบีช คอนโดเทล,บี1,83,ภูเก็ต,1,เมืองภูเก็ต,8,กะรน,83000000,สำนักงานที่ดินจังหวัดภูเก็ต,5-มิ.ย.,True,ห้องชุดพักอาศัยตากอากาศ,50000,,official_statutory_assessment_rate_not_market_price
118103,34421,เดอะบีช คอนโดเทล,บี1,83,ภูเก็ต,1,เมืองภูเก็ต,8,กะรน,83000000,สำนักงานที่ดินจังหวัดภูเก็ต,5-มิ.ย.,True,พื้นที่ระเบียง,25000,,official_statutory_assessment_rate_not_market_price
118104,34421,เดอะบีช คอนโดเทล,บี1,83,ภูเก็ต,1,เมืองภูเก็ต,8,กะรน,83000000,สำนักงานที่ดินจังหวัดภูเก็ต,7-ส.ค.,True,ห้องชุดพักอาศัยตากอากาศ,50500,,official_statutory_assessment_rate_not_market_price
118105,34421,เดอะบีช คอนโดเทล,บี1,83,ภูเก็ต,1,เมืองภูเก็ต,8,กะรน,83000000,สำนักงานที่ดินจังหวัดภูเก็ต,7-ส.ค.,True,พื้นที่ระเบียง,25250,,official_statutory_assessment_rate_not_market_price
118106,34421,เดอะบีช คอนโดเทล,บี1,83,ภูเก็ต,1,เมืองภูเก็ต,8,กะรน,83000000,สำนักงานที่ดินจังหวัดภูเก็ต,"ชั้น2,3 ห้อง110/25",False,พักอาศัยตากอากาศ2ชั้นควบ,50000,,official_statutory_assessment_rate_not_market_price
118107,34421,เดอะบีช คอนโดเทล,บี1,83,ภูเก็ต,1,เมืองภูเก็ต,8,กะรน,83000000,สำนักงานที่ดินจังหวัดภูเก็ต,"ชั้น2,3 ห้อง110/25",False,พื้นที่บันได,50000,,official_statutory_assessment_rate_not_market_price
118108,34421,เดอะบีช คอนโดเทล,บี1,83,ภูเก็ต,1,เมืองภูเก็ต,8,กะรน,83000000,สำนักงานที่ดินจังหวัดภูเก็ต,"ชั้น2,3 ห้อง110/25",False,พื้นที่ระเบียง,25000,,official_statutory_assessment_rate_not_market_price
118109,34421,เดอะบีช คอนโดเทล,บี1,83,ภูเก็ต,1,เมืองภูเก็ต,8,กะรน,83000000,สำนักงานที่ดินจังหวัดภูเก็ต,"ชั้น7,8 ห้อง110/76",False,พักอาศัยตากอากาศ2ชั้นควบ,51500,,official_statutory_assessment_rate_not_market_price
118110,34421,เดอะบีช คอนโดเทล,บี1,83,ภูเก็ต,1,เมืองภูเก็ต,8,กะรน,83000000,สำนักงานที่ดินจังหวัดภูเก็ต,"ชั้น7,8 ห้อง110/76",False,พื้นที่บันได,51500,,official_statutory_assessment_rate_not_market_price
118111,34421,เดอะบีช คอนโดเทล,บี1,83,ภูเก็ต,1,เมืองภูเก็ต,8,กะรน,83000000,สำนักงานที่ดินจังหวัดภูเก็ต,"ชั้น7,8 ห้อง110/76",False,พื้นที่ระเบียง,25750,,official_statutory_assessment_rate_not_market_price
118112,34421,เดอะบีช คอนโดเทล,บี1,83,ภูเก็ต,1,เมืองภูเก็ต,8,กะรน,83000000,สำนักงานที่ดินจังหวัดภูเก็ต,"ชั้น7,8 ห้อง110/87",False,พักอาศัยตากอากาศ2ชั้นควบ,51500,,official_statutory_assessment_rate_not_market_price
118113,34421,เดอะบีช คอนโดเทล,บี1,83,ภูเก็ต,1,เมืองภูเก็ต,8,กะรน,83000000,สำนักงานที่ดินจังหวัดภูเก็ต,"ชั้น7,8 ห้อง110/87",False,พื้นที่บันได,51500,,official_statutory_assessment_rate_not_market_price
118114,34421,เดอะบีช คอนโดเทล,บี1,83,ภูเก็ต,1,เมืองภูเก็ต,8,กะรน,83000000,สำนักงานที่ดินจังหวัดภูเก็ต,"ชั้น7,8 ห้อง110/87",False,พื้นที่ระเบียง,25750,,official_statutory_assessment_rate_not_market_price
118115,34421,เดอะบีช คอนโดเทล,บี2,83,ภูเก็ต,1,เมืองภูเก็ต,8,กะรน,83000000,สำนักงานที่ดินจังหวัดภูเก็ต,1,False,ห้องชุดเพื่อประกอบการค้า(ห้องชุดพาณิชยกรรม),59000,,official_statutory_assessment_rate_not_market_price
118116,34421,เดอะบีช คอนโดเทล,บี2,83,ภูเก็ต,1,เมืองภูเก็ต,8,กะรน,83000000,สำนักงานที่ดินจังหวัดภูเก็ต,2,False,ห้องชุดพักอาศัยตากอากาศ,49000,,official_statutory_assessment_rate_not_market_price
118117,34421,เดอะบีช คอนโดเทล,บี2,83,ภูเก็ต,1,เมืองภูเก็ต,8,กะรน,83000000,สำนักงานที่ดินจังหวัดภูเก็ต,2,False,พื้นที่ระเบียง,24500,,official_statutory_assessment_rate_not_market_price
118118,34421,เดอะบีช คอนโดเทล,บี2,83,ภูเก็ต,1,เมืองภูเก็ต,8,กะรน,83000000,สำนักงานที่ดินจังหวัดภูเก็ต,3-เม.ย.,True,ห้องชุดพักอาศัยตากอากาศ,49500,,official_statutory_assessment_rate_not_market_price
118119,34421,เดอะบีช คอนโดเทล,บี2,83,ภูเก็ต,1,เมืองภูเก็ต,8,กะรน,83000000,สำนักงานที่ดินจังหวัดภูเก็ต,3-เม.ย.,True,พื้นที่ระเบียง,24750,,official_statutory_assessment_rate_not_market_price
118120,34421,เดอะบีช คอนโดเทล,บี2,83,ภูเก็ต,1,เมืองภูเก็ต,8,กะรน,83000000,สำนักงานที่ดินจังหวัดภูเก็ต,5-มิ.ย.,True,ห้องชุดพักอาศัยตากอากาศ,50000,,official_statutory_assessment_rate_not_market_price
118121,34421,เดอะบีช คอนโดเทล,บี2,83,ภูเก็ต,1,เมืองภูเก็ต,8,กะรน,83000000,สำนักงานที่ดินจังหวัดภูเก็ต,5-มิ.ย.,True,พื้นที่ระเบียง,25000,,official_statutory_assessment_rate_not_market_price
118122,34421,เดอะบีช คอนโดเทล,บี2,83,ภูเก็ต,1,เมืองภูเก็ต,8,กะรน,83000000,สำนักงานที่ดินจังหวัดภูเก็ต,7-ส.ค.,True,ห้องชุดพักอาศัยตากอากาศ,50500,,official_statutory_assessment_rate_not_market_price
118123,34421,เดอะบีช คอนโดเทล,บี2,83,ภูเก็ต,1,เมืองภูเก็ต,8,กะรน,83000000,สำนักงานที่ดินจังหวัดภูเก็ต,7-ส.ค.,True,พื้นที่ระเบียง,25250,,official_statutory_assessment_rate_not_market_price
118124,34421,เดอะบีช คอนโดเทล,บี2,83,ภูเก็ต,1,เมืองภูเก็ต,8,กะรน,83000000,สำนักงานที่ดินจังหวัดภูเก็ต,ใต้ดิน,False,ห้องชุดเพื่อประกอบการค้า(ห้องชุดพาณิชยกรรม),58500,,official_statutory_assessment_rate_not_market_price
118125,34407,เดอะ วอเตอร์ฟร้อนท์,-,83,ภูเก็ต,1,เมืองภูเก็ต,8,กะรน,83000000,สำนักงานที่ดินจังหวัดภูเก็ต,3,False,ห้องชุดพักอาศัย,45500,,official_statutory_assessment_rate_not_market_price
118126,34407,เดอะ วอเตอร์ฟร้อนท์,-,83,ภูเก็ต,1,เมืองภูเก็ต,8,กะรน,83000000,สำนักงานที่ดินจังหวัดภูเก็ต,4,False,ห้องชุดพักอาศัย,45500,,official_statutory_assessment_rate_not_market_price
118127,34407,เดอะ วอเตอร์ฟร้อนท์,-,83,ภูเก็ต,1,เมืองภูเก็ต,8,กะรน,83000000,สำนักงานที่ดินจังหวัดภูเก็ต,5,False,ห้องชุดพักอาศัย,45500,,official_statutory_assessment_rate_not_market_price
118128,34407,เดอะ วอเตอร์ฟร้อนท์,-,83,ภูเก็ต,1,เมืองภูเก็ต,8,กะรน,83000000,สำนักงานที่ดินจังหวัดภูเก็ต,6,False,ห้องชุดพักอาศัย,46000,,official_statutory_assessment_rate_not_market_price
118129,34407,เดอะ วอเตอร์ฟร้อนท์,-,83,ภูเก็ต,1,เมืองภูเก็ต,8,กะรน,83000000,สำนักงานที่ดินจังหวัดภูเก็ต,7,False,ห้องชุดพักอาศัย,46000,,official_statutory_assessment_rate_not_market_price
118130,34407,เดอะ วอเตอร์ฟร้อนท์,-,83,ภูเก็ต,1,เมืองภูเก็ต,8,กะรน,83000000,สำนักงานที่ดินจังหวัดภูเก็ต,8,False,ห้องชุดพักอาศัย,46000,,official_statutory_assessment_rate_not_market_price
118131,34407,เดอะ วอเตอร์ฟร้อนท์,-,83,ภูเก็ต,1,เมืองภูเก็ต,8,กะรน,83000000,สำนักงานที่ดินจังหวัดภูเก็ต,9,False,ห้องชุดพักอาศัย,46500,,official_statutory_assessment_rate_not_market_price
118132,34407,เดอะ วอเตอร์ฟร้อนท์,-,83,ภูเก็ต,1,เมืองภูเก็ต,8,กะรน,83000000,สำนักงานที่ดินจังหวัดภูเก็ต,10,False,ห้องชุดพักอาศัย,46500,,official_statutory_assessment_rate_not_market_price
118133,34407,เดอะ วอเตอร์ฟร้อนท์,-,83,ภูเก็ต,1,เมืองภูเก็ต,8,กะรน,83000000,สำนักงานที่ดินจังหวัดภูเก็ต,11,False,ห้องชุดพักอาศัย,46500,,official_statutory_assessment_rate_not_market_price
118134,34407,เดอะ วอเตอร์ฟร้อนท์,-,83,ภูเก็ต,1,เมืองภูเก็ต,8,กะรน,83000000,สำนักงานที่ดินจังหวัดภูเก็ต,12,False,ห้องชุดพักอาศัย,47000,,official_statutory_assessment_rate_not_market_price
118135,34407,เดอะ วอเตอร์ฟร้อนท์,-,83,ภูเก็ต,1,เมืองภูเก็ต,8,กะรน,83000000,สำนักงานที่ดินจังหวัดภูเก็ต,13,False,ห้องชุดพักอาศัย,47000,,official_statutory_assessment_rate_not_market_price
118136,34407,เดอะ วอเตอร์ฟร้อนท์,-,83,ภูเก็ต,1,เมืองภูเก็ต,8,กะรน,83000000,สำนักงานที่ดินจังหวัดภูเก็ต,14,False,ห้องชุดพักอาศัย,47000,,official_statutory_assessment_rate_not_market_price
118137,34407,เดอะ วอเตอร์ฟร้อนท์,-,83,ภูเก็ต,1,เมืองภูเก็ต,8,กะรน,83000000,สำนักงานที่ดินจังหวัดภูเก็ต,15,False,ห้องชุดพักอาศัย,47500,,official_statutory_assessment_rate_not_market_price
118138,34407,เดอะ วอเตอร์ฟร้อนท์,-,83,ภูเก็ต,1,เมืองภูเก็ต,8,กะรน,83000000,สำนักงานที่ดินจังหวัดภูเก็ต,16,False,ห้องชุดพักอาศัย,47500,,official_statutory_assessment_rate_not_market_price
118139,34407,เดอะ วอเตอร์ฟร้อนท์,-,83,ภูเก็ต,1,เมืองภูเก็ต,8,กะรน,83000000,สำนักงานที่ดินจังหวัดภูเก็ต,17,False,ห้องชุดพักอาศัย,47500,,official_statutory_assessment_rate_not_market_price
118140,34407,เดอะ วอเตอร์ฟร้อนท์,-,83,ภูเก็ต,1,เมืองภูเก็ต,8,กะรน,83000000,สำนักงานที่ดินจังหวัดภูเก็ต,18,False,ห้องชุดพักอาศัย,48000,,official_statutory_assessment_rate_not_market_price
118141,34407,เดอะ วอเตอร์ฟร้อนท์,-,83,ภูเก็ต,1,เมืองภูเก็ต,8,กะรน,83000000,สำนักงานที่ดินจังหวัดภูเก็ต,19,False,ห้องชุดพักอาศัย,48000,,official_statutory_assessment_rate_not_market_price
118142,34407,เดอะ วอเตอร์ฟร้อนท์,-,83,ภูเก็ต,1,เมืองภูเก็ต,8,กะรน,83000000,สำนักงานที่ดินจังหวัดภูเก็ต,20,False,ห้องชุดพักอาศัย,48000,,official_statutory_assessment_rate_not_market_price
118143,34408,เดอะ วิว,A,83,ภูเก็ต,1,เมืองภูเก็ต,8,กะรน,83000000,สำนักงานที่ดินจังหวัดภูเก็ต,1,False,ห้องชุดพักอาศัยตากอากาศ,82500,,official_statutory_assessment_rate_not_market_price
118144,34408,เดอะ วิว,A,83,ภูเก็ต,1,เมืองภูเก็ต,8,กะรน,83000000,สำนักงานที่ดินจังหวัดภูเก็ต,1,False,พื้นที่ระเบียง,41250,,official_statutory_assessment_rate_not_market_price
118145,34408,เดอะ วิว,A,83,ภูเก็ต,1,เมืองภูเก็ต,8,กะรน,83000000,สำนักงานที่ดินจังหวัดภูเก็ต,-,False,ที่จอดรถยนต์ส่วนบุคคล,24500,,official_statutory_assessment_rate_not_market_price
118146,34408,เดอะ วิว,A,83,ภูเก็ต,1,เมืองภูเก็ต,8,กะรน,83000000,สำนักงานที่ดินจังหวัดภูเก็ต,"2,ดาดฟ้า",False,พื้นที่ระเบียง,41500,,official_statutory_assessment_rate_not_market_price
118147,34408,เดอะ วิว,B,83,ภูเก็ต,1,เมืองภูเก็ต,8,กะรน,83000000,สำนักงานที่ดินจังหวัดภูเก็ต,1,False,ห้องชุดพักอาศัยตากอากาศ,82500,,official_statutory_assessment_rate_not_market_price
118148,34408,เดอะ วิว,B,83,ภูเก็ต,1,เมืองภูเก็ต,8,กะรน,83000000,สำนักงานที่ดินจังหวัดภูเก็ต,1,False,พื้นที่ระเบียง,41250,,official_statutory_assessment_rate_not_market_price
118149,34408,เดอะ วิว,B,83,ภูเก็ต,1,เมืองภูเก็ต,8,กะรน,83000000,สำนักงานที่ดินจังหวัดภูเก็ต,-,False,ที่จอดรถยนต์ส่วนบุคคล,24500,,official_statutory_assessment_rate_not_market_price
118150,34408,เดอะ วิว,B,83,ภูเก็ต,1,เมืองภูเก็ต,8,กะรน,83000000,สำนักงานที่ดินจังหวัดภูเก็ต,"2,ดาดฟ้า",False,พื้นที่ระเบียง,41500,,official_statutory_assessment_rate_not_market_price
118151,34408,เดอะ วิว,C,83,ภูเก็ต,1,เมืองภูเก็ต,8,กะรน,83000000,สำนักงานที่ดินจังหวัดภูเก็ต,1,False,ห้องชุดพักอาศัยตากอากาศ,82500,,official_statutory_assessment_rate_not_market_price
118152,34408,เดอะ วิว,C,83,ภูเก็ต,1,เมืองภูเก็ต,8,กะรน,83000000,สำนักงานที่ดินจังหวัดภูเก็ต,1,False,พื้นที่ระเบียง,41250,,official_statutory_assessment_rate_not_market_price
118153,34408,เดอะ วิว,C,83,ภูเก็ต,1,เมืองภูเก็ต,8,กะรน,83000000,สำนักงานที่ดินจังหวัดภูเก็ต,-,False,ที่จอดรถยนต์ส่วนบุคคล,24500,,official_statutory_assessment_rate_not_market_price
118154,34408,เดอะ วิว,C,83,ภูเก็ต,1,เมืองภูเก็ต,8,กะรน,83000000,สำนักงานที่ดินจังหวัดภูเก็ต,"2,ดาดฟ้า",False,พื้นที่ระเบียง,41500,,official_statutory_assessment_rate_not_market_price
118155,34408,เดอะ วิว,D,83,ภูเก็ต,1,เมืองภูเก็ต,8,กะรน,83000000,สำนักงานที่ดินจังหวัดภูเก็ต,1,False,ห้องชุดพักอาศัยตากอากาศ,82500,,official_statutory_assessment_rate_not_market_price
118156,34408,เดอะ วิว,D,83,ภูเก็ต,1,เมืองภูเก็ต,8,กะรน,83000000,สำนักงานที่ดินจังหวัดภูเก็ต,1,False,พื้นที่ระเบียง,41250,,official_statutory_assessment_rate_not_market_price
118157,34408,เดอะ วิว,D,83,ภูเก็ต,1,เมืองภูเก็ต,8,กะรน,83000000,สำนักงานที่ดินจังหวัดภูเก็ต,-,False,ที่จอดรถยนต์ส่วนบุคคล,24500,,official_statutory_assessment_rate_not_market_price
118158,34408,เดอะ วิว,D,83,ภูเก็ต,1,เมืองภูเก็ต,8,กะรน,83000000,สำนักงานที่ดินจังหวัดภูเก็ต,"2,ดาดฟ้า",False,พื้นที่ระเบียง,41500,,official_statutory_assessment_rate_not_market_price
118159,34408,เดอะ วิว,E,83,ภูเก็ต,1,เมืองภูเก็ต,8,กะรน,83000000,สำนักงานที่ดินจังหวัดภูเก็ต,1,False,ห้องชุดพักอาศัยตากอากาศ,82500,,official_statutory_assessment_rate_not_market_price
118160,34408,เดอะ วิว,E,83,ภูเก็ต,1,เมืองภูเก็ต,8,กะรน,83000000,สำนักงานที่ดินจังหวัดภูเก็ต,1,False,พื้นที่ระเบียง,41250,,official_statutory_assessment_rate_not_market_price
118161,34408,เดอะ วิว,E,83,ภูเก็ต,1,เมืองภูเก็ต,8,กะรน,83000000,สำนักงานที่ดินจังหวัดภูเก็ต,-,False,ที่จอดรถยนต์ส่วนบุคคล,24500,,official_statutory_assessment_rate_not_market_price
118162,34408,เดอะ วิว,E,83,ภูเก็ต,1,เมืองภูเก็ต,8,กะรน,83000000,สำนักงานที่ดินจังหวัดภูเก็ต,"2,ดาดฟ้า",False,พื้นที่ระเบียง,41500,,official_statutory_assessment_rate_not_market_price
118163,34408,เดอะ วิว,F,83,ภูเก็ต,1,เมืองภูเก็ต,8,กะรน,83000000,สำนักงานที่ดินจังหวัดภูเก็ต,1,False,ห้องชุดพักอาศัยตากอากาศ,82500,,official_statutory_assessment_rate_not_market_price
118164,34408,เดอะ วิว,F,83,ภูเก็ต,1,เมืองภูเก็ต,8,กะรน,83000000,สำนักงานที่ดินจังหวัดภูเก็ต,1,False,พื้นที่ระเบียง,41250,,official_statutory_assessment_rate_not_market_price
118165,34408,เดอะ วิว,F,83,ภูเก็ต,1,เมืองภูเก็ต,8,กะรน,83000000,สำนักงานที่ดินจังหวัดภูเก็ต,2,False,ห้องชุดพักอาศัยตากอากาศ,82000,,official_statutory_assessment_rate_not_market_price
118166,34408,เดอะ วิว,F,83,ภูเก็ต,1,เมืองภูเก็ต,8,กะรน,83000000,สำนักงานที่ดินจังหวัดภูเก็ต,2,False,พื้นที่ระเบียง,41000,,official_statutory_assessment_rate_not_market_price
118167,34408,เดอะ วิว,F,83,ภูเก็ต,1,เมืองภูเก็ต,8,กะรน,83000000,สำนักงานที่ดินจังหวัดภูเก็ต,3,False,ห้องชุดพักอาศัยตากอากาศ,81500,,official_statutory_assessment_rate_not_market_price
118168,34408,เดอะ วิว,F,83,ภูเก็ต,1,เมืองภูเก็ต,8,กะรน,83000000,สำนักงานที่ดินจังหวัดภูเก็ต,3,False,พื้นที่ระเบียง,40750,,official_statutory_assessment_rate_not_market_price
118169,34408,เดอะ วิว,F,83,ภูเก็ต,1,เมืองภูเก็ต,8,กะรน,83000000,สำนักงานที่ดินจังหวัดภูเก็ต,-,False,ที่จอดรถยนต์ส่วนบุคคล,24500,,official_statutory_assessment_rate_not_market_price
118170,34408,เดอะ วิว,G,83,ภูเก็ต,1,เมืองภูเก็ต,8,กะรน,83000000,สำนักงานที่ดินจังหวัดภูเก็ต,1,False,ห้องชุดพักอาศัยตากอากาศ,82500,,official_statutory_assessment_rate_not_market_price
118171,34408,เดอะ วิว,G,83,ภูเก็ต,1,เมืองภูเก็ต,8,กะรน,83000000,สำนักงานที่ดินจังหวัดภูเก็ต,1,False,พื้นที่ระเบียง,41250,,official_statutory_assessment_rate_not_market_price
118172,34408,เดอะ วิว,G,83,ภูเก็ต,1,เมืองภูเก็ต,8,กะรน,83000000,สำนักงานที่ดินจังหวัดภูเก็ต,2,False,ห้องชุดพักอาศัยตากอากาศ,82000,,official_statutory_assessment_rate_not_market_price
118173,34408,เดอะ วิว,G,83,ภูเก็ต,1,เมืองภูเก็ต,8,กะรน,83000000,สำนักงานที่ดินจังหวัดภูเก็ต,2,False,พื้นที่ระเบียง,41000,,official_statutory_assessment_rate_not_market_price
118174,34408,เดอะ วิว,G,83,ภูเก็ต,1,เมืองภูเก็ต,8,กะรน,83000000,สำนักงานที่ดินจังหวัดภูเก็ต,3,False,ห้องชุดพักอาศัยตากอากาศ,81500,,official_statutory_assessment_rate_not_market_price
118175,34408,เดอะ วิว,G,83,ภูเก็ต,1,เมืองภูเก็ต,8,กะรน,83000000,สำนักงานที่ดินจังหวัดภูเก็ต,3,False,พื้นที่ระเบียง,40750,,official_statutory_assessment_rate_not_market_price
118176,34408,เดอะ วิว,G,83,ภูเก็ต,1,เมืองภูเก็ต,8,กะรน,83000000,สำนักงานที่ดินจังหวัดภูเก็ต,-,False,ที่จอดรถยนต์ส่วนบุคคล,24500,,official_statutory_assessment_rate_not_market_price
118177,34408,เดอะ วิว,H,83,ภูเก็ต,1,เมืองภูเก็ต,8,กะรน,83000000,สำนักงานที่ดินจังหวัดภูเก็ต,1,False,ห้องชุดพักอาศัยตากอากาศ,82500,,official_statutory_assessment_rate_not_market_price
118178,34408,เดอะ วิว,H,83,ภูเก็ต,1,เมืองภูเก็ต,8,กะรน,83000000,สำนักงานที่ดินจังหวัดภูเก็ต,1,False,พื้นที่ระเบียง,41250,,official_statutory_assessment_rate_not_market_price
118179,34408,เดอะ วิว,H,83,ภูเก็ต,1,เมืองภูเก็ต,8,กะรน,83000000,สำนักงานที่ดินจังหวัดภูเก็ต,2,False,ห้องชุดพักอาศัยตากอากาศ,82000,,official_statutory_assessment_rate_not_market_price
118180,34408,เดอะ วิว,H,83,ภูเก็ต,1,เมืองภูเก็ต,8,กะรน,83000000,สำนักงานที่ดินจังหวัดภูเก็ต,2,False,พื้นที่ระเบียง,41000,,official_statutory_assessment_rate_not_market_price
118181,34408,เดอะ วิว,H,83,ภูเก็ต,1,เมืองภูเก็ต,8,กะรน,83000000,สำนักงานที่ดินจังหวัดภูเก็ต,3,False,ห้องชุดพักอาศัยตากอากาศ,81500,,official_statutory_assessment_rate_not_market_price
118182,34408,เดอะ วิว,H,83,ภูเก็ต,1,เมืองภูเก็ต,8,กะรน,83000000,สำนักงานที่ดินจังหวัดภูเก็ต,3,False,พื้นที่ระเบียง,40750,,official_statutory_assessment_rate_not_market_price
118183,34408,เดอะ วิว,H,83,ภูเก็ต,1,เมืองภูเก็ต,8,กะรน,83000000,สำนักงานที่ดินจังหวัดภูเก็ต,-,False,ที่จอดรถยนต์ส่วนบุคคล,24500,,official_statutory_assessment_rate_not_market_price
118184,34408,เดอะ วิว,I,83,ภูเก็ต,1,เมืองภูเก็ต,8,กะรน,83000000,สำนักงานที่ดินจังหวัดภูเก็ต,1,False,ห้องชุดพักอาศัยตากอากาศ,82500,,official_statutory_assessment_rate_not_market_price
118185,34408,เดอะ วิว,I,83,ภูเก็ต,1,เมืองภูเก็ต,8,กะรน,83000000,สำนักงานที่ดินจังหวัดภูเก็ต,1,False,พื้นที่ระเบียง,41250,,official_statutory_assessment_rate_not_market_price
118186,34408,เดอะ วิว,I,83,ภูเก็ต,1,เมืองภูเก็ต,8,กะรน,83000000,สำนักงานที่ดินจังหวัดภูเก็ต,2,False,ห้องชุดพักอาศัยตากอากาศ,82000,,official_statutory_assessment_rate_not_market_price
118187,34408,เดอะ วิว,I,83,ภูเก็ต,1,เมืองภูเก็ต,8,กะรน,83000000,สำนักงานที่ดินจังหวัดภูเก็ต,2,False,พื้นที่ระเบียง,41000,,official_statutory_assessment_rate_not_market_price
118188,34408,เดอะ วิว,I,83,ภูเก็ต,1,เมืองภูเก็ต,8,กะรน,83000000,สำนักงานที่ดินจังหวัดภูเก็ต,3,False,ห้องชุดพักอาศัยตากอากาศ,81500,,official_statutory_assessment_rate_not_market_price
118189,34408,เดอะ วิว,I,83,ภูเก็ต,1,เมืองภูเก็ต,8,กะรน,83000000,สำนักงานที่ดินจังหวัดภูเก็ต,3,False,พื้นที่ระเบียง,40750,,official_statutory_assessment_rate_not_market_price
118190,34408,เดอะ วิว,I,83,ภูเก็ต,1,เมืองภูเก็ต,8,กะรน,83000000,สำนักงานที่ดินจังหวัดภูเก็ต,-,False,ที่จอดรถยนต์ส่วนบุคคล,24500,,official_statutory_assessment_rate_not_market_price
118191,34568,สเพลนดิด คอนโดมิเนียม,1,83,ภูเก็ต,1,เมืองภูเก็ต,8,กะรน,83000000,สำนักงานที่ดินจังหวัดภูเก็ต,1,False,ห้องชุดเพื่อประกอบการค้า(ห้องชุดพาณิชยกรรม)/พื้นที่ระเบียง,83700,,official_statutory_assessment_rate_not_market_price
118192,34568,สเพลนดิด คอนโดมิเนียม,1,83,ภูเก็ต,1,เมืองภูเก็ต,8,กะรน,83000000,สำนักงานที่ดินจังหวัดภูเก็ต,2,False,ห้องชุดเพื่อประกอบการค้า(ห้องชุดพาณิชยกรรม)/พื้นที่ระเบียง,84800,,official_statutory_assessment_rate_not_market_price
118193,34568,สเพลนดิด คอนโดมิเนียม,1,83,ภูเก็ต,1,เมืองภูเก็ต,8,กะรน,83000000,สำนักงานที่ดินจังหวัดภูเก็ต,3,False,ห้องชุดเพื่อประกอบการค้า(ห้องชุดพาณิชยกรรม)/พื้นที่ระเบียง,86300,,official_statutory_assessment_rate_not_market_price
118194,34568,สเพลนดิด คอนโดมิเนียม,2,83,ภูเก็ต,1,เมืองภูเก็ต,8,กะรน,83000000,สำนักงานที่ดินจังหวัดภูเก็ต,1,False,ห้องชุดเพื่อประกอบการค้า(ห้องชุดพาณิชยกรรม)/พื้นที่ระเบียง,83700,,official_statutory_assessment_rate_not_market_price
118195,34568,สเพลนดิด คอนโดมิเนียม,2,83,ภูเก็ต,1,เมืองภูเก็ต,8,กะรน,83000000,สำนักงานที่ดินจังหวัดภูเก็ต,2,False,ห้องชุดเพื่อประกอบการค้า(ห้องชุดพาณิชยกรรม)/พื้นที่ระเบียง,84800,,official_statutory_assessment_rate_not_market_price
118196,34568,สเพลนดิด คอนโดมิเนียม,2,83,ภูเก็ต,1,เมืองภูเก็ต,8,กะรน,83000000,สำนักงานที่ดินจังหวัดภูเก็ต,3,False,ห้องชุดเพื่อประกอบการค้า(ห้องชุดพาณิชยกรรม)/พื้นที่ระเบียง,86300,,official_statutory_assessment_rate_not_market_price
118197,34569,สยุมพร,A,83,ภูเก็ต,1,เมืองภูเก็ต,8,กะรน,83000000,สำนักงานที่ดินจังหวัดภูเก็ต,1,False,พื้นทีสวน,68300,,official_statutory_assessment_rate_not_market_price
118198,34569,สยุมพร,A,83,ภูเก็ต,1,เมืองภูเก็ต,8,กะรน,83000000,สำนักงานที่ดินจังหวัดภูเก็ต,1,False,ห้องชุดพักอาศัยตากอากาศ/พื้นที่ระเบียง/พื้นที่ห้องเก็บของ,68300,,official_statutory_assessment_rate_not_market_price
118199,34569,สยุมพร,A,83,ภูเก็ต,1,เมืองภูเก็ต,8,กะรน,83000000,สำนักงานที่ดินจังหวัดภูเก็ต,2,False,ห้องชุดพักอาศัยตากอากาศ/พื้นที่ระเบียง/พื้นที่ห้องเก็บของ,69200,,official_statutory_assessment_rate_not_market_price
118200,34569,สยุมพร,A,83,ภูเก็ต,1,เมืองภูเก็ต,8,กะรน,83000000,สำนักงานที่ดินจังหวัดภูเก็ต,3,False,ห้องชุดพักอาศัยตากอากาศ/พื้นที่ระเบียง/พื้นที่ห้องเก็บของ,70400,,official_statutory_assessment_rate_not_market_price
118201,34569,สยุมพร,B,83,ภูเก็ต,1,เมืองภูเก็ต,8,กะรน,83000000,สำนักงานที่ดินจังหวัดภูเก็ต,1,False,ห้องชุดพักอาศัยตากอากาศ/พื้นที่ระเบียง/พื้นที่ห้องเก็บของ,68300,,official_statutory_assessment_rate_not_market_price
118202,34569,สยุมพร,B,83,ภูเก็ต,1,เมืองภูเก็ต,8,กะรน,83000000,สำนักงานที่ดินจังหวัดภูเก็ต,2,False,ห้องชุดพักอาศัยตากอากาศ/พื้นที่ระเบียง/พื้นที่ห้องเก็บของ,69200,,official_statutory_assessment_rate_not_market_price
118203,34569,สยุมพร,B,83,ภูเก็ต,1,เมืองภูเก็ต,8,กะรน,83000000,สำนักงานที่ดินจังหวัดภูเก็ต,3,False,ห้องชุดพักอาศัยตากอากาศ/พื้นที่ระเบียง/พื้นที่ห้องเก็บของ,70400,,official_statutory_assessment_rate_not_market_price
118204,41680,เดอะ มาริน ภูเก็ต,เอ,83,ภูเก็ต,2,กะทู้,NULL,NULL,83000000,สำนักงานที่ดินจังหวัดภูเก็ต,1,False,ห้องชุดเพื่อประกอบการค้า/พื้นที่ระเบียง,94400,,official_statutory_assessment_rate_not_market_price
118205,41680,เดอะ มาริน ภูเก็ต,เอ,83,ภูเก็ต,2,กะทู้,NULL,NULL,83000000,สำนักงานที่ดินจังหวัดภูเก็ต,2,False,ห้องชุดเพื่อประกอบการค้า/พื้นที่ระเบียง,88400,,official_statutory_assessment_rate_not_market_price
118206,41680,เดอะ มาริน ภูเก็ต,เอ,83,ภูเก็ต,2,กะทู้,NULL,NULL,83000000,สำนักงานที่ดินจังหวัดภูเก็ต,3,False,ห้องชุดเพื่อประกอบการค้า/พื้นที่ระเบียง,90000,,official_statutory_assessment_rate_not_market_price
118207,41680,เดอะ มาริน ภูเก็ต,เอ,83,ภูเก็ต,2,กะทู้,NULL,NULL,83000000,สำนักงานที่ดินจังหวัดภูเก็ต,4,False,ห้องชุดเพื่อประกอบการค้า/พื้นที่ระเบียง,91700,,official_statutory_assessment_rate_not_market_price
118208,41680,เดอะ มาริน ภูเก็ต,เอ,83,ภูเก็ต,2,กะทู้,NULL,NULL,83000000,สำนักงานที่ดินจังหวัดภูเก็ต,5,False,ห้องชุดเพื่อประกอบการค้า/พื้นที่ระเบียง,93700,,official_statutory_assessment_rate_not_market_price
118209,41680,เดอะ มาริน ภูเก็ต,บี,83,ภูเก็ต,2,กะทู้,NULL,NULL,83000000,สำนักงานที่ดินจังหวัดภูเก็ต,1,False,ห้องชุดเพื่อประกอบการค้า/พื้นที่ระเบียง,94400,,official_statutory_assessment_rate_not_market_price
118210,41680,เดอะ มาริน ภูเก็ต,บี,83,ภูเก็ต,2,กะทู้,NULL,NULL,83000000,สำนักงานที่ดินจังหวัดภูเก็ต,2,False,ห้องชุดเพื่อประกอบการค้า/พื้นที่ระเบียง,88400,,official_statutory_assessment_rate_not_market_price
118211,41680,เดอะ มาริน ภูเก็ต,บี,83,ภูเก็ต,2,กะทู้,NULL,NULL,83000000,สำนักงานที่ดินจังหวัดภูเก็ต,3,False,ห้องชุดเพื่อประกอบการค้า/พื้นที่ระเบียง,90000,,official_statutory_assessment_rate_not_market_price
118212,41680,เดอะ มาริน ภูเก็ต,บี,83,ภูเก็ต,2,กะทู้,NULL,NULL,83000000,สำนักงานที่ดินจังหวัดภูเก็ต,4,False,ห้องชุดเพื่อประกอบการค้า/พื้นที่ระเบียง,91700,,official_statutory_assessment_rate_not_market_price
118213,41680,เดอะ มาริน ภูเก็ต,บี,83,ภูเก็ต,2,กะทู้,NULL,NULL,83000000,สำนักงานที่ดินจังหวัดภูเก็ต,5,False,ห้องชุดเพื่อประกอบการค้า/พื้นที่ระเบียง,93700,,official_statutory_assessment_rate_not_market_price
118214,34570,สิรีน คอนโดมิเนียม,-,83,ภูเก็ต,2,กะทู้,1,กะทู้,83000000,สำนักงานที่ดินจังหวัดภูเก็ต,1,False,ห้องชุดเพื่อประกอบการค้า(ห้องชุดพาณิชยกรรม),46000,,official_statutory_assessment_rate_not_market_price
118215,34570,สิรีน คอนโดมิเนียม,-,83,ภูเก็ต,2,กะทู้,1,กะทู้,83000000,สำนักงานที่ดินจังหวัดภูเก็ต,1-ก.พ.,True,ห้องชุดพักอาศัย,38500,,official_statutory_assessment_rate_not_market_price
118216,34570,สิรีน คอนโดมิเนียม,-,83,ภูเก็ต,2,กะทู้,1,กะทู้,83000000,สำนักงานที่ดินจังหวัดภูเก็ต,1-ก.พ.,True,พื้นที่ระเบียง,19250,,official_statutory_assessment_rate_not_market_price
118217,34570,สิรีน คอนโดมิเนียม,-,83,ภูเก็ต,2,กะทู้,1,กะทู้,83000000,สำนักงานที่ดินจังหวัดภูเก็ต,3-เม.ย.,True,ห้องชุดพักอาศัย,39000,,official_statutory_assessment_rate_not_market_price
118218,34570,สิรีน คอนโดมิเนียม,-,83,ภูเก็ต,2,กะทู้,1,กะทู้,83000000,สำนักงานที่ดินจังหวัดภูเก็ต,3-เม.ย.,True,พื้นที่ระเบียง,19500,,official_statutory_assessment_rate_not_market_price
118219,34570,สิรีน คอนโดมิเนียม,-,83,ภูเก็ต,2,กะทู้,1,กะทู้,83000000,สำนักงานที่ดินจังหวัดภูเก็ต,5-มิ.ย.,True,ห้องชุดพักอาศัย,39500,,official_statutory_assessment_rate_not_market_price
118220,34570,สิรีน คอนโดมิเนียม,-,83,ภูเก็ต,2,กะทู้,1,กะทู้,83000000,สำนักงานที่ดินจังหวัดภูเก็ต,5-มิ.ย.,True,พื้นที่ระเบียง,19750,,official_statutory_assessment_rate_not_market_price
118221,34570,สิรีน คอนโดมิเนียม,-,83,ภูเก็ต,2,กะทู้,1,กะทู้,83000000,สำนักงานที่ดินจังหวัดภูเก็ต,7-ส.ค.,True,ห้องชุดพักอาศัย,40000,,official_statutory_assessment_rate_not_market_price
118222,34570,สิรีน คอนโดมิเนียม,-,83,ภูเก็ต,2,กะทู้,1,กะทู้,83000000,สำนักงานที่ดินจังหวัดภูเก็ต,7-ส.ค.,True,พื้นที่ระเบียง,20000,,official_statutory_assessment_rate_not_market_price
118223,34535,ภูเก็ต กอล์ฟ รีสอร์ท คอนโดมิเนียม,-,83,ภูเก็ต,2,กะทู้,1,กะทู้,83000000,สำนักงานที่ดินจังหวัดภูเก็ต,1,False,ห้องชุดพักอาศัย,20500,,official_statutory_assessment_rate_not_market_price
118224,34535,ภูเก็ต กอล์ฟ รีสอร์ท คอนโดมิเนียม,-,83,ภูเก็ต,2,กะทู้,1,กะทู้,83000000,สำนักงานที่ดินจังหวัดภูเก็ต,1,False,ระเบียง,10250,,official_statutory_assessment_rate_not_market_price
118225,34535,ภูเก็ต กอล์ฟ รีสอร์ท คอนโดมิเนียม,-,83,ภูเก็ต,2,กะทู้,1,กะทู้,83000000,สำนักงานที่ดินจังหวัดภูเก็ต,2,False,ห้องชุดพักอาศัย,20500,,official_statutory_assessment_rate_not_market_price
118226,34535,ภูเก็ต กอล์ฟ รีสอร์ท คอนโดมิเนียม,-,83,ภูเก็ต,2,กะทู้,1,กะทู้,83000000,สำนักงานที่ดินจังหวัดภูเก็ต,2,False,ระเบียง,10250,,official_statutory_assessment_rate_not_market_price
118227,34535,ภูเก็ต กอล์ฟ รีสอร์ท คอนโดมิเนียม,-,83,ภูเก็ต,2,กะทู้,1,กะทู้,83000000,สำนักงานที่ดินจังหวัดภูเก็ต,3,False,ห้องชุดพักอาศัย,21000,,official_statutory_assessment_rate_not_market_price
118228,34535,ภูเก็ต กอล์ฟ รีสอร์ท คอนโดมิเนียม,-,83,ภูเก็ต,2,กะทู้,1,กะทู้,83000000,สำนักงานที่ดินจังหวัดภูเก็ต,3,False,ระเบียง,10500,,official_statutory_assessment_rate_not_market_price
118229,34535,ภูเก็ต กอล์ฟ รีสอร์ท คอนโดมิเนียม,-,83,ภูเก็ต,2,กะทู้,1,กะทู้,83000000,สำนักงานที่ดินจังหวัดภูเก็ต,4,False,ห้องชุดพักอาศัย,21000,,official_statutory_assessment_rate_not_market_price
118230,34535,ภูเก็ต กอล์ฟ รีสอร์ท คอนโดมิเนียม,-,83,ภูเก็ต,2,กะทู้,1,กะทู้,83000000,สำนักงานที่ดินจังหวัดภูเก็ต,4,False,ระเบียง,10500,,official_statutory_assessment_rate_not_market_price
118231,34535,ภูเก็ต กอล์ฟ รีสอร์ท คอนโดมิเนียม,-,83,ภูเก็ต,2,กะทู้,1,กะทู้,83000000,สำนักงานที่ดินจังหวัดภูเก็ต,5,False,ห้องชุดพักอาศัย,21500,,official_statutory_assessment_rate_not_market_price
118232,34535,ภูเก็ต กอล์ฟ รีสอร์ท คอนโดมิเนียม,-,83,ภูเก็ต,2,กะทู้,1,กะทู้,83000000,สำนักงานที่ดินจังหวัดภูเก็ต,5,False,ระเบียง,10750,,official_statutory_assessment_rate_not_market_price
118233,34535,ภูเก็ต กอล์ฟ รีสอร์ท คอนโดมิเนียม,-,83,ภูเก็ต,2,กะทู้,1,กะทู้,83000000,สำนักงานที่ดินจังหวัดภูเก็ต,6,False,ห้องชุดพักอาศัย,21500,,official_statutory_assessment_rate_not_market_price
118234,34535,ภูเก็ต กอล์ฟ รีสอร์ท คอนโดมิเนียม,-,83,ภูเก็ต,2,กะทู้,1,กะทู้,83000000,สำนักงานที่ดินจังหวัดภูเก็ต,6,False,ระเบียง,10750,,official_statutory_assessment_rate_not_market_price
118235,34535,ภูเก็ต กอล์ฟ รีสอร์ท คอนโดมิเนียม,-,83,ภูเก็ต,2,กะทู้,1,กะทู้,83000000,สำนักงานที่ดินจังหวัดภูเก็ต,7,False,ห้องชุดพักอาศัย,22000,,official_statutory_assessment_rate_not_market_price
118236,34535,ภูเก็ต กอล์ฟ รีสอร์ท คอนโดมิเนียม,-,83,ภูเก็ต,2,กะทู้,1,กะทู้,83000000,สำนักงานที่ดินจังหวัดภูเก็ต,7,False,ระเบียง,11000,,official_statutory_assessment_rate_not_market_price
118237,34579,อิราวดีคอนโด เอ,A,83,ภูเก็ต,2,กะทู้,1,กะทู้,83000000,สำนักงานที่ดินจังหวัดภูเก็ต,1,False,ห้องชุดพักอาศัย,11000,,official_statutory_assessment_rate_not_market_price
118238,34579,อิราวดีคอนโด เอ,A,83,ภูเก็ต,2,กะทู้,1,กะทู้,83000000,สำนักงานที่ดินจังหวัดภูเก็ต,1,False,ระเบียง,5500,,official_statutory_assessment_rate_not_market_price
118239,34579,อิราวดีคอนโด เอ,A,83,ภูเก็ต,2,กะทู้,1,กะทู้,83000000,สำนักงานที่ดินจังหวัดภูเก็ต,2,False,ห้องชุดพักอาศัย,10500,,official_statutory_assessment_rate_not_market_price
118240,34579,อิราวดีคอนโด เอ,A,83,ภูเก็ต,2,กะทู้,1,กะทู้,83000000,สำนักงานที่ดินจังหวัดภูเก็ต,2,False,ระเบียง,5250,,official_statutory_assessment_rate_not_market_price
118241,34579,อิราวดีคอนโด เอ,A,83,ภูเก็ต,2,กะทู้,1,กะทู้,83000000,สำนักงานที่ดินจังหวัดภูเก็ต,3,False,ห้องชุดพักอาศัย,10000,,official_statutory_assessment_rate_not_market_price
118242,34579,อิราวดีคอนโด เอ,A,83,ภูเก็ต,2,กะทู้,1,กะทู้,83000000,สำนักงานที่ดินจังหวัดภูเก็ต,3,False,ระเบียง,5000,,official_statutory_assessment_rate_not_market_price
118243,34580,อิราวดีคอนโด เอฟ,F,83,ภูเก็ต,2,กะทู้,1,กะทู้,83000000,สำนักงานที่ดินจังหวัดภูเก็ต,1,False,ห้องชุดพักอาศัย,11000,,official_statutory_assessment_rate_not_market_price
118244,34580,อิราวดีคอนโด เอฟ,F,83,ภูเก็ต,2,กะทู้,1,กะทู้,83000000,สำนักงานที่ดินจังหวัดภูเก็ต,1,False,ระเบียง,5500,,official_statutory_assessment_rate_not_market_price
118245,34580,อิราวดีคอนโด เอฟ,F,83,ภูเก็ต,2,กะทู้,1,กะทู้,83000000,สำนักงานที่ดินจังหวัดภูเก็ต,2,False,ห้องชุดพักอาศัย,10500,,official_statutory_assessment_rate_not_market_price
118246,34580,อิราวดีคอนโด เอฟ,F,83,ภูเก็ต,2,กะทู้,1,กะทู้,83000000,สำนักงานที่ดินจังหวัดภูเก็ต,2,False,ระเบียง,5250,,official_statutory_assessment_rate_not_market_price
118247,34580,อิราวดีคอนโด เอฟ,F,83,ภูเก็ต,2,กะทู้,1,กะทู้,83000000,สำนักงานที่ดินจังหวัดภูเก็ต,3,False,ห้องชุดพักอาศัย,10000,,official_statutory_assessment_rate_not_market_price
118248,34580,อิราวดีคอนโด เอฟ,F,83,ภูเก็ต,2,กะทู้,1,กะทู้,83000000,สำนักงานที่ดินจังหวัดภูเก็ต,3,False,ระเบียง,5000,,official_statutory_assessment_rate_not_market_price
118249,34580,อิราวดีคอนโด เอฟ,F,83,ภูเก็ต,2,กะทู้,1,กะทู้,83000000,สำนักงานที่ดินจังหวัดภูเก็ต,ใต้ดิน,False,ห้องชุดพักอาศัย,10500,,official_statutory_assessment_rate_not_market_price
118250,34580,อิราวดีคอนโด เอฟ,F,83,ภูเก็ต,2,กะทู้,1,กะทู้,83000000,สำนักงานที่ดินจังหวัดภูเก็ต,ใต้ดิน,False,ระเบียง,5250,,official_statutory_assessment_rate_not_market_price
118251,34581,อิราวดีคอนโด จี,-,83,ภูเก็ต,2,กะทู้,1,กะทู้,83000000,สำนักงานที่ดินจังหวัดภูเก็ต,1,False,ห้องชุดพักอาศัย,11000,,official_statutory_assessment_rate_not_market_price
118252,34581,อิราวดีคอนโด จี,-,83,ภูเก็ต,2,กะทู้,1,กะทู้,83000000,สำนักงานที่ดินจังหวัดภูเก็ต,1,False,ระเบียง,5500,,official_statutory_assessment_rate_not_market_price
118253,34581,อิราวดีคอนโด จี,-,83,ภูเก็ต,2,กะทู้,1,กะทู้,83000000,สำนักงานที่ดินจังหวัดภูเก็ต,2,False,ห้องชุดพักอาศัย,10500,,official_statutory_assessment_rate_not_market_price
118254,34581,อิราวดีคอนโด จี,-,83,ภูเก็ต,2,กะทู้,1,กะทู้,83000000,สำนักงานที่ดินจังหวัดภูเก็ต,2,False,ระเบียง,5250,,official_statutory_assessment_rate_not_market_price
118255,34581,อิราวดีคอนโด จี,-,83,ภูเก็ต,2,กะทู้,1,กะทู้,83000000,สำนักงานที่ดินจังหวัดภูเก็ต,3,False,ห้องชุดพักอาศัย,10000,,official_statutory_assessment_rate_not_market_price
118256,34581,อิราวดีคอนโด จี,-,83,ภูเก็ต,2,กะทู้,1,กะทู้,83000000,สำนักงานที่ดินจังหวัดภูเก็ต,3,False,ระเบียง,5000,,official_statutory_assessment_rate_not_market_price
118257,34582,อิราวดีคอนโด ซี,C,83,ภูเก็ต,2,กะทู้,1,กะทู้,83000000,สำนักงานที่ดินจังหวัดภูเก็ต,1,False,ห้องชุดพักอาศัย,11000,,official_statutory_assessment_rate_not_market_price
118258,34582,อิราวดีคอนโด ซี,C,83,ภูเก็ต,2,กะทู้,1,กะทู้,83000000,สำนักงานที่ดินจังหวัดภูเก็ต,1,False,ระเบียง,5500,,official_statutory_assessment_rate_not_market_price
118259,34582,อิราวดีคอนโด ซี,C,83,ภูเก็ต,2,กะทู้,1,กะทู้,83000000,สำนักงานที่ดินจังหวัดภูเก็ต,2,False,ห้องชุดพักอาศัย,10500,,official_statutory_assessment_rate_not_market_price
118260,34582,อิราวดีคอนโด ซี,C,83,ภูเก็ต,2,กะทู้,1,กะทู้,83000000,สำนักงานที่ดินจังหวัดภูเก็ต,2,False,ระเบียง,5250,,official_statutory_assessment_rate_not_market_price
118261,34582,อิราวดีคอนโด ซี,C,83,ภูเก็ต,2,กะทู้,1,กะทู้,83000000,สำนักงานที่ดินจังหวัดภูเก็ต,3,False,ห้องชุดพักอาศัย,10000,,official_statutory_assessment_rate_not_market_price
118262,34582,อิราวดีคอนโด ซี,C,83,ภูเก็ต,2,กะทู้,1,กะทู้,83000000,สำนักงานที่ดินจังหวัดภูเก็ต,3,False,ระเบียง,5000,,official_statutory_assessment_rate_not_market_price
118263,34582,อิราวดีคอนโด ซี,C,83,ภูเก็ต,2,กะทู้,1,กะทู้,83000000,สำนักงานที่ดินจังหวัดภูเก็ต,ใต้ดิน,False,ห้องชุดพักอาศัย,10500,,official_statutory_assessment_rate_not_market_price
118264,34582,อิราวดีคอนโด ซี,C,83,ภูเก็ต,2,กะทู้,1,กะทู้,83000000,สำนักงานที่ดินจังหวัดภูเก็ต,ใต้ดิน,False,ระเบียง,5250,,official_statutory_assessment_rate_not_market_price
118265,34583,อิราวดีคอนโด ดี,D,83,ภูเก็ต,2,กะทู้,1,กะทู้,83000000,สำนักงานที่ดินจังหวัดภูเก็ต,1,False,ห้องชุดพักอาศัย,11000,,official_statutory_assessment_rate_not_market_price
118266,34583,อิราวดีคอนโด ดี,D,83,ภูเก็ต,2,กะทู้,1,กะทู้,83000000,สำนักงานที่ดินจังหวัดภูเก็ต,1,False,ระเบียง,5500,,official_statutory_assessment_rate_not_market_price
118267,34583,อิราวดีคอนโด ดี,D,83,ภูเก็ต,2,กะทู้,1,กะทู้,83000000,สำนักงานที่ดินจังหวัดภูเก็ต,2,False,ห้องชุดพักอาศัย,10500,,official_statutory_assessment_rate_not_market_price
118268,34583,อิราวดีคอนโด ดี,D,83,ภูเก็ต,2,กะทู้,1,กะทู้,83000000,สำนักงานที่ดินจังหวัดภูเก็ต,2,False,ระเบียง,5250,,official_statutory_assessment_rate_not_market_price
118269,34583,อิราวดีคอนโด ดี,D,83,ภูเก็ต,2,กะทู้,1,กะทู้,83000000,สำนักงานที่ดินจังหวัดภูเก็ต,3,False,ห้องชุดพักอาศัย,10000,,official_statutory_assessment_rate_not_market_price
118270,34583,อิราวดีคอนโด ดี,D,83,ภูเก็ต,2,กะทู้,1,กะทู้,83000000,สำนักงานที่ดินจังหวัดภูเก็ต,3,False,ระเบียง,5000,,official_statutory_assessment_rate_not_market_price
118271,34584,อิราวดีคอนโด บี,B,83,ภูเก็ต,2,กะทู้,1,กะทู้,83000000,สำนักงานที่ดินจังหวัดภูเก็ต,1,False,ห้องชุดพักอาศัย,11000,,official_statutory_assessment_rate_not_market_price
118272,34584,อิราวดีคอนโด บี,B,83,ภูเก็ต,2,กะทู้,1,กะทู้,83000000,สำนักงานที่ดินจังหวัดภูเก็ต,1,False,ระเบียง,5500,,official_statutory_assessment_rate_not_market_price
118273,34584,อิราวดีคอนโด บี,B,83,ภูเก็ต,2,กะทู้,1,กะทู้,83000000,สำนักงานที่ดินจังหวัดภูเก็ต,2,False,ห้องชุดพักอาศัย,10500,,official_statutory_assessment_rate_not_market_price
118274,34584,อิราวดีคอนโด บี,B,83,ภูเก็ต,2,กะทู้,1,กะทู้,83000000,สำนักงานที่ดินจังหวัดภูเก็ต,2,False,ระเบียง,5250,,official_statutory_assessment_rate_not_market_price
118275,34584,อิราวดีคอนโด บี,B,83,ภูเก็ต,2,กะทู้,1,กะทู้,83000000,สำนักงานที่ดินจังหวัดภูเก็ต,3,False,ห้องชุดพักอาศัย,10000,,official_statutory_assessment_rate_not_market_price
118276,34405,เดอะ รอยัลเพลส คอนโดมิเนียม ทาวเวอร์ 3,-,83,ภูเก็ต,2,กะทู้,1,กะทู้,83000000,สำนักงานที่ดินจังหวัดภูเก็ต,5-มิ.ย.,True,ห้องชุดพักอาศัย,38500,,official_statutory_assessment_rate_not_market_price
118277,34405,เดอะ รอยัลเพลส คอนโดมิเนียม ทาวเวอร์ 3,-,83,ภูเก็ต,2,กะทู้,1,กะทู้,83000000,สำนักงานที่ดินจังหวัดภูเก็ต,5-มิ.ย.,True,พื้นที่ระเบียง,19250,,official_statutory_assessment_rate_not_market_price
118278,34405,เดอะ รอยัลเพลส คอนโดมิเนียม ทาวเวอร์ 3,-,83,ภูเก็ต,2,กะทู้,1,กะทู้,83000000,สำนักงานที่ดินจังหวัดภูเก็ต,7-ส.ค.,True,ห้องชุดพักอาศัย,39000,,official_statutory_assessment_rate_not_market_price
118279,34405,เดอะ รอยัลเพลส คอนโดมิเนียม ทาวเวอร์ 3,-,83,ภูเก็ต,2,กะทู้,1,กะทู้,83000000,สำนักงานที่ดินจังหวัดภูเก็ต,7-ส.ค.,True,พื้นที่ระเบียง,19500,,official_statutory_assessment_rate_not_market_price
118280,34404,เดอะ รอยัลเพลส คอนโดมิเนียม,-,83,ภูเก็ต,2,กะทู้,1,กะทู้,83000000,สำนักงานที่ดินจังหวัดภูเก็ต,1,False,ห้องชุดเพื่อประกอบการค้า(ห้องชุดพาณิชยกรรม),43200,,official_statutory_assessment_rate_not_market_price
118281,34404,เดอะ รอยัลเพลส คอนโดมิเนียม,-,83,ภูเก็ต,2,กะทู้,1,กะทู้,83000000,สำนักงานที่ดินจังหวัดภูเก็ต,2,False,ห้องชุดพักอาศัย,36500,,official_statutory_assessment_rate_not_market_price
118282,34404,เดอะ รอยัลเพลส คอนโดมิเนียม,-,83,ภูเก็ต,2,กะทู้,1,กะทู้,83000000,สำนักงานที่ดินจังหวัดภูเก็ต,3,False,ห้องชุดพักอาศัย,36500,,official_statutory_assessment_rate_not_market_price
118283,34404,เดอะ รอยัลเพลส คอนโดมิเนียม,-,83,ภูเก็ต,2,กะทู้,1,กะทู้,83000000,สำนักงานที่ดินจังหวัดภูเก็ต,4,False,ห้องชุดพักอาศัย,37000,,official_statutory_assessment_rate_not_market_price
118284,34404,เดอะ รอยัลเพลส คอนโดมิเนียม,-,83,ภูเก็ต,2,กะทู้,1,กะทู้,83000000,สำนักงานที่ดินจังหวัดภูเก็ต,5,False,ห้องชุดพักอาศัย,37000,,official_statutory_assessment_rate_not_market_price
118285,34404,เดอะ รอยัลเพลส คอนโดมิเนียม,-,83,ภูเก็ต,2,กะทู้,1,กะทู้,83000000,สำนักงานที่ดินจังหวัดภูเก็ต,6,False,ห้องชุดพักอาศัย,37500,,official_statutory_assessment_rate_not_market_price
118286,34404,เดอะ รอยัลเพลส คอนโดมิเนียม,-,83,ภูเก็ต,2,กะทู้,1,กะทู้,83000000,สำนักงานที่ดินจังหวัดภูเก็ต,7,False,ห้องชุดพักอาศัย,37500,,official_statutory_assessment_rate_not_market_price
118287,34405,เดอะ รอยัลเพลส คอนโดมิเนียม ทาวเวอร์ 3,-,83,ภูเก็ต,2,กะทู้,1,กะทู้,83000000,สำนักงานที่ดินจังหวัดภูเก็ต,1,False,ห้องชุดเพื่อประกอบการค้า(ห้องชุดพาณิชยกรรม),45000,,official_statutory_assessment_rate_not_market_price
118288,34405,เดอะ รอยัลเพลส คอนโดมิเนียม ทาวเวอร์ 3,-,83,ภูเก็ต,2,กะทู้,1,กะทู้,83000000,สำนักงานที่ดินจังหวัดภูเก็ต,2,False,ห้องชุดพักอาศัย,37500,,official_statutory_assessment_rate_not_market_price
118289,34405,เดอะ รอยัลเพลส คอนโดมิเนียม ทาวเวอร์ 3,-,83,ภูเก็ต,2,กะทู้,1,กะทู้,83000000,สำนักงานที่ดินจังหวัดภูเก็ต,2,False,พื้นที่ระเบียง,18750,,official_statutory_assessment_rate_not_market_price
118290,34405,เดอะ รอยัลเพลส คอนโดมิเนียม ทาวเวอร์ 3,-,83,ภูเก็ต,2,กะทู้,1,กะทู้,83000000,สำนักงานที่ดินจังหวัดภูเก็ต,3-เม.ย.,True,ห้องชุดพักอาศัย,38000,,official_statutory_assessment_rate_not_market_price
118291,34405,เดอะ รอยัลเพลส คอนโดมิเนียม ทาวเวอร์ 3,-,83,ภูเก็ต,2,กะทู้,1,กะทู้,83000000,สำนักงานที่ดินจังหวัดภูเก็ต,3-เม.ย.,True,พื้นที่ระเบียง,19000,,official_statutory_assessment_rate_not_market_price
118292,34419,เดอะซีน คอนโด บายรัชพรเพลส,-,83,ภูเก็ต,2,กะทู้,1,กะทู้,83000000,สำนักงานที่ดินจังหวัดภูเก็ต,1,False,ห้องชุดเพื่อประกอบการค้า(ห้องชุดพาณิชยกรรม),45500,,official_statutory_assessment_rate_not_market_price
118293,34419,เดอะซีน คอนโด บายรัชพรเพลส,-,83,ภูเก็ต,2,กะทู้,1,กะทู้,83000000,สำนักงานที่ดินจังหวัดภูเก็ต,2,False,ห้องชุดพักอาศัย,38000,,official_statutory_assessment_rate_not_market_price
118294,34419,เดอะซีน คอนโด บายรัชพรเพลส,-,83,ภูเก็ต,2,กะทู้,1,กะทู้,83000000,สำนักงานที่ดินจังหวัดภูเก็ต,2,False,พื้นที่ระเบียง,19000,,official_statutory_assessment_rate_not_market_price
118295,34419,เดอะซีน คอนโด บายรัชพรเพลส,-,83,ภูเก็ต,2,กะทู้,1,กะทู้,83000000,สำนักงานที่ดินจังหวัดภูเก็ต,3-เม.ย.,True,ห้องชุดพักอาศัย,38500,,official_statutory_assessment_rate_not_market_price
118296,34419,เดอะซีน คอนโด บายรัชพรเพลส,-,83,ภูเก็ต,2,กะทู้,1,กะทู้,83000000,สำนักงานที่ดินจังหวัดภูเก็ต,3-เม.ย.,True,พื้นที่ระเบียง,19250,,official_statutory_assessment_rate_not_market_price
118297,34419,เดอะซีน คอนโด บายรัชพรเพลส,-,83,ภูเก็ต,2,กะทู้,1,กะทู้,83000000,สำนักงานที่ดินจังหวัดภูเก็ต,5-มิ.ย.,True,ห้องชุดพักอาศัย,39000,,official_statutory_assessment_rate_not_market_price
118298,34419,เดอะซีน คอนโด บายรัชพรเพลส,-,83,ภูเก็ต,2,กะทู้,1,กะทู้,83000000,สำนักงานที่ดินจังหวัดภูเก็ต,5-มิ.ย.,True,พื้นที่ระเบียง,19500,,official_statutory_assessment_rate_not_market_price
118299,34419,เดอะซีน คอนโด บายรัชพรเพลส,-,83,ภูเก็ต,2,กะทู้,1,กะทู้,83000000,สำนักงานที่ดินจังหวัดภูเก็ต,7-ส.ค.,True,ห้องชุดพักอาศัย,39500,,official_statutory_assessment_rate_not_market_price
118300,34419,เดอะซีน คอนโด บายรัชพรเพลส,-,83,ภูเก็ต,2,กะทู้,1,กะทู้,83000000,สำนักงานที่ดินจังหวัดภูเก็ต,7-ส.ค.,True,พื้นที่ระเบียง,19750,,official_statutory_assessment_rate_not_market_price
118301,34584,อิราวดีคอนโด บี,B,83,ภูเก็ต,2,กะทู้,1,กะทู้,83000000,สำนักงานที่ดินจังหวัดภูเก็ต,3,False,ระเบียง,5000,,official_statutory_assessment_rate_not_market_price
118302,34585,อิราวดีคอนโด อี,D,83,ภูเก็ต,2,กะทู้,1,กะทู้,83000000,สำนักงานที่ดินจังหวัดภูเก็ต,1,False,ห้องชุดพักอาศัย,11000,,official_statutory_assessment_rate_not_market_price
118303,34585,อิราวดีคอนโด อี,D,83,ภูเก็ต,2,กะทู้,1,กะทู้,83000000,สำนักงานที่ดินจังหวัดภูเก็ต,1,False,ระเบียง,5500,,official_statutory_assessment_rate_not_market_price
118304,34585,อิราวดีคอนโด อี,D,83,ภูเก็ต,2,กะทู้,1,กะทู้,83000000,สำนักงานที่ดินจังหวัดภูเก็ต,2,False,ห้องชุดพักอาศัย,10500,,official_statutory_assessment_rate_not_market_price
118305,34585,อิราวดีคอนโด อี,D,83,ภูเก็ต,2,กะทู้,1,กะทู้,83000000,สำนักงานที่ดินจังหวัดภูเก็ต,2,False,ระเบียง,5250,,official_statutory_assessment_rate_not_market_price
118306,34585,อิราวดีคอนโด อี,D,83,ภูเก็ต,2,กะทู้,1,กะทู้,83000000,สำนักงานที่ดินจังหวัดภูเก็ต,3,False,ห้องชุดพักอาศัย,10000,,official_statutory_assessment_rate_not_market_price
118307,34585,อิราวดีคอนโด อี,D,83,ภูเก็ต,2,กะทู้,1,กะทู้,83000000,สำนักงานที่ดินจังหวัดภูเก็ต,3,False,ระเบียง,5000,,official_statutory_assessment_rate_not_market_price
118308,34463,กะทู้ กอล์ฟ คอนโด,-,83,ภูเก็ต,2,กะทู้,1,กะทู้,83000000,สำนักงานที่ดินจังหวัดภูเก็ต,2,False,ห้องชุดพักอาศัย,41500,,official_statutory_assessment_rate_not_market_price
118309,34463,กะทู้ กอล์ฟ คอนโด,-,83,ภูเก็ต,2,กะทู้,1,กะทู้,83000000,สำนักงานที่ดินจังหวัดภูเก็ต,2,False,ระเบียง,20750,,official_statutory_assessment_rate_not_market_price
118310,34463,กะทู้ กอล์ฟ คอนโด,-,83,ภูเก็ต,2,กะทู้,1,กะทู้,83000000,สำนักงานที่ดินจังหวัดภูเก็ต,3,False,ห้องชุดพักอาศัย,42000,,official_statutory_assessment_rate_not_market_price
118311,34463,กะทู้ กอล์ฟ คอนโด,-,83,ภูเก็ต,2,กะทู้,1,กะทู้,83000000,สำนักงานที่ดินจังหวัดภูเก็ต,3,False,ระเบียง,21000,,official_statutory_assessment_rate_not_market_price
118312,34463,กะทู้ กอล์ฟ คอนโด,-,83,ภูเก็ต,2,กะทู้,1,กะทู้,83000000,สำนักงานที่ดินจังหวัดภูเก็ต,4,False,ห้องชุดพักอาศัย,42000,,official_statutory_assessment_rate_not_market_price
118313,34463,กะทู้ กอล์ฟ คอนโด,-,83,ภูเก็ต,2,กะทู้,1,กะทู้,83000000,สำนักงานที่ดินจังหวัดภูเก็ต,4,False,ระเบียง,21000,,official_statutory_assessment_rate_not_market_price
118314,34463,กะทู้ กอล์ฟ คอนโด,-,83,ภูเก็ต,2,กะทู้,1,กะทู้,83000000,สำนักงานที่ดินจังหวัดภูเก็ต,5,False,ห้องชุดพักอาศัย,42500,,official_statutory_assessment_rate_not_market_price
118315,34463,กะทู้ กอล์ฟ คอนโด,-,83,ภูเก็ต,2,กะทู้,1,กะทู้,83000000,สำนักงานที่ดินจังหวัดภูเก็ต,5,False,ระเบียง,21250,,official_statutory_assessment_rate_not_market_price
118316,34463,กะทู้ กอล์ฟ คอนโด,-,83,ภูเก็ต,2,กะทู้,1,กะทู้,83000000,สำนักงานที่ดินจังหวัดภูเก็ต,6,False,ห้องชุดพักอาศัย,42500,,official_statutory_assessment_rate_not_market_price
118317,34463,กะทู้ กอล์ฟ คอนโด,-,83,ภูเก็ต,2,กะทู้,1,กะทู้,83000000,สำนักงานที่ดินจังหวัดภูเก็ต,6,False,ระเบียง,21250,,official_statutory_assessment_rate_not_market_price
118318,34463,กะทู้ กอล์ฟ คอนโด,-,83,ภูเก็ต,2,กะทู้,1,กะทู้,83000000,สำนักงานที่ดินจังหวัดภูเก็ต,7,False,ห้องชุดพักอาศัย,43000,,official_statutory_assessment_rate_not_market_price
118319,34463,กะทู้ กอล์ฟ คอนโด,-,83,ภูเก็ต,2,กะทู้,1,กะทู้,83000000,สำนักงานที่ดินจังหวัดภูเก็ต,7,False,ระเบียง,21500,,official_statutory_assessment_rate_not_market_price
118320,34499,ดีคอนโด ไมน์,B,83,ภูเก็ต,2,กะทู้,1,กะทู้,83000000,สำนักงานที่ดินจังหวัดภูเก็ต,1-ก.พ.,True,พื้นที่ระเบียง,20000,,official_statutory_assessment_rate_not_market_price
118321,34499,ดีคอนโด ไมน์,B,83,ภูเก็ต,2,กะทู้,1,กะทู้,83000000,สำนักงานที่ดินจังหวัดภูเก็ต,3-เม.ย.,True,ห้องชุดพักอาศัย,40500,,official_statutory_assessment_rate_not_market_price
118322,34499,ดีคอนโด ไมน์,B,83,ภูเก็ต,2,กะทู้,1,กะทู้,83000000,สำนักงานที่ดินจังหวัดภูเก็ต,3-เม.ย.,True,พื้นที่ระเบียง,20250,,official_statutory_assessment_rate_not_market_price
118323,34499,ดีคอนโด ไมน์,B,83,ภูเก็ต,2,กะทู้,1,กะทู้,83000000,สำนักงานที่ดินจังหวัดภูเก็ต,5-มิ.ย.,True,ห้องชุดพักอาศัย,41000,,official_statutory_assessment_rate_not_market_price
118324,34499,ดีคอนโด ไมน์,B,83,ภูเก็ต,2,กะทู้,1,กะทู้,83000000,สำนักงานที่ดินจังหวัดภูเก็ต,5-มิ.ย.,True,พื้นที่ระเบียง,20500,,official_statutory_assessment_rate_not_market_price
118325,34499,ดีคอนโด ไมน์,B,83,ภูเก็ต,2,กะทู้,1,กะทู้,83000000,สำนักงานที่ดินจังหวัดภูเก็ต,7-ส.ค.,True,ห้องชุดพักอาศัย,41500,,official_statutory_assessment_rate_not_market_price
118326,34499,ดีคอนโด ไมน์,B,83,ภูเก็ต,2,กะทู้,1,กะทู้,83000000,สำนักงานที่ดินจังหวัดภูเก็ต,7-ส.ค.,True,พื้นที่ระเบียง,20750,,official_statutory_assessment_rate_not_market_price
118327,34499,ดีคอนโด ไมน์,A,83,ภูเก็ต,2,กะทู้,1,กะทู้,83000000,สำนักงานที่ดินจังหวัดภูเก็ต,1-ก.พ.,True,ห้องชุดพักอาศัย,40000,,official_statutory_assessment_rate_not_market_price
118328,34499,ดีคอนโด ไมน์,A,83,ภูเก็ต,2,กะทู้,1,กะทู้,83000000,สำนักงานที่ดินจังหวัดภูเก็ต,1-ก.พ.,True,พื้นที่ระเบียง,20000,,official_statutory_assessment_rate_not_market_price
118329,34499,ดีคอนโด ไมน์,A,83,ภูเก็ต,2,กะทู้,1,กะทู้,83000000,สำนักงานที่ดินจังหวัดภูเก็ต,3-เม.ย.,True,ห้องชุดพักอาศัย,40500,,official_statutory_assessment_rate_not_market_price
118330,34499,ดีคอนโด ไมน์,A,83,ภูเก็ต,2,กะทู้,1,กะทู้,83000000,สำนักงานที่ดินจังหวัดภูเก็ต,3-เม.ย.,True,พื้นที่ระเบียง,20250,,official_statutory_assessment_rate_not_market_price
118331,34499,ดีคอนโด ไมน์,A,83,ภูเก็ต,2,กะทู้,1,กะทู้,83000000,สำนักงานที่ดินจังหวัดภูเก็ต,5-มิ.ย.,True,ห้องชุดพักอาศัย,41000,,official_statutory_assessment_rate_not_market_price
118332,34499,ดีคอนโด ไมน์,A,83,ภูเก็ต,2,กะทู้,1,กะทู้,83000000,สำนักงานที่ดินจังหวัดภูเก็ต,5-มิ.ย.,True,พื้นที่ระเบียง,20500,,official_statutory_assessment_rate_not_market_price
118333,34499,ดีคอนโด ไมน์,A,83,ภูเก็ต,2,กะทู้,1,กะทู้,83000000,สำนักงานที่ดินจังหวัดภูเก็ต,7-ส.ค.,True,ห้องชุดพักอาศัย,41500,,official_statutory_assessment_rate_not_market_price
118334,34499,ดีคอนโด ไมน์,A,83,ภูเก็ต,2,กะทู้,1,กะทู้,83000000,สำนักงานที่ดินจังหวัดภูเก็ต,7-ส.ค.,True,พื้นที่ระเบียง,20750,,official_statutory_assessment_rate_not_market_price
118335,34499,ดีคอนโด ไมน์,B,83,ภูเก็ต,2,กะทู้,1,กะทู้,83000000,สำนักงานที่ดินจังหวัดภูเก็ต,1-ก.พ.,True,ห้องชุดพักอาศัย,40000,,official_statutory_assessment_rate_not_market_price
118336,34497,ดีคอนโด ครีก,-,83,ภูเก็ต,2,กะทู้,1,กะทู้,83000000,สำนักงานที่ดินจังหวัดภูเก็ต,1-ก.พ.,True, พื้นที่ระเบียง,18250,,official_statutory_assessment_rate_not_market_price
118337,34497,ดีคอนโด ครีก,-,83,ภูเก็ต,2,กะทู้,1,กะทู้,83000000,สำนักงานที่ดินจังหวัดภูเก็ต,3-เม.ย.,True,ห้องชุดพักอาศัย,37000,,official_statutory_assessment_rate_not_market_price
118338,34497,ดีคอนโด ครีก,-,83,ภูเก็ต,2,กะทู้,1,กะทู้,83000000,สำนักงานที่ดินจังหวัดภูเก็ต,3-เม.ย.,True, พื้นที่ระเบียง,18500,,official_statutory_assessment_rate_not_market_price
118339,34497,ดีคอนโด ครีก,-,83,ภูเก็ต,2,กะทู้,1,กะทู้,83000000,สำนักงานที่ดินจังหวัดภูเก็ต,5-มิ.ย.,True,ห้องชุดพักอาศัย,37500,,official_statutory_assessment_rate_not_market_price
118340,34497,ดีคอนโด ครีก,-,83,ภูเก็ต,2,กะทู้,1,กะทู้,83000000,สำนักงานที่ดินจังหวัดภูเก็ต,5-มิ.ย.,True, พื้นที่ระเบียง,18750,,official_statutory_assessment_rate_not_market_price
118341,34497,ดีคอนโด ครีก,-,83,ภูเก็ต,2,กะทู้,1,กะทู้,83000000,สำนักงานที่ดินจังหวัดภูเก็ต,7-ส.ค.,True,ห้องชุดพักอาศัย,38000,,official_statutory_assessment_rate_not_market_price
118342,34497,ดีคอนโด ครีก,-,83,ภูเก็ต,2,กะทู้,1,กะทู้,83000000,สำนักงานที่ดินจังหวัดภูเก็ต,7-ส.ค.,True, พื้นที่ระเบียง,19000,,official_statutory_assessment_rate_not_market_price
118343,34495,ดีคอนโด กะทู้,-,83,ภูเก็ต,2,กะทู้,1,กะทู้,83000000,สำนักงานที่ดินจังหวัดภูเก็ต,1-ก.พ.,True,ห้องชุดพักอาศัย,36500,,official_statutory_assessment_rate_not_market_price
118344,34495,ดีคอนโด กะทู้,-,83,ภูเก็ต,2,กะทู้,1,กะทู้,83000000,สำนักงานที่ดินจังหวัดภูเก็ต,1-ก.พ.,True,พื้นที่ระเบียง,18250,,official_statutory_assessment_rate_not_market_price
118345,34495,ดีคอนโด กะทู้,-,83,ภูเก็ต,2,กะทู้,1,กะทู้,83000000,สำนักงานที่ดินจังหวัดภูเก็ต,3-เม.ย.,True,ห้องชุดพักอาศัย,37000,,official_statutory_assessment_rate_not_market_price
118346,34495,ดีคอนโด กะทู้,-,83,ภูเก็ต,2,กะทู้,1,กะทู้,83000000,สำนักงานที่ดินจังหวัดภูเก็ต,3-เม.ย.,True,พื้นที่ระเบียง,18500,,official_statutory_assessment_rate_not_market_price
118347,34495,ดีคอนโด กะทู้,-,83,ภูเก็ต,2,กะทู้,1,กะทู้,83000000,สำนักงานที่ดินจังหวัดภูเก็ต,5-มิ.ย.,True,ห้องชุดพักอาศัย,37500,,official_statutory_assessment_rate_not_market_price
118348,34495,ดีคอนโด กะทู้,-,83,ภูเก็ต,2,กะทู้,1,กะทู้,83000000,สำนักงานที่ดินจังหวัดภูเก็ต,5-มิ.ย.,True,พื้นที่ระเบียง,18750,,official_statutory_assessment_rate_not_market_price
118349,34495,ดีคอนโด กะทู้,-,83,ภูเก็ต,2,กะทู้,1,กะทู้,83000000,สำนักงานที่ดินจังหวัดภูเก็ต,7-ส.ค.,True,ห้องชุดพักอาศัย,38000,,official_statutory_assessment_rate_not_market_price
118350,34495,ดีคอนโด กะทู้,-,83,ภูเก็ต,2,กะทู้,1,กะทู้,83000000,สำนักงานที่ดินจังหวัดภูเก็ต,7-ส.ค.,True,พื้นที่ระเบียง,19000,,official_statutory_assessment_rate_not_market_price
118351,34496,ดีคอนโด กะทู้-ป่าตอง,A,83,ภูเก็ต,2,กะทู้,1,กะทู้,83000000,สำนักงานที่ดินจังหวัดภูเก็ต,1-ก.พ.,True,ห้องชุดพักอาศัย,36500,,official_statutory_assessment_rate_not_market_price
118352,34496,ดีคอนโด กะทู้-ป่าตอง,A,83,ภูเก็ต,2,กะทู้,1,กะทู้,83000000,สำนักงานที่ดินจังหวัดภูเก็ต,1-ก.พ.,True,พื้นที่ระเบียง,18250,,official_statutory_assessment_rate_not_market_price
118353,34496,ดีคอนโด กะทู้-ป่าตอง,A,83,ภูเก็ต,2,กะทู้,1,กะทู้,83000000,สำนักงานที่ดินจังหวัดภูเก็ต,3-เม.ย.,True,ห้องชุดพักอาศัย,37000,,official_statutory_assessment_rate_not_market_price
118354,34496,ดีคอนโด กะทู้-ป่าตอง,A,83,ภูเก็ต,2,กะทู้,1,กะทู้,83000000,สำนักงานที่ดินจังหวัดภูเก็ต,3-เม.ย.,True,พื้นที่ระเบียง,18500,,official_statutory_assessment_rate_not_market_price
118355,34496,ดีคอนโด กะทู้-ป่าตอง,A,83,ภูเก็ต,2,กะทู้,1,กะทู้,83000000,สำนักงานที่ดินจังหวัดภูเก็ต,5-มิ.ย.,True,ห้องชุดพักอาศัย,37500,,official_statutory_assessment_rate_not_market_price
118356,34496,ดีคอนโด กะทู้-ป่าตอง,A,83,ภูเก็ต,2,กะทู้,1,กะทู้,83000000,สำนักงานที่ดินจังหวัดภูเก็ต,5-มิ.ย.,True,พื้นที่ระเบียง,18750,,official_statutory_assessment_rate_not_market_price
118357,34496,ดีคอนโด กะทู้-ป่าตอง,A,83,ภูเก็ต,2,กะทู้,1,กะทู้,83000000,สำนักงานที่ดินจังหวัดภูเก็ต,7-ส.ค.,True,ห้องชุดพักอาศัย,38000,,official_statutory_assessment_rate_not_market_price
118358,34496,ดีคอนโด กะทู้-ป่าตอง,A,83,ภูเก็ต,2,กะทู้,1,กะทู้,83000000,สำนักงานที่ดินจังหวัดภูเก็ต,7-ส.ค.,True,พื้นที่ระเบียง,19000,,official_statutory_assessment_rate_not_market_price
118359,34496,ดีคอนโด กะทู้-ป่าตอง,B,83,ภูเก็ต,2,กะทู้,1,กะทู้,83000000,สำนักงานที่ดินจังหวัดภูเก็ต,1-ก.พ.,True,ห้องชุดพักอาศัย,36500,,official_statutory_assessment_rate_not_market_price
118360,34496,ดีคอนโด กะทู้-ป่าตอง,B,83,ภูเก็ต,2,กะทู้,1,กะทู้,83000000,สำนักงานที่ดินจังหวัดภูเก็ต,1-ก.พ.,True,พื้นที่ระเบียง,18250,,official_statutory_assessment_rate_not_market_price
118361,34496,ดีคอนโด กะทู้-ป่าตอง,B,83,ภูเก็ต,2,กะทู้,1,กะทู้,83000000,สำนักงานที่ดินจังหวัดภูเก็ต,3-เม.ย.,True,ห้องชุดพักอาศัย,37000,,official_statutory_assessment_rate_not_market_price
118362,34496,ดีคอนโด กะทู้-ป่าตอง,B,83,ภูเก็ต,2,กะทู้,1,กะทู้,83000000,สำนักงานที่ดินจังหวัดภูเก็ต,3-เม.ย.,True,พื้นที่ระเบียง,18500,,official_statutory_assessment_rate_not_market_price
118363,34496,ดีคอนโด กะทู้-ป่าตอง,B,83,ภูเก็ต,2,กะทู้,1,กะทู้,83000000,สำนักงานที่ดินจังหวัดภูเก็ต,5-มิ.ย.,True,ห้องชุดพักอาศัย,37500,,official_statutory_assessment_rate_not_market_price
118364,34496,ดีคอนโด กะทู้-ป่าตอง,B,83,ภูเก็ต,2,กะทู้,1,กะทู้,83000000,สำนักงานที่ดินจังหวัดภูเก็ต,5-มิ.ย.,True,พื้นที่ระเบียง,18750,,official_statutory_assessment_rate_not_market_price
118365,34496,ดีคอนโด กะทู้-ป่าตอง,B,83,ภูเก็ต,2,กะทู้,1,กะทู้,83000000,สำนักงานที่ดินจังหวัดภูเก็ต,7-ส.ค.,True,ห้องชุดพักอาศัย,38000,,official_statutory_assessment_rate_not_market_price
118366,34496,ดีคอนโด กะทู้-ป่าตอง,B,83,ภูเก็ต,2,กะทู้,1,กะทู้,83000000,สำนักงานที่ดินจังหวัดภูเก็ต,7-ส.ค.,True,พื้นที่ระเบียง,19000,,official_statutory_assessment_rate_not_market_price
118367,34496,ดีคอนโด กะทู้-ป่าตอง,C,83,ภูเก็ต,2,กะทู้,1,กะทู้,83000000,สำนักงานที่ดินจังหวัดภูเก็ต,1-ก.พ.,True,ห้องชุดพักอาศัย,36500,,official_statutory_assessment_rate_not_market_price
118368,34496,ดีคอนโด กะทู้-ป่าตอง,C,83,ภูเก็ต,2,กะทู้,1,กะทู้,83000000,สำนักงานที่ดินจังหวัดภูเก็ต,1-ก.พ.,True,พื้นที่ระเบียง,18250,,official_statutory_assessment_rate_not_market_price
118369,34496,ดีคอนโด กะทู้-ป่าตอง,C,83,ภูเก็ต,2,กะทู้,1,กะทู้,83000000,สำนักงานที่ดินจังหวัดภูเก็ต,3-เม.ย.,True,ห้องชุดพักอาศัย,37000,,official_statutory_assessment_rate_not_market_price
118370,34496,ดีคอนโด กะทู้-ป่าตอง,C,83,ภูเก็ต,2,กะทู้,1,กะทู้,83000000,สำนักงานที่ดินจังหวัดภูเก็ต,3-เม.ย.,True,พื้นที่ระเบียง,18500,,official_statutory_assessment_rate_not_market_price
118371,34496,ดีคอนโด กะทู้-ป่าตอง,C,83,ภูเก็ต,2,กะทู้,1,กะทู้,83000000,สำนักงานที่ดินจังหวัดภูเก็ต,5-มิ.ย.,True,ห้องชุดพักอาศัย,37500,,official_statutory_assessment_rate_not_market_price
118372,34496,ดีคอนโด กะทู้-ป่าตอง,C,83,ภูเก็ต,2,กะทู้,1,กะทู้,83000000,สำนักงานที่ดินจังหวัดภูเก็ต,5-มิ.ย.,True,พื้นที่ระเบียง,18750,,official_statutory_assessment_rate_not_market_price
118373,34496,ดีคอนโด กะทู้-ป่าตอง,C,83,ภูเก็ต,2,กะทู้,1,กะทู้,83000000,สำนักงานที่ดินจังหวัดภูเก็ต,7-ส.ค.,True,ห้องชุดพักอาศัย,38000,,official_statutory_assessment_rate_not_market_price
118374,34496,ดีคอนโด กะทู้-ป่าตอง,C,83,ภูเก็ต,2,กะทู้,1,กะทู้,83000000,สำนักงานที่ดินจังหวัดภูเก็ต,7-ส.ค.,True,พื้นที่ระเบียง,19000,,official_statutory_assessment_rate_not_market_price
118375,34497,ดีคอนโด ครีก,-,83,ภูเก็ต,2,กะทู้,1,กะทู้,83000000,สำนักงานที่ดินจังหวัดภูเก็ต,1-ก.พ.,True,ห้องชุดพักอาศัย,36500,,official_statutory_assessment_rate_not_market_price
118376,34537,ภูเก็ตกอล์ฟวิวคอนโดมิเนียม 1,-,83,ภูเก็ต,2,กะทู้,1,กะทู้,83000000,สำนักงานที่ดินจังหวัดภูเก็ต,1,False,ห้องชุดพักอาศัย,19000,,official_statutory_assessment_rate_not_market_price
118377,34537,ภูเก็ตกอล์ฟวิวคอนโดมิเนียม 1,-,83,ภูเก็ต,2,กะทู้,1,กะทู้,83000000,สำนักงานที่ดินจังหวัดภูเก็ต,1,False,ระเบียง,9500,,official_statutory_assessment_rate_not_market_price
118378,34537,ภูเก็ตกอล์ฟวิวคอนโดมิเนียม 1,-,83,ภูเก็ต,2,กะทู้,1,กะทู้,83000000,สำนักงานที่ดินจังหวัดภูเก็ต,2,False,ห้องชุดพักอาศัย,19000,,official_statutory_assessment_rate_not_market_price
118379,34537,ภูเก็ตกอล์ฟวิวคอนโดมิเนียม 1,-,83,ภูเก็ต,2,กะทู้,1,กะทู้,83000000,สำนักงานที่ดินจังหวัดภูเก็ต,2,False,ระเบียง,9500,,official_statutory_assessment_rate_not_market_price
118380,34537,ภูเก็ตกอล์ฟวิวคอนโดมิเนียม 1,-,83,ภูเก็ต,2,กะทู้,1,กะทู้,83000000,สำนักงานที่ดินจังหวัดภูเก็ต,3,False,ห้องชุดพักอาศัย,19500,,official_statutory_assessment_rate_not_market_price
118381,34537,ภูเก็ตกอล์ฟวิวคอนโดมิเนียม 1,-,83,ภูเก็ต,2,กะทู้,1,กะทู้,83000000,สำนักงานที่ดินจังหวัดภูเก็ต,3,False,ระเบียง,9750,,official_statutory_assessment_rate_not_market_price
118382,34537,ภูเก็ตกอล์ฟวิวคอนโดมิเนียม 1,-,83,ภูเก็ต,2,กะทู้,1,กะทู้,83000000,สำนักงานที่ดินจังหวัดภูเก็ต,4,False,ห้องชุดพักอาศัย,19500,,official_statutory_assessment_rate_not_market_price
118383,34537,ภูเก็ตกอล์ฟวิวคอนโดมิเนียม 1,-,83,ภูเก็ต,2,กะทู้,1,กะทู้,83000000,สำนักงานที่ดินจังหวัดภูเก็ต,4,False,ระเบียง,9750,,official_statutory_assessment_rate_not_market_price
118384,34537,ภูเก็ตกอล์ฟวิวคอนโดมิเนียม 1,-,83,ภูเก็ต,2,กะทู้,1,กะทู้,83000000,สำนักงานที่ดินจังหวัดภูเก็ต,5,False,ห้องชุดพักอาศัย,20000,,official_statutory_assessment_rate_not_market_price
118385,34537,ภูเก็ตกอล์ฟวิวคอนโดมิเนียม 1,-,83,ภูเก็ต,2,กะทู้,1,กะทู้,83000000,สำนักงานที่ดินจังหวัดภูเก็ต,5,False,ระเบียง,10000,,official_statutory_assessment_rate_not_market_price
118386,34537,ภูเก็ตกอล์ฟวิวคอนโดมิเนียม 1,-,83,ภูเก็ต,2,กะทู้,1,กะทู้,83000000,สำนักงานที่ดินจังหวัดภูเก็ต,6,False,ห้องชุดพักอาศัย,20000,,official_statutory_assessment_rate_not_market_price
118387,34537,ภูเก็ตกอล์ฟวิวคอนโดมิเนียม 1,-,83,ภูเก็ต,2,กะทู้,1,กะทู้,83000000,สำนักงานที่ดินจังหวัดภูเก็ต,6,False,ระเบียง,10000,,official_statutory_assessment_rate_not_market_price
118388,34537,ภูเก็ตกอล์ฟวิวคอนโดมิเนียม 1,-,83,ภูเก็ต,2,กะทู้,1,กะทู้,83000000,สำนักงานที่ดินจังหวัดภูเก็ต,7,False,ห้องชุดพักอาศัย,20500,,official_statutory_assessment_rate_not_market_price
118389,34537,ภูเก็ตกอล์ฟวิวคอนโดมิเนียม 1,-,83,ภูเก็ต,2,กะทู้,1,กะทู้,83000000,สำนักงานที่ดินจังหวัดภูเก็ต,7,False,ระเบียง,10250,,official_statutory_assessment_rate_not_market_price
118390,34547,รัชพร เพลส,2,83,ภูเก็ต,2,กะทู้,1,กะทู้,83000000,สำนักงานที่ดินจังหวัดภูเก็ต,1,False,ห้องชุดเพื่อประกอบการค้า(ห้องชุดพาณิชยกรรม),42000,,official_statutory_assessment_rate_not_market_price
118391,34547,รัชพร เพลส,2,83,ภูเก็ต,2,กะทู้,1,กะทู้,83000000,สำนักงานที่ดินจังหวัดภูเก็ต,2,False,ห้องชุดพักอาศัย,35000,,official_statutory_assessment_rate_not_market_price
118392,34547,รัชพร เพลส,2,83,ภูเก็ต,2,กะทู้,1,กะทู้,83000000,สำนักงานที่ดินจังหวัดภูเก็ต,2,False,พื้นที่ระเบียง,17500,,official_statutory_assessment_rate_not_market_price
118393,34547,รัชพร เพลส,2,83,ภูเก็ต,2,กะทู้,1,กะทู้,83000000,สำนักงานที่ดินจังหวัดภูเก็ต,7,False,ห้องชุดพักอาศัย,36500,,official_statutory_assessment_rate_not_market_price
118394,34547,รัชพร เพลส,2,83,ภูเก็ต,2,กะทู้,1,กะทู้,83000000,สำนักงานที่ดินจังหวัดภูเก็ต,7,False,พื้นที่ระเบียง,18250,,official_statutory_assessment_rate_not_market_price
118395,34547,รัชพร เพลส,2,83,ภูเก็ต,2,กะทู้,1,กะทู้,83000000,สำนักงานที่ดินจังหวัดภูเก็ต,3-เม.ย.,True,ห้องชุดพักอาศัย,35500,,official_statutory_assessment_rate_not_market_price
118396,34547,รัชพร เพลส,2,83,ภูเก็ต,2,กะทู้,1,กะทู้,83000000,สำนักงานที่ดินจังหวัดภูเก็ต,3-เม.ย.,True,พื้นที่ระเบียง,17750,,official_statutory_assessment_rate_not_market_price
118397,34547,รัชพร เพลส,2,83,ภูเก็ต,2,กะทู้,1,กะทู้,83000000,สำนักงานที่ดินจังหวัดภูเก็ต,5-มิ.ย.,True,ห้องชุดพักอาศัย,36000,,official_statutory_assessment_rate_not_market_price
118398,34547,รัชพร เพลส,2,83,ภูเก็ต,2,กะทู้,1,กะทู้,83000000,สำนักงานที่ดินจังหวัดภูเก็ต,5-มิ.ย.,True,พื้นที่ระเบียง,18000,,official_statutory_assessment_rate_not_market_price
118399,34547,รัชพร เพลส,อาคาร1,83,ภูเก็ต,2,กะทู้,1,กะทู้,83000000,สำนักงานที่ดินจังหวัดภูเก็ต,1,False,ห้องชุดเพื่อประกอบการค้า(ห้องชุดพาณิชยกรรม),42000,,official_statutory_assessment_rate_not_market_price
118400,34547,รัชพร เพลส,อาคาร1,83,ภูเก็ต,2,กะทู้,1,กะทู้,83000000,สำนักงานที่ดินจังหวัดภูเก็ต,2,False,ห้องชุดพักอาศัย,35000,,official_statutory_assessment_rate_not_market_price
118401,34547,รัชพร เพลส,อาคาร1,83,ภูเก็ต,2,กะทู้,1,กะทู้,83000000,สำนักงานที่ดินจังหวัดภูเก็ต,2,False,พื้นที่ระเบียง,17500,,official_statutory_assessment_rate_not_market_price
118402,34547,รัชพร เพลส,อาคาร1,83,ภูเก็ต,2,กะทู้,1,กะทู้,83000000,สำนักงานที่ดินจังหวัดภูเก็ต,7,False,ห้องชุดพักอาศัย,36500,,official_statutory_assessment_rate_not_market_price
118403,34547,รัชพร เพลส,อาคาร1,83,ภูเก็ต,2,กะทู้,1,กะทู้,83000000,สำนักงานที่ดินจังหวัดภูเก็ต,7,False,พื้นที่ระเบียง,18250,,official_statutory_assessment_rate_not_market_price
118404,34547,รัชพร เพลส,อาคาร1,83,ภูเก็ต,2,กะทู้,1,กะทู้,83000000,สำนักงานที่ดินจังหวัดภูเก็ต,3-เม.ย.,True,ห้องชุดพักอาศัย,35500,,official_statutory_assessment_rate_not_market_price
118405,34547,รัชพร เพลส,อาคาร1,83,ภูเก็ต,2,กะทู้,1,กะทู้,83000000,สำนักงานที่ดินจังหวัดภูเก็ต,3-เม.ย.,True,พื้นที่ระเบียง,17750,,official_statutory_assessment_rate_not_market_price
118406,34547,รัชพร เพลส,อาคาร1,83,ภูเก็ต,2,กะทู้,1,กะทู้,83000000,สำนักงานที่ดินจังหวัดภูเก็ต,5-มิ.ย.,True,ห้องชุดพักอาศัย,36000,,official_statutory_assessment_rate_not_market_price
118407,34547,รัชพร เพลส,อาคาร1,83,ภูเก็ต,2,กะทู้,1,กะทู้,83000000,สำนักงานที่ดินจังหวัดภูเก็ต,5-มิ.ย.,True,พื้นที่ระเบียง,18000,,official_statutory_assessment_rate_not_market_price
118408,34543,ยูโทเปีย เซ็นทรัล,A,83,ภูเก็ต,2,กะทู้,1,กะทู้,83000000,สำนักงานที่ดินจังหวัดภูเก็ต,2,False,ห้องชุดพักอาศัย/พื้นที่ระเบียง,68500,,official_statutory_assessment_rate_not_market_price
118409,34543,ยูโทเปีย เซ็นทรัล,A,83,ภูเก็ต,2,กะทู้,1,กะทู้,83000000,สำนักงานที่ดินจังหวัดภูเก็ต,3,False,ห้องชุดพักอาศัย/พื้นที่ระเบียง,69400,,official_statutory_assessment_rate_not_market_price
118410,34543,ยูโทเปีย เซ็นทรัล,A,83,ภูเก็ต,2,กะทู้,1,กะทู้,83000000,สำนักงานที่ดินจังหวัดภูเก็ต,4,False,ห้องชุดพักอาศัย/พื้นที่ระเบียง,70600,,official_statutory_assessment_rate_not_market_price
118411,34543,ยูโทเปีย เซ็นทรัล,A,83,ภูเก็ต,2,กะทู้,1,กะทู้,83000000,สำนักงานที่ดินจังหวัดภูเก็ต,5,False,ห้องชุดพักอาศัย/พื้นที่ระเบียง,72000,,official_statutory_assessment_rate_not_market_price
118412,34543,ยูโทเปีย เซ็นทรัล,A,83,ภูเก็ต,2,กะทู้,1,กะทู้,83000000,สำนักงานที่ดินจังหวัดภูเก็ต,6,False,ห้องชุดพักอาศัย/พื้นที่ระเบียง,73500,,official_statutory_assessment_rate_not_market_price
118413,34543,ยูโทเปีย เซ็นทรัล,A,83,ภูเก็ต,2,กะทู้,1,กะทู้,83000000,สำนักงานที่ดินจังหวัดภูเก็ต,7,False,ห้องชุดพักอาศัย/พื้นที่ระเบียง,75100,,official_statutory_assessment_rate_not_market_price
118414,34543,ยูโทเปีย เซ็นทรัล,A,83,ภูเก็ต,2,กะทู้,1,กะทู้,83000000,สำนักงานที่ดินจังหวัดภูเก็ต,8,False,ห้องชุดพักอาศัย/พื้นที่ระเบียง,76800,,official_statutory_assessment_rate_not_market_price
118415,34543,ยูโทเปีย เซ็นทรัล,B,83,ภูเก็ต,2,กะทู้,1,กะทู้,83000000,สำนักงานที่ดินจังหวัดภูเก็ต,2,False,ห้องชุดเพื่อประกอบการค้า(ห้องชุดพาณิชยกรรม)/พื้นที่ระเบียง,68500,,official_statutory_assessment_rate_not_market_price
118416,34543,ยูโทเปีย เซ็นทรัล,B,83,ภูเก็ต,2,กะทู้,1,กะทู้,83000000,สำนักงานที่ดินจังหวัดภูเก็ต,3,False,ห้องชุดเพื่อประกอบการค้า(ห้องชุดพาณิชยกรรม)/พื้นที่ระเบียง,69400,,official_statutory_assessment_rate_not_market_price
118417,34543,ยูโทเปีย เซ็นทรัล,B,83,ภูเก็ต,2,กะทู้,1,กะทู้,83000000,สำนักงานที่ดินจังหวัดภูเก็ต,4,False,ห้องชุดเพื่อประกอบการค้า(ห้องชุดพาณิชยกรรม)/พื้นที่ระเบียง,70600,,official_statutory_assessment_rate_not_market_price
118418,34543,ยูโทเปีย เซ็นทรัล,B,83,ภูเก็ต,2,กะทู้,1,กะทู้,83000000,สำนักงานที่ดินจังหวัดภูเก็ต,5,False,ห้องชุดเพื่อประกอบการค้า(ห้องชุดพาณิชยกรรม)/พื้นที่ระเบียง,72000,,official_statutory_assessment_rate_not_market_price
118419,34543,ยูโทเปีย เซ็นทรัล,B,83,ภูเก็ต,2,กะทู้,1,กะทู้,83000000,สำนักงานที่ดินจังหวัดภูเก็ต,6,False,ห้องชุดเพื่อประกอบการค้า(ห้องชุดพาณิชยกรรม)/พื้นที่ระเบียง,73500,,official_statutory_assessment_rate_not_market_price
118420,34543,ยูโทเปีย เซ็นทรัล,B,83,ภูเก็ต,2,กะทู้,1,กะทู้,83000000,สำนักงานที่ดินจังหวัดภูเก็ต,7,False,ห้องชุดเพื่อประกอบการค้า(ห้องชุดพาณิชยกรรม)/พื้นที่ระเบียง,75100,,official_statutory_assessment_rate_not_market_price
118421,34543,ยูโทเปีย เซ็นทรัล,B,83,ภูเก็ต,2,กะทู้,1,กะทู้,83000000,สำนักงานที่ดินจังหวัดภูเก็ต,8,False,ห้องชุดเพื่อประกอบการค้า(ห้องชุดพาณิชยกรรม)/พื้นที่ระเบียง,76800,,official_statutory_assessment_rate_not_market_price
118422,34529,ฟลอริจูด กอล์ฟ ฮิลล์ เทอเรสเซส,A,83,ภูเก็ต,2,กะทู้,1,กะทู้,83000000,สำนักงานที่ดินจังหวัดภูเก็ต,2,False,ห้องชุดพักอาศัย,48000,,official_statutory_assessment_rate_not_market_price
118423,34529,ฟลอริจูด กอล์ฟ ฮิลล์ เทอเรสเซส,A,83,ภูเก็ต,2,กะทู้,1,กะทู้,83000000,สำนักงานที่ดินจังหวัดภูเก็ต,2,False,พื้นที่ระเบียง,24000,,official_statutory_assessment_rate_not_market_price
118424,34529,ฟลอริจูด กอล์ฟ ฮิลล์ เทอเรสเซส,A,83,ภูเก็ต,2,กะทู้,1,กะทู้,83000000,สำนักงานที่ดินจังหวัดภูเก็ต,3,False,ห้องชุดพักอาศัย,47500,,official_statutory_assessment_rate_not_market_price
118425,34529,ฟลอริจูด กอล์ฟ ฮิลล์ เทอเรสเซส,A,83,ภูเก็ต,2,กะทู้,1,กะทู้,83000000,สำนักงานที่ดินจังหวัดภูเก็ต,3,False,พื้นที่ระเบียง,23750,,official_statutory_assessment_rate_not_market_price
118426,34529,ฟลอริจูด กอล์ฟ ฮิลล์ เทอเรสเซส,B,83,ภูเก็ต,2,กะทู้,1,กะทู้,83000000,สำนักงานที่ดินจังหวัดภูเก็ต,1,False,ห้องชุดพักอาศัย,48500,,official_statutory_assessment_rate_not_market_price
118427,34529,ฟลอริจูด กอล์ฟ ฮิลล์ เทอเรสเซส,B,83,ภูเก็ต,2,กะทู้,1,กะทู้,83000000,สำนักงานที่ดินจังหวัดภูเก็ต,1,False,ห้องชุดเพื่อประกอบการค้า(ห้องชุดพาณิชยกรรม),58000,,official_statutory_assessment_rate_not_market_price
118428,34529,ฟลอริจูด กอล์ฟ ฮิลล์ เทอเรสเซส,B,83,ภูเก็ต,2,กะทู้,1,กะทู้,83000000,สำนักงานที่ดินจังหวัดภูเก็ต,1,False,พื้นที่ระเบียง,24250,,official_statutory_assessment_rate_not_market_price
118429,34529,ฟลอริจูด กอล์ฟ ฮิลล์ เทอเรสเซส,B,83,ภูเก็ต,2,กะทู้,1,กะทู้,83000000,สำนักงานที่ดินจังหวัดภูเก็ต,2,False,ห้องชุดพักอาศัย,48000,,official_statutory_assessment_rate_not_market_price
118430,34529,ฟลอริจูด กอล์ฟ ฮิลล์ เทอเรสเซส,B,83,ภูเก็ต,2,กะทู้,1,กะทู้,83000000,สำนักงานที่ดินจังหวัดภูเก็ต,2,False,พื้นที่ระเบียง,24000,,official_statutory_assessment_rate_not_market_price
118431,34529,ฟลอริจูด กอล์ฟ ฮิลล์ เทอเรสเซส,B,83,ภูเก็ต,2,กะทู้,1,กะทู้,83000000,สำนักงานที่ดินจังหวัดภูเก็ต,3,False,ห้องชุดพักอาศัย,47500,,official_statutory_assessment_rate_not_market_price
118432,34529,ฟลอริจูด กอล์ฟ ฮิลล์ เทอเรสเซส,B,83,ภูเก็ต,2,กะทู้,1,กะทู้,83000000,สำนักงานที่ดินจังหวัดภูเก็ต,3,False,พื้นที่ระเบียง,23750,,official_statutory_assessment_rate_not_market_price
118433,34390,เดอะ เฮริเทจ สวีท,1,83,ภูเก็ต,2,กะทู้,1,กะทู้,83000000,สำนักงานที่ดินจังหวัดภูเก็ต,1,False,ห้องชุดพักอาศัย,42000,,official_statutory_assessment_rate_not_market_price
118434,34390,เดอะ เฮริเทจ สวีท,1,83,ภูเก็ต,2,กะทู้,1,กะทู้,83000000,สำนักงานที่ดินจังหวัดภูเก็ต,2,False,ห้องชุดพักอาศัย,42000,,official_statutory_assessment_rate_not_market_price
118435,34390,เดอะ เฮริเทจ สวีท,1,83,ภูเก็ต,2,กะทู้,1,กะทู้,83000000,สำนักงานที่ดินจังหวัดภูเก็ต,3,False,ห้องชุดพักอาศัย,42500,,official_statutory_assessment_rate_not_market_price
118436,34390,เดอะ เฮริเทจ สวีท,1,83,ภูเก็ต,2,กะทู้,1,กะทู้,83000000,สำนักงานที่ดินจังหวัดภูเก็ต,4,False,ห้องชุดพักอาศัย,42500,,official_statutory_assessment_rate_not_market_price
118437,34390,เดอะ เฮริเทจ สวีท,1,83,ภูเก็ต,2,กะทู้,1,กะทู้,83000000,สำนักงานที่ดินจังหวัดภูเก็ต,5,False,ห้องชุดพักอาศัย,43000,,official_statutory_assessment_rate_not_market_price
118438,34390,เดอะ เฮริเทจ สวีท,1,83,ภูเก็ต,2,กะทู้,1,กะทู้,83000000,สำนักงานที่ดินจังหวัดภูเก็ต,5,False,พื้นที่ระเบียง,21500,,official_statutory_assessment_rate_not_market_price
118439,34390,เดอะ เฮริเทจ สวีท,1,83,ภูเก็ต,2,กะทู้,1,กะทู้,83000000,สำนักงานที่ดินจังหวัดภูเก็ต,6,False,ห้องชุดพักอาศัย,43000,,official_statutory_assessment_rate_not_market_price
118440,34390,เดอะ เฮริเทจ สวีท,1,83,ภูเก็ต,2,กะทู้,1,กะทู้,83000000,สำนักงานที่ดินจังหวัดภูเก็ต,6,False,พื้นที่ระเบียง,21500,,official_statutory_assessment_rate_not_market_price
118441,34390,เดอะ เฮริเทจ สวีท,1,83,ภูเก็ต,2,กะทู้,1,กะทู้,83000000,สำนักงานที่ดินจังหวัดภูเก็ต,7,False,พื้นที่ระเบียง,22250,,official_statutory_assessment_rate_not_market_price
118442,34390,เดอะ เฮริเทจ สวีท,1,83,ภูเก็ต,2,กะทู้,1,กะทู้,83000000,สำนักงานที่ดินจังหวัดภูเก็ต,7,False,ห้องชุดพักอาศัยแบบเพนท์เฮ้าส์,44500,,official_statutory_assessment_rate_not_market_price
118443,34390,เดอะ เฮริเทจ สวีท,2,83,ภูเก็ต,2,กะทู้,1,กะทู้,83000000,สำนักงานที่ดินจังหวัดภูเก็ต,1,False,ห้องชุดพักอาศัย,42000,,official_statutory_assessment_rate_not_market_price
118444,34390,เดอะ เฮริเทจ สวีท,2,83,ภูเก็ต,2,กะทู้,1,กะทู้,83000000,สำนักงานที่ดินจังหวัดภูเก็ต,2,False,ห้องชุดพักอาศัย,42000,,official_statutory_assessment_rate_not_market_price
118445,34390,เดอะ เฮริเทจ สวีท,2,83,ภูเก็ต,2,กะทู้,1,กะทู้,83000000,สำนักงานที่ดินจังหวัดภูเก็ต,3,False,ห้องชุดพักอาศัย,42500,,official_statutory_assessment_rate_not_market_price
118446,34390,เดอะ เฮริเทจ สวีท,2,83,ภูเก็ต,2,กะทู้,1,กะทู้,83000000,สำนักงานที่ดินจังหวัดภูเก็ต,4,False,ห้องชุดพักอาศัย,42500,,official_statutory_assessment_rate_not_market_price
118447,34390,เดอะ เฮริเทจ สวีท,2,83,ภูเก็ต,2,กะทู้,1,กะทู้,83000000,สำนักงานที่ดินจังหวัดภูเก็ต,5,False,ห้องชุดพักอาศัย,43000,,official_statutory_assessment_rate_not_market_price
118448,34390,เดอะ เฮริเทจ สวีท,2,83,ภูเก็ต,2,กะทู้,1,กะทู้,83000000,สำนักงานที่ดินจังหวัดภูเก็ต,6,False,ห้องชุดพักอาศัย,43000,,official_statutory_assessment_rate_not_market_price
118449,34390,เดอะ เฮริเทจ สวีท,2,83,ภูเก็ต,2,กะทู้,1,กะทู้,83000000,สำนักงานที่ดินจังหวัดภูเก็ต,7,False,ห้องชุดพักอาศัยแบบเพนท์เฮ้าส์,44500,,official_statutory_assessment_rate_not_market_price
118450,34390,เดอะ เฮริเทจ สวีท,3,83,ภูเก็ต,2,กะทู้,1,กะทู้,83000000,สำนักงานที่ดินจังหวัดภูเก็ต,1,False,ห้องชุดเพื่อประกอบการค้า(ห้องชุดพาณิชยกรรม),50400,,official_statutory_assessment_rate_not_market_price
118451,34522,พลัส คอนโดมิเนียม,-,83,ภูเก็ต,2,กะทู้,1,กะทู้,83000000,สำนักงานที่ดินจังหวัดภูเก็ต,1,False,ห้องชุดเพื่อประกอบการค้า(ห้องชุดพาณิชยกรรม),46000,,official_statutory_assessment_rate_not_market_price
118452,34522,พลัส คอนโดมิเนียม,-,83,ภูเก็ต,2,กะทู้,1,กะทู้,83000000,สำนักงานที่ดินจังหวัดภูเก็ต,1-ก.พ.,True,ห้องชุดพักอาศัย,38500,,official_statutory_assessment_rate_not_market_price
118453,34522,พลัส คอนโดมิเนียม,-,83,ภูเก็ต,2,กะทู้,1,กะทู้,83000000,สำนักงานที่ดินจังหวัดภูเก็ต,1-ก.พ.,True,พื้นที่ระเบียง,19250,,official_statutory_assessment_rate_not_market_price
118454,34522,พลัส คอนโดมิเนียม,-,83,ภูเก็ต,2,กะทู้,1,กะทู้,83000000,สำนักงานที่ดินจังหวัดภูเก็ต,3-เม.ย.,True,ห้องชุดพักอาศัย,39000,,official_statutory_assessment_rate_not_market_price
118455,34522,พลัส คอนโดมิเนียม,-,83,ภูเก็ต,2,กะทู้,1,กะทู้,83000000,สำนักงานที่ดินจังหวัดภูเก็ต,3-เม.ย.,True,พื้นที่ระเบียง,19500,,official_statutory_assessment_rate_not_market_price
118456,34522,พลัส คอนโดมิเนียม,-,83,ภูเก็ต,2,กะทู้,1,กะทู้,83000000,สำนักงานที่ดินจังหวัดภูเก็ต,5-มิ.ย.,True,ห้องชุดพักอาศัย,39500,,official_statutory_assessment_rate_not_market_price
118457,34522,พลัส คอนโดมิเนียม,-,83,ภูเก็ต,2,กะทู้,1,กะทู้,83000000,สำนักงานที่ดินจังหวัดภูเก็ต,5-มิ.ย.,True,พื้นที่ระเบียง,19750,,official_statutory_assessment_rate_not_market_price
118458,34522,พลัส คอนโดมิเนียม,-,83,ภูเก็ต,2,กะทู้,1,กะทู้,83000000,สำนักงานที่ดินจังหวัดภูเก็ต,7-ส.ค.,True,ห้องชุดพักอาศัย,40000,,official_statutory_assessment_rate_not_market_price
118459,34522,พลัส คอนโดมิเนียม,-,83,ภูเก็ต,2,กะทู้,1,กะทู้,83000000,สำนักงานที่ดินจังหวัดภูเก็ต,7-ส.ค.,True,พื้นที่ระเบียง,20000,,official_statutory_assessment_rate_not_market_price
118460,34523,พลัส คอนโดมิเนียม 2,1,83,ภูเก็ต,2,กะทู้,1,กะทู้,83000000,สำนักงานที่ดินจังหวัดภูเก็ต,1,False,ห้องชุดเพื่อประกอบการค้า(ห้องชุดพาณิชยกรรม),49000,,official_statutory_assessment_rate_not_market_price
118461,34523,พลัส คอนโดมิเนียม 2,1,83,ภูเก็ต,2,กะทู้,1,กะทู้,83000000,สำนักงานที่ดินจังหวัดภูเก็ต,2,False,ห้องชุดพักอาศัย,41000,,official_statutory_assessment_rate_not_market_price
118462,34523,พลัส คอนโดมิเนียม 2,1,83,ภูเก็ต,2,กะทู้,1,กะทู้,83000000,สำนักงานที่ดินจังหวัดภูเก็ต,2,False,พื้นที่ระเบียง,20500,,official_statutory_assessment_rate_not_market_price
118463,34523,พลัส คอนโดมิเนียม 2,1,83,ภูเก็ต,2,กะทู้,1,กะทู้,83000000,สำนักงานที่ดินจังหวัดภูเก็ต,3-เม.ย.,True,ห้องชุดพักอาศัย,41500,,official_statutory_assessment_rate_not_market_price
118464,34523,พลัส คอนโดมิเนียม 2,1,83,ภูเก็ต,2,กะทู้,1,กะทู้,83000000,สำนักงานที่ดินจังหวัดภูเก็ต,3-เม.ย.,True,พื้นที่ระเบียง,20750,,official_statutory_assessment_rate_not_market_price
118465,34523,พลัส คอนโดมิเนียม 2,1,83,ภูเก็ต,2,กะทู้,1,กะทู้,83000000,สำนักงานที่ดินจังหวัดภูเก็ต,5-มิ.ย.,True,ห้องชุดพักอาศัย,42000,,official_statutory_assessment_rate_not_market_price
118466,34523,พลัส คอนโดมิเนียม 2,1,83,ภูเก็ต,2,กะทู้,1,กะทู้,83000000,สำนักงานที่ดินจังหวัดภูเก็ต,5-มิ.ย.,True,พื้นที่ระเบียง,21000,,official_statutory_assessment_rate_not_market_price
118467,34523,พลัส คอนโดมิเนียม 2,1,83,ภูเก็ต,2,กะทู้,1,กะทู้,83000000,สำนักงานที่ดินจังหวัดภูเก็ต,7-ส.ค.,True,ห้องชุดพักอาศัย,42500,,official_statutory_assessment_rate_not_market_price
118468,34523,พลัส คอนโดมิเนียม 2,1,83,ภูเก็ต,2,กะทู้,1,กะทู้,83000000,สำนักงานที่ดินจังหวัดภูเก็ต,7-ส.ค.,True,พื้นที่ระเบียง,21250,,official_statutory_assessment_rate_not_market_price
118469,34523,พลัส คอนโดมิเนียม 2,2,83,ภูเก็ต,2,กะทู้,1,กะทู้,83000000,สำนักงานที่ดินจังหวัดภูเก็ต,1,False,ห้องชุดเพื่อประกอบการค้า(ห้องชุดพาณิชยกรรม),49000,,official_statutory_assessment_rate_not_market_price
118470,34523,พลัส คอนโดมิเนียม 2,2,83,ภูเก็ต,2,กะทู้,1,กะทู้,83000000,สำนักงานที่ดินจังหวัดภูเก็ต,2,False,ห้องชุดพักอาศัย,41000,,official_statutory_assessment_rate_not_market_price
118471,34523,พลัส คอนโดมิเนียม 2,2,83,ภูเก็ต,2,กะทู้,1,กะทู้,83000000,สำนักงานที่ดินจังหวัดภูเก็ต,2,False,พื้นที่ระเบียง,20500,,official_statutory_assessment_rate_not_market_price
118472,34523,พลัส คอนโดมิเนียม 2,2,83,ภูเก็ต,2,กะทู้,1,กะทู้,83000000,สำนักงานที่ดินจังหวัดภูเก็ต,3-เม.ย.,True,ห้องชุดพักอาศัย,41500,,official_statutory_assessment_rate_not_market_price
118473,34523,พลัส คอนโดมิเนียม 2,2,83,ภูเก็ต,2,กะทู้,1,กะทู้,83000000,สำนักงานที่ดินจังหวัดภูเก็ต,3-เม.ย.,True,พื้นที่ระเบียง,20750,,official_statutory_assessment_rate_not_market_price
118474,34523,พลัส คอนโดมิเนียม 2,2,83,ภูเก็ต,2,กะทู้,1,กะทู้,83000000,สำนักงานที่ดินจังหวัดภูเก็ต,5-มิ.ย.,True,ห้องชุดพักอาศัย,42000,,official_statutory_assessment_rate_not_market_price
118475,34523,พลัส คอนโดมิเนียม 2,2,83,ภูเก็ต,2,กะทู้,1,กะทู้,83000000,สำนักงานที่ดินจังหวัดภูเก็ต,5-มิ.ย.,True,พื้นที่ระเบียง,21000,,official_statutory_assessment_rate_not_market_price
118476,34523,พลัส คอนโดมิเนียม 2,2,83,ภูเก็ต,2,กะทู้,1,กะทู้,83000000,สำนักงานที่ดินจังหวัดภูเก็ต,7-ส.ค.,True,ห้องชุดพักอาศัย,42500,,official_statutory_assessment_rate_not_market_price
118477,34523,พลัส คอนโดมิเนียม 2,2,83,ภูเก็ต,2,กะทู้,1,กะทู้,83000000,สำนักงานที่ดินจังหวัดภูเก็ต,7-ส.ค.,True,พื้นที่ระเบียง,21250,,official_statutory_assessment_rate_not_market_price
118478,34365,เซเรนิตี้ เรสซิเดนท์,-,83,ภูเก็ต,2,กะทู้,1,กะทู้,83000000,สำนักงานที่ดินจังหวัดภูเก็ต,1,False,ห้องชุดพักอาศัย,56500,,official_statutory_assessment_rate_not_market_price
118479,34381,เดอะ ริช คอนโด,-,83,ภูเก็ต,2,กะทู้,1,กะทู้,83000000,สำนักงานที่ดินจังหวัดภูเก็ต,2,False,ห้องชุดพักอาศัย,39000,,official_statutory_assessment_rate_not_market_price
118480,34381,เดอะ ริช คอนโด,-,83,ภูเก็ต,2,กะทู้,1,กะทู้,83000000,สำนักงานที่ดินจังหวัดภูเก็ต,2,False,พื้นที่ระเบียง,19500,,official_statutory_assessment_rate_not_market_price
118481,34381,เดอะ ริช คอนโด,-,83,ภูเก็ต,2,กะทู้,1,กะทู้,83000000,สำนักงานที่ดินจังหวัดภูเก็ต,3,False,ห้องชุดพักอาศัย,39500,,official_statutory_assessment_rate_not_market_price
118482,34381,เดอะ ริช คอนโด,-,83,ภูเก็ต,2,กะทู้,1,กะทู้,83000000,สำนักงานที่ดินจังหวัดภูเก็ต,3,False,พื้นที่ระเบียง,19750,,official_statutory_assessment_rate_not_market_price
118483,34381,เดอะ ริช คอนโด,-,83,ภูเก็ต,2,กะทู้,1,กะทู้,83000000,สำนักงานที่ดินจังหวัดภูเก็ต,4,False,ห้องชุดพักอาศัย,40000,,official_statutory_assessment_rate_not_market_price
118484,34381,เดอะ ริช คอนโด,-,83,ภูเก็ต,2,กะทู้,1,กะทู้,83000000,สำนักงานที่ดินจังหวัดภูเก็ต,4,False,พื้นที่ระเบียง,20000,,official_statutory_assessment_rate_not_market_price
118485,34381,เดอะ ริช คอนโด,-,83,ภูเก็ต,2,กะทู้,1,กะทู้,83000000,สำนักงานที่ดินจังหวัดภูเก็ต,5,False,ห้องชุดพักอาศัยเพ้นท์เฮ้าส์,41500,,official_statutory_assessment_rate_not_market_price
118486,34381,เดอะ ริช คอนโด,-,83,ภูเก็ต,2,กะทู้,1,กะทู้,83000000,สำนักงานที่ดินจังหวัดภูเก็ต,5,False,พื้นที่ระเบียง,20750,,official_statutory_assessment_rate_not_market_price
118487,34365,เซเรนิตี้ เรสซิเดนท์,-,83,ภูเก็ต,2,กะทู้,1,กะทู้,83000000,สำนักงานที่ดินจังหวัดภูเก็ต,1,False,ระเบียง,28250,,official_statutory_assessment_rate_not_market_price
118488,34365,เซเรนิตี้ เรสซิเดนท์,-,83,ภูเก็ต,2,กะทู้,1,กะทู้,83000000,สำนักงานที่ดินจังหวัดภูเก็ต,2,False,ห้องชุดพักอาศัย,57000,,official_statutory_assessment_rate_not_market_price
118489,34365,เซเรนิตี้ เรสซิเดนท์,-,83,ภูเก็ต,2,กะทู้,1,กะทู้,83000000,สำนักงานที่ดินจังหวัดภูเก็ต,2,False,ระเบียง,28500,,official_statutory_assessment_rate_not_market_price
118490,34365,เซเรนิตี้ เรสซิเดนท์,-,83,ภูเก็ต,2,กะทู้,1,กะทู้,83000000,สำนักงานที่ดินจังหวัดภูเก็ต,3,False,ห้องชุดพักอาศัย,57500,,official_statutory_assessment_rate_not_market_price
118491,34365,เซเรนิตี้ เรสซิเดนท์,-,83,ภูเก็ต,2,กะทู้,1,กะทู้,83000000,สำนักงานที่ดินจังหวัดภูเก็ต,3,False,ระเบียง,28750,,official_statutory_assessment_rate_not_market_price
118492,34365,เซเรนิตี้ เรสซิเดนท์,-,83,ภูเก็ต,2,กะทู้,1,กะทู้,83000000,สำนักงานที่ดินจังหวัดภูเก็ต,"3,4",False,ห้องชุดพักอาศัยแบบเพนท์เฮ้าส์,58500,,official_statutory_assessment_rate_not_market_price
118493,34365,เซเรนิตี้ เรสซิเดนท์,-,83,ภูเก็ต,2,กะทู้,1,กะทู้,83000000,สำนักงานที่ดินจังหวัดภูเก็ต,"3,4",False,ระเบียง,29250,,official_statutory_assessment_rate_not_market_price
118494,34384,เดอะ เดค,A,83,ภูเก็ต,2,กะทู้,2,ป่าตอง,83000000,สำนักงานที่ดินจังหวัดภูเก็ต,7,False,พื้นที่ระเบียง,44750,,official_statutory_assessment_rate_not_market_price
118495,34384,เดอะ เดค,A,83,ภูเก็ต,2,กะทู้,2,ป่าตอง,83000000,สำนักงานที่ดินจังหวัดภูเก็ต,7,False,ห้องชุดพักอาศัยตากอากาศ,89500,,official_statutory_assessment_rate_not_market_price
118496,34384,เดอะ เดค,A,83,ภูเก็ต,2,กะทู้,2,ป่าตอง,83000000,สำนักงานที่ดินจังหวัดภูเก็ต,1-ก.พ.,True,พื้นที่ระเบียง,44000,,official_statutory_assessment_rate_not_market_price
118497,34384,เดอะ เดค,A,83,ภูเก็ต,2,กะทู้,2,ป่าตอง,83000000,สำนักงานที่ดินจังหวัดภูเก็ต,1-ก.พ.,True,ห้องชุดพักอาศัยตากอากาศ,88000,,official_statutory_assessment_rate_not_market_price
118498,34384,เดอะ เดค,A,83,ภูเก็ต,2,กะทู้,2,ป่าตอง,83000000,สำนักงานที่ดินจังหวัดภูเก็ต,3-เม.ย.,True,พื้นที่ระเบียง,44250,,official_statutory_assessment_rate_not_market_price
118499,34384,เดอะ เดค,A,83,ภูเก็ต,2,กะทู้,2,ป่าตอง,83000000,สำนักงานที่ดินจังหวัดภูเก็ต,3-เม.ย.,True,ห้องชุดพักอาศัยตากอากาศ,88500,,official_statutory_assessment_rate_not_market_price
118500,34384,เดอะ เดค,A,83,ภูเก็ต,2,กะทู้,2,ป่าตอง,83000000,สำนักงานที่ดินจังหวัดภูเก็ต,5-มิ.ย.,True,พื้นที่ระเบียง,44500,,official_statutory_assessment_rate_not_market_price
118501,34384,เดอะ เดค,A,83,ภูเก็ต,2,กะทู้,2,ป่าตอง,83000000,สำนักงานที่ดินจังหวัดภูเก็ต,5-มิ.ย.,True,ห้องชุดพักอาศัยตากอากาศ,89000,,official_statutory_assessment_rate_not_market_price
118502,34384,เดอะ เดค,B,83,ภูเก็ต,2,กะทู้,2,ป่าตอง,83000000,สำนักงานที่ดินจังหวัดภูเก็ต,7,False,ห้องชุดพักอาศัยตากอากาศ,89500,,official_statutory_assessment_rate_not_market_price
118503,34384,เดอะ เดค,B,83,ภูเก็ต,2,กะทู้,2,ป่าตอง,83000000,สำนักงานที่ดินจังหวัดภูเก็ต,7,False,พื้นที่ระเบียง,44750,,official_statutory_assessment_rate_not_market_price
118504,34384,เดอะ เดค,B,83,ภูเก็ต,2,กะทู้,2,ป่าตอง,83000000,สำนักงานที่ดินจังหวัดภูเก็ต,1-ก.พ.,True,ห้องชุดพักอาศัยตากอากาศ,88000,,official_statutory_assessment_rate_not_market_price
118505,34384,เดอะ เดค,B,83,ภูเก็ต,2,กะทู้,2,ป่าตอง,83000000,สำนักงานที่ดินจังหวัดภูเก็ต,1-ก.พ.,True,พื้นที่ระเบียง,44000,,official_statutory_assessment_rate_not_market_price
118506,34384,เดอะ เดค,B,83,ภูเก็ต,2,กะทู้,2,ป่าตอง,83000000,สำนักงานที่ดินจังหวัดภูเก็ต,3-เม.ย.,True,ห้องชุดพักอาศัยตากอากาศ,88500,,official_statutory_assessment_rate_not_market_price
118507,34384,เดอะ เดค,B,83,ภูเก็ต,2,กะทู้,2,ป่าตอง,83000000,สำนักงานที่ดินจังหวัดภูเก็ต,3-เม.ย.,True,พื้นที่ระเบียง,44250,,official_statutory_assessment_rate_not_market_price
118508,34384,เดอะ เดค,B,83,ภูเก็ต,2,กะทู้,2,ป่าตอง,83000000,สำนักงานที่ดินจังหวัดภูเก็ต,5-มิ.ย.,True,ห้องชุดพักอาศัยตากอากาศ,89000,,official_statutory_assessment_rate_not_market_price
118509,34384,เดอะ เดค,B,83,ภูเก็ต,2,กะทู้,2,ป่าตอง,83000000,สำนักงานที่ดินจังหวัดภูเก็ต,5-มิ.ย.,True,พื้นที่ระเบียง,44500,,official_statutory_assessment_rate_not_market_price
118510,34376,เดอะ คริส คอนโด ทู,-,83,ภูเก็ต,2,กะทู้,2,ป่าตอง,83000000,สำนักงานที่ดินจังหวัดภูเก็ต,1,False,ห้องชุดพักอาศัย,46000,,official_statutory_assessment_rate_not_market_price
118511,34376,เดอะ คริส คอนโด ทู,-,83,ภูเก็ต,2,กะทู้,2,ป่าตอง,83000000,สำนักงานที่ดินจังหวัดภูเก็ต,1,False,พื้นที่วางเครื่องปรับอากาศ,23000,,official_statutory_assessment_rate_not_market_price
118512,34376,เดอะ คริส คอนโด ทู,-,83,ภูเก็ต,2,กะทู้,2,ป่าตอง,83000000,สำนักงานที่ดินจังหวัดภูเก็ต,2,False,ห้องชุดพักอาศัย,46500,,official_statutory_assessment_rate_not_market_price
118513,34376,เดอะ คริส คอนโด ทู,-,83,ภูเก็ต,2,กะทู้,2,ป่าตอง,83000000,สำนักงานที่ดินจังหวัดภูเก็ต,2,False,พื้นที่วางเครื่องปรับอากาศ,23250,,official_statutory_assessment_rate_not_market_price
118514,34376,เดอะ คริส คอนโด ทู,-,83,ภูเก็ต,2,กะทู้,2,ป่าตอง,83000000,สำนักงานที่ดินจังหวัดภูเก็ต,3,False,ห้องชุดพักอาศัย,47000,,official_statutory_assessment_rate_not_market_price
118515,34376,เดอะ คริส คอนโด ทู,-,83,ภูเก็ต,2,กะทู้,2,ป่าตอง,83000000,สำนักงานที่ดินจังหวัดภูเก็ต,3,False,พื้นที่วางเครื่องปรับอากาศ,23500,,official_statutory_assessment_rate_not_market_price
118516,34376,เดอะ คริส คอนโด ทู,-,83,ภูเก็ต,2,กะทู้,2,ป่าตอง,83000000,สำนักงานที่ดินจังหวัดภูเก็ต,4,False,ห้องชุดพักอาศัย,47500,,official_statutory_assessment_rate_not_market_price
118517,34376,เดอะ คริส คอนโด ทู,-,83,ภูเก็ต,2,กะทู้,2,ป่าตอง,83000000,สำนักงานที่ดินจังหวัดภูเก็ต,4,False,พื้นที่วางเครื่องปรับอากาศ,23750,,official_statutory_assessment_rate_not_market_price
118518,34376,เดอะ คริส คอนโด ทู,-,83,ภูเก็ต,2,กะทู้,2,ป่าตอง,83000000,สำนักงานที่ดินจังหวัดภูเก็ต,5,False,ห้องชุดพักอาศัย,48000,,official_statutory_assessment_rate_not_market_price
118519,34376,เดอะ คริส คอนโด ทู,-,83,ภูเก็ต,2,กะทู้,2,ป่าตอง,83000000,สำนักงานที่ดินจังหวัดภูเก็ต,5,False,พื้นที่วางเครื่องปรับอากาศ,24000,,official_statutory_assessment_rate_not_market_price
118520,34380,เดอะ พริวิเลจ แอท เบย์คลิฟ,A,83,ภูเก็ต,2,กะทู้,2,ป่าตอง,83000000,สำนักงานที่ดินจังหวัดภูเก็ต,1,False,ห้องชุดพักอาศัยตากอากาศ,100500,,official_statutory_assessment_rate_not_market_price
118521,34380,เดอะ พริวิเลจ แอท เบย์คลิฟ,A,83,ภูเก็ต,2,กะทู้,2,ป่าตอง,83000000,สำนักงานที่ดินจังหวัดภูเก็ต,1,False,พื้นที่ระเบียง,50250,,official_statutory_assessment_rate_not_market_price
118522,34380,เดอะ พริวิเลจ แอท เบย์คลิฟ,A,83,ภูเก็ต,2,กะทู้,2,ป่าตอง,83000000,สำนักงานที่ดินจังหวัดภูเก็ต,1,False,พื้นที่วางแอร์,50250,,official_statutory_assessment_rate_not_market_price
118523,34380,เดอะ พริวิเลจ แอท เบย์คลิฟ,A,83,ภูเก็ต,2,กะทู้,2,ป่าตอง,83000000,สำนักงานที่ดินจังหวัดภูเก็ต,2,False,ห้องชุดพักอาศัยตากอากาศ,101000,,official_statutory_assessment_rate_not_market_price
118524,34380,เดอะ พริวิเลจ แอท เบย์คลิฟ,A,83,ภูเก็ต,2,กะทู้,2,ป่าตอง,83000000,สำนักงานที่ดินจังหวัดภูเก็ต,2,False,พื้นที่ระเบียง,50500,,official_statutory_assessment_rate_not_market_price
118525,34380,เดอะ พริวิเลจ แอท เบย์คลิฟ,A,83,ภูเก็ต,2,กะทู้,2,ป่าตอง,83000000,สำนักงานที่ดินจังหวัดภูเก็ต,3,False,ห้องชุดพักอาศัยตากอากาศ,101500,,official_statutory_assessment_rate_not_market_price
118526,34380,เดอะ พริวิเลจ แอท เบย์คลิฟ,A,83,ภูเก็ต,2,กะทู้,2,ป่าตอง,83000000,สำนักงานที่ดินจังหวัดภูเก็ต,3,False,พื้นที่ระเบียง,50750,,official_statutory_assessment_rate_not_market_price
118527,34380,เดอะ พริวิเลจ แอท เบย์คลิฟ,A,83,ภูเก็ต,2,กะทู้,2,ป่าตอง,83000000,สำนักงานที่ดินจังหวัดภูเก็ต,4,False,ห้องชุดพักอาศัยตากอากาศ,102000,,official_statutory_assessment_rate_not_market_price
118528,34380,เดอะ พริวิเลจ แอท เบย์คลิฟ,A,83,ภูเก็ต,2,กะทู้,2,ป่าตอง,83000000,สำนักงานที่ดินจังหวัดภูเก็ต,4,False,พื้นที่ระเบียง,51000,,official_statutory_assessment_rate_not_market_price
118529,34380,เดอะ พริวิเลจ แอท เบย์คลิฟ,A,83,ภูเก็ต,2,กะทู้,2,ป่าตอง,83000000,สำนักงานที่ดินจังหวัดภูเก็ต,5,False,พื้นที่ระเบียง,51750,,official_statutory_assessment_rate_not_market_price
118530,34380,เดอะ พริวิเลจ แอท เบย์คลิฟ,A,83,ภูเก็ต,2,กะทู้,2,ป่าตอง,83000000,สำนักงานที่ดินจังหวัดภูเก็ต,5,False,พื้นที่สระว่ายน้ำ,103500,,official_statutory_assessment_rate_not_market_price
118531,34380,เดอะ พริวิเลจ แอท เบย์คลิฟ,A,83,ภูเก็ต,2,กะทู้,2,ป่าตอง,83000000,สำนักงานที่ดินจังหวัดภูเก็ต,5,False,พักอาศัยตากอากาศเพ้นท์เฮ้าส์,103500,,official_statutory_assessment_rate_not_market_price
118532,34380,เดอะ พริวิเลจ แอท เบย์คลิฟ,B,83,ภูเก็ต,2,กะทู้,2,ป่าตอง,83000000,สำนักงานที่ดินจังหวัดภูเก็ต,1,False,ห้องชุดพักอาศัยตากอากาศ,100500,,official_statutory_assessment_rate_not_market_price
118533,34380,เดอะ พริวิเลจ แอท เบย์คลิฟ,B,83,ภูเก็ต,2,กะทู้,2,ป่าตอง,83000000,สำนักงานที่ดินจังหวัดภูเก็ต,1,False,พื้นที่ระเบียง,50250,,official_statutory_assessment_rate_not_market_price
118534,34380,เดอะ พริวิเลจ แอท เบย์คลิฟ,B,83,ภูเก็ต,2,กะทู้,2,ป่าตอง,83000000,สำนักงานที่ดินจังหวัดภูเก็ต,1,False,พื้นที่วางแอร์,50250,,official_statutory_assessment_rate_not_market_price
118535,34380,เดอะ พริวิเลจ แอท เบย์คลิฟ,B,83,ภูเก็ต,2,กะทู้,2,ป่าตอง,83000000,สำนักงานที่ดินจังหวัดภูเก็ต,2,False,ห้องชุดพักอาศัยตากอากาศ,101000,,official_statutory_assessment_rate_not_market_price
118536,34380,เดอะ พริวิเลจ แอท เบย์คลิฟ,B,83,ภูเก็ต,2,กะทู้,2,ป่าตอง,83000000,สำนักงานที่ดินจังหวัดภูเก็ต,2,False,พื้นที่ระเบียง,50500,,official_statutory_assessment_rate_not_market_price
118537,34380,เดอะ พริวิเลจ แอท เบย์คลิฟ,B,83,ภูเก็ต,2,กะทู้,2,ป่าตอง,83000000,สำนักงานที่ดินจังหวัดภูเก็ต,2,False,พื้นที่วางแอร์,50500,,official_statutory_assessment_rate_not_market_price
118538,34380,เดอะ พริวิเลจ แอท เบย์คลิฟ,B,83,ภูเก็ต,2,กะทู้,2,ป่าตอง,83000000,สำนักงานที่ดินจังหวัดภูเก็ต,3,False,ห้องชุดพักอาศัยตากอากาศ,101500,,official_statutory_assessment_rate_not_market_price
118539,34380,เดอะ พริวิเลจ แอท เบย์คลิฟ,B,83,ภูเก็ต,2,กะทู้,2,ป่าตอง,83000000,สำนักงานที่ดินจังหวัดภูเก็ต,3,False,พื้นที่ระเบียง,50750,,official_statutory_assessment_rate_not_market_price
118540,34380,เดอะ พริวิเลจ แอท เบย์คลิฟ,B,83,ภูเก็ต,2,กะทู้,2,ป่าตอง,83000000,สำนักงานที่ดินจังหวัดภูเก็ต,3,False,พื้นที่วางแอร์,50750,,official_statutory_assessment_rate_not_market_price
118541,34380,เดอะ พริวิเลจ แอท เบย์คลิฟ,B,83,ภูเก็ต,2,กะทู้,2,ป่าตอง,83000000,สำนักงานที่ดินจังหวัดภูเก็ต,4,False,ห้องชุดพักอาศัยตากอากาศ,102000,,official_statutory_assessment_rate_not_market_price
118542,34380,เดอะ พริวิเลจ แอท เบย์คลิฟ,B,83,ภูเก็ต,2,กะทู้,2,ป่าตอง,83000000,สำนักงานที่ดินจังหวัดภูเก็ต,4,False,พื้นที่ระเบียง,51000,,official_statutory_assessment_rate_not_market_price
118543,34380,เดอะ พริวิเลจ แอท เบย์คลิฟ,B,83,ภูเก็ต,2,กะทู้,2,ป่าตอง,83000000,สำนักงานที่ดินจังหวัดภูเก็ต,4,False,พื้นที่วางแอร์,51000,,official_statutory_assessment_rate_not_market_price
118544,34380,เดอะ พริวิเลจ แอท เบย์คลิฟ,B,83,ภูเก็ต,2,กะทู้,2,ป่าตอง,83000000,สำนักงานที่ดินจังหวัดภูเก็ต,5,False,ห้องชุดพักอาศัยตากอากาศ,102500,,official_statutory_assessment_rate_not_market_price
118545,34380,เดอะ พริวิเลจ แอท เบย์คลิฟ,B,83,ภูเก็ต,2,กะทู้,2,ป่าตอง,83000000,สำนักงานที่ดินจังหวัดภูเก็ต,5,False,พื้นที่ระเบียง,51250,,official_statutory_assessment_rate_not_market_price
118546,34380,เดอะ พริวิเลจ แอท เบย์คลิฟ,B,83,ภูเก็ต,2,กะทู้,2,ป่าตอง,83000000,สำนักงานที่ดินจังหวัดภูเก็ต,5,False,พื้นที่วางแอร์,51250,,official_statutory_assessment_rate_not_market_price
118547,34380,เดอะ พริวิเลจ แอท เบย์คลิฟ,C,83,ภูเก็ต,2,กะทู้,2,ป่าตอง,83000000,สำนักงานที่ดินจังหวัดภูเก็ต,1,False,ห้องชุดพักอาศัยตากอากาศ,100500,,official_statutory_assessment_rate_not_market_price
118548,34380,เดอะ พริวิเลจ แอท เบย์คลิฟ,C,83,ภูเก็ต,2,กะทู้,2,ป่าตอง,83000000,สำนักงานที่ดินจังหวัดภูเก็ต,1,False,พื้นที่ระเบียง,50250,,official_statutory_assessment_rate_not_market_price
118549,34380,เดอะ พริวิเลจ แอท เบย์คลิฟ,C,83,ภูเก็ต,2,กะทู้,2,ป่าตอง,83000000,สำนักงานที่ดินจังหวัดภูเก็ต,2,False,ห้องชุดพักอาศัยตากอากาศ,101000,,official_statutory_assessment_rate_not_market_price
118550,34380,เดอะ พริวิเลจ แอท เบย์คลิฟ,C,83,ภูเก็ต,2,กะทู้,2,ป่าตอง,83000000,สำนักงานที่ดินจังหวัดภูเก็ต,2,False,พื้นที่ระเบียง,50500,,official_statutory_assessment_rate_not_market_price
118551,34380,เดอะ พริวิเลจ แอท เบย์คลิฟ,C,83,ภูเก็ต,2,กะทู้,2,ป่าตอง,83000000,สำนักงานที่ดินจังหวัดภูเก็ต,3,False,ห้องชุดพักอาศัยตากอากาศ,101500,,official_statutory_assessment_rate_not_market_price
118552,34380,เดอะ พริวิเลจ แอท เบย์คลิฟ,C,83,ภูเก็ต,2,กะทู้,2,ป่าตอง,83000000,สำนักงานที่ดินจังหวัดภูเก็ต,3,False,พื้นที่ระเบียง,50750,,official_statutory_assessment_rate_not_market_price
118553,34380,เดอะ พริวิเลจ แอท เบย์คลิฟ,C,83,ภูเก็ต,2,กะทู้,2,ป่าตอง,83000000,สำนักงานที่ดินจังหวัดภูเก็ต,"4,ดาดฟ้า",False,พื้นที่ระเบียง,51500,,official_statutory_assessment_rate_not_market_price
118554,34380,เดอะ พริวิเลจ แอท เบย์คลิฟ,C,83,ภูเก็ต,2,กะทู้,2,ป่าตอง,83000000,สำนักงานที่ดินจังหวัดภูเก็ต,"4,ดาดฟ้า",False,พื้นที่สระว่ายน้ำ,51500,,official_statutory_assessment_rate_not_market_price
118555,34380,เดอะ พริวิเลจ แอท เบย์คลิฟ,C,83,ภูเก็ต,2,กะทู้,2,ป่าตอง,83000000,สำนักงานที่ดินจังหวัดภูเก็ต,"4,ดาดฟ้า",False,พักอาศัยตากอากาศ2ชั้นควบ,103000,,official_statutory_assessment_rate_not_market_price
118556,34380,เดอะ พริวิเลจ แอท เบย์คลิฟ,D,83,ภูเก็ต,2,กะทู้,2,ป่าตอง,83000000,สำนักงานที่ดินจังหวัดภูเก็ต,"1,2",False,อาศัยตากอากาศดูเพล็กซ์ควบ2ชั้น,101500,,official_statutory_assessment_rate_not_market_price
118557,34380,เดอะ พริวิเลจ แอท เบย์คลิฟ,D,83,ภูเก็ต,2,กะทู้,2,ป่าตอง,83000000,สำนักงานที่ดินจังหวัดภูเก็ต,"1,2",False,พื้นที่บันได,101500,,official_statutory_assessment_rate_not_market_price
118558,34380,เดอะ พริวิเลจ แอท เบย์คลิฟ,D,83,ภูเก็ต,2,กะทู้,2,ป่าตอง,83000000,สำนักงานที่ดินจังหวัดภูเก็ต,"1,2",False,พื้นที่ระเบียง,50750,,official_statutory_assessment_rate_not_market_price
118559,34380,เดอะ พริวิเลจ แอท เบย์คลิฟ,D,83,ภูเก็ต,2,กะทู้,2,ป่าตอง,83000000,สำนักงานที่ดินจังหวัดภูเก็ต,"3,4",False,พื้นที่บันได,102500,,official_statutory_assessment_rate_not_market_price
118560,34380,เดอะ พริวิเลจ แอท เบย์คลิฟ,D,83,ภูเก็ต,2,กะทู้,2,ป่าตอง,83000000,สำนักงานที่ดินจังหวัดภูเก็ต,"3,4",False,พื้นที่ระเบียง,51250,,official_statutory_assessment_rate_not_market_price
118561,34380,เดอะ พริวิเลจ แอท เบย์คลิฟ,D,83,ภูเก็ต,2,กะทู้,2,ป่าตอง,83000000,สำนักงานที่ดินจังหวัดภูเก็ต,"3,4",False,อาศัยตากอากาศดูเพล็กซ์ควบ2ชั้น,102500,,official_statutory_assessment_rate_not_market_price
118562,34514,ป่าตองคอนโดเทล,-,83,ภูเก็ต,2,กะทู้,2,ป่าตอง,83000000,สำนักงานที่ดินจังหวัดภูเก็ต,1,False,ห้องชุดเพื่อประกอบการค้า(ห้องชุดพาณิชยกรรม),30000,,official_statutory_assessment_rate_not_market_price
118563,34514,ป่าตองคอนโดเทล,-,83,ภูเก็ต,2,กะทู้,2,ป่าตอง,83000000,สำนักงานที่ดินจังหวัดภูเก็ต,1,False,พื้นที่ระเบียง,15000,,official_statutory_assessment_rate_not_market_price
118564,34514,ป่าตองคอนโดเทล,-,83,ภูเก็ต,2,กะทู้,2,ป่าตอง,83000000,สำนักงานที่ดินจังหวัดภูเก็ต,2,False,ห้องชุดพักอาศัย,25500,,official_statutory_assessment_rate_not_market_price
118565,34514,ป่าตองคอนโดเทล,-,83,ภูเก็ต,2,กะทู้,2,ป่าตอง,83000000,สำนักงานที่ดินจังหวัดภูเก็ต,2,False,พื้นที่ระเบียง,12750,,official_statutory_assessment_rate_not_market_price
118566,34514,ป่าตองคอนโดเทล,-,83,ภูเก็ต,2,กะทู้,2,ป่าตอง,83000000,สำนักงานที่ดินจังหวัดภูเก็ต,3,False,ห้องชุดพักอาศัย,25500,,official_statutory_assessment_rate_not_market_price
118567,34514,ป่าตองคอนโดเทล,-,83,ภูเก็ต,2,กะทู้,2,ป่าตอง,83000000,สำนักงานที่ดินจังหวัดภูเก็ต,3,False,พื้นที่ระเบียง,12750,,official_statutory_assessment_rate_not_market_price
118568,34514,ป่าตองคอนโดเทล,-,83,ภูเก็ต,2,กะทู้,2,ป่าตอง,83000000,สำนักงานที่ดินจังหวัดภูเก็ต,4,False,ห้องชุดพักอาศัย,26000,,official_statutory_assessment_rate_not_market_price
118569,34514,ป่าตองคอนโดเทล,-,83,ภูเก็ต,2,กะทู้,2,ป่าตอง,83000000,สำนักงานที่ดินจังหวัดภูเก็ต,4,False,พื้นที่ระเบียง,13000,,official_statutory_assessment_rate_not_market_price
118570,34514,ป่าตองคอนโดเทล,-,83,ภูเก็ต,2,กะทู้,2,ป่าตอง,83000000,สำนักงานที่ดินจังหวัดภูเก็ต,5,False,ห้องชุดพักอาศัย,26000,,official_statutory_assessment_rate_not_market_price
118571,34514,ป่าตองคอนโดเทล,-,83,ภูเก็ต,2,กะทู้,2,ป่าตอง,83000000,สำนักงานที่ดินจังหวัดภูเก็ต,5,False,พื้นที่ระเบียง,13000,,official_statutory_assessment_rate_not_market_price
118572,34514,ป่าตองคอนโดเทล,-,83,ภูเก็ต,2,กะทู้,2,ป่าตอง,83000000,สำนักงานที่ดินจังหวัดภูเก็ต,6,False,ห้องชุดพักอาศัย,26500,,official_statutory_assessment_rate_not_market_price
118573,34514,ป่าตองคอนโดเทล,-,83,ภูเก็ต,2,กะทู้,2,ป่าตอง,83000000,สำนักงานที่ดินจังหวัดภูเก็ต,6,False,พื้นที่ระเบียง,13250,,official_statutory_assessment_rate_not_market_price
118574,34514,ป่าตองคอนโดเทล,-,83,ภูเก็ต,2,กะทู้,2,ป่าตอง,83000000,สำนักงานที่ดินจังหวัดภูเก็ต,7,False,ห้องชุดพักอาศัย,26500,,official_statutory_assessment_rate_not_market_price
118575,34514,ป่าตองคอนโดเทล,-,83,ภูเก็ต,2,กะทู้,2,ป่าตอง,83000000,สำนักงานที่ดินจังหวัดภูเก็ต,7,False,พื้นที่ระเบียง,13250,,official_statutory_assessment_rate_not_market_price
118576,34514,ป่าตองคอนโดเทล,-,83,ภูเก็ต,2,กะทู้,2,ป่าตอง,83000000,สำนักงานที่ดินจังหวัดภูเก็ต,8,False,ห้องชุดพักอาศัย,27000,,official_statutory_assessment_rate_not_market_price
118577,34514,ป่าตองคอนโดเทล,-,83,ภูเก็ต,2,กะทู้,2,ป่าตอง,83000000,สำนักงานที่ดินจังหวัดภูเก็ต,8,False,พื้นที่ระเบียง,13500,,official_statutory_assessment_rate_not_market_price
118578,34514,ป่าตองคอนโดเทล,-,83,ภูเก็ต,2,กะทู้,2,ป่าตอง,83000000,สำนักงานที่ดินจังหวัดภูเก็ต,9,False,ห้องชุดพักอาศัย,27000,,official_statutory_assessment_rate_not_market_price
118579,34514,ป่าตองคอนโดเทล,-,83,ภูเก็ต,2,กะทู้,2,ป่าตอง,83000000,สำนักงานที่ดินจังหวัดภูเก็ต,9,False,พื้นที่ระเบียง,13500,,official_statutory_assessment_rate_not_market_price
118580,34515,ป่าตองทาวเวอร์,-,83,ภูเก็ต,2,กะทู้,2,ป่าตอง,83000000,สำนักงานที่ดินจังหวัดภูเก็ต,1,False,ห้องชุดเพื่อประกอบการค้า(ห้องชุดพาณิชยกรรม),54000,,official_statutory_assessment_rate_not_market_price
118581,34515,ป่าตองทาวเวอร์,-,83,ภูเก็ต,2,กะทู้,2,ป่าตอง,83000000,สำนักงานที่ดินจังหวัดภูเก็ต,1,False,พื้นที่ระเบียง,27000,,official_statutory_assessment_rate_not_market_price
118582,34515,ป่าตองทาวเวอร์,-,83,ภูเก็ต,2,กะทู้,2,ป่าตอง,83000000,สำนักงานที่ดินจังหวัดภูเก็ต,2,False,ห้องชุดเพื่อประกอบการค้า(ห้องชุดพาณิชยกรรม),54000,,official_statutory_assessment_rate_not_market_price
118583,34515,ป่าตองทาวเวอร์,-,83,ภูเก็ต,2,กะทู้,2,ป่าตอง,83000000,สำนักงานที่ดินจังหวัดภูเก็ต,2,False,พื้นที่ระเบียง,27000,,official_statutory_assessment_rate_not_market_price
118584,34515,ป่าตองทาวเวอร์,-,83,ภูเก็ต,2,กะทู้,2,ป่าตอง,83000000,สำนักงานที่ดินจังหวัดภูเก็ต,6,False,ห้องชุดพักอาศัย,45500,,official_statutory_assessment_rate_not_market_price
118585,34515,ป่าตองทาวเวอร์,-,83,ภูเก็ต,2,กะทู้,2,ป่าตอง,83000000,สำนักงานที่ดินจังหวัดภูเก็ต,6,False,พื้นที่ระเบียง,22750,,official_statutory_assessment_rate_not_market_price
118586,34515,ป่าตองทาวเวอร์,-,83,ภูเก็ต,2,กะทู้,2,ป่าตอง,83000000,สำนักงานที่ดินจังหวัดภูเก็ต,7,False,ห้องชุดพักอาศัย,45500,,official_statutory_assessment_rate_not_market_price
118587,34515,ป่าตองทาวเวอร์,-,83,ภูเก็ต,2,กะทู้,2,ป่าตอง,83000000,สำนักงานที่ดินจังหวัดภูเก็ต,7,False,พื้นที่ระเบียง,22750,,official_statutory_assessment_rate_not_market_price
118588,34515,ป่าตองทาวเวอร์,-,83,ภูเก็ต,2,กะทู้,2,ป่าตอง,83000000,สำนักงานที่ดินจังหวัดภูเก็ต,8,False,ห้องชุดพักอาศัย,45500,,official_statutory_assessment_rate_not_market_price
118589,34515,ป่าตองทาวเวอร์,-,83,ภูเก็ต,2,กะทู้,2,ป่าตอง,83000000,สำนักงานที่ดินจังหวัดภูเก็ต,8,False,พื้นที่ระเบียง,22750,,official_statutory_assessment_rate_not_market_price
118590,34515,ป่าตองทาวเวอร์,-,83,ภูเก็ต,2,กะทู้,2,ป่าตอง,83000000,สำนักงานที่ดินจังหวัดภูเก็ต,9,False,ห้องชุดพักอาศัย,45500,,official_statutory_assessment_rate_not_market_price
118591,34515,ป่าตองทาวเวอร์,-,83,ภูเก็ต,2,กะทู้,2,ป่าตอง,83000000,สำนักงานที่ดินจังหวัดภูเก็ต,9,False,พื้นที่ระเบียง,22750,,official_statutory_assessment_rate_not_market_price
118592,34515,ป่าตองทาวเวอร์,-,83,ภูเก็ต,2,กะทู้,2,ป่าตอง,83000000,สำนักงานที่ดินจังหวัดภูเก็ต,10,False,ห้องชุดพักอาศัย,46000,,official_statutory_assessment_rate_not_market_price
118593,34515,ป่าตองทาวเวอร์,-,83,ภูเก็ต,2,กะทู้,2,ป่าตอง,83000000,สำนักงานที่ดินจังหวัดภูเก็ต,10,False,พื้นที่ระเบียง,23000,,official_statutory_assessment_rate_not_market_price
118594,34515,ป่าตองทาวเวอร์,-,83,ภูเก็ต,2,กะทู้,2,ป่าตอง,83000000,สำนักงานที่ดินจังหวัดภูเก็ต,11,False,ห้องชุดพักอาศัย,46000,,official_statutory_assessment_rate_not_market_price
118595,34515,ป่าตองทาวเวอร์,-,83,ภูเก็ต,2,กะทู้,2,ป่าตอง,83000000,สำนักงานที่ดินจังหวัดภูเก็ต,11,False,พื้นที่ระเบียง,23000,,official_statutory_assessment_rate_not_market_price
118596,34518,ปาล์มปริง คอนโดมิเนียม,-,83,ภูเก็ต,2,กะทู้,2,ป่าตอง,83000000,สำนักงานที่ดินจังหวัดภูเก็ต,1,False,ห้องชุดพักอาศัย,45500,,official_statutory_assessment_rate_not_market_price
118597,34518,ปาล์มปริง คอนโดมิเนียม,-,83,ภูเก็ต,2,กะทู้,2,ป่าตอง,83000000,สำนักงานที่ดินจังหวัดภูเก็ต,1,False,พื้นที่ระเบียง,22750,,official_statutory_assessment_rate_not_market_price
118598,34518,ปาล์มปริง คอนโดมิเนียม,-,83,ภูเก็ต,2,กะทู้,2,ป่าตอง,83000000,สำนักงานที่ดินจังหวัดภูเก็ต,2,False,ห้องชุดพักอาศัย,45500,,official_statutory_assessment_rate_not_market_price
118599,34518,ปาล์มปริง คอนโดมิเนียม,-,83,ภูเก็ต,2,กะทู้,2,ป่าตอง,83000000,สำนักงานที่ดินจังหวัดภูเก็ต,2,False,พื้นที่ระเบียง,22750,,official_statutory_assessment_rate_not_market_price
118600,34518,ปาล์มปริง คอนโดมิเนียม,-,83,ภูเก็ต,2,กะทู้,2,ป่าตอง,83000000,สำนักงานที่ดินจังหวัดภูเก็ต,3,False,ห้องชุดพักอาศัย,46000,,official_statutory_assessment_rate_not_market_price
118601,34518,ปาล์มปริง คอนโดมิเนียม,-,83,ภูเก็ต,2,กะทู้,2,ป่าตอง,83000000,สำนักงานที่ดินจังหวัดภูเก็ต,3,False,พื้นที่ระเบียง,23000,,official_statutory_assessment_rate_not_market_price
118602,34518,ปาล์มปริง คอนโดมิเนียม,-,83,ภูเก็ต,2,กะทู้,2,ป่าตอง,83000000,สำนักงานที่ดินจังหวัดภูเก็ต,4,False,ห้องชุดพักอาศัย,46000,,official_statutory_assessment_rate_not_market_price
118603,34518,ปาล์มปริง คอนโดมิเนียม,-,83,ภูเก็ต,2,กะทู้,2,ป่าตอง,83000000,สำนักงานที่ดินจังหวัดภูเก็ต,4,False,พื้นที่ระเบียง,23000,,official_statutory_assessment_rate_not_market_price
118604,34518,ปาล์มปริง คอนโดมิเนียม,-,83,ภูเก็ต,2,กะทู้,2,ป่าตอง,83000000,สำนักงานที่ดินจังหวัดภูเก็ต,5,False,ห้องชุดพักอาศัย,46500,,official_statutory_assessment_rate_not_market_price
118605,34518,ปาล์มปริง คอนโดมิเนียม,-,83,ภูเก็ต,2,กะทู้,2,ป่าตอง,83000000,สำนักงานที่ดินจังหวัดภูเก็ต,5,False,พื้นที่ระเบียง,23250,,official_statutory_assessment_rate_not_market_price
118606,34518,ปาล์มปริง คอนโดมิเนียม,-,83,ภูเก็ต,2,กะทู้,2,ป่าตอง,83000000,สำนักงานที่ดินจังหวัดภูเก็ต,6,False,ห้องชุดพักอาศัย,46500,,official_statutory_assessment_rate_not_market_price
118607,34518,ปาล์มปริง คอนโดมิเนียม,-,83,ภูเก็ต,2,กะทู้,2,ป่าตอง,83000000,สำนักงานที่ดินจังหวัดภูเก็ต,6,False,พื้นที่ระเบียง,23250,,official_statutory_assessment_rate_not_market_price
118608,34518,ปาล์มปริง คอนโดมิเนียม,-,83,ภูเก็ต,2,กะทู้,2,ป่าตอง,83000000,สำนักงานที่ดินจังหวัดภูเก็ต,7,False,ห้องชุดพักอาศัย,47000,,official_statutory_assessment_rate_not_market_price
118609,34518,ปาล์มปริง คอนโดมิเนียม,-,83,ภูเก็ต,2,กะทู้,2,ป่าตอง,83000000,สำนักงานที่ดินจังหวัดภูเก็ต,7,False,พื้นที่ระเบียง,23500,,official_statutory_assessment_rate_not_market_price
118610,34515,ป่าตองทาวเวอร์,-,83,ภูเก็ต,2,กะทู้,2,ป่าตอง,83000000,สำนักงานที่ดินจังหวัดภูเก็ต,12,False,ห้องชุดพักอาศัย,46000,,official_statutory_assessment_rate_not_market_price
118611,34515,ป่าตองทาวเวอร์,-,83,ภูเก็ต,2,กะทู้,2,ป่าตอง,83000000,สำนักงานที่ดินจังหวัดภูเก็ต,12,False,พื้นที่ระเบียง,23000,,official_statutory_assessment_rate_not_market_price
118612,34515,ป่าตองทาวเวอร์,-,83,ภูเก็ต,2,กะทู้,2,ป่าตอง,83000000,สำนักงานที่ดินจังหวัดภูเก็ต,13,False,ห้องชุดพักอาศัย,46000,,official_statutory_assessment_rate_not_market_price
118613,34515,ป่าตองทาวเวอร์,-,83,ภูเก็ต,2,กะทู้,2,ป่าตอง,83000000,สำนักงานที่ดินจังหวัดภูเก็ต,13,False,พื้นที่ระเบียง,23000,,official_statutory_assessment_rate_not_market_price
118614,34515,ป่าตองทาวเวอร์,-,83,ภูเก็ต,2,กะทู้,2,ป่าตอง,83000000,สำนักงานที่ดินจังหวัดภูเก็ต,14,False,ห้องชุดพักอาศัย,46500,,official_statutory_assessment_rate_not_market_price
118615,34515,ป่าตองทาวเวอร์,-,83,ภูเก็ต,2,กะทู้,2,ป่าตอง,83000000,สำนักงานที่ดินจังหวัดภูเก็ต,14,False,พื้นที่ระเบียง,23250,,official_statutory_assessment_rate_not_market_price
118616,34515,ป่าตองทาวเวอร์,-,83,ภูเก็ต,2,กะทู้,2,ป่าตอง,83000000,สำนักงานที่ดินจังหวัดภูเก็ต,15,False,ห้องชุดพักอาศัย,46500,,official_statutory_assessment_rate_not_market_price
118617,34515,ป่าตองทาวเวอร์,-,83,ภูเก็ต,2,กะทู้,2,ป่าตอง,83000000,สำนักงานที่ดินจังหวัดภูเก็ต,15,False,พื้นที่ระเบียง,23250,,official_statutory_assessment_rate_not_market_price
118618,34515,ป่าตองทาวเวอร์,-,83,ภูเก็ต,2,กะทู้,2,ป่าตอง,83000000,สำนักงานที่ดินจังหวัดภูเก็ต,16,False,ห้องชุดพักอาศัย,46500,,official_statutory_assessment_rate_not_market_price
118619,34515,ป่าตองทาวเวอร์,-,83,ภูเก็ต,2,กะทู้,2,ป่าตอง,83000000,สำนักงานที่ดินจังหวัดภูเก็ต,16,False,พื้นที่ระเบียง,23250,,official_statutory_assessment_rate_not_market_price
118620,34515,ป่าตองทาวเวอร์,-,83,ภูเก็ต,2,กะทู้,2,ป่าตอง,83000000,สำนักงานที่ดินจังหวัดภูเก็ต,17,False,ห้องชุดพักอาศัย,46500,,official_statutory_assessment_rate_not_market_price
118621,34515,ป่าตองทาวเวอร์,-,83,ภูเก็ต,2,กะทู้,2,ป่าตอง,83000000,สำนักงานที่ดินจังหวัดภูเก็ต,17,False,พื้นที่ระเบียง,23250,,official_statutory_assessment_rate_not_market_price
118622,34515,ป่าตองทาวเวอร์,-,83,ภูเก็ต,2,กะทู้,2,ป่าตอง,83000000,สำนักงานที่ดินจังหวัดภูเก็ต,18,False,ห้องชุดพักอาศัย,47000,,official_statutory_assessment_rate_not_market_price
118623,34515,ป่าตองทาวเวอร์,-,83,ภูเก็ต,2,กะทู้,2,ป่าตอง,83000000,สำนักงานที่ดินจังหวัดภูเก็ต,18,False,พื้นที่ระเบียง,23500,,official_statutory_assessment_rate_not_market_price
118624,34515,ป่าตองทาวเวอร์,-,83,ภูเก็ต,2,กะทู้,2,ป่าตอง,83000000,สำนักงานที่ดินจังหวัดภูเก็ต,19,False,ห้องชุดพักอาศัย,47000,,official_statutory_assessment_rate_not_market_price
118625,34515,ป่าตองทาวเวอร์,-,83,ภูเก็ต,2,กะทู้,2,ป่าตอง,83000000,สำนักงานที่ดินจังหวัดภูเก็ต,19,False,พื้นที่ระเบียง,23500,,official_statutory_assessment_rate_not_market_price
118626,34515,ป่าตองทาวเวอร์,-,83,ภูเก็ต,2,กะทู้,2,ป่าตอง,83000000,สำนักงานที่ดินจังหวัดภูเก็ต,20,False,ห้องชุดพักอาศัย,47000,,official_statutory_assessment_rate_not_market_price
118627,34515,ป่าตองทาวเวอร์,-,83,ภูเก็ต,2,กะทู้,2,ป่าตอง,83000000,สำนักงานที่ดินจังหวัดภูเก็ต,20,False,พื้นที่ระเบียง,23500,,official_statutory_assessment_rate_not_market_price
118628,34515,ป่าตองทาวเวอร์,-,83,ภูเก็ต,2,กะทู้,2,ป่าตอง,83000000,สำนักงานที่ดินจังหวัดภูเก็ต,21,False,ห้องชุดพักอาศัย,47000,,official_statutory_assessment_rate_not_market_price
118629,34515,ป่าตองทาวเวอร์,-,83,ภูเก็ต,2,กะทู้,2,ป่าตอง,83000000,สำนักงานที่ดินจังหวัดภูเก็ต,21,False,พื้นที่ระเบียง,23500,,official_statutory_assessment_rate_not_market_price
118630,34515,ป่าตองทาวเวอร์,-,83,ภูเก็ต,2,กะทู้,2,ป่าตอง,83000000,สำนักงานที่ดินจังหวัดภูเก็ต,22,False,ห้องชุดพักอาศัย,47500,,official_statutory_assessment_rate_not_market_price
118631,34515,ป่าตองทาวเวอร์,-,83,ภูเก็ต,2,กะทู้,2,ป่าตอง,83000000,สำนักงานที่ดินจังหวัดภูเก็ต,22,False,พื้นที่ระเบียง,23750,,official_statutory_assessment_rate_not_market_price
118632,34515,ป่าตองทาวเวอร์,-,83,ภูเก็ต,2,กะทู้,2,ป่าตอง,83000000,สำนักงานที่ดินจังหวัดภูเก็ต,23,False,ห้องชุดพักอาศัย,47500,,official_statutory_assessment_rate_not_market_price
118633,34515,ป่าตองทาวเวอร์,-,83,ภูเก็ต,2,กะทู้,2,ป่าตอง,83000000,สำนักงานที่ดินจังหวัดภูเก็ต,23,False,พื้นที่ระเบียง,23750,,official_statutory_assessment_rate_not_market_price
118634,34515,ป่าตองทาวเวอร์,-,83,ภูเก็ต,2,กะทู้,2,ป่าตอง,83000000,สำนักงานที่ดินจังหวัดภูเก็ต,24,False,ห้องชุดพักอาศัย,47500,,official_statutory_assessment_rate_not_market_price
118635,34515,ป่าตองทาวเวอร์,-,83,ภูเก็ต,2,กะทู้,2,ป่าตอง,83000000,สำนักงานที่ดินจังหวัดภูเก็ต,24,False,พื้นที่ระเบียง,23750,,official_statutory_assessment_rate_not_market_price
118636,34515,ป่าตองทาวเวอร์,-,83,ภูเก็ต,2,กะทู้,2,ป่าตอง,83000000,สำนักงานที่ดินจังหวัดภูเก็ต,25,False,ห้องชุดพักอาศัย,47500,,official_statutory_assessment_rate_not_market_price
118637,34515,ป่าตองทาวเวอร์,-,83,ภูเก็ต,2,กะทู้,2,ป่าตอง,83000000,สำนักงานที่ดินจังหวัดภูเก็ต,25,False,พื้นที่ระเบียง,23750,,official_statutory_assessment_rate_not_market_price
118638,34515,ป่าตองทาวเวอร์,-,83,ภูเก็ต,2,กะทู้,2,ป่าตอง,83000000,สำนักงานที่ดินจังหวัดภูเก็ต,26,False,ห้องชุดพักอาศัย,48000,,official_statutory_assessment_rate_not_market_price
118639,34515,ป่าตองทาวเวอร์,-,83,ภูเก็ต,2,กะทู้,2,ป่าตอง,83000000,สำนักงานที่ดินจังหวัดภูเก็ต,26,False,พื้นที่ระเบียง,24000,,official_statutory_assessment_rate_not_market_price
118640,34515,ป่าตองทาวเวอร์,-,83,ภูเก็ต,2,กะทู้,2,ป่าตอง,83000000,สำนักงานที่ดินจังหวัดภูเก็ต,27,False,พื้นที่ระเบียง,24500,,official_statutory_assessment_rate_not_market_price
118641,34515,ป่าตองทาวเวอร์,-,83,ภูเก็ต,2,กะทู้,2,ป่าตอง,83000000,สำนักงานที่ดินจังหวัดภูเก็ต,27,False,ห้องชุดพักอาศัยแบบเพนท์เฮ้าส์,49000,,official_statutory_assessment_rate_not_market_price
118642,34515,ป่าตองทาวเวอร์,-,83,ภูเก็ต,2,กะทู้,2,ป่าตอง,83000000,สำนักงานที่ดินจังหวัดภูเก็ต,28,False,ห้องชุดพักอาศัยแบบเพนท์เฮ้าส์,49000,,official_statutory_assessment_rate_not_market_price
118643,34515,ป่าตองทาวเวอร์,-,83,ภูเก็ต,2,กะทู้,2,ป่าตอง,83000000,สำนักงานที่ดินจังหวัดภูเก็ต,28,False,พื้นที่ระเบียง,24500,,official_statutory_assessment_rate_not_market_price
118644,34515,ป่าตองทาวเวอร์,-,83,ภูเก็ต,2,กะทู้,2,ป่าตอง,83000000,สำนักงานที่ดินจังหวัดภูเก็ต,29,False,พื้นที่ระเบียง,24750,,official_statutory_assessment_rate_not_market_price
118645,34515,ป่าตองทาวเวอร์,-,83,ภูเก็ต,2,กะทู้,2,ป่าตอง,83000000,สำนักงานที่ดินจังหวัดภูเก็ต,29,False,ห้องชุดพักอาศัยแบบเพนท์เฮ้าส์,49500,,official_statutory_assessment_rate_not_market_price
118646,34515,ป่าตองทาวเวอร์,-,83,ภูเก็ต,2,กะทู้,2,ป่าตอง,83000000,สำนักงานที่ดินจังหวัดภูเก็ต,30,False,ห้องชุดพักอาศัยแบบเพนท์เฮ้าส์,49500,,official_statutory_assessment_rate_not_market_price
118647,34515,ป่าตองทาวเวอร์,-,83,ภูเก็ต,2,กะทู้,2,ป่าตอง,83000000,สำนักงานที่ดินจังหวัดภูเก็ต,30,False,พื้นที่ระเบียง,24750,,official_statutory_assessment_rate_not_market_price
118648,34515,ป่าตองทาวเวอร์,-,83,ภูเก็ต,2,กะทู้,2,ป่าตอง,83000000,สำนักงานที่ดินจังหวัดภูเก็ต,31,False,พื้นที่ระเบียง,25000,,official_statutory_assessment_rate_not_market_price
118649,34515,ป่าตองทาวเวอร์,-,83,ภูเก็ต,2,กะทู้,2,ป่าตอง,83000000,สำนักงานที่ดินจังหวัดภูเก็ต,31,False,ห้องชุดพักอาศัยแบบเพนท์เฮ้าส์,50000,,official_statutory_assessment_rate_not_market_price
118650,34515,ป่าตองทาวเวอร์,-,83,ภูเก็ต,2,กะทู้,2,ป่าตอง,83000000,สำนักงานที่ดินจังหวัดภูเก็ต,32,False,ห้องชุดพักอาศัยแบบเพนท์เฮ้าส์,50000,,official_statutory_assessment_rate_not_market_price
118651,34515,ป่าตองทาวเวอร์,-,83,ภูเก็ต,2,กะทู้,2,ป่าตอง,83000000,สำนักงานที่ดินจังหวัดภูเก็ต,32,False,พื้นที่ระเบียง,25000,,official_statutory_assessment_rate_not_market_price
118652,34516,ป่าตองฮอลิเดย์พลาซ่า,-,83,ภูเก็ต,2,กะทู้,2,ป่าตอง,83000000,สำนักงานที่ดินจังหวัดภูเก็ต,1,False,ห้องชุดเพื่อประกอบการค้า(ห้องชุดพาณิชยกรรม),66000,,official_statutory_assessment_rate_not_market_price
118653,34516,ป่าตองฮอลิเดย์พลาซ่า,-,83,ภูเก็ต,2,กะทู้,2,ป่าตอง,83000000,สำนักงานที่ดินจังหวัดภูเก็ต,1,False,พื้นที่ระเบียง,33000,,official_statutory_assessment_rate_not_market_price
118654,34516,ป่าตองฮอลิเดย์พลาซ่า,-,83,ภูเก็ต,2,กะทู้,2,ป่าตอง,83000000,สำนักงานที่ดินจังหวัดภูเก็ต,2,False,ห้องชุดเพื่อประกอบการค้า(ห้องชุดพาณิชยกรรม),52000,,official_statutory_assessment_rate_not_market_price
118655,34516,ป่าตองฮอลิเดย์พลาซ่า,-,83,ภูเก็ต,2,กะทู้,2,ป่าตอง,83000000,สำนักงานที่ดินจังหวัดภูเก็ต,2,False,พื้นที่ระเบียง,26000,,official_statutory_assessment_rate_not_market_price
118656,34516,ป่าตองฮอลิเดย์พลาซ่า,-,83,ภูเก็ต,2,กะทู้,2,ป่าตอง,83000000,สำนักงานที่ดินจังหวัดภูเก็ต,3,False,ห้องชุดพักอาศัย,43000,,official_statutory_assessment_rate_not_market_price
118657,34516,ป่าตองฮอลิเดย์พลาซ่า,-,83,ภูเก็ต,2,กะทู้,2,ป่าตอง,83000000,สำนักงานที่ดินจังหวัดภูเก็ต,3,False,พื้นที่ระเบียง,21500,,official_statutory_assessment_rate_not_market_price
118658,34513,ป่าตองไนท์พลาซ่าร์ คอนโดเทล,-,83,ภูเก็ต,2,กะทู้,2,ป่าตอง,83000000,สำนักงานที่ดินจังหวัดภูเก็ต,10,False,ห้องชุดพักอาศัย,28000,,official_statutory_assessment_rate_not_market_price
118659,34513,ป่าตองไนท์พลาซ่าร์ คอนโดเทล,-,83,ภูเก็ต,2,กะทู้,2,ป่าตอง,83000000,สำนักงานที่ดินจังหวัดภูเก็ต,10,False,พื้นที่ระเบียง,14000,,official_statutory_assessment_rate_not_market_price
118660,34513,ป่าตองไนท์พลาซ่าร์ คอนโดเทล,-,83,ภูเก็ต,2,กะทู้,2,ป่าตอง,83000000,สำนักงานที่ดินจังหวัดภูเก็ต,11,False,ห้องชุดพักอาศัย,28000,,official_statutory_assessment_rate_not_market_price
118661,34513,ป่าตองไนท์พลาซ่าร์ คอนโดเทล,-,83,ภูเก็ต,2,กะทู้,2,ป่าตอง,83000000,สำนักงานที่ดินจังหวัดภูเก็ต,11,False,พื้นที่ระเบียง,14000,,official_statutory_assessment_rate_not_market_price
118662,34513,ป่าตองไนท์พลาซ่าร์ คอนโดเทล,-,83,ภูเก็ต,2,กะทู้,2,ป่าตอง,83000000,สำนักงานที่ดินจังหวัดภูเก็ต,12,False,ห้องชุดพักอาศัย,28500,,official_statutory_assessment_rate_not_market_price
118663,34513,ป่าตองไนท์พลาซ่าร์ คอนโดเทล,-,83,ภูเก็ต,2,กะทู้,2,ป่าตอง,83000000,สำนักงานที่ดินจังหวัดภูเก็ต,12,False,พื้นที่ระเบียง,14250,,official_statutory_assessment_rate_not_market_price
118664,34513,ป่าตองไนท์พลาซ่าร์ คอนโดเทล,-,83,ภูเก็ต,2,กะทู้,2,ป่าตอง,83000000,สำนักงานที่ดินจังหวัดภูเก็ต,13,False,ห้องชุดพักอาศัย,28500,,official_statutory_assessment_rate_not_market_price
118665,34513,ป่าตองไนท์พลาซ่าร์ คอนโดเทล,-,83,ภูเก็ต,2,กะทู้,2,ป่าตอง,83000000,สำนักงานที่ดินจังหวัดภูเก็ต,13,False,พื้นที่ระเบียง,14250,,official_statutory_assessment_rate_not_market_price
118666,34513,ป่าตองไนท์พลาซ่าร์ คอนโดเทล,-,83,ภูเก็ต,2,กะทู้,2,ป่าตอง,83000000,สำนักงานที่ดินจังหวัดภูเก็ต,14,False,ห้องชุดพักอาศัย,28500,,official_statutory_assessment_rate_not_market_price
118667,34513,ป่าตองไนท์พลาซ่าร์ คอนโดเทล,-,83,ภูเก็ต,2,กะทู้,2,ป่าตอง,83000000,สำนักงานที่ดินจังหวัดภูเก็ต,14,False,พื้นที่ระเบียง,14250,,official_statutory_assessment_rate_not_market_price
118668,34513,ป่าตองไนท์พลาซ่าร์ คอนโดเทล,-,83,ภูเก็ต,2,กะทู้,2,ป่าตอง,83000000,สำนักงานที่ดินจังหวัดภูเก็ต,15,False,ห้องชุดพักอาศัย,29000,,official_statutory_assessment_rate_not_market_price
118669,34513,ป่าตองไนท์พลาซ่าร์ คอนโดเทล,-,83,ภูเก็ต,2,กะทู้,2,ป่าตอง,83000000,สำนักงานที่ดินจังหวัดภูเก็ต,15,False,พื้นที่ระเบียง,14500,,official_statutory_assessment_rate_not_market_price
118670,34513,ป่าตองไนท์พลาซ่าร์ คอนโดเทล,-,83,ภูเก็ต,2,กะทู้,2,ป่าตอง,83000000,สำนักงานที่ดินจังหวัดภูเก็ต,16,False,ห้องชุดพักอาศัย,29000,,official_statutory_assessment_rate_not_market_price
118671,34513,ป่าตองไนท์พลาซ่าร์ คอนโดเทล,-,83,ภูเก็ต,2,กะทู้,2,ป่าตอง,83000000,สำนักงานที่ดินจังหวัดภูเก็ต,16,False,พื้นที่ระเบียง,14500,,official_statutory_assessment_rate_not_market_price
118672,34513,ป่าตองไนท์พลาซ่าร์ คอนโดเทล,-,83,ภูเก็ต,2,กะทู้,2,ป่าตอง,83000000,สำนักงานที่ดินจังหวัดภูเก็ต,17,False,ห้องชุดพักอาศัย,29000,,official_statutory_assessment_rate_not_market_price
118673,34513,ป่าตองไนท์พลาซ่าร์ คอนโดเทล,-,83,ภูเก็ต,2,กะทู้,2,ป่าตอง,83000000,สำนักงานที่ดินจังหวัดภูเก็ต,17,False,พื้นที่ระเบียง,14500,,official_statutory_assessment_rate_not_market_price
118674,34513,ป่าตองไนท์พลาซ่าร์ คอนโดเทล,-,83,ภูเก็ต,2,กะทู้,2,ป่าตอง,83000000,สำนักงานที่ดินจังหวัดภูเก็ต,2,False,ห้องชุดเพื่อประกอบการค้า(ห้องชุดพาณิชยกรรม),32000,,official_statutory_assessment_rate_not_market_price
118675,34513,ป่าตองไนท์พลาซ่าร์ คอนโดเทล,-,83,ภูเก็ต,2,กะทู้,2,ป่าตอง,83000000,สำนักงานที่ดินจังหวัดภูเก็ต,2,False,พื้นที่ระเบียง,16000,,official_statutory_assessment_rate_not_market_price
118676,34513,ป่าตองไนท์พลาซ่าร์ คอนโดเทล,-,83,ภูเก็ต,2,กะทู้,2,ป่าตอง,83000000,สำนักงานที่ดินจังหวัดภูเก็ต,3,False,ห้องชุดพักอาศัย,27000,,official_statutory_assessment_rate_not_market_price
118677,34513,ป่าตองไนท์พลาซ่าร์ คอนโดเทล,-,83,ภูเก็ต,2,กะทู้,2,ป่าตอง,83000000,สำนักงานที่ดินจังหวัดภูเก็ต,3,False,พื้นที่ระเบียง,13500,,official_statutory_assessment_rate_not_market_price
118678,34513,ป่าตองไนท์พลาซ่าร์ คอนโดเทล,-,83,ภูเก็ต,2,กะทู้,2,ป่าตอง,83000000,สำนักงานที่ดินจังหวัดภูเก็ต,4,False,ห้องชุดพักอาศัย,27000,,official_statutory_assessment_rate_not_market_price
118679,34513,ป่าตองไนท์พลาซ่าร์ คอนโดเทล,-,83,ภูเก็ต,2,กะทู้,2,ป่าตอง,83000000,สำนักงานที่ดินจังหวัดภูเก็ต,4,False,พื้นที่ระเบียง,13500,,official_statutory_assessment_rate_not_market_price
118680,34513,ป่าตองไนท์พลาซ่าร์ คอนโดเทล,-,83,ภูเก็ต,2,กะทู้,2,ป่าตอง,83000000,สำนักงานที่ดินจังหวัดภูเก็ต,5,False,ห้องชุดพักอาศัย,27000,,official_statutory_assessment_rate_not_market_price
118681,34513,ป่าตองไนท์พลาซ่าร์ คอนโดเทล,-,83,ภูเก็ต,2,กะทู้,2,ป่าตอง,83000000,สำนักงานที่ดินจังหวัดภูเก็ต,5,False,พื้นที่ระเบียง,13500,,official_statutory_assessment_rate_not_market_price
118682,34513,ป่าตองไนท์พลาซ่าร์ คอนโดเทล,-,83,ภูเก็ต,2,กะทู้,2,ป่าตอง,83000000,สำนักงานที่ดินจังหวัดภูเก็ต,6,False,ห้องชุดพักอาศัย,27500,,official_statutory_assessment_rate_not_market_price
118683,34513,ป่าตองไนท์พลาซ่าร์ คอนโดเทล,-,83,ภูเก็ต,2,กะทู้,2,ป่าตอง,83000000,สำนักงานที่ดินจังหวัดภูเก็ต,6,False,พื้นที่ระเบียง,13750,,official_statutory_assessment_rate_not_market_price
118684,34513,ป่าตองไนท์พลาซ่าร์ คอนโดเทล,-,83,ภูเก็ต,2,กะทู้,2,ป่าตอง,83000000,สำนักงานที่ดินจังหวัดภูเก็ต,7,False,ห้องชุดพักอาศัย,27500,,official_statutory_assessment_rate_not_market_price
118685,34513,ป่าตองไนท์พลาซ่าร์ คอนโดเทล,-,83,ภูเก็ต,2,กะทู้,2,ป่าตอง,83000000,สำนักงานที่ดินจังหวัดภูเก็ต,7,False,พื้นที่ระเบียง,13750,,official_statutory_assessment_rate_not_market_price
118686,34513,ป่าตองไนท์พลาซ่าร์ คอนโดเทล,-,83,ภูเก็ต,2,กะทู้,2,ป่าตอง,83000000,สำนักงานที่ดินจังหวัดภูเก็ต,8,False,ห้องชุดพักอาศัย,27500,,official_statutory_assessment_rate_not_market_price
118687,34513,ป่าตองไนท์พลาซ่าร์ คอนโดเทล,-,83,ภูเก็ต,2,กะทู้,2,ป่าตอง,83000000,สำนักงานที่ดินจังหวัดภูเก็ต,8,False,พื้นที่ระเบียง,13750,,official_statutory_assessment_rate_not_market_price
118688,34513,ป่าตองไนท์พลาซ่าร์ คอนโดเทล,-,83,ภูเก็ต,2,กะทู้,2,ป่าตอง,83000000,สำนักงานที่ดินจังหวัดภูเก็ต,9,False,ห้องชุดพักอาศัย,28000,,official_statutory_assessment_rate_not_market_price
118689,34513,ป่าตองไนท์พลาซ่าร์ คอนโดเทล,-,83,ภูเก็ต,2,กะทู้,2,ป่าตอง,83000000,สำนักงานที่ดินจังหวัดภูเก็ต,9,False,พื้นที่ระเบียง,14000,,official_statutory_assessment_rate_not_market_price
118690,34512,ป่าตองแกรนด์คอนโดเทล,-,83,ภูเก็ต,2,กะทู้,2,ป่าตอง,83000000,สำนักงานที่ดินจังหวัดภูเก็ต,7,False,ระเบียง,13000,,official_statutory_assessment_rate_not_market_price
118691,34512,ป่าตองแกรนด์คอนโดเทล,-,83,ภูเก็ต,2,กะทู้,2,ป่าตอง,83000000,สำนักงานที่ดินจังหวัดภูเก็ต,8,False,ห้องชุดพักอาศัย,26500,,official_statutory_assessment_rate_not_market_price
118692,34512,ป่าตองแกรนด์คอนโดเทล,-,83,ภูเก็ต,2,กะทู้,2,ป่าตอง,83000000,สำนักงานที่ดินจังหวัดภูเก็ต,8,False,ระเบียง,13250,,official_statutory_assessment_rate_not_market_price
118693,34512,ป่าตองแกรนด์คอนโดเทล,-,83,ภูเก็ต,2,กะทู้,2,ป่าตอง,83000000,สำนักงานที่ดินจังหวัดภูเก็ต,9,False,ห้องชุดพักอาศัย,26500,,official_statutory_assessment_rate_not_market_price
118694,34512,ป่าตองแกรนด์คอนโดเทล,-,83,ภูเก็ต,2,กะทู้,2,ป่าตอง,83000000,สำนักงานที่ดินจังหวัดภูเก็ต,9,False,ระเบียง,13250,,official_statutory_assessment_rate_not_market_price
118695,34512,ป่าตองแกรนด์คอนโดเทล,-,83,ภูเก็ต,2,กะทู้,2,ป่าตอง,83000000,สำนักงานที่ดินจังหวัดภูเก็ต,10,False,ห้องชุดพักอาศัย,26500,,official_statutory_assessment_rate_not_market_price
118696,34512,ป่าตองแกรนด์คอนโดเทล,-,83,ภูเก็ต,2,กะทู้,2,ป่าตอง,83000000,สำนักงานที่ดินจังหวัดภูเก็ต,10,False,ระเบียง,13250,,official_statutory_assessment_rate_not_market_price
118697,34512,ป่าตองแกรนด์คอนโดเทล,-,83,ภูเก็ต,2,กะทู้,2,ป่าตอง,83000000,สำนักงานที่ดินจังหวัดภูเก็ต,11,False,ห้องชุดพักอาศัย,27000,,official_statutory_assessment_rate_not_market_price
118698,34512,ป่าตองแกรนด์คอนโดเทล,-,83,ภูเก็ต,2,กะทู้,2,ป่าตอง,83000000,สำนักงานที่ดินจังหวัดภูเก็ต,11,False,ระเบียง,13500,,official_statutory_assessment_rate_not_market_price
118699,34512,ป่าตองแกรนด์คอนโดเทล,-,83,ภูเก็ต,2,กะทู้,2,ป่าตอง,83000000,สำนักงานที่ดินจังหวัดภูเก็ต,12,False,ห้องชุดพักอาศัย,27000,,official_statutory_assessment_rate_not_market_price
118700,34512,ป่าตองแกรนด์คอนโดเทล,-,83,ภูเก็ต,2,กะทู้,2,ป่าตอง,83000000,สำนักงานที่ดินจังหวัดภูเก็ต,12,False,ระเบียง,13500,,official_statutory_assessment_rate_not_market_price
118701,34513,ป่าตองไนท์พลาซ่าร์ คอนโดเทล,-,83,ภูเก็ต,2,กะทู้,2,ป่าตอง,83000000,สำนักงานที่ดินจังหวัดภูเก็ต,1,False,ห้องชุดเพื่อประกอบการค้า(ห้องชุดพาณิชยกรรม),32000,,official_statutory_assessment_rate_not_market_price
118702,34513,ป่าตองไนท์พลาซ่าร์ คอนโดเทล,-,83,ภูเก็ต,2,กะทู้,2,ป่าตอง,83000000,สำนักงานที่ดินจังหวัดภูเก็ต,2,False,ห้องชุดเพื่อประกอบการค้า(ห้องชุดพาณิชยกรรม),32000,118674,official_statutory_assessment_rate_not_market_price
118703,34513,ป่าตองไนท์พลาซ่าร์ คอนโดเทล,-,83,ภูเก็ต,2,กะทู้,2,ป่าตอง,83000000,สำนักงานที่ดินจังหวัดภูเก็ต,3,False,ห้องชุดพักอาศัย,27000,118676,official_statutory_assessment_rate_not_market_price
118704,34513,ป่าตองไนท์พลาซ่าร์ คอนโดเทล,-,83,ภูเก็ต,2,กะทู้,2,ป่าตอง,83000000,สำนักงานที่ดินจังหวัดภูเก็ต,1,False,ห้องชุดเพื่อประกอบการค้า(ห้องชุดพาณิชยกรรม),32000,118701,official_statutory_assessment_rate_not_market_price
118705,34513,ป่าตองไนท์พลาซ่าร์ คอนโดเทล,-,83,ภูเก็ต,2,กะทู้,2,ป่าตอง,83000000,สำนักงานที่ดินจังหวัดภูเก็ต,1,False,พื้นที่ระเบียง,16000,,official_statutory_assessment_rate_not_market_price
118706,34511,ป่าตอง ฮาร์เบอร์ วิว,C,83,ภูเก็ต,2,กะทู้,2,ป่าตอง,83000000,สำนักงานที่ดินจังหวัดภูเก็ต,4,False,ห้องชุดพักอาศัย,51500,,official_statutory_assessment_rate_not_market_price
118707,34511,ป่าตอง ฮาร์เบอร์ วิว,C,83,ภูเก็ต,2,กะทู้,2,ป่าตอง,83000000,สำนักงานที่ดินจังหวัดภูเก็ต,4,False,ระเบียง,25750,,official_statutory_assessment_rate_not_market_price
118708,34511,ป่าตอง ฮาร์เบอร์ วิว,C,83,ภูเก็ต,2,กะทู้,2,ป่าตอง,83000000,สำนักงานที่ดินจังหวัดภูเก็ต,5,False,ห้องชุดพักอาศัย,52000,,official_statutory_assessment_rate_not_market_price
118709,34511,ป่าตอง ฮาร์เบอร์ วิว,C,83,ภูเก็ต,2,กะทู้,2,ป่าตอง,83000000,สำนักงานที่ดินจังหวัดภูเก็ต,5,False,ระเบียง,26000,,official_statutory_assessment_rate_not_market_price
118710,34512,ป่าตองแกรนด์คอนโดเทล,-,83,ภูเก็ต,2,กะทู้,2,ป่าตอง,83000000,สำนักงานที่ดินจังหวัดภูเก็ต,1,False,ห้องชุดเพื่อประกอบการค้า(ห้องชุดพาณิชยกรรม),30000,,official_statutory_assessment_rate_not_market_price
118711,34512,ป่าตองแกรนด์คอนโดเทล,-,83,ภูเก็ต,2,กะทู้,2,ป่าตอง,83000000,สำนักงานที่ดินจังหวัดภูเก็ต,1,False,ระเบียง,15000,,official_statutory_assessment_rate_not_market_price
118712,34512,ป่าตองแกรนด์คอนโดเทล,-,83,ภูเก็ต,2,กะทู้,2,ป่าตอง,83000000,สำนักงานที่ดินจังหวัดภูเก็ต,2,False,ห้องชุดพักอาศัย,25500,,official_statutory_assessment_rate_not_market_price
118713,34512,ป่าตองแกรนด์คอนโดเทล,-,83,ภูเก็ต,2,กะทู้,2,ป่าตอง,83000000,สำนักงานที่ดินจังหวัดภูเก็ต,2,False,ระเบียง,12750,,official_statutory_assessment_rate_not_market_price
118714,34512,ป่าตองแกรนด์คอนโดเทล,-,83,ภูเก็ต,2,กะทู้,2,ป่าตอง,83000000,สำนักงานที่ดินจังหวัดภูเก็ต,3,False,ห้องชุดพักอาศัย,25500,,official_statutory_assessment_rate_not_market_price
118715,34512,ป่าตองแกรนด์คอนโดเทล,-,83,ภูเก็ต,2,กะทู้,2,ป่าตอง,83000000,สำนักงานที่ดินจังหวัดภูเก็ต,3,False,ระเบียง,12750,,official_statutory_assessment_rate_not_market_price
118716,34512,ป่าตองแกรนด์คอนโดเทล,-,83,ภูเก็ต,2,กะทู้,2,ป่าตอง,83000000,สำนักงานที่ดินจังหวัดภูเก็ต,4,False,ห้องชุดพักอาศัย,25500,,official_statutory_assessment_rate_not_market_price
118717,34512,ป่าตองแกรนด์คอนโดเทล,-,83,ภูเก็ต,2,กะทู้,2,ป่าตอง,83000000,สำนักงานที่ดินจังหวัดภูเก็ต,4,False,ระเบียง,12750,,official_statutory_assessment_rate_not_market_price
118718,34512,ป่าตองแกรนด์คอนโดเทล,-,83,ภูเก็ต,2,กะทู้,2,ป่าตอง,83000000,สำนักงานที่ดินจังหวัดภูเก็ต,5,False,ห้องชุดพักอาศัย,26000,,official_statutory_assessment_rate_not_market_price
118719,34512,ป่าตองแกรนด์คอนโดเทล,-,83,ภูเก็ต,2,กะทู้,2,ป่าตอง,83000000,สำนักงานที่ดินจังหวัดภูเก็ต,5,False,ระเบียง,13000,,official_statutory_assessment_rate_not_market_price
118720,34512,ป่าตองแกรนด์คอนโดเทล,-,83,ภูเก็ต,2,กะทู้,2,ป่าตอง,83000000,สำนักงานที่ดินจังหวัดภูเก็ต,6,False,ห้องชุดพักอาศัย,26000,,official_statutory_assessment_rate_not_market_price
118721,34512,ป่าตองแกรนด์คอนโดเทล,-,83,ภูเก็ต,2,กะทู้,2,ป่าตอง,83000000,สำนักงานที่ดินจังหวัดภูเก็ต,6,False,ระเบียง,13000,,official_statutory_assessment_rate_not_market_price
118722,34512,ป่าตองแกรนด์คอนโดเทล,-,83,ภูเก็ต,2,กะทู้,2,ป่าตอง,83000000,สำนักงานที่ดินจังหวัดภูเก็ต,7,False,ห้องชุดพักอาศัย,26000,,official_statutory_assessment_rate_not_market_price
118723,34388,เดอะ เรซิเดนส์ กะหลิมเบย์,B,83,ภูเก็ต,2,กะทู้,2,ป่าตอง,83000000,สำนักงานที่ดินจังหวัดภูเก็ต,3,False,ระเบียง,22000,,official_statutory_assessment_rate_not_market_price
118724,34388,เดอะ เรซิเดนส์ กะหลิมเบย์,B,83,ภูเก็ต,2,กะทู้,2,ป่าตอง,83000000,สำนักงานที่ดินจังหวัดภูเก็ต,4,False,ห้องชุดพักอาศัย,44500,,official_statutory_assessment_rate_not_market_price
118725,34388,เดอะ เรซิเดนส์ กะหลิมเบย์,B,83,ภูเก็ต,2,กะทู้,2,ป่าตอง,83000000,สำนักงานที่ดินจังหวัดภูเก็ต,4,False,ระเบียง,22250,,official_statutory_assessment_rate_not_market_price
118726,34388,เดอะ เรซิเดนส์ กะหลิมเบย์,C,83,ภูเก็ต,2,กะทู้,2,ป่าตอง,83000000,สำนักงานที่ดินจังหวัดภูเก็ต,1,False,ห้องชุดพักอาศัย,43000,,official_statutory_assessment_rate_not_market_price
118727,34388,เดอะ เรซิเดนส์ กะหลิมเบย์,C,83,ภูเก็ต,2,กะทู้,2,ป่าตอง,83000000,สำนักงานที่ดินจังหวัดภูเก็ต,1,False,ระเบียง,21500,,official_statutory_assessment_rate_not_market_price
118728,34388,เดอะ เรซิเดนส์ กะหลิมเบย์,C,83,ภูเก็ต,2,กะทู้,2,ป่าตอง,83000000,สำนักงานที่ดินจังหวัดภูเก็ต,2,False,ห้องชุดพักอาศัย,43500,,official_statutory_assessment_rate_not_market_price
118729,34388,เดอะ เรซิเดนส์ กะหลิมเบย์,C,83,ภูเก็ต,2,กะทู้,2,ป่าตอง,83000000,สำนักงานที่ดินจังหวัดภูเก็ต,2,False,ระเบียง,21750,,official_statutory_assessment_rate_not_market_price
118730,34388,เดอะ เรซิเดนส์ กะหลิมเบย์,C,83,ภูเก็ต,2,กะทู้,2,ป่าตอง,83000000,สำนักงานที่ดินจังหวัดภูเก็ต,3,False,ห้องชุดพักอาศัย,44000,,official_statutory_assessment_rate_not_market_price
118731,34388,เดอะ เรซิเดนส์ กะหลิมเบย์,C,83,ภูเก็ต,2,กะทู้,2,ป่าตอง,83000000,สำนักงานที่ดินจังหวัดภูเก็ต,3,False,ระเบียง,22000,,official_statutory_assessment_rate_not_market_price
118732,34388,เดอะ เรซิเดนส์ กะหลิมเบย์,C,83,ภูเก็ต,2,กะทู้,2,ป่าตอง,83000000,สำนักงานที่ดินจังหวัดภูเก็ต,4,False,ห้องชุดพักอาศัย,44500,,official_statutory_assessment_rate_not_market_price
118733,34388,เดอะ เรซิเดนส์ กะหลิมเบย์,C,83,ภูเก็ต,2,กะทู้,2,ป่าตอง,83000000,สำนักงานที่ดินจังหวัดภูเก็ต,4,False,ระเบียง,22250,,official_statutory_assessment_rate_not_market_price
118734,34388,เดอะ เรซิเดนส์ กะหลิมเบย์,A,83,ภูเก็ต,2,กะทู้,2,ป่าตอง,83000000,สำนักงานที่ดินจังหวัดภูเก็ต,1,False,ห้องชุดพักอาศัย,43000,,official_statutory_assessment_rate_not_market_price
118735,34388,เดอะ เรซิเดนส์ กะหลิมเบย์,A,83,ภูเก็ต,2,กะทู้,2,ป่าตอง,83000000,สำนักงานที่ดินจังหวัดภูเก็ต,1,False,ระเบียง,21500,,official_statutory_assessment_rate_not_market_price
118736,34388,เดอะ เรซิเดนส์ กะหลิมเบย์,A,83,ภูเก็ต,2,กะทู้,2,ป่าตอง,83000000,สำนักงานที่ดินจังหวัดภูเก็ต,2,False,ห้องชุดพักอาศัย,43500,,official_statutory_assessment_rate_not_market_price
118737,34388,เดอะ เรซิเดนส์ กะหลิมเบย์,A,83,ภูเก็ต,2,กะทู้,2,ป่าตอง,83000000,สำนักงานที่ดินจังหวัดภูเก็ต,2,False,ระเบียง,21750,,official_statutory_assessment_rate_not_market_price
118738,34388,เดอะ เรซิเดนส์ กะหลิมเบย์,A,83,ภูเก็ต,2,กะทู้,2,ป่าตอง,83000000,สำนักงานที่ดินจังหวัดภูเก็ต,3,False,ห้องชุดพักอาศัย,44000,,official_statutory_assessment_rate_not_market_price
118739,34388,เดอะ เรซิเดนส์ กะหลิมเบย์,A,83,ภูเก็ต,2,กะทู้,2,ป่าตอง,83000000,สำนักงานที่ดินจังหวัดภูเก็ต,3,False,ระเบียง,22000,,official_statutory_assessment_rate_not_market_price
118740,34388,เดอะ เรซิเดนส์ กะหลิมเบย์,A,83,ภูเก็ต,2,กะทู้,2,ป่าตอง,83000000,สำนักงานที่ดินจังหวัดภูเก็ต,4,False,ห้องชุดพักอาศัย,44500,,official_statutory_assessment_rate_not_market_price
118741,34388,เดอะ เรซิเดนส์ กะหลิมเบย์,A,83,ภูเก็ต,2,กะทู้,2,ป่าตอง,83000000,สำนักงานที่ดินจังหวัดภูเก็ต,4,False,ระเบียง,22250,,official_statutory_assessment_rate_not_market_price
118742,34388,เดอะ เรซิเดนส์ กะหลิมเบย์,B,83,ภูเก็ต,2,กะทู้,2,ป่าตอง,83000000,สำนักงานที่ดินจังหวัดภูเก็ต,1,False,ห้องชุดพักอาศัย,43000,,official_statutory_assessment_rate_not_market_price
118743,34388,เดอะ เรซิเดนส์ กะหลิมเบย์,B,83,ภูเก็ต,2,กะทู้,2,ป่าตอง,83000000,สำนักงานที่ดินจังหวัดภูเก็ต,1,False,ระเบียง,21500,,official_statutory_assessment_rate_not_market_price
118744,34388,เดอะ เรซิเดนส์ กะหลิมเบย์,B,83,ภูเก็ต,2,กะทู้,2,ป่าตอง,83000000,สำนักงานที่ดินจังหวัดภูเก็ต,2,False,ห้องชุดพักอาศัย,43500,,official_statutory_assessment_rate_not_market_price
118745,34388,เดอะ เรซิเดนส์ กะหลิมเบย์,B,83,ภูเก็ต,2,กะทู้,2,ป่าตอง,83000000,สำนักงานที่ดินจังหวัดภูเก็ต,2,False,ระเบียง,21750,,official_statutory_assessment_rate_not_market_price
118746,34388,เดอะ เรซิเดนส์ กะหลิมเบย์,B,83,ภูเก็ต,2,กะทู้,2,ป่าตอง,83000000,สำนักงานที่ดินจังหวัดภูเก็ต,3,False,ห้องชุดพักอาศัย,44000,,official_statutory_assessment_rate_not_market_price
118747,34539,ภูเก็ตพาเลซ,-,83,ภูเก็ต,2,กะทู้,2,ป่าตอง,83000000,สำนักงานที่ดินจังหวัดภูเก็ต,2,False,ห้องชุดพักอาศัย,38000,,official_statutory_assessment_rate_not_market_price
118748,34539,ภูเก็ตพาเลซ,-,83,ภูเก็ต,2,กะทู้,2,ป่าตอง,83000000,สำนักงานที่ดินจังหวัดภูเก็ต,2,False,ระเบียง,19000,,official_statutory_assessment_rate_not_market_price
118749,34539,ภูเก็ตพาเลซ,-,83,ภูเก็ต,2,กะทู้,2,ป่าตอง,83000000,สำนักงานที่ดินจังหวัดภูเก็ต,3,False,ห้องชุดพักอาศัย,38000,,official_statutory_assessment_rate_not_market_price
118750,34539,ภูเก็ตพาเลซ,-,83,ภูเก็ต,2,กะทู้,2,ป่าตอง,83000000,สำนักงานที่ดินจังหวัดภูเก็ต,3,False,ระเบียง,19000,,official_statutory_assessment_rate_not_market_price
118751,34539,ภูเก็ตพาเลซ,-,83,ภูเก็ต,2,กะทู้,2,ป่าตอง,83000000,สำนักงานที่ดินจังหวัดภูเก็ต,4,False,ห้องชุดพักอาศัย,38000,,official_statutory_assessment_rate_not_market_price
118752,34539,ภูเก็ตพาเลซ,-,83,ภูเก็ต,2,กะทู้,2,ป่าตอง,83000000,สำนักงานที่ดินจังหวัดภูเก็ต,4,False,ระเบียง,19000,,official_statutory_assessment_rate_not_market_price
118753,34539,ภูเก็ตพาเลซ,-,83,ภูเก็ต,2,กะทู้,2,ป่าตอง,83000000,สำนักงานที่ดินจังหวัดภูเก็ต,5,False,ห้องชุดพักอาศัย,38500,,official_statutory_assessment_rate_not_market_price
118754,34539,ภูเก็ตพาเลซ,-,83,ภูเก็ต,2,กะทู้,2,ป่าตอง,83000000,สำนักงานที่ดินจังหวัดภูเก็ต,5,False,ระเบียง,19250,,official_statutory_assessment_rate_not_market_price
118755,34539,ภูเก็ตพาเลซ,-,83,ภูเก็ต,2,กะทู้,2,ป่าตอง,83000000,สำนักงานที่ดินจังหวัดภูเก็ต,6,False,ห้องชุดพักอาศัย,38500,,official_statutory_assessment_rate_not_market_price
118756,34539,ภูเก็ตพาเลซ,-,83,ภูเก็ต,2,กะทู้,2,ป่าตอง,83000000,สำนักงานที่ดินจังหวัดภูเก็ต,6,False,ระเบียง,19250,,official_statutory_assessment_rate_not_market_price
118757,34539,ภูเก็ตพาเลซ,-,83,ภูเก็ต,2,กะทู้,2,ป่าตอง,83000000,สำนักงานที่ดินจังหวัดภูเก็ต,7,False,ห้องชุดพักอาศัย,38500,,official_statutory_assessment_rate_not_market_price
118758,34539,ภูเก็ตพาเลซ,-,83,ภูเก็ต,2,กะทู้,2,ป่าตอง,83000000,สำนักงานที่ดินจังหวัดภูเก็ต,7,False,ระเบียง,19250,,official_statutory_assessment_rate_not_market_price
118759,34539,ภูเก็ตพาเลซ,-,83,ภูเก็ต,2,กะทู้,2,ป่าตอง,83000000,สำนักงานที่ดินจังหวัดภูเก็ต,8,False,ห้องชุดพักอาศัย,39000,,official_statutory_assessment_rate_not_market_price
118760,34539,ภูเก็ตพาเลซ,-,83,ภูเก็ต,2,กะทู้,2,ป่าตอง,83000000,สำนักงานที่ดินจังหวัดภูเก็ต,8,False,ระเบียง,19500,,official_statutory_assessment_rate_not_market_price
118761,34539,ภูเก็ตพาเลซ,-,83,ภูเก็ต,2,กะทู้,2,ป่าตอง,83000000,สำนักงานที่ดินจังหวัดภูเก็ต,9,False,ห้องชุดพักอาศัย,39000,,official_statutory_assessment_rate_not_market_price
118762,34539,ภูเก็ตพาเลซ,-,83,ภูเก็ต,2,กะทู้,2,ป่าตอง,83000000,สำนักงานที่ดินจังหวัดภูเก็ต,9,False,ระเบียง,19500,,official_statutory_assessment_rate_not_market_price
118763,34539,ภูเก็ตพาเลซ,-,83,ภูเก็ต,2,กะทู้,2,ป่าตอง,83000000,สำนักงานที่ดินจังหวัดภูเก็ต,10,False,ห้องชุดพักอาศัย,39000,,official_statutory_assessment_rate_not_market_price
118764,34539,ภูเก็ตพาเลซ,-,83,ภูเก็ต,2,กะทู้,2,ป่าตอง,83000000,สำนักงานที่ดินจังหวัดภูเก็ต,10,False,ระเบียง,19500,,official_statutory_assessment_rate_not_market_price
118765,34539,ภูเก็ตพาเลซ,-,83,ภูเก็ต,2,กะทู้,2,ป่าตอง,83000000,สำนักงานที่ดินจังหวัดภูเก็ต,11,False,ห้องชุดพักอาศัย,39500,,official_statutory_assessment_rate_not_market_price
118766,34539,ภูเก็ตพาเลซ,-,83,ภูเก็ต,2,กะทู้,2,ป่าตอง,83000000,สำนักงานที่ดินจังหวัดภูเก็ต,11,False,ระเบียง,19750,,official_statutory_assessment_rate_not_market_price
118767,34539,ภูเก็ตพาเลซ,-,83,ภูเก็ต,2,กะทู้,2,ป่าตอง,83000000,สำนักงานที่ดินจังหวัดภูเก็ต,12,False,ห้องชุดพักอาศัย,39500,,official_statutory_assessment_rate_not_market_price
118768,34539,ภูเก็ตพาเลซ,-,83,ภูเก็ต,2,กะทู้,2,ป่าตอง,83000000,สำนักงานที่ดินจังหวัดภูเก็ต,12,False,ระเบียง,19750,,official_statutory_assessment_rate_not_market_price
118769,34539,ภูเก็ตพาเลซ,-,83,ภูเก็ต,2,กะทู้,2,ป่าตอง,83000000,สำนักงานที่ดินจังหวัดภูเก็ต,13,False,ห้องชุดพักอาศัย,39500,,official_statutory_assessment_rate_not_market_price
118770,34539,ภูเก็ตพาเลซ,-,83,ภูเก็ต,2,กะทู้,2,ป่าตอง,83000000,สำนักงานที่ดินจังหวัดภูเก็ต,13,False,ระเบียง,19750,,official_statutory_assessment_rate_not_market_price
118771,34540,ภูเก็ตวิลล่า ป่าตองบีช,-,83,ภูเก็ต,2,กะทู้,2,ป่าตอง,83000000,สำนักงานที่ดินจังหวัดภูเก็ต,1,False,ห้องชุดเพื่อประกอบการค้า(ห้องชุดพาณิชยกรรม),78500,,official_statutory_assessment_rate_not_market_price
118772,34540,ภูเก็ตวิลล่า ป่าตองบีช,-,83,ภูเก็ต,2,กะทู้,2,ป่าตอง,83000000,สำนักงานที่ดินจังหวัดภูเก็ต,7,False,พักอาศัยตากอากาศ,67000,,official_statutory_assessment_rate_not_market_price
118773,34540,ภูเก็ตวิลล่า ป่าตองบีช,-,83,ภูเก็ต,2,กะทู้,2,ป่าตอง,83000000,สำนักงานที่ดินจังหวัดภูเก็ต,7,False,พื้นที่ระเบียง,33500,,official_statutory_assessment_rate_not_market_price
118774,34540,ภูเก็ตวิลล่า ป่าตองบีช,-,83,ภูเก็ต,2,กะทู้,2,ป่าตอง,83000000,สำนักงานที่ดินจังหวัดภูเก็ต,1-ก.พ.,True,พักอาศัยตากอากาศ,65500,,official_statutory_assessment_rate_not_market_price
118775,34540,ภูเก็ตวิลล่า ป่าตองบีช,-,83,ภูเก็ต,2,กะทู้,2,ป่าตอง,83000000,สำนักงานที่ดินจังหวัดภูเก็ต,1-ก.พ.,True,พื้นที่ระเบียง,32750,,official_statutory_assessment_rate_not_market_price
118776,34540,ภูเก็ตวิลล่า ป่าตองบีช,-,83,ภูเก็ต,2,กะทู้,2,ป่าตอง,83000000,สำนักงานที่ดินจังหวัดภูเก็ต,3-เม.ย.,True,พักอาศัยตากอากาศ,66000,,official_statutory_assessment_rate_not_market_price
118777,34540,ภูเก็ตวิลล่า ป่าตองบีช,-,83,ภูเก็ต,2,กะทู้,2,ป่าตอง,83000000,สำนักงานที่ดินจังหวัดภูเก็ต,3-เม.ย.,True,พื้นที่ระเบียง,33000,,official_statutory_assessment_rate_not_market_price
118778,34540,ภูเก็ตวิลล่า ป่าตองบีช,-,83,ภูเก็ต,2,กะทู้,2,ป่าตอง,83000000,สำนักงานที่ดินจังหวัดภูเก็ต,5-มิ.ย.,True,พักอาศัยตากอากาศ,66500,,official_statutory_assessment_rate_not_market_price
118779,34540,ภูเก็ตวิลล่า ป่าตองบีช,-,83,ภูเก็ต,2,กะทู้,2,ป่าตอง,83000000,สำนักงานที่ดินจังหวัดภูเก็ต,5-มิ.ย.,True,พื้นที่ระเบียง,33250,,official_statutory_assessment_rate_not_market_price
118780,34540,ภูเก็ตวิลล่า ป่าตองบีช,-,83,ภูเก็ต,2,กะทู้,2,ป่าตอง,83000000,สำนักงานที่ดินจังหวัดภูเก็ต,ใต้ดิน,False,ห้องชุดเพื่อประกอบการค้า(ห้องชุดพาณิชยกรรม),78000,,official_statutory_assessment_rate_not_market_price
118781,34540,ภูเก็ตวิลล่า ป่าตองบีช,-,83,ภูเก็ต,2,กะทู้,2,ป่าตอง,83000000,สำนักงานที่ดินจังหวัดภูเก็ต,"ใต้ดิน,1",False,ห้องชุดเพื่อประกอบการค้า(ห้องชุดพาณิชยกรรม),78500,,official_statutory_assessment_rate_not_market_price
118782,34558,วอเตอร์ไซด์ ซูทส์ ,E,83,ภูเก็ต,2,กะทู้,2,ป่าตอง,83000000,สำนักงานที่ดินจังหวัดภูเก็ต,1,False,ห้องชุดเพื่อประกอบการค้าที่มีระเบียงลงสระว่ายน้ำส่วนกลาง/พื้นที่ระเบียง,62400,,official_statutory_assessment_rate_not_market_price
118783,34558,วอเตอร์ไซด์ ซูทส์ ,E,83,ภูเก็ต,2,กะทู้,2,ป่าตอง,83000000,สำนักงานที่ดินจังหวัดภูเก็ต,2,False,ห้องชุดเพื่อประกอบการค้า(ห้องชุดพาณิชยกรรม)/พื้นที่ระเบียง,63200,,official_statutory_assessment_rate_not_market_price
118784,34558,วอเตอร์ไซด์ ซูทส์ ,E,83,ภูเก็ต,2,กะทู้,2,ป่าตอง,83000000,สำนักงานที่ดินจังหวัดภูเก็ต,3,False,ห้องชุดเพื่อประกอบการค้า(ห้องชุดพาณิชยกรรม)/พื้นที่ระเบียง,64300,,official_statutory_assessment_rate_not_market_price
118785,34558,วอเตอร์ไซด์ ซูทส์ ,E,83,ภูเก็ต,2,กะทู้,2,ป่าตอง,83000000,สำนักงานที่ดินจังหวัดภูเก็ต,4,False,ห้องชุดเพื่อประกอบการค้า(ห้องชุดพาณิชยกรรม)/พื้นที่ระเบียง,65600,,official_statutory_assessment_rate_not_market_price
118786,34558,วอเตอร์ไซด์ ซูทส์ ,E,83,ภูเก็ต,2,กะทู้,2,ป่าตอง,83000000,สำนักงานที่ดินจังหวัดภูเก็ต,5,False,ห้องชุดเพื่อประกอบการค้า(ห้องชุดพาณิชยกรรม)/พื้นที่ระเบียง,67000,,official_statutory_assessment_rate_not_market_price
118787,34558,วอเตอร์ไซด์ ซูทส์ ,F,83,ภูเก็ต,2,กะทู้,2,ป่าตอง,83000000,สำนักงานที่ดินจังหวัดภูเก็ต,1,False,ห้องชุดเพื่อประกอบการค้าที่มีระเบียงลงสระว่ายน้ำส่วนกลาง/พื้นที่ระเบียง,63400,,official_statutory_assessment_rate_not_market_price
118788,34558,วอเตอร์ไซด์ ซูทส์ ,F,83,ภูเก็ต,2,กะทู้,2,ป่าตอง,83000000,สำนักงานที่ดินจังหวัดภูเก็ต,2,False,ห้องชุดเพื่อประกอบการค้า(ห้องชุดพาณิชยกรรม)/พื้นที่ระเบียง,63200,,official_statutory_assessment_rate_not_market_price
118789,34558,วอเตอร์ไซด์ ซูทส์ ,F,83,ภูเก็ต,2,กะทู้,2,ป่าตอง,83000000,สำนักงานที่ดินจังหวัดภูเก็ต,3,False,ห้องชุดเพื่อประกอบการค้า(ห้องชุดพาณิชยกรรม)/พื้นที่ระเบียง,64300,,official_statutory_assessment_rate_not_market_price
118790,34558,วอเตอร์ไซด์ ซูทส์ ,J,83,ภูเก็ต,2,กะทู้,2,ป่าตอง,83000000,สำนักงานที่ดินจังหวัดภูเก็ต,1,False,ห้องชุดเพื่อประกอบการค้าที่มีระเบียงลงสระว่ายน้ำส่วนกลาง/พื้นที่ระเบียง,63400,,official_statutory_assessment_rate_not_market_price
118791,34558,วอเตอร์ไซด์ ซูทส์ ,J,83,ภูเก็ต,2,กะทู้,2,ป่าตอง,83000000,สำนักงานที่ดินจังหวัดภูเก็ต,2,False,ห้องชุดเพื่อประกอบการค้า(ห้องชุดพาณิชยกรรม)/พื้นที่ระเบียง,63200,,official_statutory_assessment_rate_not_market_price
118792,34558,วอเตอร์ไซด์ ซูทส์ ,J,83,ภูเก็ต,2,กะทู้,2,ป่าตอง,83000000,สำนักงานที่ดินจังหวัดภูเก็ต,3,False,ห้องชุดเพื่อประกอบการค้า(ห้องชุดพาณิชยกรรม)/พื้นที่ระเบียง,64300,,official_statutory_assessment_rate_not_market_price
118793,34558,วอเตอร์ไซด์ ซูทส์ ,J,83,ภูเก็ต,2,กะทู้,2,ป่าตอง,83000000,สำนักงานที่ดินจังหวัดภูเก็ต,4,False,ห้องชุดเพื่อประกอบการค้า(ห้องชุดพาณิชยกรรม)/พื้นที่ระเบียง,65600,,official_statutory_assessment_rate_not_market_price
118794,34559,วิมานภูเก็ต,A,83,ภูเก็ต,2,กะทู้,2,ป่าตอง,83000000,สำนักงานที่ดินจังหวัดภูเก็ต,1,False,ห้องชุดพักอาศัยตากอากาศ/พื้นทีระเบียง,73100,,official_statutory_assessment_rate_not_market_price
118795,34559,วิมานภูเก็ต,A,83,ภูเก็ต,2,กะทู้,2,ป่าตอง,83000000,สำนักงานที่ดินจังหวัดภูเก็ต,2,False,ห้องชุดพักอาศัยตากอากาศ/พื้นทีระเบียง,74000,,official_statutory_assessment_rate_not_market_price
118796,34559,วิมานภูเก็ต,A,83,ภูเก็ต,2,กะทู้,2,ป่าตอง,83000000,สำนักงานที่ดินจังหวัดภูเก็ต,3,False,ห้องชุดพักอาศัยตากอากาศ/พื้นทีระเบียง,75300,,official_statutory_assessment_rate_not_market_price
118797,34559,วิมานภูเก็ต,B,83,ภูเก็ต,2,กะทู้,2,ป่าตอง,83000000,สำนักงานที่ดินจังหวัดภูเก็ต,1,False,ห้องชุดพักอาศัยตากอากาศ/พื้นทีระเบียง,73100,,official_statutory_assessment_rate_not_market_price
118798,34559,วิมานภูเก็ต,B,83,ภูเก็ต,2,กะทู้,2,ป่าตอง,83000000,สำนักงานที่ดินจังหวัดภูเก็ต,2,False,ห้องชุดพักอาศัยตากอากาศ/พื้นทีระเบียง,74000,,official_statutory_assessment_rate_not_market_price
118799,34559,วิมานภูเก็ต,B,83,ภูเก็ต,2,กะทู้,2,ป่าตอง,83000000,สำนักงานที่ดินจังหวัดภูเก็ต,3,False,ห้องชุดพักอาศัยตากอากาศ/พื้นทีระเบียง,75300,,official_statutory_assessment_rate_not_market_price
118800,34492,ดิเอ็มเมอร์รัล เทอเรซ คอนโด ป่าตอง,-,83,ภูเก็ต,2,กะทู้,2,ป่าตอง,83000000,สำนักงานที่ดินจังหวัดภูเก็ต,1-ก.พ.,True,ห้องชุดพักอาศัยตากอากาศ,79500,,official_statutory_assessment_rate_not_market_price
118801,34492,ดิเอ็มเมอร์รัล เทอเรซ คอนโด ป่าตอง,-,83,ภูเก็ต,2,กะทู้,2,ป่าตอง,83000000,สำนักงานที่ดินจังหวัดภูเก็ต,1-ก.พ.,True,พื้นที่ระเบียง,39750,,official_statutory_assessment_rate_not_market_price
118802,34492,ดิเอ็มเมอร์รัล เทอเรซ คอนโด ป่าตอง,-,83,ภูเก็ต,2,กะทู้,2,ป่าตอง,83000000,สำนักงานที่ดินจังหวัดภูเก็ต,3-เม.ย.,True,ห้องชุดพักอาศัยตากอากาศ,80000,,official_statutory_assessment_rate_not_market_price
118803,34492,ดิเอ็มเมอร์รัล เทอเรซ คอนโด ป่าตอง,-,83,ภูเก็ต,2,กะทู้,2,ป่าตอง,83000000,สำนักงานที่ดินจังหวัดภูเก็ต,3-เม.ย.,True,พื้นที่ระเบียง,40000,,official_statutory_assessment_rate_not_market_price
118804,34492,ดิเอ็มเมอร์รัล เทอเรซ คอนโด ป่าตอง,-,83,ภูเก็ต,2,กะทู้,2,ป่าตอง,83000000,สำนักงานที่ดินจังหวัดภูเก็ต,5-มิ.ย.,True,ห้องชุดพักอาศัยตากอากาศ,80500,,official_statutory_assessment_rate_not_market_price
118805,34492,ดิเอ็มเมอร์รัล เทอเรซ คอนโด ป่าตอง,-,83,ภูเก็ต,2,กะทู้,2,ป่าตอง,83000000,สำนักงานที่ดินจังหวัดภูเก็ต,5-มิ.ย.,True,พื้นที่ระเบียง,40250,,official_statutory_assessment_rate_not_market_price
118806,34492,ดิเอ็มเมอร์รัล เทอเรซ คอนโด ป่าตอง,-,83,ภูเก็ต,2,กะทู้,2,ป่าตอง,83000000,สำนักงานที่ดินจังหวัดภูเก็ต,7-ส.ค.,True,ห้องชุดพักอาศัยตากอากาศ,81000,,official_statutory_assessment_rate_not_market_price
118807,34492,ดิเอ็มเมอร์รัล เทอเรซ คอนโด ป่าตอง,-,83,ภูเก็ต,2,กะทู้,2,ป่าตอง,83000000,สำนักงานที่ดินจังหวัดภูเก็ต,7-ส.ค.,True,พื้นที่ระเบียง,40500,,official_statutory_assessment_rate_not_market_price
118808,34492,ดิเอ็มเมอร์รัล เทอเรซ คอนโด ป่าตอง,-,83,ภูเก็ต,2,กะทู้,2,ป่าตอง,83000000,สำนักงานที่ดินจังหวัดภูเก็ต,"7,8",False,พักอาศัยตากอากาศ2ชั้นควบ,82000,,official_statutory_assessment_rate_not_market_price
118809,34492,ดิเอ็มเมอร์รัล เทอเรซ คอนโด ป่าตอง,-,83,ภูเก็ต,2,กะทู้,2,ป่าตอง,83000000,สำนักงานที่ดินจังหวัดภูเก็ต,"7,8",False,พื้นที่ระเบียง,41000,,official_statutory_assessment_rate_not_market_price
118810,34494,ดิอาร์ท แอท ป่าตอง,-,83,ภูเก็ต,2,กะทู้,2,ป่าตอง,83000000,สำนักงานที่ดินจังหวัดภูเก็ต,1,False,ห้องชุดเพื่อประกอบการค้า(ห้องชุดพาณิชยกรรม),77500,,official_statutory_assessment_rate_not_market_price
118811,34494,ดิอาร์ท แอท ป่าตอง,-,83,ภูเก็ต,2,กะทู้,2,ป่าตอง,83000000,สำนักงานที่ดินจังหวัดภูเก็ต,1,False,ห้องชุดพักอาศัยตากอากาศ,64500,,official_statutory_assessment_rate_not_market_price
118812,34494,ดิอาร์ท แอท ป่าตอง,-,83,ภูเก็ต,2,กะทู้,2,ป่าตอง,83000000,สำนักงานที่ดินจังหวัดภูเก็ต,1,False,ระเบียง,32250,,official_statutory_assessment_rate_not_market_price
118813,34494,ดิอาร์ท แอท ป่าตอง,-,83,ภูเก็ต,2,กะทู้,2,ป่าตอง,83000000,สำนักงานที่ดินจังหวัดภูเก็ต,2,False,ห้องชุดพักอาศัยตากอากาศ,64500,,official_statutory_assessment_rate_not_market_price
118814,34494,ดิอาร์ท แอท ป่าตอง,-,83,ภูเก็ต,2,กะทู้,2,ป่าตอง,83000000,สำนักงานที่ดินจังหวัดภูเก็ต,2,False,ระเบียง,32250,,official_statutory_assessment_rate_not_market_price
118815,34494,ดิอาร์ท แอท ป่าตอง,-,83,ภูเก็ต,2,กะทู้,2,ป่าตอง,83000000,สำนักงานที่ดินจังหวัดภูเก็ต,3,False,ห้องชุดพักอาศัยตากอากาศ,65000,,official_statutory_assessment_rate_not_market_price
118816,34494,ดิอาร์ท แอท ป่าตอง,-,83,ภูเก็ต,2,กะทู้,2,ป่าตอง,83000000,สำนักงานที่ดินจังหวัดภูเก็ต,3,False,ระเบียง,32500,,official_statutory_assessment_rate_not_market_price
118817,34494,ดิอาร์ท แอท ป่าตอง,-,83,ภูเก็ต,2,กะทู้,2,ป่าตอง,83000000,สำนักงานที่ดินจังหวัดภูเก็ต,4,False,ห้องชุดพักอาศัยตากอากาศ,65000,,official_statutory_assessment_rate_not_market_price
118818,34494,ดิอาร์ท แอท ป่าตอง,-,83,ภูเก็ต,2,กะทู้,2,ป่าตอง,83000000,สำนักงานที่ดินจังหวัดภูเก็ต,4,False,ระเบียง,32500,,official_statutory_assessment_rate_not_market_price
118819,34494,ดิอาร์ท แอท ป่าตอง,-,83,ภูเก็ต,2,กะทู้,2,ป่าตอง,83000000,สำนักงานที่ดินจังหวัดภูเก็ต,5,False,ห้องชุดพักอาศัยตากอากาศ,65500,,official_statutory_assessment_rate_not_market_price
118820,34494,ดิอาร์ท แอท ป่าตอง,-,83,ภูเก็ต,2,กะทู้,2,ป่าตอง,83000000,สำนักงานที่ดินจังหวัดภูเก็ต,5,False,ระเบียง,32750,,official_statutory_assessment_rate_not_market_price
118821,34494,ดิอาร์ท แอท ป่าตอง,-,83,ภูเก็ต,2,กะทู้,2,ป่าตอง,83000000,สำนักงานที่ดินจังหวัดภูเก็ต,6,False,ห้องชุดพักอาศัยตากอากาศ,65500,,official_statutory_assessment_rate_not_market_price
118822,34494,ดิอาร์ท แอท ป่าตอง,-,83,ภูเก็ต,2,กะทู้,2,ป่าตอง,83000000,สำนักงานที่ดินจังหวัดภูเก็ต,6,False,ระเบียง,32750,,official_statutory_assessment_rate_not_market_price
118823,34494,ดิอาร์ท แอท ป่าตอง,-,83,ภูเก็ต,2,กะทู้,2,ป่าตอง,83000000,สำนักงานที่ดินจังหวัดภูเก็ต,7,False,ห้องชุดพักอาศัยตากอากาศ,66000,,official_statutory_assessment_rate_not_market_price
118824,34494,ดิอาร์ท แอท ป่าตอง,-,83,ภูเก็ต,2,กะทู้,2,ป่าตอง,83000000,สำนักงานที่ดินจังหวัดภูเก็ต,7,False,ระเบียง,33000,,official_statutory_assessment_rate_not_market_price
118825,34494,ดิอาร์ท แอท ป่าตอง,-,83,ภูเก็ต,2,กะทู้,2,ป่าตอง,83000000,สำนักงานที่ดินจังหวัดภูเก็ต,8,False,ห้องชุดพักอาศัยตากอากาศ,66000,,official_statutory_assessment_rate_not_market_price
118826,34494,ดิอาร์ท แอท ป่าตอง,-,83,ภูเก็ต,2,กะทู้,2,ป่าตอง,83000000,สำนักงานที่ดินจังหวัดภูเก็ต,8,False,ระเบียง,33000,,official_statutory_assessment_rate_not_market_price
118827,34484,"ซันเซ็ทเรสซิเด้นท์อาคาร C,D",C,83,ภูเก็ต,2,กะทู้,2,ป่าตอง,83000000,สำนักงานที่ดินจังหวัดภูเก็ต,1,False,ห้องชุดพักอาศัย,49500,,official_statutory_assessment_rate_not_market_price
118828,34484,"ซันเซ็ทเรสซิเด้นท์อาคาร C,D",C,83,ภูเก็ต,2,กะทู้,2,ป่าตอง,83000000,สำนักงานที่ดินจังหวัดภูเก็ต,1,False,ระเบียง/ห้องเก็บของ,24750,,official_statutory_assessment_rate_not_market_price
118829,34484,"ซันเซ็ทเรสซิเด้นท์อาคาร C,D",C,83,ภูเก็ต,2,กะทู้,2,ป่าตอง,83000000,สำนักงานที่ดินจังหวัดภูเก็ต,2,False,ห้องชุดพักอาศัย,50000,,official_statutory_assessment_rate_not_market_price
118830,34484,"ซันเซ็ทเรสซิเด้นท์อาคาร C,D",C,83,ภูเก็ต,2,กะทู้,2,ป่าตอง,83000000,สำนักงานที่ดินจังหวัดภูเก็ต,2,False,ระเบียง/ห้องเก็บของ,25000,,official_statutory_assessment_rate_not_market_price
118831,34484,"ซันเซ็ทเรสซิเด้นท์อาคาร C,D",C,83,ภูเก็ต,2,กะทู้,2,ป่าตอง,83000000,สำนักงานที่ดินจังหวัดภูเก็ต,3,False,ห้องชุดพักอาศัย,50500,,official_statutory_assessment_rate_not_market_price
118832,34484,"ซันเซ็ทเรสซิเด้นท์อาคาร C,D",C,83,ภูเก็ต,2,กะทู้,2,ป่าตอง,83000000,สำนักงานที่ดินจังหวัดภูเก็ต,3,False,ระเบียง/ห้องเก็บของ,25250,,official_statutory_assessment_rate_not_market_price
118833,34484,"ซันเซ็ทเรสซิเด้นท์อาคาร C,D",C,83,ภูเก็ต,2,กะทู้,2,ป่าตอง,83000000,สำนักงานที่ดินจังหวัดภูเก็ต,4,False,ห้องชุดพักอาศัย,51000,,official_statutory_assessment_rate_not_market_price
118834,34484,"ซันเซ็ทเรสซิเด้นท์อาคาร C,D",C,83,ภูเก็ต,2,กะทู้,2,ป่าตอง,83000000,สำนักงานที่ดินจังหวัดภูเก็ต,4,False,ระเบียง/ห้องเก็บของ,25500,,official_statutory_assessment_rate_not_market_price
118835,34484,"ซันเซ็ทเรสซิเด้นท์อาคาร C,D",D,83,ภูเก็ต,2,กะทู้,2,ป่าตอง,83000000,สำนักงานที่ดินจังหวัดภูเก็ต,1,False,ห้องชุดพักอาศัย,49500,,official_statutory_assessment_rate_not_market_price
118836,34484,"ซันเซ็ทเรสซิเด้นท์อาคาร C,D",D,83,ภูเก็ต,2,กะทู้,2,ป่าตอง,83000000,สำนักงานที่ดินจังหวัดภูเก็ต,1,False,ระเบียง/ห้องเก็บของ,24750,,official_statutory_assessment_rate_not_market_price
118837,34484,"ซันเซ็ทเรสซิเด้นท์อาคาร C,D",D,83,ภูเก็ต,2,กะทู้,2,ป่าตอง,83000000,สำนักงานที่ดินจังหวัดภูเก็ต,2,False,ห้องชุดพักอาศัย,50000,,official_statutory_assessment_rate_not_market_price
118838,34484,"ซันเซ็ทเรสซิเด้นท์อาคาร C,D",D,83,ภูเก็ต,2,กะทู้,2,ป่าตอง,83000000,สำนักงานที่ดินจังหวัดภูเก็ต,2,False,ระเบียง/ห้องเก็บของ,25000,,official_statutory_assessment_rate_not_market_price
118839,34484,"ซันเซ็ทเรสซิเด้นท์อาคาร C,D",D,83,ภูเก็ต,2,กะทู้,2,ป่าตอง,83000000,สำนักงานที่ดินจังหวัดภูเก็ต,3,False,ห้องชุดพักอาศัย,50500,,official_statutory_assessment_rate_not_market_price
118840,34484,"ซันเซ็ทเรสซิเด้นท์อาคาร C,D",D,83,ภูเก็ต,2,กะทู้,2,ป่าตอง,83000000,สำนักงานที่ดินจังหวัดภูเก็ต,3,False,ระเบียง/ห้องเก็บของ,25250,,official_statutory_assessment_rate_not_market_price
118841,34484,"ซันเซ็ทเรสซิเด้นท์อาคาร C,D",D,83,ภูเก็ต,2,กะทู้,2,ป่าตอง,83000000,สำนักงานที่ดินจังหวัดภูเก็ต,4,False,ห้องชุดพักอาศัย,51000,,official_statutory_assessment_rate_not_market_price
118842,34484,"ซันเซ็ทเรสซิเด้นท์อาคาร C,D",D,83,ภูเก็ต,2,กะทู้,2,ป่าตอง,83000000,สำนักงานที่ดินจังหวัดภูเก็ต,4,False,ระเบียง/ห้องเก็บของ,25500,,official_statutory_assessment_rate_not_market_price
118843,34487,ซีเพิร์ล วิลล่า,M,83,ภูเก็ต,2,กะทู้,2,ป่าตอง,83000000,สำนักงานที่ดินจังหวัดภูเก็ต,1,False,ห้องชุดพักอาศัยตากอากาศ,59500,,official_statutory_assessment_rate_not_market_price
118844,34487,ซีเพิร์ล วิลล่า,M,83,ภูเก็ต,2,กะทู้,2,ป่าตอง,83000000,สำนักงานที่ดินจังหวัดภูเก็ต,1,False,ระเบียง/สระว่ายน้ำ,29750,,official_statutory_assessment_rate_not_market_price
118845,34487,ซีเพิร์ล วิลล่า,M,83,ภูเก็ต,2,กะทู้,2,ป่าตอง,83000000,สำนักงานที่ดินจังหวัดภูเก็ต,2,False,ห้องชุดพักอาศัยตากอากาศ,59000,,official_statutory_assessment_rate_not_market_price
118846,34487,ซีเพิร์ล วิลล่า,M,83,ภูเก็ต,2,กะทู้,2,ป่าตอง,83000000,สำนักงานที่ดินจังหวัดภูเก็ต,2,False,ระเบียง/สระว่ายน้ำ,29500,,official_statutory_assessment_rate_not_market_price
118847,34487,ซีเพิร์ล วิลล่า,N,83,ภูเก็ต,2,กะทู้,2,ป่าตอง,83000000,สำนักงานที่ดินจังหวัดภูเก็ต,1,False,ห้องชุดพักอาศัยตากอากาศ,59500,,official_statutory_assessment_rate_not_market_price
118848,34487,ซีเพิร์ล วิลล่า,N,83,ภูเก็ต,2,กะทู้,2,ป่าตอง,83000000,สำนักงานที่ดินจังหวัดภูเก็ต,1,False,ระเบียง/สระว่ายน้ำ,29750,,official_statutory_assessment_rate_not_market_price
118849,34487,ซีเพิร์ล วิลล่า,N,83,ภูเก็ต,2,กะทู้,2,ป่าตอง,83000000,สำนักงานที่ดินจังหวัดภูเก็ต,2,False,ห้องชุดพักอาศัยตากอากาศ,59000,,official_statutory_assessment_rate_not_market_price
118850,34487,ซีเพิร์ล วิลล่า,N,83,ภูเก็ต,2,กะทู้,2,ป่าตอง,83000000,สำนักงานที่ดินจังหวัดภูเก็ต,2,False,ระเบียง/สระว่ายน้ำ,29500,,official_statutory_assessment_rate_not_market_price
118851,34487,ซีเพิร์ล วิลล่า,O,83,ภูเก็ต,2,กะทู้,2,ป่าตอง,83000000,สำนักงานที่ดินจังหวัดภูเก็ต,1,False,ห้องชุดพักอาศัยตากอากาศ,59500,,official_statutory_assessment_rate_not_market_price
118852,34487,ซีเพิร์ล วิลล่า,O,83,ภูเก็ต,2,กะทู้,2,ป่าตอง,83000000,สำนักงานที่ดินจังหวัดภูเก็ต,1,False,ระเบียง/สระว่ายน้ำ,29750,,official_statutory_assessment_rate_not_market_price
118853,34487,ซีเพิร์ล วิลล่า,O,83,ภูเก็ต,2,กะทู้,2,ป่าตอง,83000000,สำนักงานที่ดินจังหวัดภูเก็ต,2,False,ห้องชุดพักอาศัยตากอากาศ,59000,,official_statutory_assessment_rate_not_market_price
118854,34487,ซีเพิร์ล วิลล่า,O,83,ภูเก็ต,2,กะทู้,2,ป่าตอง,83000000,สำนักงานที่ดินจังหวัดภูเก็ต,2,False,ระเบียง/สระว่ายน้ำ,29500,,official_statutory_assessment_rate_not_market_price
118855,34487,ซีเพิร์ล วิลล่า,P,83,ภูเก็ต,2,กะทู้,2,ป่าตอง,83000000,สำนักงานที่ดินจังหวัดภูเก็ต,1,False,ห้องชุดพักอาศัยตากอากาศ,59500,,official_statutory_assessment_rate_not_market_price
118856,34487,ซีเพิร์ล วิลล่า,P,83,ภูเก็ต,2,กะทู้,2,ป่าตอง,83000000,สำนักงานที่ดินจังหวัดภูเก็ต,1,False,ระเบียง/สระว่ายน้ำ,29750,,official_statutory_assessment_rate_not_market_price
118857,34487,ซีเพิร์ล วิลล่า,P,83,ภูเก็ต,2,กะทู้,2,ป่าตอง,83000000,สำนักงานที่ดินจังหวัดภูเก็ต,2,False,ห้องชุดพักอาศัยตากอากาศ,59000,,official_statutory_assessment_rate_not_market_price
118858,34487,ซีเพิร์ล วิลล่า,P,83,ภูเก็ต,2,กะทู้,2,ป่าตอง,83000000,สำนักงานที่ดินจังหวัดภูเก็ต,2,False,ระเบียง/สระว่ายน้ำ,29500,,official_statutory_assessment_rate_not_market_price
118859,34487,ซีเพิร์ล วิลล่า,Q,83,ภูเก็ต,2,กะทู้,2,ป่าตอง,83000000,สำนักงานที่ดินจังหวัดภูเก็ต,1,False,ห้องชุดพักอาศัยตากอากาศ,59500,,official_statutory_assessment_rate_not_market_price
118860,34487,ซีเพิร์ล วิลล่า,Q,83,ภูเก็ต,2,กะทู้,2,ป่าตอง,83000000,สำนักงานที่ดินจังหวัดภูเก็ต,1,False,ระเบียง/สระว่ายน้ำ,29750,,official_statutory_assessment_rate_not_market_price
118861,34487,ซีเพิร์ล วิลล่า,Q,83,ภูเก็ต,2,กะทู้,2,ป่าตอง,83000000,สำนักงานที่ดินจังหวัดภูเก็ต,2,False,ห้องชุดพักอาศัยตากอากาศ,59000,,official_statutory_assessment_rate_not_market_price
118862,34487,ซีเพิร์ล วิลล่า,Q,83,ภูเก็ต,2,กะทู้,2,ป่าตอง,83000000,สำนักงานที่ดินจังหวัดภูเก็ต,2,False,ระเบียง/สระว่ายน้ำ,29500,,official_statutory_assessment_rate_not_market_price
118863,34487,ซีเพิร์ล วิลล่า,R,83,ภูเก็ต,2,กะทู้,2,ป่าตอง,83000000,สำนักงานที่ดินจังหวัดภูเก็ต,1,False,ห้องชุดพักอาศัยตากอากาศ,59500,,official_statutory_assessment_rate_not_market_price
118864,34487,ซีเพิร์ล วิลล่า,R,83,ภูเก็ต,2,กะทู้,2,ป่าตอง,83000000,สำนักงานที่ดินจังหวัดภูเก็ต,1,False,ระเบียง/สระว่ายน้ำ,29750,,official_statutory_assessment_rate_not_market_price
118865,34487,ซีเพิร์ล วิลล่า,R,83,ภูเก็ต,2,กะทู้,2,ป่าตอง,83000000,สำนักงานที่ดินจังหวัดภูเก็ต,2,False,ห้องชุดพักอาศัยตากอากาศ,59000,,official_statutory_assessment_rate_not_market_price
118866,34487,ซีเพิร์ล วิลล่า,R,83,ภูเก็ต,2,กะทู้,2,ป่าตอง,83000000,สำนักงานที่ดินจังหวัดภูเก็ต,2,False,ระเบียง/สระว่ายน้ำ,29500,,official_statutory_assessment_rate_not_market_price
118867,34487,ซีเพิร์ล วิลล่า,S,83,ภูเก็ต,2,กะทู้,2,ป่าตอง,83000000,สำนักงานที่ดินจังหวัดภูเก็ต,1,False,ห้องชุดพักอาศัยตากอากาศ,59500,,official_statutory_assessment_rate_not_market_price
118868,34487,ซีเพิร์ล วิลล่า,S,83,ภูเก็ต,2,กะทู้,2,ป่าตอง,83000000,สำนักงานที่ดินจังหวัดภูเก็ต,1,False,ระเบียง/สระว่ายน้ำ,29750,,official_statutory_assessment_rate_not_market_price
118869,34487,ซีเพิร์ล วิลล่า,S,83,ภูเก็ต,2,กะทู้,2,ป่าตอง,83000000,สำนักงานที่ดินจังหวัดภูเก็ต,2,False,ห้องชุดพักอาศัยตากอากาศ,59000,,official_statutory_assessment_rate_not_market_price
118870,34487,ซีเพิร์ล วิลล่า,S,83,ภูเก็ต,2,กะทู้,2,ป่าตอง,83000000,สำนักงานที่ดินจังหวัดภูเก็ต,2,False,ระเบียง/สระว่ายน้ำ,29500,,official_statutory_assessment_rate_not_market_price
118871,34487,ซีเพิร์ล วิลล่า,T,83,ภูเก็ต,2,กะทู้,2,ป่าตอง,83000000,สำนักงานที่ดินจังหวัดภูเก็ต,1,False,ห้องชุดพักอาศัยตากอากาศ,59500,,official_statutory_assessment_rate_not_market_price
118872,34487,ซีเพิร์ล วิลล่า,T,83,ภูเก็ต,2,กะทู้,2,ป่าตอง,83000000,สำนักงานที่ดินจังหวัดภูเก็ต,1,False,ระเบียง/สระว่ายน้ำ,29750,,official_statutory_assessment_rate_not_market_price
118873,34487,ซีเพิร์ล วิลล่า,T,83,ภูเก็ต,2,กะทู้,2,ป่าตอง,83000000,สำนักงานที่ดินจังหวัดภูเก็ต,2,False,ห้องชุดพักอาศัยตากอากาศ,59000,,official_statutory_assessment_rate_not_market_price
118874,34487,ซีเพิร์ล วิลล่า,T,83,ภูเก็ต,2,กะทู้,2,ป่าตอง,83000000,สำนักงานที่ดินจังหวัดภูเก็ต,2,False,ระเบียง/สระว่ายน้ำ,29500,,official_statutory_assessment_rate_not_market_price
118875,34487,ซีเพิร์ล วิลล่า,U,83,ภูเก็ต,2,กะทู้,2,ป่าตอง,83000000,สำนักงานที่ดินจังหวัดภูเก็ต,1,False,ห้องชุดพักอาศัยตากอากาศ,59500,,official_statutory_assessment_rate_not_market_price
118876,34487,ซีเพิร์ล วิลล่า,U,83,ภูเก็ต,2,กะทู้,2,ป่าตอง,83000000,สำนักงานที่ดินจังหวัดภูเก็ต,1,False,ระเบียง/สระว่ายน้ำ/สวน,29750,,official_statutory_assessment_rate_not_market_price
118877,34487,ซีเพิร์ล วิลล่า,U,83,ภูเก็ต,2,กะทู้,2,ป่าตอง,83000000,สำนักงานที่ดินจังหวัดภูเก็ต,2,False,ห้องชุดพักอาศัยตากอากาศ,59000,,official_statutory_assessment_rate_not_market_price
118878,34487,ซีเพิร์ล วิลล่า,U,83,ภูเก็ต,2,กะทู้,2,ป่าตอง,83000000,สำนักงานที่ดินจังหวัดภูเก็ต,2,False,ระเบียง/สระว่ายน้ำ/สวน,29500,,official_statutory_assessment_rate_not_market_price
118879,34487,ซีเพิร์ล วิลล่า,V,83,ภูเก็ต,2,กะทู้,2,ป่าตอง,83000000,สำนักงานที่ดินจังหวัดภูเก็ต,1,False,ห้องชุดพักอาศัยตากอากาศ,59500,,official_statutory_assessment_rate_not_market_price
118880,34487,ซีเพิร์ล วิลล่า,V,83,ภูเก็ต,2,กะทู้,2,ป่าตอง,83000000,สำนักงานที่ดินจังหวัดภูเก็ต,1,False,ระเบียง/สระว่ายน้ำ/สวน,29750,,official_statutory_assessment_rate_not_market_price
118881,34487,ซีเพิร์ล วิลล่า,V,83,ภูเก็ต,2,กะทู้,2,ป่าตอง,83000000,สำนักงานที่ดินจังหวัดภูเก็ต,2,False,ห้องชุดพักอาศัยตากอากาศ,59000,,official_statutory_assessment_rate_not_market_price
118882,34487,ซีเพิร์ล วิลล่า,V,83,ภูเก็ต,2,กะทู้,2,ป่าตอง,83000000,สำนักงานที่ดินจังหวัดภูเก็ต,2,False,ระเบียง/สระว่ายน้ำ/สวน,29500,,official_statutory_assessment_rate_not_market_price
118883,34487,ซีเพิร์ล วิลล่า,W,83,ภูเก็ต,2,กะทู้,2,ป่าตอง,83000000,สำนักงานที่ดินจังหวัดภูเก็ต,1,False,ห้องชุดพักอาศัยตากอากาศ,59500,,official_statutory_assessment_rate_not_market_price
118884,34487,ซีเพิร์ล วิลล่า,W,83,ภูเก็ต,2,กะทู้,2,ป่าตอง,83000000,สำนักงานที่ดินจังหวัดภูเก็ต,1,False,ระเบียง/สระว่ายน้ำ/สวน,29750,,official_statutory_assessment_rate_not_market_price
118885,34487,ซีเพิร์ล วิลล่า,W,83,ภูเก็ต,2,กะทู้,2,ป่าตอง,83000000,สำนักงานที่ดินจังหวัดภูเก็ต,2,False,ห้องชุดพักอาศัยตากอากาศ,59000,,official_statutory_assessment_rate_not_market_price
118886,34487,ซีเพิร์ล วิลล่า,W,83,ภูเก็ต,2,กะทู้,2,ป่าตอง,83000000,สำนักงานที่ดินจังหวัดภูเก็ต,2,False,ระเบียง/สระว่ายน้ำ/สวน,29500,,official_statutory_assessment_rate_not_market_price
118887,34487,ซีเพิร์ล วิลล่า,เอ๊กซ์,83,ภูเก็ต,2,กะทู้,2,ป่าตอง,83000000,สำนักงานที่ดินจังหวัดภูเก็ต,1,False,ห้องชุดพักอาศัยตากอากาศ,59500,,official_statutory_assessment_rate_not_market_price
118888,34487,ซีเพิร์ล วิลล่า,เอ๊กซ์,83,ภูเก็ต,2,กะทู้,2,ป่าตอง,83000000,สำนักงานที่ดินจังหวัดภูเก็ต,1,False,ระเบียง/สระว่ายน้ำ/สวน,29750,,official_statutory_assessment_rate_not_market_price
118889,34487,ซีเพิร์ล วิลล่า,เอ๊กซ์,83,ภูเก็ต,2,กะทู้,2,ป่าตอง,83000000,สำนักงานที่ดินจังหวัดภูเก็ต,2,False,ห้องชุดพักอาศัยตากอากาศ,59000,,official_statutory_assessment_rate_not_market_price
118890,34487,ซีเพิร์ล วิลล่า,เอ๊กซ์,83,ภูเก็ต,2,กะทู้,2,ป่าตอง,83000000,สำนักงานที่ดินจังหวัดภูเก็ต,2,False,ระเบียง/สระว่ายน้ำ/สวน,29500,,official_statutory_assessment_rate_not_market_price
118891,34489,ดิ ยูนิตี้ ป่าตอง,-,83,ภูเก็ต,2,กะทู้,2,ป่าตอง,83000000,สำนักงานที่ดินจังหวัดภูเก็ต,2,False,ห้องชุดพักอาศัยตากอากาศ,68500,,official_statutory_assessment_rate_not_market_price
118892,34489,ดิ ยูนิตี้ ป่าตอง,-,83,ภูเก็ต,2,กะทู้,2,ป่าตอง,83000000,สำนักงานที่ดินจังหวัดภูเก็ต,2,False,ระเบียง,34250,,official_statutory_assessment_rate_not_market_price
118893,34489,ดิ ยูนิตี้ ป่าตอง,-,83,ภูเก็ต,2,กะทู้,2,ป่าตอง,83000000,สำนักงานที่ดินจังหวัดภูเก็ต,3,False,ห้องชุดพักอาศัยตากอากาศ,69000,,official_statutory_assessment_rate_not_market_price
118894,34489,ดิ ยูนิตี้ ป่าตอง,-,83,ภูเก็ต,2,กะทู้,2,ป่าตอง,83000000,สำนักงานที่ดินจังหวัดภูเก็ต,3,False,ระเบียง,34500,,official_statutory_assessment_rate_not_market_price
118895,34489,ดิ ยูนิตี้ ป่าตอง,-,83,ภูเก็ต,2,กะทู้,2,ป่าตอง,83000000,สำนักงานที่ดินจังหวัดภูเก็ต,4,False,ห้องชุดพักอาศัยตากอากาศ,69000,,official_statutory_assessment_rate_not_market_price
118896,34489,ดิ ยูนิตี้ ป่าตอง,-,83,ภูเก็ต,2,กะทู้,2,ป่าตอง,83000000,สำนักงานที่ดินจังหวัดภูเก็ต,4,False,ระเบียง,34500,,official_statutory_assessment_rate_not_market_price
118897,34489,ดิ ยูนิตี้ ป่าตอง,-,83,ภูเก็ต,2,กะทู้,2,ป่าตอง,83000000,สำนักงานที่ดินจังหวัดภูเก็ต,5,False,ห้องชุดพักอาศัยตากอากาศ,69500,,official_statutory_assessment_rate_not_market_price
118898,34489,ดิ ยูนิตี้ ป่าตอง,-,83,ภูเก็ต,2,กะทู้,2,ป่าตอง,83000000,สำนักงานที่ดินจังหวัดภูเก็ต,5,False,ระเบียง,34750,,official_statutory_assessment_rate_not_market_price
118899,34489,ดิ ยูนิตี้ ป่าตอง,-,83,ภูเก็ต,2,กะทู้,2,ป่าตอง,83000000,สำนักงานที่ดินจังหวัดภูเก็ต,6,False,ห้องชุดพักอาศัยตากอากาศ,69500,,official_statutory_assessment_rate_not_market_price
118900,34489,ดิ ยูนิตี้ ป่าตอง,-,83,ภูเก็ต,2,กะทู้,2,ป่าตอง,83000000,สำนักงานที่ดินจังหวัดภูเก็ต,6,False,ระเบียง,34750,,official_statutory_assessment_rate_not_market_price
118901,34489,ดิ ยูนิตี้ ป่าตอง,-,83,ภูเก็ต,2,กะทู้,2,ป่าตอง,83000000,สำนักงานที่ดินจังหวัดภูเก็ต,7,False,ห้องชุดพักอาศัยตากอากาศ,70000,,official_statutory_assessment_rate_not_market_price
118902,34489,ดิ ยูนิตี้ ป่าตอง,-,83,ภูเก็ต,2,กะทู้,2,ป่าตอง,83000000,สำนักงานที่ดินจังหวัดภูเก็ต,7,False,ระเบียง,35000,,official_statutory_assessment_rate_not_market_price
118903,34504,บางลา สวีทส์,-,83,ภูเก็ต,2,กะทู้,2,ป่าตอง,83000000,สำนักงานที่ดินจังหวัดภูเก็ต,1,False,ห้องชุดพักอาศัยตากอากาศ,75000,,official_statutory_assessment_rate_not_market_price
118904,34504,บางลา สวีทส์,-,83,ภูเก็ต,2,กะทู้,2,ป่าตอง,83000000,สำนักงานที่ดินจังหวัดภูเก็ต,1,False,ระเบียง,37500,,official_statutory_assessment_rate_not_market_price
118905,34509,บีเจพาร์คการ์เด้น คอนโดมิเนียม อาคารเอ,-,83,ภูเก็ต,2,กะทู้,2,ป่าตอง,83000000,สำนักงานที่ดินจังหวัดภูเก็ต,1,False,ห้องชุดพักอาศัย,31500,,official_statutory_assessment_rate_not_market_price
118906,34509,บีเจพาร์คการ์เด้น คอนโดมิเนียม อาคารเอ,-,83,ภูเก็ต,2,กะทู้,2,ป่าตอง,83000000,สำนักงานที่ดินจังหวัดภูเก็ต,1,False,ระเบียง,15750,,official_statutory_assessment_rate_not_market_price
118907,34509,บีเจพาร์คการ์เด้น คอนโดมิเนียม อาคารเอ,-,83,ภูเก็ต,2,กะทู้,2,ป่าตอง,83000000,สำนักงานที่ดินจังหวัดภูเก็ต,2,False,ห้องชุดพักอาศัย,31000,,official_statutory_assessment_rate_not_market_price
118908,34509,บีเจพาร์คการ์เด้น คอนโดมิเนียม อาคารเอ,-,83,ภูเก็ต,2,กะทู้,2,ป่าตอง,83000000,สำนักงานที่ดินจังหวัดภูเก็ต,2,False,ระเบียง,15500,,official_statutory_assessment_rate_not_market_price
118909,34509,บีเจพาร์คการ์เด้น คอนโดมิเนียม อาคารเอ,-,83,ภูเก็ต,2,กะทู้,2,ป่าตอง,83000000,สำนักงานที่ดินจังหวัดภูเก็ต,3,False,ห้องชุดพักอาศัย,30500,,official_statutory_assessment_rate_not_market_price
118910,34509,บีเจพาร์คการ์เด้น คอนโดมิเนียม อาคารเอ,-,83,ภูเก็ต,2,กะทู้,2,ป่าตอง,83000000,สำนักงานที่ดินจังหวัดภูเก็ต,3,False,ระเบียง,15250,,official_statutory_assessment_rate_not_market_price
118911,34510,ป่าตอง ลอฟท์ คอนโดมิเนียม,-,83,ภูเก็ต,2,กะทู้,2,ป่าตอง,83000000,สำนักงานที่ดินจังหวัดภูเก็ต,1,False,ห้องชุดเพื่อประกอบการค้า(ห้องชุดพาณิชยกรรม),20500,,official_statutory_assessment_rate_not_market_price
118912,34510,ป่าตอง ลอฟท์ คอนโดมิเนียม,-,83,ภูเก็ต,2,กะทู้,2,ป่าตอง,83000000,สำนักงานที่ดินจังหวัดภูเก็ต,1,False,ระเบียง,10250,,official_statutory_assessment_rate_not_market_price
118913,34510,ป่าตอง ลอฟท์ คอนโดมิเนียม,-,83,ภูเก็ต,2,กะทู้,2,ป่าตอง,83000000,สำนักงานที่ดินจังหวัดภูเก็ต,2,False,ห้องชุดพักอาศัย,17500,,official_statutory_assessment_rate_not_market_price
118914,34510,ป่าตอง ลอฟท์ คอนโดมิเนียม,-,83,ภูเก็ต,2,กะทู้,2,ป่าตอง,83000000,สำนักงานที่ดินจังหวัดภูเก็ต,2,False,ระเบียง,8750,,official_statutory_assessment_rate_not_market_price
118915,34510,ป่าตอง ลอฟท์ คอนโดมิเนียม,-,83,ภูเก็ต,2,กะทู้,2,ป่าตอง,83000000,สำนักงานที่ดินจังหวัดภูเก็ต,3,False,ห้องชุดพักอาศัย,17700,,official_statutory_assessment_rate_not_market_price
118916,34510,ป่าตอง ลอฟท์ คอนโดมิเนียม,-,83,ภูเก็ต,2,กะทู้,2,ป่าตอง,83000000,สำนักงานที่ดินจังหวัดภูเก็ต,3,False,ระเบียง,8850,,official_statutory_assessment_rate_not_market_price
118917,34507,บ้านยินดี ล๊อฟท์,-,83,ภูเก็ต,2,กะทู้,2,ป่าตอง,83000000,สำนักงานที่ดินจังหวัดภูเก็ต,1,False,ห้องชุดเพื่อประกอบการค้า(ห้องชุดพาณิชยกรรม),45500,,official_statutory_assessment_rate_not_market_price
118918,34507,บ้านยินดี ล๊อฟท์,-,83,ภูเก็ต,2,กะทู้,2,ป่าตอง,83000000,สำนักงานที่ดินจังหวัดภูเก็ต,1,False,ระเบียง,22750,,official_statutory_assessment_rate_not_market_price
118919,34507,บ้านยินดี ล๊อฟท์,-,83,ภูเก็ต,2,กะทู้,2,ป่าตอง,83000000,สำนักงานที่ดินจังหวัดภูเก็ต,2,False,ห้องชุดพักอาศัย,46700,,official_statutory_assessment_rate_not_market_price
118920,34507,บ้านยินดี ล๊อฟท์,-,83,ภูเก็ต,2,กะทู้,2,ป่าตอง,83000000,สำนักงานที่ดินจังหวัดภูเก็ต,2,False,ระเบียง,23350,,official_statutory_assessment_rate_not_market_price
118921,34507,บ้านยินดี ล๊อฟท์,-,83,ภูเก็ต,2,กะทู้,2,ป่าตอง,83000000,สำนักงานที่ดินจังหวัดภูเก็ต,3,False,ห้องชุดพักอาศัย,47000,,official_statutory_assessment_rate_not_market_price
118922,34507,บ้านยินดี ล๊อฟท์,-,83,ภูเก็ต,2,กะทู้,2,ป่าตอง,83000000,สำนักงานที่ดินจังหวัดภูเก็ต,3,False,ระเบียง,23500,,official_statutory_assessment_rate_not_market_price
118923,34507,บ้านยินดี ล๊อฟท์,-,83,ภูเก็ต,2,กะทู้,2,ป่าตอง,83000000,สำนักงานที่ดินจังหวัดภูเก็ต,4,False,ห้องชุดพักอาศัย,47500,,official_statutory_assessment_rate_not_market_price
118924,34507,บ้านยินดี ล๊อฟท์,-,83,ภูเก็ต,2,กะทู้,2,ป่าตอง,83000000,สำนักงานที่ดินจังหวัดภูเก็ต,4,False,ระเบียง,23750,,official_statutory_assessment_rate_not_market_price
118925,34507,บ้านยินดี ล๊อฟท์,-,83,ภูเก็ต,2,กะทู้,2,ป่าตอง,83000000,สำนักงานที่ดินจังหวัดภูเก็ต,5,False,ห้องชุดพักอาศัย,48000,,official_statutory_assessment_rate_not_market_price
118926,34507,บ้านยินดี ล๊อฟท์,-,83,ภูเก็ต,2,กะทู้,2,ป่าตอง,83000000,สำนักงานที่ดินจังหวัดภูเก็ต,5,False,ระเบียง,24000,,official_statutory_assessment_rate_not_market_price
118927,34504,บางลา สวีทส์,-,83,ภูเก็ต,2,กะทู้,2,ป่าตอง,83000000,สำนักงานที่ดินจังหวัดภูเก็ต,2,False,ห้องชุดพักอาศัยตากอากาศ,75500,,official_statutory_assessment_rate_not_market_price
118928,34504,บางลา สวีทส์,-,83,ภูเก็ต,2,กะทู้,2,ป่าตอง,83000000,สำนักงานที่ดินจังหวัดภูเก็ต,2,False,ระเบียง,37750,,official_statutory_assessment_rate_not_market_price
118929,34504,บางลา สวีทส์,-,83,ภูเก็ต,2,กะทู้,2,ป่าตอง,83000000,สำนักงานที่ดินจังหวัดภูเก็ต,3,False,ห้องชุดพักอาศัยตากอากาศ,76000,,official_statutory_assessment_rate_not_market_price
118930,34504,บางลา สวีทส์,-,83,ภูเก็ต,2,กะทู้,2,ป่าตอง,83000000,สำนักงานที่ดินจังหวัดภูเก็ต,3,False,ระเบียง,38000,,official_statutory_assessment_rate_not_market_price
118931,34504,บางลา สวีทส์,-,83,ภูเก็ต,2,กะทู้,2,ป่าตอง,83000000,สำนักงานที่ดินจังหวัดภูเก็ต,4,False,ห้องชุดพักอาศัยตากอากาศ,76500,,official_statutory_assessment_rate_not_market_price
118932,34504,บางลา สวีทส์,-,83,ภูเก็ต,2,กะทู้,2,ป่าตอง,83000000,สำนักงานที่ดินจังหวัดภูเก็ต,4,False,ระเบียง,38250,,official_statutory_assessment_rate_not_market_price
118933,34504,บางลา สวีทส์,-,83,ภูเก็ต,2,กะทู้,2,ป่าตอง,83000000,สำนักงานที่ดินจังหวัดภูเก็ต,5,False,ห้องชุดพักอาศัยแบบเพนท์เฮ้าส์,78000,,official_statutory_assessment_rate_not_market_price
118934,34504,บางลา สวีทส์,-,83,ภูเก็ต,2,กะทู้,2,ป่าตอง,83000000,สำนักงานที่ดินจังหวัดภูเก็ต,5,False,ระเบียง,39000,,official_statutory_assessment_rate_not_market_price
118935,34505,บ้านเงินหมื่น,-,83,ภูเก็ต,2,กะทู้,2,ป่าตอง,83000000,สำนักงานที่ดินจังหวัดภูเก็ต,1,False,ห้องชุดพักอาศัยตากอากาศ,55000,,official_statutory_assessment_rate_not_market_price
118936,34505,บ้านเงินหมื่น,-,83,ภูเก็ต,2,กะทู้,2,ป่าตอง,83000000,สำนักงานที่ดินจังหวัดภูเก็ต,1,False,ระเบียง,27500,,official_statutory_assessment_rate_not_market_price
118937,34505,บ้านเงินหมื่น,-,83,ภูเก็ต,2,กะทู้,2,ป่าตอง,83000000,สำนักงานที่ดินจังหวัดภูเก็ต,1,False,ที่จอดรถยนต์ส่วนบุคคล,16500,,official_statutory_assessment_rate_not_market_price
118938,34505,บ้านเงินหมื่น,-,83,ภูเก็ต,2,กะทู้,2,ป่าตอง,83000000,สำนักงานที่ดินจังหวัดภูเก็ต,2,False,ห้องชุดพักอาศัยตากอากาศ,54500,,official_statutory_assessment_rate_not_market_price
118939,34505,บ้านเงินหมื่น,-,83,ภูเก็ต,2,กะทู้,2,ป่าตอง,83000000,สำนักงานที่ดินจังหวัดภูเก็ต,2,False,ระเบียง,27250,,official_statutory_assessment_rate_not_market_price
118940,34505,บ้านเงินหมื่น,-,83,ภูเก็ต,2,กะทู้,2,ป่าตอง,83000000,สำนักงานที่ดินจังหวัดภูเก็ต,3,False,ห้องชุดพักอาศัยตากอากาศ,54000,,official_statutory_assessment_rate_not_market_price
118941,34505,บ้านเงินหมื่น,-,83,ภูเก็ต,2,กะทู้,2,ป่าตอง,83000000,สำนักงานที่ดินจังหวัดภูเก็ต,3,False,ระเบียง,27000,,official_statutory_assessment_rate_not_market_price
118942,34510,ป่าตอง ลอฟท์ คอนโดมิเนียม,-,83,ภูเก็ต,2,กะทู้,2,ป่าตอง,83000000,สำนักงานที่ดินจังหวัดภูเก็ต,4,False,ห้องชุดพักอาศัย,17800,,official_statutory_assessment_rate_not_market_price
118943,34510,ป่าตอง ลอฟท์ คอนโดมิเนียม,-,83,ภูเก็ต,2,กะทู้,2,ป่าตอง,83000000,สำนักงานที่ดินจังหวัดภูเก็ต,4,False,ระเบียง,8900,,official_statutory_assessment_rate_not_market_price
118944,34510,ป่าตอง ลอฟท์ คอนโดมิเนียม,-,83,ภูเก็ต,2,กะทู้,2,ป่าตอง,83000000,สำนักงานที่ดินจังหวัดภูเก็ต,5,False,ห้องชุดพักอาศัย,18000,,official_statutory_assessment_rate_not_market_price
118945,34510,ป่าตอง ลอฟท์ คอนโดมิเนียม,-,83,ภูเก็ต,2,กะทู้,2,ป่าตอง,83000000,สำนักงานที่ดินจังหวัดภูเก็ต,5,False,ระเบียง,9000,,official_statutory_assessment_rate_not_market_price
118946,34510,ป่าตอง ลอฟท์ คอนโดมิเนียม,-,83,ภูเก็ต,2,กะทู้,2,ป่าตอง,83000000,สำนักงานที่ดินจังหวัดภูเก็ต,6,False,ห้องชุดพักอาศัย,18200,,official_statutory_assessment_rate_not_market_price
118947,34510,ป่าตอง ลอฟท์ คอนโดมิเนียม,-,83,ภูเก็ต,2,กะทู้,2,ป่าตอง,83000000,สำนักงานที่ดินจังหวัดภูเก็ต,6,False,ระเบียง,9100,,official_statutory_assessment_rate_not_market_price
118948,34510,ป่าตอง ลอฟท์ คอนโดมิเนียม,-,83,ภูเก็ต,2,กะทู้,2,ป่าตอง,83000000,สำนักงานที่ดินจังหวัดภูเก็ต,7,False,ห้องชุดพักอาศัย,18400,,official_statutory_assessment_rate_not_market_price
118949,34510,ป่าตอง ลอฟท์ คอนโดมิเนียม,-,83,ภูเก็ต,2,กะทู้,2,ป่าตอง,83000000,สำนักงานที่ดินจังหวัดภูเก็ต,7,False,ระเบียง,9200,,official_statutory_assessment_rate_not_market_price
118950,34511,ป่าตอง ฮาร์เบอร์ วิว,A,83,ภูเก็ต,2,กะทู้,2,ป่าตอง,83000000,สำนักงานที่ดินจังหวัดภูเก็ต,1,False,ห้องชุดเพื่อประกอบการค้า(ห้องชุดพาณิชยกรรม),60000,,official_statutory_assessment_rate_not_market_price
118951,34511,ป่าตอง ฮาร์เบอร์ วิว,A,83,ภูเก็ต,2,กะทู้,2,ป่าตอง,83000000,สำนักงานที่ดินจังหวัดภูเก็ต,1,False,ระเบียง,30000,,official_statutory_assessment_rate_not_market_price
118952,34511,ป่าตอง ฮาร์เบอร์ วิว,A,83,ภูเก็ต,2,กะทู้,2,ป่าตอง,83000000,สำนักงานที่ดินจังหวัดภูเก็ต,2,False,ห้องชุดพักอาศัย,50500,,official_statutory_assessment_rate_not_market_price
118953,34511,ป่าตอง ฮาร์เบอร์ วิว,A,83,ภูเก็ต,2,กะทู้,2,ป่าตอง,83000000,สำนักงานที่ดินจังหวัดภูเก็ต,2,False,ระเบียง,25250,,official_statutory_assessment_rate_not_market_price
118954,34511,ป่าตอง ฮาร์เบอร์ วิว,A,83,ภูเก็ต,2,กะทู้,2,ป่าตอง,83000000,สำนักงานที่ดินจังหวัดภูเก็ต,3,False,ห้องชุดพักอาศัย,51000,,official_statutory_assessment_rate_not_market_price
118955,34511,ป่าตอง ฮาร์เบอร์ วิว,A,83,ภูเก็ต,2,กะทู้,2,ป่าตอง,83000000,สำนักงานที่ดินจังหวัดภูเก็ต,3,False,ระเบียง,25500,,official_statutory_assessment_rate_not_market_price
118956,34511,ป่าตอง ฮาร์เบอร์ วิว,A,83,ภูเก็ต,2,กะทู้,2,ป่าตอง,83000000,สำนักงานที่ดินจังหวัดภูเก็ต,4,False,ห้องชุดพักอาศัย,51500,,official_statutory_assessment_rate_not_market_price
118957,34511,ป่าตอง ฮาร์เบอร์ วิว,A,83,ภูเก็ต,2,กะทู้,2,ป่าตอง,83000000,สำนักงานที่ดินจังหวัดภูเก็ต,4,False,ระเบียง,25750,,official_statutory_assessment_rate_not_market_price
118958,34511,ป่าตอง ฮาร์เบอร์ วิว,A,83,ภูเก็ต,2,กะทู้,2,ป่าตอง,83000000,สำนักงานที่ดินจังหวัดภูเก็ต,5,False,ห้องชุดพักอาศัย,52000,,official_statutory_assessment_rate_not_market_price
118959,34511,ป่าตอง ฮาร์เบอร์ วิว,A,83,ภูเก็ต,2,กะทู้,2,ป่าตอง,83000000,สำนักงานที่ดินจังหวัดภูเก็ต,5,False,ระเบียง,26000,,official_statutory_assessment_rate_not_market_price
118960,34511,ป่าตอง ฮาร์เบอร์ วิว,B,83,ภูเก็ต,2,กะทู้,2,ป่าตอง,83000000,สำนักงานที่ดินจังหวัดภูเก็ต,1,False,ห้องชุดเพื่อประกอบการค้า(ห้องชุดพาณิชยกรรม),60000,,official_statutory_assessment_rate_not_market_price
118961,34511,ป่าตอง ฮาร์เบอร์ วิว,B,83,ภูเก็ต,2,กะทู้,2,ป่าตอง,83000000,สำนักงานที่ดินจังหวัดภูเก็ต,1,False,ระเบียง,30000,,official_statutory_assessment_rate_not_market_price
118962,34511,ป่าตอง ฮาร์เบอร์ วิว,B,83,ภูเก็ต,2,กะทู้,2,ป่าตอง,83000000,สำนักงานที่ดินจังหวัดภูเก็ต,2,False,ห้องชุดพักอาศัย,50500,,official_statutory_assessment_rate_not_market_price
118963,34511,ป่าตอง ฮาร์เบอร์ วิว,B,83,ภูเก็ต,2,กะทู้,2,ป่าตอง,83000000,สำนักงานที่ดินจังหวัดภูเก็ต,2,False,ระเบียง,25250,,official_statutory_assessment_rate_not_market_price
118964,34511,ป่าตอง ฮาร์เบอร์ วิว,B,83,ภูเก็ต,2,กะทู้,2,ป่าตอง,83000000,สำนักงานที่ดินจังหวัดภูเก็ต,3,False,ห้องชุดพักอาศัย,51000,,official_statutory_assessment_rate_not_market_price
118965,34511,ป่าตอง ฮาร์เบอร์ วิว,B,83,ภูเก็ต,2,กะทู้,2,ป่าตอง,83000000,สำนักงานที่ดินจังหวัดภูเก็ต,3,False,ระเบียง,25500,,official_statutory_assessment_rate_not_market_price
118966,34511,ป่าตอง ฮาร์เบอร์ วิว,B,83,ภูเก็ต,2,กะทู้,2,ป่าตอง,83000000,สำนักงานที่ดินจังหวัดภูเก็ต,4,False,ห้องชุดพักอาศัย,51500,,official_statutory_assessment_rate_not_market_price
118967,34511,ป่าตอง ฮาร์เบอร์ วิว,B,83,ภูเก็ต,2,กะทู้,2,ป่าตอง,83000000,สำนักงานที่ดินจังหวัดภูเก็ต,4,False,ระเบียง,25750,,official_statutory_assessment_rate_not_market_price
118968,34511,ป่าตอง ฮาร์เบอร์ วิว,B,83,ภูเก็ต,2,กะทู้,2,ป่าตอง,83000000,สำนักงานที่ดินจังหวัดภูเก็ต,5,False,ห้องชุดพักอาศัย,52000,,official_statutory_assessment_rate_not_market_price
118969,34511,ป่าตอง ฮาร์เบอร์ วิว,B,83,ภูเก็ต,2,กะทู้,2,ป่าตอง,83000000,สำนักงานที่ดินจังหวัดภูเก็ต,5,False,ระเบียง,26000,,official_statutory_assessment_rate_not_market_price
118970,34511,ป่าตอง ฮาร์เบอร์ วิว,C,83,ภูเก็ต,2,กะทู้,2,ป่าตอง,83000000,สำนักงานที่ดินจังหวัดภูเก็ต,1,False,ห้องชุดพักอาศัย,50000,,official_statutory_assessment_rate_not_market_price
118971,34511,ป่าตอง ฮาร์เบอร์ วิว,C,83,ภูเก็ต,2,กะทู้,2,ป่าตอง,83000000,สำนักงานที่ดินจังหวัดภูเก็ต,1,False,ระเบียง,25000,,official_statutory_assessment_rate_not_market_price
118972,34511,ป่าตอง ฮาร์เบอร์ วิว,C,83,ภูเก็ต,2,กะทู้,2,ป่าตอง,83000000,สำนักงานที่ดินจังหวัดภูเก็ต,2,False,ห้องชุดพักอาศัย,50500,,official_statutory_assessment_rate_not_market_price
118973,34511,ป่าตอง ฮาร์เบอร์ วิว,C,83,ภูเก็ต,2,กะทู้,2,ป่าตอง,83000000,สำนักงานที่ดินจังหวัดภูเก็ต,2,False,ระเบียง,25250,,official_statutory_assessment_rate_not_market_price
118974,34511,ป่าตอง ฮาร์เบอร์ วิว,C,83,ภูเก็ต,2,กะทู้,2,ป่าตอง,83000000,สำนักงานที่ดินจังหวัดภูเก็ต,3,False,ห้องชุดพักอาศัย,51000,,official_statutory_assessment_rate_not_market_price
118975,34511,ป่าตอง ฮาร์เบอร์ วิว,C,83,ภูเก็ต,2,กะทู้,2,ป่าตอง,83000000,สำนักงานที่ดินจังหวัดภูเก็ต,3,False,ระเบียง,25500,,official_statutory_assessment_rate_not_market_price
118976,34473,คาริสา พูล วิลล่าส์,-,83,ภูเก็ต,2,กะทู้,2,ป่าตอง,83000000,สำนักงานที่ดินจังหวัดภูเก็ต,1,False,สวนส่วนบุคคล,133300,,official_statutory_assessment_rate_not_market_price
118977,34473,คาริสา พูล วิลล่าส์,-,83,ภูเก็ต,2,กะทู้,2,ป่าตอง,83000000,สำนักงานที่ดินจังหวัดภูเก็ต,1,False,ห้องชุดเพื่อประกอบการค้า(ห้องชุดพาณิชยกรรม)/พื้นที่ระเบียง/พื้นที่สระว่ายน้ำ,133300,,official_statutory_assessment_rate_not_market_price
118978,34473,คาริสา พูล วิลล่าส์,-,83,ภูเก็ต,2,กะทู้,2,ป่าตอง,83000000,สำนักงานที่ดินจังหวัดภูเก็ต,1,False,สวนส่วนบุคคล,102500,,official_statutory_assessment_rate_not_market_price
118979,34473,คาริสา พูล วิลล่าส์,-,83,ภูเก็ต,2,กะทู้,2,ป่าตอง,83000000,สำนักงานที่ดินจังหวัดภูเก็ต,1,False,ห้องชุดเพื่อประกอบการค้า(ห้องชุดพาณิชยกรรม)/พื้นที่ระเบียง/พื้นที่สระว่ายน้ำ,102500,,official_statutory_assessment_rate_not_market_price
118980,34473,คาริสา พูล วิลล่าส์,-,83,ภูเก็ต,2,กะทู้,2,ป่าตอง,83000000,สำนักงานที่ดินจังหวัดภูเก็ต,2,False,ห้องชุดเพื่อประกอบการค้า(ห้องชุดพาณิชยกรรม)/พื้นที่ระเบียง/พื้นที่สระว่ายน้ำ,99600,,official_statutory_assessment_rate_not_market_price
118981,39166,เดอะ วีว่า ป่าตอง,C,83,ภูเก็ต,2,กะทู้,2,ป่าตอง,83000000,สำนักงานที่ดินจังหวัดภูเก็ต,4,False,ห้องชุดพักอาศัยตากอากาศ/พื้นที่ระเบียง/พื้นที่สระว่ายน้ำ,81800,,official_statutory_assessment_rate_not_market_price
118982,39166,เดอะ วีว่า ป่าตอง,C,83,ภูเก็ต,2,กะทู้,2,ป่าตอง,83000000,สำนักงานที่ดินจังหวัดภูเก็ต,5,False,ห้องชุดพักอาศัยตากอากาศ/พื้นที่ระเบียง/พื้นที่สระว่ายน้ำ,83500,,official_statutory_assessment_rate_not_market_price
118983,39166,เดอะ วีว่า ป่าตอง,C,83,ภูเก็ต,2,กะทู้,2,ป่าตอง,83000000,สำนักงานที่ดินจังหวัดภูเก็ต,6,False,ห้องชุดพักอาศัยตากอากาศ/พื้นที่ระเบียง/พื้นที่สระว่ายน้ำ,85400,,official_statutory_assessment_rate_not_market_price
118984,39166,เดอะ วีว่า ป่าตอง,C,83,ภูเก็ต,2,กะทู้,2,ป่าตอง,83000000,สำนักงานที่ดินจังหวัดภูเก็ต,7,False,ห้องชุดพักอาศัยตากอากาศ/พื้นที่ระเบียง/พื้นที่สระว่ายน้ำ,87300,,official_statutory_assessment_rate_not_market_price
118985,39166,เดอะ วีว่า ป่าตอง,D,83,ภูเก็ต,2,กะทู้,2,ป่าตอง,83000000,สำนักงานที่ดินจังหวัดภูเก็ต,1,False,ห้องชุดพักอาศัยตากอากาศ 2 ชั้นควบที่มีระเบียงลงสระว่ายน้ำ/พื้นที่ระเบียง/พื้นที่สระว่ายน้ำ,79800,,official_statutory_assessment_rate_not_market_price
118986,39166,เดอะ วีว่า ป่าตอง,D,83,ภูเก็ต,2,กะทู้,2,ป่าตอง,83000000,สำนักงานที่ดินจังหวัดภูเก็ต,2,False,ห้องชุดพักอาศัยตากอากาศ/พื้นที่ระเบียง/พื้นที่สระว่ายน้ำ,78800,,official_statutory_assessment_rate_not_market_price
118987,39166,เดอะ วีว่า ป่าตอง,D,83,ภูเก็ต,2,กะทู้,2,ป่าตอง,83000000,สำนักงานที่ดินจังหวัดภูเก็ต,3,False,ห้องชุดพักอาศัยตากอากาศ/พื้นที่ระเบียง/พื้นที่สระว่ายน้ำ,80200,,official_statutory_assessment_rate_not_market_price
118988,39166,เดอะ วีว่า ป่าตอง,D,83,ภูเก็ต,2,กะทู้,2,ป่าตอง,83000000,สำนักงานที่ดินจังหวัดภูเก็ต,4,False,ห้องชุดพักอาศัยตากอากาศ/พื้นที่ระเบียง/พื้นที่สระว่ายน้ำ,81800,,official_statutory_assessment_rate_not_market_price
118989,39166,เดอะ วีว่า ป่าตอง,D,83,ภูเก็ต,2,กะทู้,2,ป่าตอง,83000000,สำนักงานที่ดินจังหวัดภูเก็ต,5,False,ห้องชุดพักอาศัยตากอากาศ/พื้นที่ระเบียง/พื้นที่สระว่ายน้ำ,83500,,official_statutory_assessment_rate_not_market_price
118990,39166,เดอะ วีว่า ป่าตอง,D,83,ภูเก็ต,2,กะทู้,2,ป่าตอง,83000000,สำนักงานที่ดินจังหวัดภูเก็ต,6,False,ห้องชุดพักอาศัยตากอากาศ/พื้นที่ระเบียง/พื้นที่สระว่ายน้ำ,85400,,official_statutory_assessment_rate_not_market_price
118991,34418,เดอะชาร์ม เรสซิเดนซ์,A,83,ภูเก็ต,2,กะทู้,2,ป่าตอง,83000000,สำนักงานที่ดินจังหวัดภูเก็ต,1,False,ห้องชุดพักอาศัยตากอากาศ,73500,,official_statutory_assessment_rate_not_market_price
118992,34418,เดอะชาร์ม เรสซิเดนซ์,A,83,ภูเก็ต,2,กะทู้,2,ป่าตอง,83000000,สำนักงานที่ดินจังหวัดภูเก็ต,1,False,พื้นที่ระเบียง,36750,,official_statutory_assessment_rate_not_market_price
118993,34418,เดอะชาร์ม เรสซิเดนซ์,A,83,ภูเก็ต,2,กะทู้,2,ป่าตอง,83000000,สำนักงานที่ดินจังหวัดภูเก็ต,2,False,ห้องชุดพักอาศัยตากอากาศ,74000,,official_statutory_assessment_rate_not_market_price
118994,34418,เดอะชาร์ม เรสซิเดนซ์,A,83,ภูเก็ต,2,กะทู้,2,ป่าตอง,83000000,สำนักงานที่ดินจังหวัดภูเก็ต,2,False,พื้นที่ระเบียง,37000,,official_statutory_assessment_rate_not_market_price
118995,34418,เดอะชาร์ม เรสซิเดนซ์,A,83,ภูเก็ต,2,กะทู้,2,ป่าตอง,83000000,สำนักงานที่ดินจังหวัดภูเก็ต,3,False,ห้องชุดพักอาศัยตากอากาศ,74500,,official_statutory_assessment_rate_not_market_price
118996,34418,เดอะชาร์ม เรสซิเดนซ์,A,83,ภูเก็ต,2,กะทู้,2,ป่าตอง,83000000,สำนักงานที่ดินจังหวัดภูเก็ต,3,False,พื้นที่ระเบียง,37250,,official_statutory_assessment_rate_not_market_price
118997,34418,เดอะชาร์ม เรสซิเดนซ์,A,83,ภูเก็ต,2,กะทู้,2,ป่าตอง,83000000,สำนักงานที่ดินจังหวัดภูเก็ต,4,False,ห้องชุดพักอาศัยตากอากาศ,75000,,official_statutory_assessment_rate_not_market_price
118998,34418,เดอะชาร์ม เรสซิเดนซ์,A,83,ภูเก็ต,2,กะทู้,2,ป่าตอง,83000000,สำนักงานที่ดินจังหวัดภูเก็ต,4,False,พื้นที่ระเบียง,37500,,official_statutory_assessment_rate_not_market_price
118999,34418,เดอะชาร์ม เรสซิเดนซ์,B,83,ภูเก็ต,2,กะทู้,2,ป่าตอง,83000000,สำนักงานที่ดินจังหวัดภูเก็ต,1,False,ห้องชุดพักอาศัยตากอากาศ,73500,,official_statutory_assessment_rate_not_market_price
119000,34418,เดอะชาร์ม เรสซิเดนซ์,B,83,ภูเก็ต,2,กะทู้,2,ป่าตอง,83000000,สำนักงานที่ดินจังหวัดภูเก็ต,1,False,พื้นที่ระเบียง,36750,,official_statutory_assessment_rate_not_market_price
119001,34418,เดอะชาร์ม เรสซิเดนซ์,B,83,ภูเก็ต,2,กะทู้,2,ป่าตอง,83000000,สำนักงานที่ดินจังหวัดภูเก็ต,2,False,ห้องชุดพักอาศัยตากอากาศ,74000,,official_statutory_assessment_rate_not_market_price
119002,34418,เดอะชาร์ม เรสซิเดนซ์,B,83,ภูเก็ต,2,กะทู้,2,ป่าตอง,83000000,สำนักงานที่ดินจังหวัดภูเก็ต,2,False,พื้นที่ระเบียง,37000,,official_statutory_assessment_rate_not_market_price
119003,34418,เดอะชาร์ม เรสซิเดนซ์,B,83,ภูเก็ต,2,กะทู้,2,ป่าตอง,83000000,สำนักงานที่ดินจังหวัดภูเก็ต,3,False,ห้องชุดพักอาศัยตากอากาศ,74500,,official_statutory_assessment_rate_not_market_price
119004,34418,เดอะชาร์ม เรสซิเดนซ์,B,83,ภูเก็ต,2,กะทู้,2,ป่าตอง,83000000,สำนักงานที่ดินจังหวัดภูเก็ต,3,False,พื้นที่ระเบียง,37250,,official_statutory_assessment_rate_not_market_price
119005,34418,เดอะชาร์ม เรสซิเดนซ์,B,83,ภูเก็ต,2,กะทู้,2,ป่าตอง,83000000,สำนักงานที่ดินจังหวัดภูเก็ต,4,False,ห้องชุดพักอาศัยตากอากาศ,75000,,official_statutory_assessment_rate_not_market_price
119006,34418,เดอะชาร์ม เรสซิเดนซ์,B,83,ภูเก็ต,2,กะทู้,2,ป่าตอง,83000000,สำนักงานที่ดินจังหวัดภูเก็ต,4,False,พื้นที่ระเบียง,37500,,official_statutory_assessment_rate_not_market_price
119007,34418,เดอะชาร์ม เรสซิเดนซ์,C,83,ภูเก็ต,2,กะทู้,2,ป่าตอง,83000000,สำนักงานที่ดินจังหวัดภูเก็ต,1,False,ห้องชุดเพื่อประกอบการค้า(ห้องชุดพาณิชยกรรม),88000,,official_statutory_assessment_rate_not_market_price
119008,34418,เดอะชาร์ม เรสซิเดนซ์,C,83,ภูเก็ต,2,กะทู้,2,ป่าตอง,83000000,สำนักงานที่ดินจังหวัดภูเก็ต,2,False,ห้องชุดพักอาศัยตากอากาศ,74000,,official_statutory_assessment_rate_not_market_price
119009,34418,เดอะชาร์ม เรสซิเดนซ์,C,83,ภูเก็ต,2,กะทู้,2,ป่าตอง,83000000,สำนักงานที่ดินจังหวัดภูเก็ต,2,False,พื้นที่ระเบียง,37000,,official_statutory_assessment_rate_not_market_price
119010,34418,เดอะชาร์ม เรสซิเดนซ์,C,83,ภูเก็ต,2,กะทู้,2,ป่าตอง,83000000,สำนักงานที่ดินจังหวัดภูเก็ต,3,False,ห้องชุดพักอาศัยตากอากาศ,74500,,official_statutory_assessment_rate_not_market_price
119011,34418,เดอะชาร์ม เรสซิเดนซ์,C,83,ภูเก็ต,2,กะทู้,2,ป่าตอง,83000000,สำนักงานที่ดินจังหวัดภูเก็ต,3,False,พื้นที่ระเบียง,37250,,official_statutory_assessment_rate_not_market_price
119012,34418,เดอะชาร์ม เรสซิเดนซ์,C,83,ภูเก็ต,2,กะทู้,2,ป่าตอง,83000000,สำนักงานที่ดินจังหวัดภูเก็ต,4,False,ห้องชุดพักอาศัยตากอากาศ,75000,,official_statutory_assessment_rate_not_market_price
119013,34418,เดอะชาร์ม เรสซิเดนซ์,C,83,ภูเก็ต,2,กะทู้,2,ป่าตอง,83000000,สำนักงานที่ดินจังหวัดภูเก็ต,4,False,พื้นที่ระเบียง,37500,,official_statutory_assessment_rate_not_market_price
119014,34418,เดอะชาร์ม เรสซิเดนซ์,D,83,ภูเก็ต,2,กะทู้,2,ป่าตอง,83000000,สำนักงานที่ดินจังหวัดภูเก็ต,1-ก.พ.,True,ห้องชุดพักอาศัยตากอากาศ,74000,,official_statutory_assessment_rate_not_market_price
119015,34418,เดอะชาร์ม เรสซิเดนซ์,D,83,ภูเก็ต,2,กะทู้,2,ป่าตอง,83000000,สำนักงานที่ดินจังหวัดภูเก็ต,1-ก.พ.,True,พื้นที่ระเบียง,37000,,official_statutory_assessment_rate_not_market_price
119016,34418,เดอะชาร์ม เรสซิเดนซ์,D,83,ภูเก็ต,2,กะทู้,2,ป่าตอง,83000000,สำนักงานที่ดินจังหวัดภูเก็ต,3-เม.ย.,True,ห้องชุดพักอาศัยตากอากาศ,74500,,official_statutory_assessment_rate_not_market_price
119017,34418,เดอะชาร์ม เรสซิเดนซ์,D,83,ภูเก็ต,2,กะทู้,2,ป่าตอง,83000000,สำนักงานที่ดินจังหวัดภูเก็ต,3-เม.ย.,True,พื้นที่ระเบียง,37250,,official_statutory_assessment_rate_not_market_price
119018,34418,เดอะชาร์ม เรสซิเดนซ์,D,83,ภูเก็ต,2,กะทู้,2,ป่าตอง,83000000,สำนักงานที่ดินจังหวัดภูเก็ต,5-มิ.ย.,True,ห้องชุดพักอาศัยตากอากาศ,75000,,official_statutory_assessment_rate_not_market_price
119019,34418,เดอะชาร์ม เรสซิเดนซ์,D,83,ภูเก็ต,2,กะทู้,2,ป่าตอง,83000000,สำนักงานที่ดินจังหวัดภูเก็ต,5-มิ.ย.,True,พื้นที่ระเบียง,37500,,official_statutory_assessment_rate_not_market_price
119020,34413,เดอะเฮเว่น ลากูน คอนโดมิเนียม,-,83,ภูเก็ต,2,กะทู้,2,ป่าตอง,83000000,สำนักงานที่ดินจังหวัดภูเก็ต,2,False,ห้องชุดพักอาศัย,48500,,official_statutory_assessment_rate_not_market_price
119021,34413,เดอะเฮเว่น ลากูน คอนโดมิเนียม,-,83,ภูเก็ต,2,กะทู้,2,ป่าตอง,83000000,สำนักงานที่ดินจังหวัดภูเก็ต,2,False,พื้นที่ระเบียง,24250,,official_statutory_assessment_rate_not_market_price
119022,34413,เดอะเฮเว่น ลากูน คอนโดมิเนียม,-,83,ภูเก็ต,2,กะทู้,2,ป่าตอง,83000000,สำนักงานที่ดินจังหวัดภูเก็ต,3,False,ห้องชุดพักอาศัย,49000,,official_statutory_assessment_rate_not_market_price
119023,34413,เดอะเฮเว่น ลากูน คอนโดมิเนียม,-,83,ภูเก็ต,2,กะทู้,2,ป่าตอง,83000000,สำนักงานที่ดินจังหวัดภูเก็ต,3,False,พื้นที่ระเบียง,24500,,official_statutory_assessment_rate_not_market_price
119024,34413,เดอะเฮเว่น ลากูน คอนโดมิเนียม,-,83,ภูเก็ต,2,กะทู้,2,ป่าตอง,83000000,สำนักงานที่ดินจังหวัดภูเก็ต,4,False,ห้องชุดพักอาศัย,49500,,official_statutory_assessment_rate_not_market_price
119025,34413,เดอะเฮเว่น ลากูน คอนโดมิเนียม,-,83,ภูเก็ต,2,กะทู้,2,ป่าตอง,83000000,สำนักงานที่ดินจังหวัดภูเก็ต,4,False,พื้นที่ระเบียง,24750,,official_statutory_assessment_rate_not_market_price
119026,34413,เดอะเฮเว่น ลากูน คอนโดมิเนียม,-,83,ภูเก็ต,2,กะทู้,2,ป่าตอง,83000000,สำนักงานที่ดินจังหวัดภูเก็ต,5,False,ห้องชุดพักอาศัย,50000,,official_statutory_assessment_rate_not_market_price
119027,34413,เดอะเฮเว่น ลากูน คอนโดมิเนียม,-,83,ภูเก็ต,2,กะทู้,2,ป่าตอง,83000000,สำนักงานที่ดินจังหวัดภูเก็ต,5,False,พื้นที่ระเบียง,25000,,official_statutory_assessment_rate_not_market_price
119028,34444,โลตัส คอนโดมิเนียม,-,83,ภูเก็ต,2,กะทู้,2,ป่าตอง,83000000,สำนักงานที่ดินจังหวัดภูเก็ต,1,False,ห้องชุดพักอาศัยตากอากาศ,43500,,official_statutory_assessment_rate_not_market_price
119029,34444,โลตัส คอนโดมิเนียม,-,83,ภูเก็ต,2,กะทู้,2,ป่าตอง,83000000,สำนักงานที่ดินจังหวัดภูเก็ต,1,False,พื้นที่ระเบียง,21750,,official_statutory_assessment_rate_not_market_price
119030,34444,โลตัส คอนโดมิเนียม,-,83,ภูเก็ต,2,กะทู้,2,ป่าตอง,83000000,สำนักงานที่ดินจังหวัดภูเก็ต,2,False,ห้องชุดพักอาศัยตากอากาศ,43000,,official_statutory_assessment_rate_not_market_price
119031,34444,โลตัส คอนโดมิเนียม,-,83,ภูเก็ต,2,กะทู้,2,ป่าตอง,83000000,สำนักงานที่ดินจังหวัดภูเก็ต,2,False,พื้นที่ระเบียง,21500,,official_statutory_assessment_rate_not_market_price
119032,34444,โลตัส คอนโดมิเนียม,-,83,ภูเก็ต,2,กะทู้,2,ป่าตอง,83000000,สำนักงานที่ดินจังหวัดภูเก็ต,3,False,ห้องชุดพักอาศัยตากอากาศ,42500,,official_statutory_assessment_rate_not_market_price
119033,34444,โลตัส คอนโดมิเนียม,-,83,ภูเก็ต,2,กะทู้,2,ป่าตอง,83000000,สำนักงานที่ดินจังหวัดภูเก็ต,3,False,พื้นที่ระเบียง,21250,,official_statutory_assessment_rate_not_market_price
119034,39166,เดอะ วีว่า ป่าตอง,A,83,ภูเก็ต,2,กะทู้,2,ป่าตอง,83000000,สำนักงานที่ดินจังหวัดภูเก็ต,1,False,ห้องชุดพักอาศัยตากอากาศ 2 ชั้นควบที่มีระเบียงลงสระว่ายน้ำ/พื้นที่ระเบียง/พื้นที่สระว่ายน้ำ,79800,,official_statutory_assessment_rate_not_market_price
119035,39166,เดอะ วีว่า ป่าตอง,A,83,ภูเก็ต,2,กะทู้,2,ป่าตอง,83000000,สำนักงานที่ดินจังหวัดภูเก็ต,2,False,ห้องชุดพักอาศัยตากอากาศ/พื้นที่ระเบียง/พื้นที่สระว่ายน้ำ,78800,,official_statutory_assessment_rate_not_market_price
119036,39166,เดอะ วีว่า ป่าตอง,A,83,ภูเก็ต,2,กะทู้,2,ป่าตอง,83000000,สำนักงานที่ดินจังหวัดภูเก็ต,3,False,ห้องชุดพักอาศัยตากอากาศ/พื้นที่ระเบียง/พื้นที่สระว่ายน้ำ,80200,,official_statutory_assessment_rate_not_market_price
119037,39166,เดอะ วีว่า ป่าตอง,A,83,ภูเก็ต,2,กะทู้,2,ป่าตอง,83000000,สำนักงานที่ดินจังหวัดภูเก็ต,4,False,ห้องชุดพักอาศัยตากอากาศ/พื้นที่ระเบียง/พื้นที่สระว่ายน้ำ,81800,,official_statutory_assessment_rate_not_market_price
119038,39166,เดอะ วีว่า ป่าตอง,A,83,ภูเก็ต,2,กะทู้,2,ป่าตอง,83000000,สำนักงานที่ดินจังหวัดภูเก็ต,5,False,ห้องชุดพักอาศัยตากอากาศ/พื้นที่ระเบียง/พื้นที่สระว่ายน้ำ,83500,,official_statutory_assessment_rate_not_market_price
119039,39166,เดอะ วีว่า ป่าตอง,A,83,ภูเก็ต,2,กะทู้,2,ป่าตอง,83000000,สำนักงานที่ดินจังหวัดภูเก็ต,6,False,ห้องชุดพักอาศัยตากอากาศ/พื้นที่ระเบียง/พื้นที่สระว่ายน้ำ,85400,,official_statutory_assessment_rate_not_market_price
119040,39166,เดอะ วีว่า ป่าตอง,B,83,ภูเก็ต,2,กะทู้,2,ป่าตอง,83000000,สำนักงานที่ดินจังหวัดภูเก็ต,1,False,ห้องชุดพักอาศัยตากอากาศที่มีระเบียงลงสระว่ายน้ำ/พื้นที่ระเบียง/พื้นที่สระว่ายน้ำ,78800,,official_statutory_assessment_rate_not_market_price
119041,39166,เดอะ วีว่า ป่าตอง,B,83,ภูเก็ต,2,กะทู้,2,ป่าตอง,83000000,สำนักงานที่ดินจังหวัดภูเก็ต,2,False,ห้องชุดพักอาศัยตากอากาศ/พื้นที่ระเบียง/พื้นที่สระว่ายน้ำ,78800,,official_statutory_assessment_rate_not_market_price
119042,39166,เดอะ วีว่า ป่าตอง,B,83,ภูเก็ต,2,กะทู้,2,ป่าตอง,83000000,สำนักงานที่ดินจังหวัดภูเก็ต,3,False,ห้องชุดพักอาศัยตากอากาศ/พื้นที่ระเบียง/พื้นที่สระว่ายน้ำ,80200,,official_statutory_assessment_rate_not_market_price
119043,39166,เดอะ วีว่า ป่าตอง,B,83,ภูเก็ต,2,กะทู้,2,ป่าตอง,83000000,สำนักงานที่ดินจังหวัดภูเก็ต,4,False,ห้องชุดพักอาศัยตากอากาศ/พื้นที่ระเบียง/พื้นที่สระว่ายน้ำ,81800,,official_statutory_assessment_rate_not_market_price
119044,39166,เดอะ วีว่า ป่าตอง,B,83,ภูเก็ต,2,กะทู้,2,ป่าตอง,83000000,สำนักงานที่ดินจังหวัดภูเก็ต,5,False,ห้องชุดพักอาศัยตากอากาศ/พื้นที่ระเบียง/พื้นที่สระว่ายน้ำ,83500,,official_statutory_assessment_rate_not_market_price
119045,39166,เดอะ วีว่า ป่าตอง,B,83,ภูเก็ต,2,กะทู้,2,ป่าตอง,83000000,สำนักงานที่ดินจังหวัดภูเก็ต,6,False,ห้องชุดพักอาศัยตากอากาศ/พื้นที่ระเบียง/พื้นที่สระว่ายน้ำ,85400,,official_statutory_assessment_rate_not_market_price
119046,39166,เดอะ วีว่า ป่าตอง,B,83,ภูเก็ต,2,กะทู้,2,ป่าตอง,83000000,สำนักงานที่ดินจังหวัดภูเก็ต,7,False,ห้องชุดพักอาศัยตากอากาศ/พื้นที่ระเบียง/พื้นที่สระว่ายน้ำ,87300,,official_statutory_assessment_rate_not_market_price
119047,39166,เดอะ วีว่า ป่าตอง,C,83,ภูเก็ต,2,กะทู้,2,ป่าตอง,83000000,สำนักงานที่ดินจังหวัดภูเก็ต,1,False,ห้องชุดพักอาศัยตากอากาศที่มีระเบียงลงสระว่ายน้ำ/พื้นที่ระเบียง/พื้นที่สระว่ายน้ำ,78800,,official_statutory_assessment_rate_not_market_price
119048,39166,เดอะ วีว่า ป่าตอง,C,83,ภูเก็ต,2,กะทู้,2,ป่าตอง,83000000,สำนักงานที่ดินจังหวัดภูเก็ต,2,False,ห้องชุดพักอาศัยตากอากาศ/พื้นที่ระเบียง/พื้นที่สระว่ายน้ำ,78800,,official_statutory_assessment_rate_not_market_price
119049,39166,เดอะ วีว่า ป่าตอง,C,83,ภูเก็ต,2,กะทู้,2,ป่าตอง,83000000,สำนักงานที่ดินจังหวัดภูเก็ต,3,False,ห้องชุดพักอาศัยตากอากาศ/พื้นที่ระเบียง/พื้นที่สระว่ายน้ำ,80200,,official_statutory_assessment_rate_not_market_price
119050,34437,แอ็บโซลูท แซนด์,-,83,ภูเก็ต,2,กะทู้,2,ป่าตอง,83000000,สำนักงานที่ดินจังหวัดภูเก็ต,1,False,ห้องชุดเพื่อประกอบการค้า(ห้องชุดพาณิชยกรรม),76000,,official_statutory_assessment_rate_not_market_price
119051,34437,แอ็บโซลูท แซนด์,-,83,ภูเก็ต,2,กะทู้,2,ป่าตอง,83000000,สำนักงานที่ดินจังหวัดภูเก็ต,2,False,พักอาศัยตากอากาศ,64000,,official_statutory_assessment_rate_not_market_price
119052,34437,แอ็บโซลูท แซนด์,-,83,ภูเก็ต,2,กะทู้,2,ป่าตอง,83000000,สำนักงานที่ดินจังหวัดภูเก็ต,2,False,พื้นที่ระเบียง,32000,,official_statutory_assessment_rate_not_market_price
119053,34437,แอ็บโซลูท แซนด์,-,83,ภูเก็ต,2,กะทู้,2,ป่าตอง,83000000,สำนักงานที่ดินจังหวัดภูเก็ต,3,False,พักอาศัยตากอากาศ,64500,,official_statutory_assessment_rate_not_market_price
119054,34437,แอ็บโซลูท แซนด์,-,83,ภูเก็ต,2,กะทู้,2,ป่าตอง,83000000,สำนักงานที่ดินจังหวัดภูเก็ต,3,False,พื้นที่ระเบียง,32250,,official_statutory_assessment_rate_not_market_price
119055,34437,แอ็บโซลูท แซนด์,-,83,ภูเก็ต,2,กะทู้,2,ป่าตอง,83000000,สำนักงานที่ดินจังหวัดภูเก็ต,4,False,พักอาศัยตากอากาศ,65000,,official_statutory_assessment_rate_not_market_price
119056,34437,แอ็บโซลูท แซนด์,-,83,ภูเก็ต,2,กะทู้,2,ป่าตอง,83000000,สำนักงานที่ดินจังหวัดภูเก็ต,4,False,พื้นที่ระเบียง,32500,,official_statutory_assessment_rate_not_market_price
119057,34437,แอ็บโซลูท แซนด์,-,83,ภูเก็ต,2,กะทู้,2,ป่าตอง,83000000,สำนักงานที่ดินจังหวัดภูเก็ต,5,False,พักอาศัยตากอากาศ,65500,,official_statutory_assessment_rate_not_market_price
119058,34437,แอ็บโซลูท แซนด์,-,83,ภูเก็ต,2,กะทู้,2,ป่าตอง,83000000,สำนักงานที่ดินจังหวัดภูเก็ต,5,False,พื้นที่ระเบียง,32750,,official_statutory_assessment_rate_not_market_price
119059,34438,แอ๊บโซลูท ทวิน แซนด์ รีสอร์ท แอนด์ สปา คอนโดมิเนียม เฟส 2,C,83,ภูเก็ต,2,กะทู้,2,ป่าตอง,83000000,สำนักงานที่ดินจังหวัดภูเก็ต,1,False,ห้องชุดพักอาศัยตากอากาศ,63000,,official_statutory_assessment_rate_not_market_price
119060,34438,แอ๊บโซลูท ทวิน แซนด์ รีสอร์ท แอนด์ สปา คอนโดมิเนียม เฟส 2,C,83,ภูเก็ต,2,กะทู้,2,ป่าตอง,83000000,สำนักงานที่ดินจังหวัดภูเก็ต,1,False,พื้นที่ระเบียง,31500,,official_statutory_assessment_rate_not_market_price
119061,34438,แอ๊บโซลูท ทวิน แซนด์ รีสอร์ท แอนด์ สปา คอนโดมิเนียม เฟส 2,C,83,ภูเก็ต,2,กะทู้,2,ป่าตอง,83000000,สำนักงานที่ดินจังหวัดภูเก็ต,2,False,ห้องชุดพักอาศัยตากอากาศ,63500,,official_statutory_assessment_rate_not_market_price
119062,34438,แอ๊บโซลูท ทวิน แซนด์ รีสอร์ท แอนด์ สปา คอนโดมิเนียม เฟส 2,C,83,ภูเก็ต,2,กะทู้,2,ป่าตอง,83000000,สำนักงานที่ดินจังหวัดภูเก็ต,2,False,พื้นที่ระเบียง,31750,,official_statutory_assessment_rate_not_market_price
119063,34438,แอ๊บโซลูท ทวิน แซนด์ รีสอร์ท แอนด์ สปา คอนโดมิเนียม เฟส 2,C,83,ภูเก็ต,2,กะทู้,2,ป่าตอง,83000000,สำนักงานที่ดินจังหวัดภูเก็ต,3,False,ห้องชุดพักอาศัยตากอากาศ,64000,,official_statutory_assessment_rate_not_market_price
119064,34438,แอ๊บโซลูท ทวิน แซนด์ รีสอร์ท แอนด์ สปา คอนโดมิเนียม เฟส 2,C,83,ภูเก็ต,2,กะทู้,2,ป่าตอง,83000000,สำนักงานที่ดินจังหวัดภูเก็ต,3,False,พื้นที่ระเบียง,32000,,official_statutory_assessment_rate_not_market_price
119065,34438,แอ๊บโซลูท ทวิน แซนด์ รีสอร์ท แอนด์ สปา คอนโดมิเนียม เฟส 2,C,83,ภูเก็ต,2,กะทู้,2,ป่าตอง,83000000,สำนักงานที่ดินจังหวัดภูเก็ต,4,False,ห้องชุดพักอาศัยตากอากาศ,64500,,official_statutory_assessment_rate_not_market_price
119066,34438,แอ๊บโซลูท ทวิน แซนด์ รีสอร์ท แอนด์ สปา คอนโดมิเนียม เฟส 2,C,83,ภูเก็ต,2,กะทู้,2,ป่าตอง,83000000,สำนักงานที่ดินจังหวัดภูเก็ต,4,False,พื้นที่ระเบียง,32250,,official_statutory_assessment_rate_not_market_price
119067,34438,แอ๊บโซลูท ทวิน แซนด์ รีสอร์ท แอนด์ สปา คอนโดมิเนียม เฟส 2,D,83,ภูเก็ต,2,กะทู้,2,ป่าตอง,83000000,สำนักงานที่ดินจังหวัดภูเก็ต,1,False,ห้องชุดพักอาศัยตากอากาศ,63000,,official_statutory_assessment_rate_not_market_price
119068,34438,แอ๊บโซลูท ทวิน แซนด์ รีสอร์ท แอนด์ สปา คอนโดมิเนียม เฟส 2,D,83,ภูเก็ต,2,กะทู้,2,ป่าตอง,83000000,สำนักงานที่ดินจังหวัดภูเก็ต,1,False,พื้นที่ระเบียง,31500,,official_statutory_assessment_rate_not_market_price
119069,34438,แอ๊บโซลูท ทวิน แซนด์ รีสอร์ท แอนด์ สปา คอนโดมิเนียม เฟส 2,D,83,ภูเก็ต,2,กะทู้,2,ป่าตอง,83000000,สำนักงานที่ดินจังหวัดภูเก็ต,2,False,ห้องชุดพักอาศัยตากอากาศ,63500,,official_statutory_assessment_rate_not_market_price
119070,34438,แอ๊บโซลูท ทวิน แซนด์ รีสอร์ท แอนด์ สปา คอนโดมิเนียม เฟส 2,D,83,ภูเก็ต,2,กะทู้,2,ป่าตอง,83000000,สำนักงานที่ดินจังหวัดภูเก็ต,2,False,พื้นที่ระเบียง,31750,,official_statutory_assessment_rate_not_market_price
119071,34438,แอ๊บโซลูท ทวิน แซนด์ รีสอร์ท แอนด์ สปา คอนโดมิเนียม เฟส 2,D,83,ภูเก็ต,2,กะทู้,2,ป่าตอง,83000000,สำนักงานที่ดินจังหวัดภูเก็ต,3,False,ห้องชุดพักอาศัยตากอากาศ,64000,,official_statutory_assessment_rate_not_market_price
119072,34438,แอ๊บโซลูท ทวิน แซนด์ รีสอร์ท แอนด์ สปา คอนโดมิเนียม เฟส 2,D,83,ภูเก็ต,2,กะทู้,2,ป่าตอง,83000000,สำนักงานที่ดินจังหวัดภูเก็ต,3,False,พื้นที่ระเบียง,32000,,official_statutory_assessment_rate_not_market_price
119073,34438,แอ๊บโซลูท ทวิน แซนด์ รีสอร์ท แอนด์ สปา คอนโดมิเนียม เฟส 2,D,83,ภูเก็ต,2,กะทู้,2,ป่าตอง,83000000,สำนักงานที่ดินจังหวัดภูเก็ต,4,False,ห้องชุดพักอาศัยตากอากาศ,64500,,official_statutory_assessment_rate_not_market_price
119074,34438,แอ๊บโซลูท ทวิน แซนด์ รีสอร์ท แอนด์ สปา คอนโดมิเนียม เฟส 2,D,83,ภูเก็ต,2,กะทู้,2,ป่าตอง,83000000,สำนักงานที่ดินจังหวัดภูเก็ต,4,False,พื้นที่ระเบียง,32250,,official_statutory_assessment_rate_not_market_price
119075,34427,เพรสซิเดนท์ ปาร์ค คอนโดมิเนี่ยม,-,83,ภูเก็ต,2,กะทู้,2,ป่าตอง,83000000,สำนักงานที่ดินจังหวัดภูเก็ต,2,False,ห้องชุดพักอาศัย,15000,,official_statutory_assessment_rate_not_market_price
119076,34427,เพรสซิเดนท์ ปาร์ค คอนโดมิเนี่ยม,-,83,ภูเก็ต,2,กะทู้,2,ป่าตอง,83000000,สำนักงานที่ดินจังหวัดภูเก็ต,2,False,ระเบียง,7500,,official_statutory_assessment_rate_not_market_price
119077,34427,เพรสซิเดนท์ ปาร์ค คอนโดมิเนี่ยม,-,83,ภูเก็ต,2,กะทู้,2,ป่าตอง,83000000,สำนักงานที่ดินจังหวัดภูเก็ต,3,False,ห้องชุดพักอาศัย,15100,,official_statutory_assessment_rate_not_market_price
119078,34427,เพรสซิเดนท์ ปาร์ค คอนโดมิเนี่ยม,-,83,ภูเก็ต,2,กะทู้,2,ป่าตอง,83000000,สำนักงานที่ดินจังหวัดภูเก็ต,3,False,ระเบียง,7550,,official_statutory_assessment_rate_not_market_price
119079,34427,เพรสซิเดนท์ ปาร์ค คอนโดมิเนี่ยม,-,83,ภูเก็ต,2,กะทู้,2,ป่าตอง,83000000,สำนักงานที่ดินจังหวัดภูเก็ต,4,False,ห้องชุดพักอาศัย,15200,,official_statutory_assessment_rate_not_market_price
119080,34427,เพรสซิเดนท์ ปาร์ค คอนโดมิเนี่ยม,-,83,ภูเก็ต,2,กะทู้,2,ป่าตอง,83000000,สำนักงานที่ดินจังหวัดภูเก็ต,4,False,ระเบียง,7600,,official_statutory_assessment_rate_not_market_price
119081,34427,เพรสซิเดนท์ ปาร์ค คอนโดมิเนี่ยม,-,83,ภูเก็ต,2,กะทู้,2,ป่าตอง,83000000,สำนักงานที่ดินจังหวัดภูเก็ต,5,False,ห้องชุดพักอาศัย,15400,,official_statutory_assessment_rate_not_market_price
119082,34427,เพรสซิเดนท์ ปาร์ค คอนโดมิเนี่ยม,-,83,ภูเก็ต,2,กะทู้,2,ป่าตอง,83000000,สำนักงานที่ดินจังหวัดภูเก็ต,5,False,ระเบียง,7700,,official_statutory_assessment_rate_not_market_price
119083,34427,เพรสซิเดนท์ ปาร์ค คอนโดมิเนี่ยม,-,83,ภูเก็ต,2,กะทู้,2,ป่าตอง,83000000,สำนักงานที่ดินจังหวัดภูเก็ต,6,False,ห้องชุดพักอาศัย,15600,,official_statutory_assessment_rate_not_market_price
119084,34427,เพรสซิเดนท์ ปาร์ค คอนโดมิเนี่ยม,-,83,ภูเก็ต,2,กะทู้,2,ป่าตอง,83000000,สำนักงานที่ดินจังหวัดภูเก็ต,6,False,ระเบียง,7800,,official_statutory_assessment_rate_not_market_price
119085,34427,เพรสซิเดนท์ ปาร์ค คอนโดมิเนี่ยม,-,83,ภูเก็ต,2,กะทู้,2,ป่าตอง,83000000,สำนักงานที่ดินจังหวัดภูเก็ต,7,False,ห้องชุดพักอาศัย,15800,,official_statutory_assessment_rate_not_market_price
119086,34427,เพรสซิเดนท์ ปาร์ค คอนโดมิเนี่ยม,-,83,ภูเก็ต,2,กะทู้,2,ป่าตอง,83000000,สำนักงานที่ดินจังหวัดภูเก็ต,7,False,ระเบียง,7900,,official_statutory_assessment_rate_not_market_price
119087,34409,เดอะ อริสโต้ ป่าตอง ,A,83,ภูเก็ต,2,กะทู้,2,ป่าตอง,83000000,สำนักงานที่ดินจังหวัดภูเก็ต,1,False,ห้องชุดเพื่อประกอบการค้า(ห้องชุดพาณิชยกรรม)/พื้นที่ระเบียง,97100,,official_statutory_assessment_rate_not_market_price
119088,34409,เดอะ อริสโต้ ป่าตอง ,B,83,ภูเก็ต,2,กะทู้,2,ป่าตอง,83000000,สำนักงานที่ดินจังหวัดภูเก็ต,2,False,ห้องชุดเพื่อประกอบการค้า(ห้องชุดพาณิชยกรรม)/พื้นที่ระเบียง,94300,,official_statutory_assessment_rate_not_market_price
119089,34409,เดอะ อริสโต้ ป่าตอง ,B,83,ภูเก็ต,2,กะทู้,2,ป่าตอง,83000000,สำนักงานที่ดินจังหวัดภูเก็ต,3,False,ห้องชุดเพื่อประกอบการค้า(ห้องชุดพาณิชยกรรม)/พื้นที่ระเบียง,92200,,official_statutory_assessment_rate_not_market_price
119090,34409,เดอะ อริสโต้ ป่าตอง ,D,83,ภูเก็ต,2,กะทู้,2,ป่าตอง,83000000,สำนักงานที่ดินจังหวัดภูเก็ต,1,False,ห้องชุดเพื่อประกอบการค้า(ห้องชุดพาณิชยกรรม)/พื้นที่ระเบียง,97100,,official_statutory_assessment_rate_not_market_price
119091,34409,เดอะ อริสโต้ ป่าตอง ,D,83,ภูเก็ต,2,กะทู้,2,ป่าตอง,83000000,สำนักงานที่ดินจังหวัดภูเก็ต,2,False,ห้องชุดเพื่อประกอบการค้า(ห้องชุดพาณิชยกรรม)/พื้นที่ระเบียง,94300,,official_statutory_assessment_rate_not_market_price
119092,34409,เดอะ อริสโต้ ป่าตอง ,E,83,ภูเก็ต,2,กะทู้,2,ป่าตอง,83000000,สำนักงานที่ดินจังหวัดภูเก็ต,1,False,ห้องชุดเพื่อประกอบการค้า(ห้องชุดพาณิชยกรรม)/พื้นที่ระเบียง,97100,,official_statutory_assessment_rate_not_market_price
119093,34409,เดอะ อริสโต้ ป่าตอง ,G,83,ภูเก็ต,2,กะทู้,2,ป่าตอง,83000000,สำนักงานที่ดินจังหวัดภูเก็ต,1,False,ห้องชุดเพื่อประกอบการค้า(ห้องชุดพาณิชยกรรม)/พื้นที่ระเบียง,97100,,official_statutory_assessment_rate_not_market_price
119094,34409,เดอะ อริสโต้ ป่าตอง ,H,83,ภูเก็ต,2,กะทู้,2,ป่าตอง,83000000,สำนักงานที่ดินจังหวัดภูเก็ต,1,False,ห้องชุดเพื่อประกอบการค้า(ห้องชุดพาณิชยกรรม)/พื้นที่ระเบียง,97100,,official_statutory_assessment_rate_not_market_price
119095,34409,เดอะ อริสโต้ ป่าตอง ,H,83,ภูเก็ต,2,กะทู้,2,ป่าตอง,83000000,สำนักงานที่ดินจังหวัดภูเก็ต,2,False,ห้องชุดเพื่อประกอบการค้า(ห้องชุดพาณิชยกรรม)/พื้นที่ระเบียง,94300,,official_statutory_assessment_rate_not_market_price
119096,34409,เดอะ อริสโต้ ป่าตอง ,H,83,ภูเก็ต,2,กะทู้,2,ป่าตอง,83000000,สำนักงานที่ดินจังหวัดภูเก็ต,3,False,ห้องชุดเพื่อประกอบการค้า(ห้องชุดพาณิชยกรรม)/พื้นที่ระเบียง,92200,,official_statutory_assessment_rate_not_market_price
119097,34409,เดอะ อริสโต้ ป่าตอง ,I,83,ภูเก็ต,2,กะทู้,2,ป่าตอง,83000000,สำนักงานที่ดินจังหวัดภูเก็ต,1,False,ห้องชุดเพื่อประกอบการค้า(ห้องชุดพาณิชยกรรม)/พื้นที่ระเบียง,97100,,official_statutory_assessment_rate_not_market_price
119098,34409,เดอะ อริสโต้ ป่าตอง ,I,83,ภูเก็ต,2,กะทู้,2,ป่าตอง,83000000,สำนักงานที่ดินจังหวัดภูเก็ต,2,False,ห้องชุดเพื่อประกอบการค้า(ห้องชุดพาณิชยกรรม)/พื้นที่ระเบียง,94300,,official_statutory_assessment_rate_not_market_price
119099,34409,เดอะ อริสโต้ ป่าตอง ,I,83,ภูเก็ต,2,กะทู้,2,ป่าตอง,83000000,สำนักงานที่ดินจังหวัดภูเก็ต,3,False,ห้องชุดเพื่อประกอบการค้า(ห้องชุดพาณิชยกรรม)/พื้นที่ระเบียง,92200,,official_statutory_assessment_rate_not_market_price
119100,34409,เดอะ อริสโต้ ป่าตอง ,J,83,ภูเก็ต,2,กะทู้,2,ป่าตอง,83000000,สำนักงานที่ดินจังหวัดภูเก็ต,1,False,ห้องชุดเพื่อประกอบการค้า(ห้องชุดพาณิชยกรรม)/พื้นที่ระเบียง,97100,,official_statutory_assessment_rate_not_market_price
119101,34409,เดอะ อริสโต้ ป่าตอง ,J,83,ภูเก็ต,2,กะทู้,2,ป่าตอง,83000000,สำนักงานที่ดินจังหวัดภูเก็ต,2,False,ห้องชุดเพื่อประกอบการค้า(ห้องชุดพาณิชยกรรม)/พื้นที่ระเบียง,94300,,official_statutory_assessment_rate_not_market_price
119102,34409,เดอะ อริสโต้ ป่าตอง ,J,83,ภูเก็ต,2,กะทู้,2,ป่าตอง,83000000,สำนักงานที่ดินจังหวัดภูเก็ต,3,False,ห้องชุดเพื่อประกอบการค้า(ห้องชุดพาณิชยกรรม)/พื้นที่ระเบียง,92200,,official_statutory_assessment_rate_not_market_price
119103,34409,เดอะ อริสโต้ ป่าตอง ,K,83,ภูเก็ต,2,กะทู้,2,ป่าตอง,83000000,สำนักงานที่ดินจังหวัดภูเก็ต,1,False,ห้องชุดเพื่อประกอบการค้า(ห้องชุดพาณิชยกรรม)/พื้นที่ระเบียง,97100,,official_statutory_assessment_rate_not_market_price
119104,34409,เดอะ อริสโต้ ป่าตอง ,K,83,ภูเก็ต,2,กะทู้,2,ป่าตอง,83000000,สำนักงานที่ดินจังหวัดภูเก็ต,2,False,ห้องชุดเพื่อประกอบการค้า(ห้องชุดพาณิชยกรรม)/พื้นที่ระเบียง,94300,,official_statutory_assessment_rate_not_market_price
119105,34409,เดอะ อริสโต้ ป่าตอง ,K,83,ภูเก็ต,2,กะทู้,2,ป่าตอง,83000000,สำนักงานที่ดินจังหวัดภูเก็ต,3,False,ห้องชุดเพื่อประกอบการค้า(ห้องชุดพาณิชยกรรม)/พื้นที่ระเบียง,92200,,official_statutory_assessment_rate_not_market_price
119106,34409,เดอะ อริสโต้ ป่าตอง ,L,83,ภูเก็ต,2,กะทู้,2,ป่าตอง,83000000,สำนักงานที่ดินจังหวัดภูเก็ต,1,False,ห้องชุดเพื่อประกอบการค้า(ห้องชุดพาณิชยกรรม)/พื้นที่ระเบียง,97100,,official_statutory_assessment_rate_not_market_price
119107,34409,เดอะ อริสโต้ ป่าตอง ,L,83,ภูเก็ต,2,กะทู้,2,ป่าตอง,83000000,สำนักงานที่ดินจังหวัดภูเก็ต,2,False,ห้องชุดเพื่อประกอบการค้า(ห้องชุดพาณิชยกรรม)/พื้นที่ระเบียง,94300,,official_statutory_assessment_rate_not_market_price
119108,34409,เดอะ อริสโต้ ป่าตอง ,L,83,ภูเก็ต,2,กะทู้,2,ป่าตอง,83000000,สำนักงานที่ดินจังหวัดภูเก็ต,3,False,ห้องชุดเพื่อประกอบการค้า(ห้องชุดพาณิชยกรรม)/พื้นที่ระเบียง,92200,,official_statutory_assessment_rate_not_market_price
119109,34409,เดอะ อริสโต้ ป่าตอง ,M,83,ภูเก็ต,2,กะทู้,2,ป่าตอง,83000000,สำนักงานที่ดินจังหวัดภูเก็ต,1,False,ห้องชุดเพื่อประกอบการค้า(ห้องชุดพาณิชยกรรม)/พื้นที่ระเบียง,97100,,official_statutory_assessment_rate_not_market_price
119110,34409,เดอะ อริสโต้ ป่าตอง ,M,83,ภูเก็ต,2,กะทู้,2,ป่าตอง,83000000,สำนักงานที่ดินจังหวัดภูเก็ต,2,False,ห้องชุดเพื่อประกอบการค้า(ห้องชุดพาณิชยกรรม)/พื้นที่ระเบียง,94300,,official_statutory_assessment_rate_not_market_price
119111,34409,เดอะ อริสโต้ ป่าตอง ,M,83,ภูเก็ต,2,กะทู้,2,ป่าตอง,83000000,สำนักงานที่ดินจังหวัดภูเก็ต,3,False,ห้องชุดเพื่อประกอบการค้า(ห้องชุดพาณิชยกรรม)/พื้นที่ระเบียง,92200,,official_statutory_assessment_rate_not_market_price
119112,34409,เดอะ อริสโต้ ป่าตอง ,N,83,ภูเก็ต,2,กะทู้,2,ป่าตอง,83000000,สำนักงานที่ดินจังหวัดภูเก็ต,1,False,ห้องชุดเพื่อประกอบการค้า(ห้องชุดพาณิชยกรรม)/พื้นที่ระเบียง,97100,,official_statutory_assessment_rate_not_market_price
119113,34409,เดอะ อริสโต้ ป่าตอง ,N,83,ภูเก็ต,2,กะทู้,2,ป่าตอง,83000000,สำนักงานที่ดินจังหวัดภูเก็ต,2,False,ห้องชุดเพื่อประกอบการค้า(ห้องชุดพาณิชยกรรม)/พื้นที่ระเบียง,94300,,official_statutory_assessment_rate_not_market_price
119114,34409,เดอะ อริสโต้ ป่าตอง ,N,83,ภูเก็ต,2,กะทู้,2,ป่าตอง,83000000,สำนักงานที่ดินจังหวัดภูเก็ต,3,False,ห้องชุดเพื่อประกอบการค้า(ห้องชุดพาณิชยกรรม)/พื้นที่ระเบียง,92200,,official_statutory_assessment_rate_not_market_price
119115,34409,เดอะ อริสโต้ ป่าตอง ,O,83,ภูเก็ต,2,กะทู้,2,ป่าตอง,83000000,สำนักงานที่ดินจังหวัดภูเก็ต,1,False,ห้องชุดเพื่อประกอบการค้า(ห้องชุดพาณิชยกรรม)/พื้นที่ระเบียง,97100,,official_statutory_assessment_rate_not_market_price
119116,34409,เดอะ อริสโต้ ป่าตอง ,O,83,ภูเก็ต,2,กะทู้,2,ป่าตอง,83000000,สำนักงานที่ดินจังหวัดภูเก็ต,2,False,ห้องชุดเพื่อประกอบการค้า(ห้องชุดพาณิชยกรรม)/พื้นที่ระเบียง,94300,,official_statutory_assessment_rate_not_market_price
119117,34409,เดอะ อริสโต้ ป่าตอง ,O,83,ภูเก็ต,2,กะทู้,2,ป่าตอง,83000000,สำนักงานที่ดินจังหวัดภูเก็ต,3,False,ห้องชุดเพื่อประกอบการค้า(ห้องชุดพาณิชยกรรม)/พื้นที่ระเบียง,92200,,official_statutory_assessment_rate_not_market_price
119118,34409,เดอะ อริสโต้ ป่าตอง ,P,83,ภูเก็ต,2,กะทู้,2,ป่าตอง,83000000,สำนักงานที่ดินจังหวัดภูเก็ต,1,False,ห้องชุดเพื่อประกอบการค้า(ห้องชุดพาณิชยกรรม)/พื้นที่ระเบียง,97100,,official_statutory_assessment_rate_not_market_price
119119,34409,เดอะ อริสโต้ ป่าตอง ,P,83,ภูเก็ต,2,กะทู้,2,ป่าตอง,83000000,สำนักงานที่ดินจังหวัดภูเก็ต,2,False,ห้องชุดเพื่อประกอบการค้า(ห้องชุดพาณิชยกรรม)/พื้นที่ระเบียง,94300,,official_statutory_assessment_rate_not_market_price
119120,34409,เดอะ อริสโต้ ป่าตอง ,P,83,ภูเก็ต,2,กะทู้,2,ป่าตอง,83000000,สำนักงานที่ดินจังหวัดภูเก็ต,3,False,ห้องชุดเพื่อประกอบการค้า(ห้องชุดพาณิชยกรรม)/พื้นที่ระเบียง,92200,,official_statutory_assessment_rate_not_market_price
119121,34409,เดอะ อริสโต้ ป่าตอง ,Q,83,ภูเก็ต,2,กะทู้,2,ป่าตอง,83000000,สำนักงานที่ดินจังหวัดภูเก็ต,1,False,ห้องชุดเพื่อประกอบการค้า(ห้องชุดพาณิชยกรรม)/พื้นที่ระเบียง,97100,,official_statutory_assessment_rate_not_market_price
119122,34409,เดอะ อริสโต้ ป่าตอง ,Q,83,ภูเก็ต,2,กะทู้,2,ป่าตอง,83000000,สำนักงานที่ดินจังหวัดภูเก็ต,2,False,ห้องชุดเพื่อประกอบการค้า(ห้องชุดพาณิชยกรรม)/พื้นที่ระเบียง,94300,,official_statutory_assessment_rate_not_market_price
119123,34409,เดอะ อริสโต้ ป่าตอง ,Q,83,ภูเก็ต,2,กะทู้,2,ป่าตอง,83000000,สำนักงานที่ดินจังหวัดภูเก็ต,3,False,ห้องชุดเพื่อประกอบการค้า(ห้องชุดพาณิชยกรรม)/พื้นที่ระเบียง,92200,,official_statutory_assessment_rate_not_market_price
119124,34409,เดอะ อริสโต้ ป่าตอง ,R,83,ภูเก็ต,2,กะทู้,2,ป่าตอง,83000000,สำนักงานที่ดินจังหวัดภูเก็ต,1,False,ห้องชุดเพื่อประกอบการค้า(ห้องชุดพาณิชยกรรม)/พื้นที่ระเบียง,97100,,official_statutory_assessment_rate_not_market_price
119125,34409,เดอะ อริสโต้ ป่าตอง ,R,83,ภูเก็ต,2,กะทู้,2,ป่าตอง,83000000,สำนักงานที่ดินจังหวัดภูเก็ต,2,False,ห้องชุดเพื่อประกอบการค้า(ห้องชุดพาณิชยกรรม)/พื้นที่ระเบียง,94300,,official_statutory_assessment_rate_not_market_price
119126,34409,เดอะ อริสโต้ ป่าตอง ,R,83,ภูเก็ต,2,กะทู้,2,ป่าตอง,83000000,สำนักงานที่ดินจังหวัดภูเก็ต,3,False,ห้องชุดเพื่อประกอบการค้า(ห้องชุดพาณิชยกรรม)/พื้นที่ระเบียง,92200,,official_statutory_assessment_rate_not_market_price
119127,34409,เดอะ อริสโต้ ป่าตอง ,S,83,ภูเก็ต,2,กะทู้,2,ป่าตอง,83000000,สำนักงานที่ดินจังหวัดภูเก็ต,1,False,ห้องชุดเพื่อประกอบการค้า(ห้องชุดพาณิชยกรรม)/พื้นที่ระเบียง,97100,,official_statutory_assessment_rate_not_market_price
119128,34409,เดอะ อริสโต้ ป่าตอง ,S,83,ภูเก็ต,2,กะทู้,2,ป่าตอง,83000000,สำนักงานที่ดินจังหวัดภูเก็ต,2,False,ห้องชุดเพื่อประกอบการค้า(ห้องชุดพาณิชยกรรม)/พื้นที่ระเบียง,94300,,official_statutory_assessment_rate_not_market_price
119129,34409,เดอะ อริสโต้ ป่าตอง ,T,83,ภูเก็ต,2,กะทู้,2,ป่าตอง,83000000,สำนักงานที่ดินจังหวัดภูเก็ต,1,False,ห้องชุดเพื่อประกอบการค้า(ห้องชุดพาณิชยกรรม)/พื้นที่ระเบียง,97100,,official_statutory_assessment_rate_not_market_price
119130,34409,เดอะ อริสโต้ ป่าตอง ,T,83,ภูเก็ต,2,กะทู้,2,ป่าตอง,83000000,สำนักงานที่ดินจังหวัดภูเก็ต,2,False,ห้องชุดเพื่อประกอบการค้า(ห้องชุดพาณิชยกรรม)/พื้นที่ระเบียง,94300,,official_statutory_assessment_rate_not_market_price
119131,34409,เดอะ อริสโต้ ป่าตอง ,U,83,ภูเก็ต,2,กะทู้,2,ป่าตอง,83000000,สำนักงานที่ดินจังหวัดภูเก็ต,1,False,ห้องชุดเพื่อประกอบการค้า(ห้องชุดพาณิชยกรรม)/พื้นที่ระเบียง,97100,,official_statutory_assessment_rate_not_market_price
119132,34409,เดอะ อริสโต้ ป่าตอง ,U,83,ภูเก็ต,2,กะทู้,2,ป่าตอง,83000000,สำนักงานที่ดินจังหวัดภูเก็ต,2,False,ห้องชุดเพื่อประกอบการค้า(ห้องชุดพาณิชยกรรม)/พื้นที่ระเบียง,94300,,official_statutory_assessment_rate_not_market_price
119133,34409,เดอะ อริสโต้ ป่าตอง ,V,83,ภูเก็ต,2,กะทู้,2,ป่าตอง,83000000,สำนักงานที่ดินจังหวัดภูเก็ต,1,False,ห้องชุดเพื่อประกอบการค้า(ห้องชุดพาณิชยกรรม)/พื้นที่ระเบียง,97100,,official_statutory_assessment_rate_not_market_price
119134,34409,เดอะ อริสโต้ ป่าตอง ,V,83,ภูเก็ต,2,กะทู้,2,ป่าตอง,83000000,สำนักงานที่ดินจังหวัดภูเก็ต,2,False,ห้องชุดเพื่อประกอบการค้า(ห้องชุดพาณิชยกรรม)/พื้นที่ระเบียง,94300,,official_statutory_assessment_rate_not_market_price
119135,34409,เดอะ อริสโต้ ป่าตอง ,W,83,ภูเก็ต,2,กะทู้,2,ป่าตอง,83000000,สำนักงานที่ดินจังหวัดภูเก็ต,1,False,ห้องชุดเพื่อประกอบการค้า(ห้องชุดพาณิชยกรรม)/พื้นที่ระเบียง,97100,,official_statutory_assessment_rate_not_market_price
119136,34409,เดอะ อริสโต้ ป่าตอง ,W,83,ภูเก็ต,2,กะทู้,2,ป่าตอง,83000000,สำนักงานที่ดินจังหวัดภูเก็ต,2,False,ห้องชุดเพื่อประกอบการค้า(ห้องชุดพาณิชยกรรม)/พื้นที่ระเบียง,94300,,official_statutory_assessment_rate_not_market_price
119137,34409,เดอะ อริสโต้ ป่าตอง ,X,83,ภูเก็ต,2,กะทู้,2,ป่าตอง,83000000,สำนักงานที่ดินจังหวัดภูเก็ต,1,False,ห้องชุดเพื่อประกอบการค้า(ห้องชุดพาณิชยกรรม)/พื้นที่ระเบียง,97100,,official_statutory_assessment_rate_not_market_price
119138,34409,เดอะ อริสโต้ ป่าตอง ,X,83,ภูเก็ต,2,กะทู้,2,ป่าตอง,83000000,สำนักงานที่ดินจังหวัดภูเก็ต,2,False,ห้องชุดเพื่อประกอบการค้า(ห้องชุดพาณิชยกรรม)/พื้นที่ระเบียง,94300,,official_statutory_assessment_rate_not_market_price
119139,34409,เดอะ อริสโต้ ป่าตอง ,Y,83,ภูเก็ต,2,กะทู้,2,ป่าตอง,83000000,สำนักงานที่ดินจังหวัดภูเก็ต,1,False,ห้องชุดเพื่อประกอบการค้า(ห้องชุดพาณิชยกรรม)/พื้นที่ระเบียง,97100,,official_statutory_assessment_rate_not_market_price
119140,34409,เดอะ อริสโต้ ป่าตอง ,Y,83,ภูเก็ต,2,กะทู้,2,ป่าตอง,83000000,สำนักงานที่ดินจังหวัดภูเก็ต,2,False,ห้องชุดเพื่อประกอบการค้า(ห้องชุดพาณิชยกรรม)/พื้นที่ระเบียง,94300,,official_statutory_assessment_rate_not_market_price
119141,34409,เดอะ อริสโต้ ป่าตอง ,Z,83,ภูเก็ต,2,กะทู้,2,ป่าตอง,83000000,สำนักงานที่ดินจังหวัดภูเก็ต,1,False,ห้องชุดเพื่อประกอบการค้า(ห้องชุดพาณิชยกรรม)/พื้นที่ระเบียง,97100,,official_statutory_assessment_rate_not_market_price
119142,34409,เดอะ อริสโต้ ป่าตอง ,Z,83,ภูเก็ต,2,กะทู้,2,ป่าตอง,83000000,สำนักงานที่ดินจังหวัดภูเก็ต,2,False,ห้องชุดเพื่อประกอบการค้า(ห้องชุดพาณิชยกรรม)/พื้นที่ระเบียง,94300,,official_statutory_assessment_rate_not_market_price
119143,34409,เดอะ อริสโต้ ป่าตอง ,Z,83,ภูเก็ต,2,กะทู้,2,ป่าตอง,83000000,สำนักงานที่ดินจังหวัดภูเก็ต,"1,2,3",False,ห้องชุดเพื่อประกอบการค้า(ห้องชุดพาณิชยกรรมแบบ 3 ชั้นควบ)/พื้นที่ระเบียง,104300,,official_statutory_assessment_rate_not_market_price
119144,34410,เดอะเบย์คลิฟป่าตอง,A,83,ภูเก็ต,2,กะทู้,2,ป่าตอง,83000000,สำนักงานที่ดินจังหวัดภูเก็ต,2,False,ห้องชุดพักอาศัยตากอากาศ,84500,,official_statutory_assessment_rate_not_market_price
119145,34410,เดอะเบย์คลิฟป่าตอง,A,83,ภูเก็ต,2,กะทู้,2,ป่าตอง,83000000,สำนักงานที่ดินจังหวัดภูเก็ต,2,False,"ห้องชุดพักอาศัยตากอากาศ324/21,234/22",85500,,official_statutory_assessment_rate_not_market_price
119146,34410,เดอะเบย์คลิฟป่าตอง,A,83,ภูเก็ต,2,กะทู้,2,ป่าตอง,83000000,สำนักงานที่ดินจังหวัดภูเก็ต,2,False,ระเบียง,42250,,official_statutory_assessment_rate_not_market_price
119147,34410,เดอะเบย์คลิฟป่าตอง,A,83,ภูเก็ต,2,กะทู้,2,ป่าตอง,83000000,สำนักงานที่ดินจังหวัดภูเก็ต,2,False,"ระเบียงห้องชุดพักอาศัยตากอากาศ324/21,234/22",42750,,official_statutory_assessment_rate_not_market_price
119148,34410,เดอะเบย์คลิฟป่าตอง,A,83,ภูเก็ต,2,กะทู้,2,ป่าตอง,83000000,สำนักงานที่ดินจังหวัดภูเก็ต,3,False,ห้องชุดพักอาศัยตากอากาศ,85000,,official_statutory_assessment_rate_not_market_price
119149,34410,เดอะเบย์คลิฟป่าตอง,A,83,ภูเก็ต,2,กะทู้,2,ป่าตอง,83000000,สำนักงานที่ดินจังหวัดภูเก็ต,3,False,"ห้องชุดพักอาศัยตากอากาศ324/30,234/31",86000,,official_statutory_assessment_rate_not_market_price
119150,34410,เดอะเบย์คลิฟป่าตอง,A,83,ภูเก็ต,2,กะทู้,2,ป่าตอง,83000000,สำนักงานที่ดินจังหวัดภูเก็ต,3,False,ระเบียง,42500,,official_statutory_assessment_rate_not_market_price
119151,34410,เดอะเบย์คลิฟป่าตอง,A,83,ภูเก็ต,2,กะทู้,2,ป่าตอง,83000000,สำนักงานที่ดินจังหวัดภูเก็ต,3,False,"ระเบียงห้องชุดพักอาศัยตากอากาศ324/30,234/31",43000,,official_statutory_assessment_rate_not_market_price
119152,34410,เดอะเบย์คลิฟป่าตอง,A,83,ภูเก็ต,2,กะทู้,2,ป่าตอง,83000000,สำนักงานที่ดินจังหวัดภูเก็ต,4,False,ห้องชุดพักอาศัยตากอากาศ,85500,,official_statutory_assessment_rate_not_market_price
119153,34410,เดอะเบย์คลิฟป่าตอง,A,83,ภูเก็ต,2,กะทู้,2,ป่าตอง,83000000,สำนักงานที่ดินจังหวัดภูเก็ต,4,False,"ห้องชุดพักอาศัยตากอากาศ324/39,234/40",86500,,official_statutory_assessment_rate_not_market_price
119154,34410,เดอะเบย์คลิฟป่าตอง,A,83,ภูเก็ต,2,กะทู้,2,ป่าตอง,83000000,สำนักงานที่ดินจังหวัดภูเก็ต,4,False,ระเบียง,42750,,official_statutory_assessment_rate_not_market_price
119155,34410,เดอะเบย์คลิฟป่าตอง,A,83,ภูเก็ต,2,กะทู้,2,ป่าตอง,83000000,สำนักงานที่ดินจังหวัดภูเก็ต,4,False,"ระเบียงห้องชุดพักอาศัยตากอากาศ324/39,234/40",43250,,official_statutory_assessment_rate_not_market_price
119156,34410,เดอะเบย์คลิฟป่าตอง,A,83,ภูเก็ต,2,กะทู้,2,ป่าตอง,83000000,สำนักงานที่ดินจังหวัดภูเก็ต,2(มีเลขที่),False,ห้องชุดพักอาศัยตากอากาศ,85500,,official_statutory_assessment_rate_not_market_price
119157,34410,เดอะเบย์คลิฟป่าตอง,A,83,ภูเก็ต,2,กะทู้,2,ป่าตอง,83000000,สำนักงานที่ดินจังหวัดภูเก็ต,3(มีเลขที่),False,ห้องชุดพักอาศัยตากอากาศ,86000,,official_statutory_assessment_rate_not_market_price
119158,34410,เดอะเบย์คลิฟป่าตอง,A,83,ภูเก็ต,2,กะทู้,2,ป่าตอง,83000000,สำนักงานที่ดินจังหวัดภูเก็ต,4 (มีเลขที่),False,ห้องชุดพักอาศัยตากอากาศ,86500,,official_statutory_assessment_rate_not_market_price
119159,34410,เดอะเบย์คลิฟป่าตอง,B,83,ภูเก็ต,2,กะทู้,2,ป่าตอง,83000000,สำนักงานที่ดินจังหวัดภูเก็ต,1,False,ห้องชุดพักอาศัยตากอากาศ,84000,,official_statutory_assessment_rate_not_market_price
119160,34410,เดอะเบย์คลิฟป่าตอง,B,83,ภูเก็ต,2,กะทู้,2,ป่าตอง,83000000,สำนักงานที่ดินจังหวัดภูเก็ต,1,False,"ห้องชุดพักอาศัยตากอากาศ324/46,324/47",85000,,official_statutory_assessment_rate_not_market_price
119161,34410,เดอะเบย์คลิฟป่าตอง,B,83,ภูเก็ต,2,กะทู้,2,ป่าตอง,83000000,สำนักงานที่ดินจังหวัดภูเก็ต,1,False,ระเบียง,42000,,official_statutory_assessment_rate_not_market_price
119162,34410,เดอะเบย์คลิฟป่าตอง,B,83,ภูเก็ต,2,กะทู้,2,ป่าตอง,83000000,สำนักงานที่ดินจังหวัดภูเก็ต,1,False,"ระเบียงห้องชุดพักอาศัยตากอากาศ324/46,324/47",42500,,official_statutory_assessment_rate_not_market_price
119163,34410,เดอะเบย์คลิฟป่าตอง,B,83,ภูเก็ต,2,กะทู้,2,ป่าตอง,83000000,สำนักงานที่ดินจังหวัดภูเก็ต,2,False,ห้องชุดพักอาศัยตากอากาศ,84500,,official_statutory_assessment_rate_not_market_price
119164,34410,เดอะเบย์คลิฟป่าตอง,B,83,ภูเก็ต,2,กะทู้,2,ป่าตอง,83000000,สำนักงานที่ดินจังหวัดภูเก็ต,2,False,"ห้องชุดพักอาศัยตากอากาศ324/50,324/51",85500,,official_statutory_assessment_rate_not_market_price
119165,34410,เดอะเบย์คลิฟป่าตอง,B,83,ภูเก็ต,2,กะทู้,2,ป่าตอง,83000000,สำนักงานที่ดินจังหวัดภูเก็ต,2,False,ระเบียง,42250,,official_statutory_assessment_rate_not_market_price
119166,34410,เดอะเบย์คลิฟป่าตอง,B,83,ภูเก็ต,2,กะทู้,2,ป่าตอง,83000000,สำนักงานที่ดินจังหวัดภูเก็ต,2,False,"ระเบียงห้องชุดพักอาศัยตากอากาศ324/50,324/51",42750,,official_statutory_assessment_rate_not_market_price
119167,34410,เดอะเบย์คลิฟป่าตอง,B,83,ภูเก็ต,2,กะทู้,2,ป่าตอง,83000000,สำนักงานที่ดินจังหวัดภูเก็ต,3,False,ห้องชุดพักอาศัยตากอากาศ,85000,,official_statutory_assessment_rate_not_market_price
119168,34410,เดอะเบย์คลิฟป่าตอง,B,83,ภูเก็ต,2,กะทู้,2,ป่าตอง,83000000,สำนักงานที่ดินจังหวัดภูเก็ต,3,False,"ห้องชุดพักอาศัยตากอากาศ324/54,324/55",86000,,official_statutory_assessment_rate_not_market_price
119169,34410,เดอะเบย์คลิฟป่าตอง,B,83,ภูเก็ต,2,กะทู้,2,ป่าตอง,83000000,สำนักงานที่ดินจังหวัดภูเก็ต,3,False,ระเบียง,42500,,official_statutory_assessment_rate_not_market_price
119170,34410,เดอะเบย์คลิฟป่าตอง,B,83,ภูเก็ต,2,กะทู้,2,ป่าตอง,83000000,สำนักงานที่ดินจังหวัดภูเก็ต,3,False,"ระเบียงห้องชุดพักอาศัยตากอากาศ324/54,324/55",43000,,official_statutory_assessment_rate_not_market_price
119171,34410,เดอะเบย์คลิฟป่าตอง,B,83,ภูเก็ต,2,กะทู้,2,ป่าตอง,83000000,สำนักงานที่ดินจังหวัดภูเก็ต,4,False,ห้องชุดพักอาศัยตากอากาศ,85500,,official_statutory_assessment_rate_not_market_price
119172,34410,เดอะเบย์คลิฟป่าตอง,B,83,ภูเก็ต,2,กะทู้,2,ป่าตอง,83000000,สำนักงานที่ดินจังหวัดภูเก็ต,4,False,"ห้องชุดพักอาศัยตากอากาศ324/58,324/59",86500,,official_statutory_assessment_rate_not_market_price
119173,34410,เดอะเบย์คลิฟป่าตอง,B,83,ภูเก็ต,2,กะทู้,2,ป่าตอง,83000000,สำนักงานที่ดินจังหวัดภูเก็ต,4,False,ระเบียง,42750,,official_statutory_assessment_rate_not_market_price
119174,34410,เดอะเบย์คลิฟป่าตอง,B,83,ภูเก็ต,2,กะทู้,2,ป่าตอง,83000000,สำนักงานที่ดินจังหวัดภูเก็ต,4,False,"ระเบียงห้องชุดพักอาศัยตากอากาศ324/58,324/59",43250,,official_statutory_assessment_rate_not_market_price
119175,34410,เดอะเบย์คลิฟป่าตอง,B,83,ภูเก็ต,2,กะทู้,2,ป่าตอง,83000000,สำนักงานที่ดินจังหวัดภูเก็ต,5,False,ห้องชุดพักอาศัยตากอากาศ,87000,,official_statutory_assessment_rate_not_market_price
119176,34410,เดอะเบย์คลิฟป่าตอง,B,83,ภูเก็ต,2,กะทู้,2,ป่าตอง,83000000,สำนักงานที่ดินจังหวัดภูเก็ต,5,False,ระเบียง,43500,,official_statutory_assessment_rate_not_market_price
119177,34410,เดอะเบย์คลิฟป่าตอง,B,83,ภูเก็ต,2,กะทู้,2,ป่าตอง,83000000,สำนักงานที่ดินจังหวัดภูเก็ต,1(มีเลขที่),False,ห้องชุดพักอาศัยตากอากาศ,85000,,official_statutory_assessment_rate_not_market_price
119178,34410,เดอะเบย์คลิฟป่าตอง,B,83,ภูเก็ต,2,กะทู้,2,ป่าตอง,83000000,สำนักงานที่ดินจังหวัดภูเก็ต,2(มีเลขที่),False,ห้องชุดพักอาศัยตากอากาศ,85500,,official_statutory_assessment_rate_not_market_price
119179,34410,เดอะเบย์คลิฟป่าตอง,B,83,ภูเก็ต,2,กะทู้,2,ป่าตอง,83000000,สำนักงานที่ดินจังหวัดภูเก็ต,3(มีเลขที่),False,ห้องชุดพักอาศัยตากอากาศ,86000,,official_statutory_assessment_rate_not_market_price
119180,34410,เดอะเบย์คลิฟป่าตอง,B,83,ภูเก็ต,2,กะทู้,2,ป่าตอง,83000000,สำนักงานที่ดินจังหวัดภูเก็ต,4(มีเลขที่),False,ห้องชุดพักอาศัยตากอากาศ,86500,,official_statutory_assessment_rate_not_market_price
119181,34410,เดอะเบย์คลิฟป่าตอง,C,83,ภูเก็ต,2,กะทู้,2,ป่าตอง,83000000,สำนักงานที่ดินจังหวัดภูเก็ต,1,False,ห้องชุดพักอาศัยตากอากาศ,85000,,official_statutory_assessment_rate_not_market_price
119182,34410,เดอะเบย์คลิฟป่าตอง,C,83,ภูเก็ต,2,กะทู้,2,ป่าตอง,83000000,สำนักงานที่ดินจังหวัดภูเก็ต,1,False,ระเบียง,42500,,official_statutory_assessment_rate_not_market_price
119183,34410,เดอะเบย์คลิฟป่าตอง,C,83,ภูเก็ต,2,กะทู้,2,ป่าตอง,83000000,สำนักงานที่ดินจังหวัดภูเก็ต,2,False,ห้องชุดพักอาศัยตากอากาศ,85500,,official_statutory_assessment_rate_not_market_price
119184,34410,เดอะเบย์คลิฟป่าตอง,C,83,ภูเก็ต,2,กะทู้,2,ป่าตอง,83000000,สำนักงานที่ดินจังหวัดภูเก็ต,2,False,ระเบียง,42750,,official_statutory_assessment_rate_not_market_price
119185,34410,เดอะเบย์คลิฟป่าตอง,C,83,ภูเก็ต,2,กะทู้,2,ป่าตอง,83000000,สำนักงานที่ดินจังหวัดภูเก็ต,3,False,ห้องชุดพักอาศัยตากอากาศ,86000,,official_statutory_assessment_rate_not_market_price
119186,34410,เดอะเบย์คลิฟป่าตอง,C,83,ภูเก็ต,2,กะทู้,2,ป่าตอง,83000000,สำนักงานที่ดินจังหวัดภูเก็ต,3,False,ระเบียง,43000,,official_statutory_assessment_rate_not_market_price
119187,34410,เดอะเบย์คลิฟป่าตอง,C,83,ภูเก็ต,2,กะทู้,2,ป่าตอง,83000000,สำนักงานที่ดินจังหวัดภูเก็ต,4,False,ห้องชุดพักอาศัยตากอากาศ,86500,,official_statutory_assessment_rate_not_market_price
119188,34410,เดอะเบย์คลิฟป่าตอง,C,83,ภูเก็ต,2,กะทู้,2,ป่าตอง,83000000,สำนักงานที่ดินจังหวัดภูเก็ต,4,False,ระเบียง,43250,,official_statutory_assessment_rate_not_market_price
119189,34410,เดอะเบย์คลิฟป่าตอง,C,83,ภูเก็ต,2,กะทู้,2,ป่าตอง,83000000,สำนักงานที่ดินจังหวัดภูเก็ต,5,False,พักอาศัยตากอากาศเพ้นท์เฮ้าส์,88000,,official_statutory_assessment_rate_not_market_price
119190,34410,เดอะเบย์คลิฟป่าตอง,C,83,ภูเก็ต,2,กะทู้,2,ป่าตอง,83000000,สำนักงานที่ดินจังหวัดภูเก็ต,5,False,ระเบียง,44000,,official_statutory_assessment_rate_not_market_price
119191,34575,อันดามันบีชคอนโดมิเนียม,-,83,ภูเก็ต,2,กะทู้,2,ป่าตอง,83000000,สำนักงานที่ดินจังหวัดภูเก็ต,1,False,ห้องชุดเพื่อประกอบการค้า(ห้องชุดพาณิชยกรรม),69500,,official_statutory_assessment_rate_not_market_price
119192,34575,อันดามันบีชคอนโดมิเนียม,-,83,ภูเก็ต,2,กะทู้,2,ป่าตอง,83000000,สำนักงานที่ดินจังหวัดภูเก็ต,2,False,ห้องชุดเพื่อประกอบการค้า(ห้องชุดพาณิชยกรรม),69500,,official_statutory_assessment_rate_not_market_price
119193,34575,อันดามันบีชคอนโดมิเนียม,-,83,ภูเก็ต,2,กะทู้,2,ป่าตอง,83000000,สำนักงานที่ดินจังหวัดภูเก็ต,3,False,ห้องชุดเพื่อประกอบการค้า(ห้องชุดพาณิชยกรรม),69500,,official_statutory_assessment_rate_not_market_price
119194,34575,อันดามันบีชคอนโดมิเนียม,-,83,ภูเก็ต,2,กะทู้,2,ป่าตอง,83000000,สำนักงานที่ดินจังหวัดภูเก็ต,4,False,ห้องชุดพักอาศัย,58500,,official_statutory_assessment_rate_not_market_price
119195,34575,อันดามันบีชคอนโดมิเนียม,-,83,ภูเก็ต,2,กะทู้,2,ป่าตอง,83000000,สำนักงานที่ดินจังหวัดภูเก็ต,5,False,ห้องชุดพักอาศัย,58500,,official_statutory_assessment_rate_not_market_price
119196,34575,อันดามันบีชคอนโดมิเนียม,-,83,ภูเก็ต,2,กะทู้,2,ป่าตอง,83000000,สำนักงานที่ดินจังหวัดภูเก็ต,6,False,ห้องชุดพักอาศัย,58500,,official_statutory_assessment_rate_not_market_price
119197,34575,อันดามันบีชคอนโดมิเนียม,-,83,ภูเก็ต,2,กะทู้,2,ป่าตอง,83000000,สำนักงานที่ดินจังหวัดภูเก็ต,7,False,ห้องชุดพักอาศัย,58500,,official_statutory_assessment_rate_not_market_price
119198,34575,อันดามันบีชคอนโดมิเนียม,-,83,ภูเก็ต,2,กะทู้,2,ป่าตอง,83000000,สำนักงานที่ดินจังหวัดภูเก็ต,7,False,พื้นที่ระเบียง,29250,,official_statutory_assessment_rate_not_market_price
119199,34575,อันดามันบีชคอนโดมิเนียม,-,83,ภูเก็ต,2,กะทู้,2,ป่าตอง,83000000,สำนักงานที่ดินจังหวัดภูเก็ต,8,False,ห้องชุดพักอาศัย,59000,,official_statutory_assessment_rate_not_market_price
119200,34575,อันดามันบีชคอนโดมิเนียม,-,83,ภูเก็ต,2,กะทู้,2,ป่าตอง,83000000,สำนักงานที่ดินจังหวัดภูเก็ต,8,False,พื้นที่ระเบียง,29500,,official_statutory_assessment_rate_not_market_price
119201,34575,อันดามันบีชคอนโดมิเนียม,-,83,ภูเก็ต,2,กะทู้,2,ป่าตอง,83000000,สำนักงานที่ดินจังหวัดภูเก็ต,9,False,ห้องชุดพักอาศัย,59000,,official_statutory_assessment_rate_not_market_price
119202,34575,อันดามันบีชคอนโดมิเนียม,-,83,ภูเก็ต,2,กะทู้,2,ป่าตอง,83000000,สำนักงานที่ดินจังหวัดภูเก็ต,9,False,พื้นที่ระเบียง,29500,,official_statutory_assessment_rate_not_market_price
119203,34575,อันดามันบีชคอนโดมิเนียม,-,83,ภูเก็ต,2,กะทู้,2,ป่าตอง,83000000,สำนักงานที่ดินจังหวัดภูเก็ต,10,False,ห้องชุดพักอาศัย,59000,,official_statutory_assessment_rate_not_market_price
119204,34575,อันดามันบีชคอนโดมิเนียม,-,83,ภูเก็ต,2,กะทู้,2,ป่าตอง,83000000,สำนักงานที่ดินจังหวัดภูเก็ต,10,False,พื้นที่ระเบียง,29500,,official_statutory_assessment_rate_not_market_price
119205,34575,อันดามันบีชคอนโดมิเนียม,-,83,ภูเก็ต,2,กะทู้,2,ป่าตอง,83000000,สำนักงานที่ดินจังหวัดภูเก็ต,11,False,ห้องชุดพักอาศัย,59000,,official_statutory_assessment_rate_not_market_price
119206,34575,อันดามันบีชคอนโดมิเนียม,-,83,ภูเก็ต,2,กะทู้,2,ป่าตอง,83000000,สำนักงานที่ดินจังหวัดภูเก็ต,11,False,พื้นที่ระเบียง,29500,,official_statutory_assessment_rate_not_market_price
119207,34575,อันดามันบีชคอนโดมิเนียม,-,83,ภูเก็ต,2,กะทู้,2,ป่าตอง,83000000,สำนักงานที่ดินจังหวัดภูเก็ต,12,False,ห้องชุดพักอาศัย,59500,,official_statutory_assessment_rate_not_market_price
119208,34575,อันดามันบีชคอนโดมิเนียม,-,83,ภูเก็ต,2,กะทู้,2,ป่าตอง,83000000,สำนักงานที่ดินจังหวัดภูเก็ต,12,False,พื้นที่ระเบียง,29750,,official_statutory_assessment_rate_not_market_price
119209,34575,อันดามันบีชคอนโดมิเนียม,-,83,ภูเก็ต,2,กะทู้,2,ป่าตอง,83000000,สำนักงานที่ดินจังหวัดภูเก็ต,13,False,ห้องชุดพักอาศัย,59500,,official_statutory_assessment_rate_not_market_price
119210,34575,อันดามันบีชคอนโดมิเนียม,-,83,ภูเก็ต,2,กะทู้,2,ป่าตอง,83000000,สำนักงานที่ดินจังหวัดภูเก็ต,13,False,พื้นที่ระเบียง,29750,,official_statutory_assessment_rate_not_market_price
119211,34575,อันดามันบีชคอนโดมิเนียม,-,83,ภูเก็ต,2,กะทู้,2,ป่าตอง,83000000,สำนักงานที่ดินจังหวัดภูเก็ต,14,False,ห้องชุดพักอาศัย,59500,,official_statutory_assessment_rate_not_market_price
119212,34575,อันดามันบีชคอนโดมิเนียม,-,83,ภูเก็ต,2,กะทู้,2,ป่าตอง,83000000,สำนักงานที่ดินจังหวัดภูเก็ต,14,False,พื้นที่ระเบียง,29750,,official_statutory_assessment_rate_not_market_price
119213,34575,อันดามันบีชคอนโดมิเนียม,-,83,ภูเก็ต,2,กะทู้,2,ป่าตอง,83000000,สำนักงานที่ดินจังหวัดภูเก็ต,15,False,ห้องชุดพักอาศัย,59500,,official_statutory_assessment_rate_not_market_price
119214,34575,อันดามันบีชคอนโดมิเนียม,-,83,ภูเก็ต,2,กะทู้,2,ป่าตอง,83000000,สำนักงานที่ดินจังหวัดภูเก็ต,15,False,พื้นที่ระเบียง,29750,,official_statutory_assessment_rate_not_market_price
119215,34575,อันดามันบีชคอนโดมิเนียม,-,83,ภูเก็ต,2,กะทู้,2,ป่าตอง,83000000,สำนักงานที่ดินจังหวัดภูเก็ต,16,False,ห้องชุดพักอาศัย,60000,,official_statutory_assessment_rate_not_market_price
119216,34575,อันดามันบีชคอนโดมิเนียม,-,83,ภูเก็ต,2,กะทู้,2,ป่าตอง,83000000,สำนักงานที่ดินจังหวัดภูเก็ต,16,False,พื้นที่ระเบียง,30000,,official_statutory_assessment_rate_not_market_price
119217,34575,อันดามันบีชคอนโดมิเนียม,-,83,ภูเก็ต,2,กะทู้,2,ป่าตอง,83000000,สำนักงานที่ดินจังหวัดภูเก็ต,17,False,ห้องชุดพักอาศัย,60000,,official_statutory_assessment_rate_not_market_price
119218,34575,อันดามันบีชคอนโดมิเนียม,-,83,ภูเก็ต,2,กะทู้,2,ป่าตอง,83000000,สำนักงานที่ดินจังหวัดภูเก็ต,17,False,พื้นที่ระเบียง,30000,,official_statutory_assessment_rate_not_market_price
119219,34575,อันดามันบีชคอนโดมิเนียม,-,83,ภูเก็ต,2,กะทู้,2,ป่าตอง,83000000,สำนักงานที่ดินจังหวัดภูเก็ต,18,False,ห้องชุดพักอาศัย,60000,,official_statutory_assessment_rate_not_market_price
119220,34575,อันดามันบีชคอนโดมิเนียม,-,83,ภูเก็ต,2,กะทู้,2,ป่าตอง,83000000,สำนักงานที่ดินจังหวัดภูเก็ต,18,False,พื้นที่ระเบียง,30000,,official_statutory_assessment_rate_not_market_price
119221,34575,อันดามันบีชคอนโดมิเนียม,-,83,ภูเก็ต,2,กะทู้,2,ป่าตอง,83000000,สำนักงานที่ดินจังหวัดภูเก็ต,19,False,ห้องชุดพักอาศัย,60000,,official_statutory_assessment_rate_not_market_price
119222,34575,อันดามันบีชคอนโดมิเนียม,-,83,ภูเก็ต,2,กะทู้,2,ป่าตอง,83000000,สำนักงานที่ดินจังหวัดภูเก็ต,19,False,พื้นที่ระเบียง,30000,,official_statutory_assessment_rate_not_market_price
119223,34575,อันดามันบีชคอนโดมิเนียม,-,83,ภูเก็ต,2,กะทู้,2,ป่าตอง,83000000,สำนักงานที่ดินจังหวัดภูเก็ต,20,False,ห้องชุดพักอาศัย,60500,,official_statutory_assessment_rate_not_market_price
119224,34575,อันดามันบีชคอนโดมิเนียม,-,83,ภูเก็ต,2,กะทู้,2,ป่าตอง,83000000,สำนักงานที่ดินจังหวัดภูเก็ต,20,False,พื้นที่ระเบียง,30250,,official_statutory_assessment_rate_not_market_price
119225,34575,อันดามันบีชคอนโดมิเนียม,-,83,ภูเก็ต,2,กะทู้,2,ป่าตอง,83000000,สำนักงานที่ดินจังหวัดภูเก็ต,21,False,ห้องชุดพักอาศัย,60500,,official_statutory_assessment_rate_not_market_price
119226,34575,อันดามันบีชคอนโดมิเนียม,-,83,ภูเก็ต,2,กะทู้,2,ป่าตอง,83000000,สำนักงานที่ดินจังหวัดภูเก็ต,21,False,พื้นที่ระเบียง,30250,,official_statutory_assessment_rate_not_market_price
119227,34576,อินโดชีน คอนโดมิเนียม,A,83,ภูเก็ต,2,กะทู้,2,ป่าตอง,83000000,สำนักงานที่ดินจังหวัดภูเก็ต,1 (1 ชั้น 3 ระดับ),False,ห้องชุดพักอาศัยตากอากาศ,67500,,official_statutory_assessment_rate_not_market_price
119228,34576,อินโดชีน คอนโดมิเนียม,A,83,ภูเก็ต,2,กะทู้,2,ป่าตอง,83000000,สำนักงานที่ดินจังหวัดภูเก็ต,1 (1 ชั้น 3 ระดับ),False,ระเบียง,33750,,official_statutory_assessment_rate_not_market_price
119229,34576,อินโดชีน คอนโดมิเนียม,A,83,ภูเก็ต,2,กะทู้,2,ป่าตอง,83000000,สำนักงานที่ดินจังหวัดภูเก็ต,2 (1 ชั้น 2 ระดับ),False,ห้องชุดพักอาศัยตากอากาศ,67000,,official_statutory_assessment_rate_not_market_price
119230,34576,อินโดชีน คอนโดมิเนียม,A,83,ภูเก็ต,2,กะทู้,2,ป่าตอง,83000000,สำนักงานที่ดินจังหวัดภูเก็ต,2 (1 ชั้น 2 ระดับ),False,ระเบียง,33500,,official_statutory_assessment_rate_not_market_price
119231,34576,อินโดชีน คอนโดมิเนียม,A,83,ภูเก็ต,2,กะทู้,2,ป่าตอง,83000000,สำนักงานที่ดินจังหวัดภูเก็ต,3 (1 ชั้น 2 ระดับ),False,ห้องชุดพักอาศัยตากอากาศ,67500,,official_statutory_assessment_rate_not_market_price
119232,34576,อินโดชีน คอนโดมิเนียม,A,83,ภูเก็ต,2,กะทู้,2,ป่าตอง,83000000,สำนักงานที่ดินจังหวัดภูเก็ต,3 (1 ชั้น 2 ระดับ),False,ระเบียง,33750,,official_statutory_assessment_rate_not_market_price
119233,34576,อินโดชีน คอนโดมิเนียม,B,83,ภูเก็ต,2,กะทู้,2,ป่าตอง,83000000,สำนักงานที่ดินจังหวัดภูเก็ต,1,False,ห้องชุดพักอาศัยตากอากาศ,66500,,official_statutory_assessment_rate_not_market_price
119234,34576,อินโดชีน คอนโดมิเนียม,B,83,ภูเก็ต,2,กะทู้,2,ป่าตอง,83000000,สำนักงานที่ดินจังหวัดภูเก็ต,1,False,ระเบียง,33250,,official_statutory_assessment_rate_not_market_price
119235,34576,อินโดชีน คอนโดมิเนียม,B,83,ภูเก็ต,2,กะทู้,2,ป่าตอง,83000000,สำนักงานที่ดินจังหวัดภูเก็ต,2,False,ห้องชุดพักอาศัยตากอากาศ,66000,,official_statutory_assessment_rate_not_market_price
119236,34576,อินโดชีน คอนโดมิเนียม,B,83,ภูเก็ต,2,กะทู้,2,ป่าตอง,83000000,สำนักงานที่ดินจังหวัดภูเก็ต,2,False,ระเบียง,33000,,official_statutory_assessment_rate_not_market_price
119237,34576,อินโดชีน คอนโดมิเนียม,B,83,ภูเก็ต,2,กะทู้,2,ป่าตอง,83000000,สำนักงานที่ดินจังหวัดภูเก็ต,3,False,ห้องชุดพักอาศัยตากอากาศ,65500,,official_statutory_assessment_rate_not_market_price
119238,34576,อินโดชีน คอนโดมิเนียม,B,83,ภูเก็ต,2,กะทู้,2,ป่าตอง,83000000,สำนักงานที่ดินจังหวัดภูเก็ต,3,False,ระเบียง,32750,,official_statutory_assessment_rate_not_market_price
119239,34576,อินโดชีน คอนโดมิเนียม,B,83,ภูเก็ต,2,กะทู้,2,ป่าตอง,83000000,สำนักงานที่ดินจังหวัดภูเก็ต,4,False,ห้องชุดพักอาศัยตากอากาศ,65000,,official_statutory_assessment_rate_not_market_price
119240,34576,อินโดชีน คอนโดมิเนียม,B,83,ภูเก็ต,2,กะทู้,2,ป่าตอง,83000000,สำนักงานที่ดินจังหวัดภูเก็ต,4,False,ระเบียง,32500,,official_statutory_assessment_rate_not_market_price
119241,34576,อินโดชีน คอนโดมิเนียม,B,83,ภูเก็ต,2,กะทู้,2,ป่าตอง,83000000,สำนักงานที่ดินจังหวัดภูเก็ต,"2,3",False,พักอาศัยตากอากาศแบบดูเพล็กซ์,67000,,official_statutory_assessment_rate_not_market_price
119242,34576,อินโดชีน คอนโดมิเนียม,B,83,ภูเก็ต,2,กะทู้,2,ป่าตอง,83000000,สำนักงานที่ดินจังหวัดภูเก็ต,"2,3",False,ระเบียง,33500,,official_statutory_assessment_rate_not_market_price
119243,34395,เดอะ คริส คอนโด วัน,-,83,ภูเก็ต,2,กะทู้,2,ป่าตอง,83000000,สำนักงานที่ดินจังหวัดภูเก็ต,1,False,ห้องชุดพักอาศัย,45500,,official_statutory_assessment_rate_not_market_price
119244,34395,เดอะ คริส คอนโด วัน,-,83,ภูเก็ต,2,กะทู้,2,ป่าตอง,83000000,สำนักงานที่ดินจังหวัดภูเก็ต,1,False,ระเบียง/พื้นทีวางแอร์,22750,,official_statutory_assessment_rate_not_market_price
119245,34395,เดอะ คริส คอนโด วัน,-,83,ภูเก็ต,2,กะทู้,2,ป่าตอง,83000000,สำนักงานที่ดินจังหวัดภูเก็ต,2,False,ห้องชุดพักอาศัย,46000,,official_statutory_assessment_rate_not_market_price
119246,34395,เดอะ คริส คอนโด วัน,-,83,ภูเก็ต,2,กะทู้,2,ป่าตอง,83000000,สำนักงานที่ดินจังหวัดภูเก็ต,2,False,ระเบียง/พื้นทีวางแอร์,23000,,official_statutory_assessment_rate_not_market_price
119247,34395,เดอะ คริส คอนโด วัน,-,83,ภูเก็ต,2,กะทู้,2,ป่าตอง,83000000,สำนักงานที่ดินจังหวัดภูเก็ต,3,False,ห้องชุดพักอาศัย,46500,,official_statutory_assessment_rate_not_market_price
119248,34395,เดอะ คริส คอนโด วัน,-,83,ภูเก็ต,2,กะทู้,2,ป่าตอง,83000000,สำนักงานที่ดินจังหวัดภูเก็ต,3,False,ระเบียง/พื้นทีวางแอร์,23250,,official_statutory_assessment_rate_not_market_price
119249,34395,เดอะ คริส คอนโด วัน,-,83,ภูเก็ต,2,กะทู้,2,ป่าตอง,83000000,สำนักงานที่ดินจังหวัดภูเก็ต,4,False,ห้องชุดพักอาศัย,47000,,official_statutory_assessment_rate_not_market_price
119250,34395,เดอะ คริส คอนโด วัน,-,83,ภูเก็ต,2,กะทู้,2,ป่าตอง,83000000,สำนักงานที่ดินจังหวัดภูเก็ต,4,False,ระเบียง/พื้นทีวางแอร์,23500,,official_statutory_assessment_rate_not_market_price
119251,34395,เดอะ คริส คอนโด วัน,-,83,ภูเก็ต,2,กะทู้,2,ป่าตอง,83000000,สำนักงานที่ดินจังหวัดภูเก็ต,5,False,ห้องชุดพักอาศัย,47500,,official_statutory_assessment_rate_not_market_price
119252,34395,เดอะ คริส คอนโด วัน,-,83,ภูเก็ต,2,กะทู้,2,ป่าตอง,83000000,สำนักงานที่ดินจังหวัดภูเก็ต,5,False,ระเบียง/พื้นทีวางแอร์,23750,,official_statutory_assessment_rate_not_market_price
119253,34396,เดอะ คริสตัล ป่าตอง,-,83,ภูเก็ต,2,กะทู้,2,ป่าตอง,83000000,สำนักงานที่ดินจังหวัดภูเก็ต,1,False,ห้องชุดเพื่อประกอบการค้า(ห้องชุดพาณิชยกรรม),98000,,official_statutory_assessment_rate_not_market_price
119254,34396,เดอะ คริสตัล ป่าตอง,-,83,ภูเก็ต,2,กะทู้,2,ป่าตอง,83000000,สำนักงานที่ดินจังหวัดภูเก็ต,2,False,ห้องชุดพักอาศัย,81500,,official_statutory_assessment_rate_not_market_price
119255,34396,เดอะ คริสตัล ป่าตอง,-,83,ภูเก็ต,2,กะทู้,2,ป่าตอง,83000000,สำนักงานที่ดินจังหวัดภูเก็ต,2,False,พื้นที่ระเบียง,40750,,official_statutory_assessment_rate_not_market_price
119256,34396,เดอะ คริสตัล ป่าตอง,-,83,ภูเก็ต,2,กะทู้,2,ป่าตอง,83000000,สำนักงานที่ดินจังหวัดภูเก็ต,2,False,พื้นที่วางแอร์,40750,,official_statutory_assessment_rate_not_market_price
119257,34396,เดอะ คริสตัล ป่าตอง,-,83,ภูเก็ต,2,กะทู้,2,ป่าตอง,83000000,สำนักงานที่ดินจังหวัดภูเก็ต,3-เม.ย.,True,ห้องชุดพักอาศัย,92000,,official_statutory_assessment_rate_not_market_price
119258,34396,เดอะ คริสตัล ป่าตอง,-,83,ภูเก็ต,2,กะทู้,2,ป่าตอง,83000000,สำนักงานที่ดินจังหวัดภูเก็ต,3-เม.ย.,True,พื้นที่ระเบียง,41000,,official_statutory_assessment_rate_not_market_price
119259,34396,เดอะ คริสตัล ป่าตอง,-,83,ภูเก็ต,2,กะทู้,2,ป่าตอง,83000000,สำนักงานที่ดินจังหวัดภูเก็ต,3-เม.ย.,True,พื้นที่วางแอร์,41000,,official_statutory_assessment_rate_not_market_price
119260,34396,เดอะ คริสตัล ป่าตอง,-,83,ภูเก็ต,2,กะทู้,2,ป่าตอง,83000000,สำนักงานที่ดินจังหวัดภูเก็ต,5-มิ.ย.,True,ห้องชุดพักอาศัย,82500,,official_statutory_assessment_rate_not_market_price
119261,34396,เดอะ คริสตัล ป่าตอง,-,83,ภูเก็ต,2,กะทู้,2,ป่าตอง,83000000,สำนักงานที่ดินจังหวัดภูเก็ต,5-มิ.ย.,True,พื้นที่ระเบียง,41250,,official_statutory_assessment_rate_not_market_price
119262,34396,เดอะ คริสตัล ป่าตอง,-,83,ภูเก็ต,2,กะทู้,2,ป่าตอง,83000000,สำนักงานที่ดินจังหวัดภูเก็ต,5-มิ.ย.,True,พื้นที่วางแอร์,41250,,official_statutory_assessment_rate_not_market_price
119263,34396,เดอะ คริสตัล ป่าตอง,-,83,ภูเก็ต,2,กะทู้,2,ป่าตอง,83000000,สำนักงานที่ดินจังหวัดภูเก็ต,7-ส.ค.,True,ห้องชุดพักอาศัย,83000,,official_statutory_assessment_rate_not_market_price
119264,34396,เดอะ คริสตัล ป่าตอง,-,83,ภูเก็ต,2,กะทู้,2,ป่าตอง,83000000,สำนักงานที่ดินจังหวัดภูเก็ต,7-ส.ค.,True,พื้นที่ระเบียง,41500,,official_statutory_assessment_rate_not_market_price
119265,34396,เดอะ คริสตัล ป่าตอง,-,83,ภูเก็ต,2,กะทู้,2,ป่าตอง,83000000,สำนักงานที่ดินจังหวัดภูเก็ต,7-ส.ค.,True,พื้นที่วางแอร์,41500,,official_statutory_assessment_rate_not_market_price
119266,34573,อันดามัน บีช สวีท คอนโดมิเนียม,-,83,ภูเก็ต,2,กะทู้,2,ป่าตอง,83000000,สำนักงานที่ดินจังหวัดภูเก็ต,1,False,ห้องชุดพักอาศัยตากอากาศ,80500,,official_statutory_assessment_rate_not_market_price
119267,34573,อันดามัน บีช สวีท คอนโดมิเนียม,-,83,ภูเก็ต,2,กะทู้,2,ป่าตอง,83000000,สำนักงานที่ดินจังหวัดภูเก็ต,1,False,สำนักงาน,72500,,official_statutory_assessment_rate_not_market_price
119268,34573,อันดามัน บีช สวีท คอนโดมิเนียม,-,83,ภูเก็ต,2,กะทู้,2,ป่าตอง,83000000,สำนักงานที่ดินจังหวัดภูเก็ต,1,False,พื้นที่ระเบียง,40250,,official_statutory_assessment_rate_not_market_price
119269,34573,อันดามัน บีช สวีท คอนโดมิเนียม,-,83,ภูเก็ต,2,กะทู้,2,ป่าตอง,83000000,สำนักงานที่ดินจังหวัดภูเก็ต,2,False,ห้องชุดพักอาศัยตากอากาศ,81000,,official_statutory_assessment_rate_not_market_price
119270,34573,อันดามัน บีช สวีท คอนโดมิเนียม,-,83,ภูเก็ต,2,กะทู้,2,ป่าตอง,83000000,สำนักงานที่ดินจังหวัดภูเก็ต,2,False,พื้นที่ระเบียง,40500,,official_statutory_assessment_rate_not_market_price
119271,34573,อันดามัน บีช สวีท คอนโดมิเนียม,-,83,ภูเก็ต,2,กะทู้,2,ป่าตอง,83000000,สำนักงานที่ดินจังหวัดภูเก็ต,3,False,ห้องชุดพักอาศัยตากอากาศ,81500,,official_statutory_assessment_rate_not_market_price
119272,34573,อันดามัน บีช สวีท คอนโดมิเนียม,-,83,ภูเก็ต,2,กะทู้,2,ป่าตอง,83000000,สำนักงานที่ดินจังหวัดภูเก็ต,3,False,พื้นที่ระเบียง,40750,,official_statutory_assessment_rate_not_market_price
119273,34573,อันดามัน บีช สวีท คอนโดมิเนียม,-,83,ภูเก็ต,2,กะทู้,2,ป่าตอง,83000000,สำนักงานที่ดินจังหวัดภูเก็ต,4,False,ห้องชุดพักอาศัยตากอากาศ,82000,,official_statutory_assessment_rate_not_market_price
119274,34573,อันดามัน บีช สวีท คอนโดมิเนียม,-,83,ภูเก็ต,2,กะทู้,2,ป่าตอง,83000000,สำนักงานที่ดินจังหวัดภูเก็ต,4,False,พื้นที่ระเบียง,41000,,official_statutory_assessment_rate_not_market_price
119275,34573,อันดามัน บีช สวีท คอนโดมิเนียม,-,83,ภูเก็ต,2,กะทู้,2,ป่าตอง,83000000,สำนักงานที่ดินจังหวัดภูเก็ต,5,False,ห้องชุดพักอาศัยตากอากาศ,82500,,official_statutory_assessment_rate_not_market_price
119276,34573,อันดามัน บีช สวีท คอนโดมิเนียม,-,83,ภูเก็ต,2,กะทู้,2,ป่าตอง,83000000,สำนักงานที่ดินจังหวัดภูเก็ต,5,False,พื้นที่ระเบียง,41250,,official_statutory_assessment_rate_not_market_price
119277,34399,เดอะ บริส ป่าตอง คอนโดมิเนียม,-,83,ภูเก็ต,2,กะทู้,2,ป่าตอง,83000000,สำนักงานที่ดินจังหวัดภูเก็ต,2,False,ห้องชุดพักอาศัยตากอากาศ,61000,,official_statutory_assessment_rate_not_market_price
119278,34399,เดอะ บริส ป่าตอง คอนโดมิเนียม,-,83,ภูเก็ต,2,กะทู้,2,ป่าตอง,83000000,สำนักงานที่ดินจังหวัดภูเก็ต,2,False,พื้นที่ระเบียง,30500,,official_statutory_assessment_rate_not_market_price
119279,34399,เดอะ บริส ป่าตอง คอนโดมิเนียม,-,83,ภูเก็ต,2,กะทู้,2,ป่าตอง,83000000,สำนักงานที่ดินจังหวัดภูเก็ต,7,False,ห้องชุดพักอาศัยตากอากาศ,62500,,official_statutory_assessment_rate_not_market_price
119280,34399,เดอะ บริส ป่าตอง คอนโดมิเนียม,-,83,ภูเก็ต,2,กะทู้,2,ป่าตอง,83000000,สำนักงานที่ดินจังหวัดภูเก็ต,7,False,พื้นที่ระเบียง,31250,,official_statutory_assessment_rate_not_market_price
119281,34399,เดอะ บริส ป่าตอง คอนโดมิเนียม,-,83,ภูเก็ต,2,กะทู้,2,ป่าตอง,83000000,สำนักงานที่ดินจังหวัดภูเก็ต,3-เม.ย.,True,ห้องชุดพักอาศัยตากอากาศ,61500,,official_statutory_assessment_rate_not_market_price
119282,34399,เดอะ บริส ป่าตอง คอนโดมิเนียม,-,83,ภูเก็ต,2,กะทู้,2,ป่าตอง,83000000,สำนักงานที่ดินจังหวัดภูเก็ต,3-เม.ย.,True,พื้นที่ระเบียง,30750,,official_statutory_assessment_rate_not_market_price
119283,34399,เดอะ บริส ป่าตอง คอนโดมิเนียม,-,83,ภูเก็ต,2,กะทู้,2,ป่าตอง,83000000,สำนักงานที่ดินจังหวัดภูเก็ต,5-มิ.ย.,True,ห้องชุดพักอาศัยตากอากาศ,62000,,official_statutory_assessment_rate_not_market_price
119284,34399,เดอะ บริส ป่าตอง คอนโดมิเนียม,-,83,ภูเก็ต,2,กะทู้,2,ป่าตอง,83000000,สำนักงานที่ดินจังหวัดภูเก็ต,5-มิ.ย.,True,พื้นที่ระเบียง,31000,,official_statutory_assessment_rate_not_market_price
119285,34399,เดอะ บริส ป่าตอง คอนโดมิเนียม,-,83,ภูเก็ต,2,กะทู้,2,ป่าตอง,83000000,สำนักงานที่ดินจังหวัดภูเก็ต,"7,ดาดฟ้า",False,ดาดฟ้า,31750,,official_statutory_assessment_rate_not_market_price
119286,34399,เดอะ บริส ป่าตอง คอนโดมิเนียม,-,83,ภูเก็ต,2,กะทู้,2,ป่าตอง,83000000,สำนักงานที่ดินจังหวัดภูเก็ต,"7,ดาดฟ้า",False,พื้นที่ระเบียง,31750,,official_statutory_assessment_rate_not_market_price
119287,34399,เดอะ บริส ป่าตอง คอนโดมิเนียม,-,83,ภูเก็ต,2,กะทู้,2,ป่าตอง,83000000,สำนักงานที่ดินจังหวัดภูเก็ต,"7,ดาดฟ้า",False,พักอาศัยตากอากาศ2ชั้นควบ,63500,,official_statutory_assessment_rate_not_market_price
119288,34451,ไดมอนด์ คอนโดมิเนี่ยม,A,83,ภูเก็ต,2,กะทู้,2,ป่าตอง,83000000,สำนักงานที่ดินจังหวัดภูเก็ต,1,False,ที่จอดรถยนต์ส่วนบุคคล,25290,,official_statutory_assessment_rate_not_market_price
119289,34451,ไดมอนด์ คอนโดมิเนี่ยม,A,83,ภูเก็ต,2,กะทู้,2,ป่าตอง,83000000,สำนักงานที่ดินจังหวัดภูเก็ต,1,False,พื้นที่ห้องชุดพักอาศัย/พื้นที่ระเบียง,80200,,official_statutory_assessment_rate_not_market_price
119290,34451,ไดมอนด์ คอนโดมิเนี่ยม,A,83,ภูเก็ต,2,กะทู้,2,ป่าตอง,83000000,สำนักงานที่ดินจังหวัดภูเก็ต,2,False,พื้นที่ห้องชุดพักอาศัย/พื้นที่ระเบียง,81300,,official_statutory_assessment_rate_not_market_price
119291,34451,ไดมอนด์ คอนโดมิเนี่ยม,A,83,ภูเก็ต,2,กะทู้,2,ป่าตอง,83000000,สำนักงานที่ดินจังหวัดภูเก็ต,3,False,พื้นที่ห้องชุดพักอาศัย/พื้นที่ระเบียง,82700,,official_statutory_assessment_rate_not_market_price
119292,34451,ไดมอนด์ คอนโดมิเนี่ยม,A,83,ภูเก็ต,2,กะทู้,2,ป่าตอง,83000000,สำนักงานที่ดินจังหวัดภูเก็ต,4,False,พื้นที่ห้องชุดพักอาศัย/พื้นที่ระเบียง,84300,,official_statutory_assessment_rate_not_market_price
119293,34451,ไดมอนด์ คอนโดมิเนี่ยม,A,83,ภูเก็ต,2,กะทู้,2,ป่าตอง,83000000,สำนักงานที่ดินจังหวัดภูเก็ต,5,False,พื้นที่ห้องชุดพักอาศัย/พื้นที่ระเบียง,86100,,official_statutory_assessment_rate_not_market_price
119294,34451,ไดมอนด์ คอนโดมิเนี่ยม,B,83,ภูเก็ต,2,กะทู้,2,ป่าตอง,83000000,สำนักงานที่ดินจังหวัดภูเก็ต,1,False,พื้นที่ห้องชุดพักอาศัย/พื้นที่ระเบียง,80200,,official_statutory_assessment_rate_not_market_price
119295,34451,ไดมอนด์ คอนโดมิเนี่ยม,B,83,ภูเก็ต,2,กะทู้,2,ป่าตอง,83000000,สำนักงานที่ดินจังหวัดภูเก็ต,2,False,พื้นที่ห้องชุดพักอาศัย/พื้นที่ระเบียง,81300,,official_statutory_assessment_rate_not_market_price
119296,34451,ไดมอนด์ คอนโดมิเนี่ยม,B,83,ภูเก็ต,2,กะทู้,2,ป่าตอง,83000000,สำนักงานที่ดินจังหวัดภูเก็ต,3,False,พื้นที่ห้องชุดพักอาศัย/พื้นที่ระเบียง,82700,,official_statutory_assessment_rate_not_market_price
119297,34451,ไดมอนด์ คอนโดมิเนี่ยม,B,83,ภูเก็ต,2,กะทู้,2,ป่าตอง,83000000,สำนักงานที่ดินจังหวัดภูเก็ต,4,False,พื้นที่ห้องชุดพักอาศัย/พื้นที่ระเบียง,84300,,official_statutory_assessment_rate_not_market_price
119298,34451,ไดมอนด์ คอนโดมิเนี่ยม,B,83,ภูเก็ต,2,กะทู้,2,ป่าตอง,83000000,สำนักงานที่ดินจังหวัดภูเก็ต,5,False,พื้นที่ห้องชุดพักอาศัย/พื้นที่ระเบียง,86100,,official_statutory_assessment_rate_not_market_price
119299,34451,ไดมอนด์ คอนโดมิเนี่ยม,B,83,ภูเก็ต,2,กะทู้,2,ป่าตอง,83000000,สำนักงานที่ดินจังหวัดภูเก็ต,6,False,พื้นที่ห้องชุดพักอาศัย/พื้นที่ระเบียง,88000,,official_statutory_assessment_rate_not_market_price
119300,34451,ไดมอนด์ คอนโดมิเนี่ยม,B,83,ภูเก็ต,2,กะทู้,2,ป่าตอง,83000000,สำนักงานที่ดินจังหวัดภูเก็ต,7,False,พื้นที่ห้องชุดพักอาศัย/พื้นที่ระเบียง,89900,,official_statutory_assessment_rate_not_market_price
119301,34451,ไดมอนด์ คอนโดมิเนี่ยม,C,83,ภูเก็ต,2,กะทู้,2,ป่าตอง,83000000,สำนักงานที่ดินจังหวัดภูเก็ต,1,False,พื้นที่ห้องชุดพักอาศัย/พื้นที่ระเบียง,80200,,official_statutory_assessment_rate_not_market_price
119302,34451,ไดมอนด์ คอนโดมิเนี่ยม,C,83,ภูเก็ต,2,กะทู้,2,ป่าตอง,83000000,สำนักงานที่ดินจังหวัดภูเก็ต,2,False,พื้นที่ห้องชุดพักอาศัย/พื้นที่ระเบียง,81300,,official_statutory_assessment_rate_not_market_price
119303,34451,ไดมอนด์ คอนโดมิเนี่ยม,C,83,ภูเก็ต,2,กะทู้,2,ป่าตอง,83000000,สำนักงานที่ดินจังหวัดภูเก็ต,3,False,พื้นที่ห้องชุดพักอาศัย/พื้นที่ระเบียง,82700,,official_statutory_assessment_rate_not_market_price
119304,34451,ไดมอนด์ คอนโดมิเนี่ยม,C,83,ภูเก็ต,2,กะทู้,2,ป่าตอง,83000000,สำนักงานที่ดินจังหวัดภูเก็ต,4,False,พื้นที่ห้องชุดพักอาศัย/พื้นที่ระเบียง,84300,,official_statutory_assessment_rate_not_market_price
119305,34451,ไดมอนด์ คอนโดมิเนี่ยม,C,83,ภูเก็ต,2,กะทู้,2,ป่าตอง,83000000,สำนักงานที่ดินจังหวัดภูเก็ต,5,False,พื้นที่ห้องชุดพักอาศัย/พื้นที่ระเบียง,86100,,official_statutory_assessment_rate_not_market_price
119306,34451,ไดมอนด์ คอนโดมิเนี่ยม,C,83,ภูเก็ต,2,กะทู้,2,ป่าตอง,83000000,สำนักงานที่ดินจังหวัดภูเก็ต,6,False,พื้นที่ห้องชุดพักอาศัย/พื้นที่ระเบียง,88000,,official_statutory_assessment_rate_not_market_price
119307,34451,ไดมอนด์ คอนโดมิเนี่ยม,C,83,ภูเก็ต,2,กะทู้,2,ป่าตอง,83000000,สำนักงานที่ดินจังหวัดภูเก็ต,7,False,พื้นที่ห้องชุดพักอาศัย/พื้นที่ระเบียง,89900,,official_statutory_assessment_rate_not_market_price
119308,34451,ไดมอนด์ คอนโดมิเนี่ยม,D,83,ภูเก็ต,2,กะทู้,2,ป่าตอง,83000000,สำนักงานที่ดินจังหวัดภูเก็ต,1,False,พื้นที่ห้องชุดพักอาศัย/พื้นที่ระเบียง,80200,,official_statutory_assessment_rate_not_market_price
119309,34451,ไดมอนด์ คอนโดมิเนี่ยม,D,83,ภูเก็ต,2,กะทู้,2,ป่าตอง,83000000,สำนักงานที่ดินจังหวัดภูเก็ต,2,False,พื้นที่ห้องชุดพักอาศัย/พื้นที่ระเบียง,81300,,official_statutory_assessment_rate_not_market_price
119310,34451,ไดมอนด์ คอนโดมิเนี่ยม,D,83,ภูเก็ต,2,กะทู้,2,ป่าตอง,83000000,สำนักงานที่ดินจังหวัดภูเก็ต,3,False,พื้นที่ห้องชุดพักอาศัย/พื้นที่ระเบียง,82700,,official_statutory_assessment_rate_not_market_price
119311,34451,ไดมอนด์ คอนโดมิเนี่ยม,D,83,ภูเก็ต,2,กะทู้,2,ป่าตอง,83000000,สำนักงานที่ดินจังหวัดภูเก็ต,4,False,พื้นที่ห้องชุดพักอาศัย/พื้นที่ระเบียง,84300,,official_statutory_assessment_rate_not_market_price
119312,34451,ไดมอนด์ คอนโดมิเนี่ยม,D,83,ภูเก็ต,2,กะทู้,2,ป่าตอง,83000000,สำนักงานที่ดินจังหวัดภูเก็ต,5,False,พื้นที่ห้องชุดพักอาศัย/พื้นที่ระเบียง,86100,,official_statutory_assessment_rate_not_market_price
119313,34451,ไดมอนด์ คอนโดมิเนี่ยม,D,83,ภูเก็ต,2,กะทู้,2,ป่าตอง,83000000,สำนักงานที่ดินจังหวัดภูเก็ต,6,False,พื้นที่ห้องชุดพักอาศัย/พื้นที่ระเบียง,88000,,official_statutory_assessment_rate_not_market_price
119314,34451,ไดมอนด์ คอนโดมิเนี่ยม,D,83,ภูเก็ต,2,กะทู้,2,ป่าตอง,83000000,สำนักงานที่ดินจังหวัดภูเก็ต,7,False,พื้นที่ห้องชุดพักอาศัย/พื้นที่ระเบียง,89900,,official_statutory_assessment_rate_not_market_price
119315,34453,ไฮ สไทล คอนโดมิเนียม,-,83,ภูเก็ต,2,กะทู้,2,ป่าตอง,83000000,สำนักงานที่ดินจังหวัดภูเก็ต,2,False,ห้องชุดพักอาศัยตากอากาศ,37500,,official_statutory_assessment_rate_not_market_price
119316,34453,ไฮ สไทล คอนโดมิเนียม,-,83,ภูเก็ต,2,กะทู้,2,ป่าตอง,83000000,สำนักงานที่ดินจังหวัดภูเก็ต,2,False,พื้นที่ระเบียง,18750,,official_statutory_assessment_rate_not_market_price
119317,34453,ไฮ สไทล คอนโดมิเนียม,-,83,ภูเก็ต,2,กะทู้,2,ป่าตอง,83000000,สำนักงานที่ดินจังหวัดภูเก็ต,3-เม.ย.,True,ห้องชุดพักอาศัยตากอากาศ,38000,,official_statutory_assessment_rate_not_market_price
119318,34453,ไฮ สไทล คอนโดมิเนียม,-,83,ภูเก็ต,2,กะทู้,2,ป่าตอง,83000000,สำนักงานที่ดินจังหวัดภูเก็ต,3-เม.ย.,True,พื้นที่ระเบียง,19000,,official_statutory_assessment_rate_not_market_price
119319,34453,ไฮ สไทล คอนโดมิเนียม,-,83,ภูเก็ต,2,กะทู้,2,ป่าตอง,83000000,สำนักงานที่ดินจังหวัดภูเก็ต,5-มิ.ย.,True,ห้องชุดพักอาศัยตากอากาศ,38500,,official_statutory_assessment_rate_not_market_price
119320,34453,ไฮ สไทล คอนโดมิเนียม,-,83,ภูเก็ต,2,กะทู้,2,ป่าตอง,83000000,สำนักงานที่ดินจังหวัดภูเก็ต,5-มิ.ย.,True,พื้นที่ระเบียง,19250,,official_statutory_assessment_rate_not_market_price
119321,34453,ไฮ สไทล คอนโดมิเนียม,-,83,ภูเก็ต,2,กะทู้,2,ป่าตอง,83000000,สำนักงานที่ดินจังหวัดภูเก็ต,"7,8",False,พื้นที่ระเบียง/สระว่ายน้ำ,20000,,official_statutory_assessment_rate_not_market_price
119322,34435,แรมบูแทน คอนโดมิเนี่ยม,-,83,ภูเก็ต,2,กะทู้,2,ป่าตอง,83000000,สำนักงานที่ดินจังหวัดภูเก็ต,2,False,ห้องชุดพักอาศัย,40800,,official_statutory_assessment_rate_not_market_price
119323,34435,แรมบูแทน คอนโดมิเนี่ยม,-,83,ภูเก็ต,2,กะทู้,2,ป่าตอง,83000000,สำนักงานที่ดินจังหวัดภูเก็ต,3,False,ห้องชุดพักอาศัย,41000,,official_statutory_assessment_rate_not_market_price
119324,34435,แรมบูแทน คอนโดมิเนี่ยม,-,83,ภูเก็ต,2,กะทู้,2,ป่าตอง,83000000,สำนักงานที่ดินจังหวัดภูเก็ต,4,False,ห้องชุดพักอาศัย,41400,,official_statutory_assessment_rate_not_market_price
119325,34435,แรมบูแทน คอนโดมิเนี่ยม,-,83,ภูเก็ต,2,กะทู้,2,ป่าตอง,83000000,สำนักงานที่ดินจังหวัดภูเก็ต,5,False,ห้องชุดพักอาศัย,41800,,official_statutory_assessment_rate_not_market_price
119326,34435,แรมบูแทน คอนโดมิเนี่ยม,-,83,ภูเก็ต,2,กะทู้,2,ป่าตอง,83000000,สำนักงานที่ดินจังหวัดภูเก็ต,6,False,ห้องชุดพักอาศัย,42300,,official_statutory_assessment_rate_not_market_price
119327,34454,กมลา ฟอลส์,เอ1,83,ภูเก็ต,2,กะทู้,3,กมลา,83000000,สำนักงานที่ดินจังหวัดภูเก็ต,1,False,ห้องชุดพักอาศัยตากอากาศ,59000,,official_statutory_assessment_rate_not_market_price
119328,34454,กมลา ฟอลส์,เอ1,83,ภูเก็ต,2,กะทู้,3,กมลา,83000000,สำนักงานที่ดินจังหวัดภูเก็ต,1,False,ระเบียง/พื้นที่ห้องเก็บของ/พื้นที่สระว่ายน้ำ,29500,,official_statutory_assessment_rate_not_market_price
119329,34454,กมลา ฟอลส์,เอ1,83,ภูเก็ต,2,กะทู้,3,กมลา,83000000,สำนักงานที่ดินจังหวัดภูเก็ต,2,False,พักอาศัยตากอากาศเพ้นท์เฮ้าส์,59500,,official_statutory_assessment_rate_not_market_price
119330,34454,กมลา ฟอลส์,เอ1,83,ภูเก็ต,2,กะทู้,3,กมลา,83000000,สำนักงานที่ดินจังหวัดภูเก็ต,2,False,ระเบียง/พื้นที่ห้องเก็บของ/พื้นที่สระว่ายน้ำ,29750,,official_statutory_assessment_rate_not_market_price
119331,34454,กมลา ฟอลส์,เอ2,83,ภูเก็ต,2,กะทู้,3,กมลา,83000000,สำนักงานที่ดินจังหวัดภูเก็ต,1,False,ห้องชุดพักอาศัยตากอากาศ,59000,,official_statutory_assessment_rate_not_market_price
119332,34454,กมลา ฟอลส์,เอ2,83,ภูเก็ต,2,กะทู้,3,กมลา,83000000,สำนักงานที่ดินจังหวัดภูเก็ต,1,False,ระเบียง/พื้นที่ห้องเก็บของ/พื้นที่สระว่ายน้ำ,29500,,official_statutory_assessment_rate_not_market_price
119333,34454,กมลา ฟอลส์,เอ2,83,ภูเก็ต,2,กะทู้,3,กมลา,83000000,สำนักงานที่ดินจังหวัดภูเก็ต,2,False,พักอาศัยตากอากาศเพ้นท์เฮ้าส์,59500,,official_statutory_assessment_rate_not_market_price
119334,34454,กมลา ฟอลส์,เอ2,83,ภูเก็ต,2,กะทู้,3,กมลา,83000000,สำนักงานที่ดินจังหวัดภูเก็ต,2,False,ระเบียง/พื้นที่ห้องเก็บของ/พื้นที่สระว่ายน้ำ,29750,,official_statutory_assessment_rate_not_market_price
119335,34454,กมลา ฟอลส์,เอ3,83,ภูเก็ต,2,กะทู้,3,กมลา,83000000,สำนักงานที่ดินจังหวัดภูเก็ต,1,False,ห้องชุดพักอาศัยตากอากาศ,58000,,official_statutory_assessment_rate_not_market_price
119336,34454,กมลา ฟอลส์,เอ3,83,ภูเก็ต,2,กะทู้,3,กมลา,83000000,สำนักงานที่ดินจังหวัดภูเก็ต,1,False,ระเบียง/พื้นที่ห้องเก็บของ/พื้นที่สระว่ายน้ำ,29000,,official_statutory_assessment_rate_not_market_price
119337,34454,กมลา ฟอลส์,เอ3,83,ภูเก็ต,2,กะทู้,3,กมลา,83000000,สำนักงานที่ดินจังหวัดภูเก็ต,2,False,ห้องชุดพักอาศัยตากอากาศ,58500,,official_statutory_assessment_rate_not_market_price
119338,34454,กมลา ฟอลส์,เอ3,83,ภูเก็ต,2,กะทู้,3,กมลา,83000000,สำนักงานที่ดินจังหวัดภูเก็ต,2,False,ระเบียง/พื้นที่ห้องเก็บของ/พื้นที่สระว่ายน้ำ,29250,,official_statutory_assessment_rate_not_market_price
119339,34454,กมลา ฟอลส์,เอ3,83,ภูเก็ต,2,กะทู้,3,กมลา,83000000,สำนักงานที่ดินจังหวัดภูเก็ต,3,False,ห้องชุดพักอาศัยตากอากาศ,59000,,official_statutory_assessment_rate_not_market_price
119340,34454,กมลา ฟอลส์,เอ3,83,ภูเก็ต,2,กะทู้,3,กมลา,83000000,สำนักงานที่ดินจังหวัดภูเก็ต,3,False,ระเบียง/พื้นที่ห้องเก็บของ/พื้นที่สระว่ายน้ำ,29500,,official_statutory_assessment_rate_not_market_price
119341,34454,กมลา ฟอลส์,เอ3,83,ภูเก็ต,2,กะทู้,3,กมลา,83000000,สำนักงานที่ดินจังหวัดภูเก็ต,4,False,พักอาศัยตากอากาศเพ้นท์เฮ้าส์,60500,,official_statutory_assessment_rate_not_market_price
119342,34454,กมลา ฟอลส์,เอ3,83,ภูเก็ต,2,กะทู้,3,กมลา,83000000,สำนักงานที่ดินจังหวัดภูเก็ต,4,False,ระเบียง/พื้นที่ห้องเก็บของ/พื้นที่สระว่ายน้ำ,30250,,official_statutory_assessment_rate_not_market_price
119343,34454,กมลา ฟอลส์,เอ4,83,ภูเก็ต,2,กะทู้,3,กมลา,83000000,สำนักงานที่ดินจังหวัดภูเก็ต,1,False,ห้องชุดพักอาศัยตากอากาศ,58000,,official_statutory_assessment_rate_not_market_price
119344,34454,กมลา ฟอลส์,เอ4,83,ภูเก็ต,2,กะทู้,3,กมลา,83000000,สำนักงานที่ดินจังหวัดภูเก็ต,1,False,ระเบียง/พื้นที่ห้องเก็บของ/พื้นที่สระว่ายน้ำ,29000,,official_statutory_assessment_rate_not_market_price
119345,34454,กมลา ฟอลส์,เอ4,83,ภูเก็ต,2,กะทู้,3,กมลา,83000000,สำนักงานที่ดินจังหวัดภูเก็ต,2,False,ห้องชุดพักอาศัยตากอากาศ,58500,,official_statutory_assessment_rate_not_market_price
119346,34454,กมลา ฟอลส์,เอ4,83,ภูเก็ต,2,กะทู้,3,กมลา,83000000,สำนักงานที่ดินจังหวัดภูเก็ต,2,False,ระเบียง/พื้นที่ห้องเก็บของ/พื้นที่สระว่ายน้ำ,29250,,official_statutory_assessment_rate_not_market_price
119347,34454,กมลา ฟอลส์,เอ4,83,ภูเก็ต,2,กะทู้,3,กมลา,83000000,สำนักงานที่ดินจังหวัดภูเก็ต,3,False,ห้องชุดพักอาศัยตากอากาศ,59000,,official_statutory_assessment_rate_not_market_price
119348,34454,กมลา ฟอลส์,เอ4,83,ภูเก็ต,2,กะทู้,3,กมลา,83000000,สำนักงานที่ดินจังหวัดภูเก็ต,3,False,ระเบียง/พื้นที่ห้องเก็บของ/พื้นที่สระว่ายน้ำ,29500,,official_statutory_assessment_rate_not_market_price
119349,34454,กมลา ฟอลส์,เอ4,83,ภูเก็ต,2,กะทู้,3,กมลา,83000000,สำนักงานที่ดินจังหวัดภูเก็ต,4,False,พักอาศัยตากอากาศเพ้นท์เฮ้าส์,60500,,official_statutory_assessment_rate_not_market_price
119350,34454,กมลา ฟอลส์,เอ4,83,ภูเก็ต,2,กะทู้,3,กมลา,83000000,สำนักงานที่ดินจังหวัดภูเก็ต,4,False,ระเบียง/พื้นที่ห้องเก็บของ/พื้นที่สระว่ายน้ำ,30250,,official_statutory_assessment_rate_not_market_price
119351,34454,กมลา ฟอลส์,เอ5,83,ภูเก็ต,2,กะทู้,3,กมลา,83000000,สำนักงานที่ดินจังหวัดภูเก็ต,1,False,ห้องชุดพักอาศัยตากอากาศ,59000,,official_statutory_assessment_rate_not_market_price
119352,34454,กมลา ฟอลส์,เอ5,83,ภูเก็ต,2,กะทู้,3,กมลา,83000000,สำนักงานที่ดินจังหวัดภูเก็ต,1,False,ระเบียง/พื้นที่ห้องเก็บของ/พื้นที่สระว่ายน้ำ,29500,,official_statutory_assessment_rate_not_market_price
119353,34454,กมลา ฟอลส์,เอ5,83,ภูเก็ต,2,กะทู้,3,กมลา,83000000,สำนักงานที่ดินจังหวัดภูเก็ต,2,False,พักอาศัยตากอากาศเพ้นท์เฮ้าส์,59500,,official_statutory_assessment_rate_not_market_price
119354,34454,กมลา ฟอลส์,เอ5,83,ภูเก็ต,2,กะทู้,3,กมลา,83000000,สำนักงานที่ดินจังหวัดภูเก็ต,2,False,ระเบียง/พื้นที่ห้องเก็บของ/พื้นที่สระว่ายน้ำ,29750,,official_statutory_assessment_rate_not_market_price
119355,34454,กมลา ฟอลส์,เอ6,83,ภูเก็ต,2,กะทู้,3,กมลา,83000000,สำนักงานที่ดินจังหวัดภูเก็ต,1,False,ห้องชุดพักอาศัยตากอากาศ,59000,,official_statutory_assessment_rate_not_market_price
119356,34454,กมลา ฟอลส์,เอ6,83,ภูเก็ต,2,กะทู้,3,กมลา,83000000,สำนักงานที่ดินจังหวัดภูเก็ต,1,False,ระเบียง/พื้นที่ห้องเก็บของ/พื้นที่สระว่ายน้ำ,29500,,official_statutory_assessment_rate_not_market_price
119357,34454,กมลา ฟอลส์,เอ6,83,ภูเก็ต,2,กะทู้,3,กมลา,83000000,สำนักงานที่ดินจังหวัดภูเก็ต,2,False,พักอาศัยตากอากาศเพ้นท์เฮ้าส์,59500,,official_statutory_assessment_rate_not_market_price
119358,34454,กมลา ฟอลส์,เอ6,83,ภูเก็ต,2,กะทู้,3,กมลา,83000000,สำนักงานที่ดินจังหวัดภูเก็ต,2,False,ระเบียง/พื้นที่ห้องเก็บของ/พื้นที่สระว่ายน้ำ,29750,,official_statutory_assessment_rate_not_market_price
119359,34455,กมลา รีเจ้นท์ คอนโดมิเนียม,-,83,ภูเก็ต,2,กะทู้,3,กมลา,83000000,สำนักงานที่ดินจังหวัดภูเก็ต,1,False,ห้องชุดพักอาศัยตากอากาศ,30500,,official_statutory_assessment_rate_not_market_price
119360,34455,กมลา รีเจ้นท์ คอนโดมิเนียม,-,83,ภูเก็ต,2,กะทู้,3,กมลา,83000000,สำนักงานที่ดินจังหวัดภูเก็ต,1,False,พื้นที่ระเบียง,15250,,official_statutory_assessment_rate_not_market_price
119361,34455,กมลา รีเจ้นท์ คอนโดมิเนียม,-,83,ภูเก็ต,2,กะทู้,3,กมลา,83000000,สำนักงานที่ดินจังหวัดภูเก็ต,2,False,ห้องชุดพักอาศัยตากอากาศ,30500,,official_statutory_assessment_rate_not_market_price
119362,34455,กมลา รีเจ้นท์ คอนโดมิเนียม,-,83,ภูเก็ต,2,กะทู้,3,กมลา,83000000,สำนักงานที่ดินจังหวัดภูเก็ต,2,False,พื้นที่ระเบียง,15250,,official_statutory_assessment_rate_not_market_price
119363,34455,กมลา รีเจ้นท์ คอนโดมิเนียม,-,83,ภูเก็ต,2,กะทู้,3,กมลา,83000000,สำนักงานที่ดินจังหวัดภูเก็ต,3,False,ห้องชุดพักอาศัยตากอากาศ,31000,,official_statutory_assessment_rate_not_market_price
119364,34455,กมลา รีเจ้นท์ คอนโดมิเนียม,-,83,ภูเก็ต,2,กะทู้,3,กมลา,83000000,สำนักงานที่ดินจังหวัดภูเก็ต,3,False,พื้นที่ระเบียง,15500,,official_statutory_assessment_rate_not_market_price
119365,34455,กมลา รีเจ้นท์ คอนโดมิเนียม,-,83,ภูเก็ต,2,กะทู้,3,กมลา,83000000,สำนักงานที่ดินจังหวัดภูเก็ต,4,False,ห้องชุดพักอาศัยตากอากาศ,31000,,official_statutory_assessment_rate_not_market_price
119366,34455,กมลา รีเจ้นท์ คอนโดมิเนียม,-,83,ภูเก็ต,2,กะทู้,3,กมลา,83000000,สำนักงานที่ดินจังหวัดภูเก็ต,4,False,พื้นที่ระเบียง,15500,,official_statutory_assessment_rate_not_market_price
119367,34455,กมลา รีเจ้นท์ คอนโดมิเนียม,-,83,ภูเก็ต,2,กะทู้,3,กมลา,83000000,สำนักงานที่ดินจังหวัดภูเก็ต,"5,6",False,ห้องชุดพักอาศัยตากอากาศแบบดูเพล็ก,32500,,official_statutory_assessment_rate_not_market_price
119368,34455,กมลา รีเจ้นท์ คอนโดมิเนียม,-,83,ภูเก็ต,2,กะทู้,3,กมลา,83000000,สำนักงานที่ดินจังหวัดภูเก็ต,"5,6",False,พื้นที่ระเบียง,16250,,official_statutory_assessment_rate_not_market_price
119369,34456,กมลาอินทนิล,-,83,ภูเก็ต,2,กะทู้,3,กมลา,83000000,สำนักงานที่ดินจังหวัดภูเก็ต,1,False,พักอาศัยตากอากาศ,55000,,official_statutory_assessment_rate_not_market_price
119370,34456,กมลาอินทนิล,-,83,ภูเก็ต,2,กะทู้,3,กมลา,83000000,สำนักงานที่ดินจังหวัดภูเก็ต,1,False,พื้นที่ระเบียง,27500,,official_statutory_assessment_rate_not_market_price
119371,34456,กมลาอินทนิล,-,83,ภูเก็ต,2,กะทู้,3,กมลา,83000000,สำนักงานที่ดินจังหวัดภูเก็ต,2,False,พักอาศัยตากอากาศ,55500,,official_statutory_assessment_rate_not_market_price
119372,34456,กมลาอินทนิล,-,83,ภูเก็ต,2,กะทู้,3,กมลา,83000000,สำนักงานที่ดินจังหวัดภูเก็ต,2,False,พื้นที่ระเบียง,27750,,official_statutory_assessment_rate_not_market_price
119373,34456,กมลาอินทนิล,-,83,ภูเก็ต,2,กะทู้,3,กมลา,83000000,สำนักงานที่ดินจังหวัดภูเก็ต,3,False,พักอาศัยตากอากาศ,56000,,official_statutory_assessment_rate_not_market_price
119374,34456,กมลาอินทนิล,-,83,ภูเก็ต,2,กะทู้,3,กมลา,83000000,สำนักงานที่ดินจังหวัดภูเก็ต,3,False,พื้นที่ระเบียง,28000,,official_statutory_assessment_rate_not_market_price
119375,34456,กมลาอินทนิล,-,83,ภูเก็ต,2,กะทู้,3,กมลา,83000000,สำนักงานที่ดินจังหวัดภูเก็ต,4,False,พักอาศัยตากอากาศ,56500,,official_statutory_assessment_rate_not_market_price
119376,34456,กมลาอินทนิล,-,83,ภูเก็ต,2,กะทู้,3,กมลา,83000000,สำนักงานที่ดินจังหวัดภูเก็ต,4,False,พื้นที่ระเบียง,28250,,official_statutory_assessment_rate_not_market_price
119377,34456,กมลาอินทนิล,-,83,ภูเก็ต,2,กะทู้,3,กมลา,83000000,สำนักงานที่ดินจังหวัดภูเก็ต,4,False,ห้องชุดพักอาศัยตากอากาศแบบเพนท์เฮ้าส์,57500,,official_statutory_assessment_rate_not_market_price
119378,34456,กมลาอินทนิล,-,83,ภูเก็ต,2,กะทู้,3,กมลา,83000000,สำนักงานที่ดินจังหวัดภูเก็ต,4,False,พื้นที่ระเบียง,28750,,official_statutory_assessment_rate_not_market_price
119379,34456,กมลาอินทนิล,-,83,ภูเก็ต,2,กะทู้,3,กมลา,83000000,สำนักงานที่ดินจังหวัดภูเก็ต,5,False,พักอาศัยตากอากาศ,56500,,official_statutory_assessment_rate_not_market_price
119380,34456,กมลาอินทนิล,-,83,ภูเก็ต,2,กะทู้,3,กมลา,83000000,สำนักงานที่ดินจังหวัดภูเก็ต,5,False,พื้นที่ระเบียง,28250,,official_statutory_assessment_rate_not_market_price
119381,34456,กมลาอินทนิล,-,83,ภูเก็ต,2,กะทู้,3,กมลา,83000000,สำนักงานที่ดินจังหวัดภูเก็ต,5,False,ห้องชุดพักอาศัยตากอากาศแบบเพนท์เฮ้าส์,58000,,official_statutory_assessment_rate_not_market_price
119382,34456,กมลาอินทนิล,-,83,ภูเก็ต,2,กะทู้,3,กมลา,83000000,สำนักงานที่ดินจังหวัดภูเก็ต,5,False,พื้นที่ระเบียง,29000,,official_statutory_assessment_rate_not_market_price
119383,34456,กมลาอินทนิล,-,83,ภูเก็ต,2,กะทู้,3,กมลา,83000000,สำนักงานที่ดินจังหวัดภูเก็ต,6,False,ห้องชุดพักอาศัยตากอากาศแบบเพนท์เฮ้าส์,57500,,official_statutory_assessment_rate_not_market_price
119384,34456,กมลาอินทนิล,-,83,ภูเก็ต,2,กะทู้,3,กมลา,83000000,สำนักงานที่ดินจังหวัดภูเก็ต,6,False,พื้นที่ระเบียง,28750,,official_statutory_assessment_rate_not_market_price
119385,34456,กมลาอินทนิล,-,83,ภูเก็ต,2,กะทู้,3,กมลา,83000000,สำนักงานที่ดินจังหวัดภูเก็ต,6,False,สระว่ายน้ำ,28750,,official_statutory_assessment_rate_not_market_price
119386,34456,กมลาอินทนิล,-,83,ภูเก็ต,2,กะทู้,3,กมลา,83000000,สำนักงานที่ดินจังหวัดภูเก็ต,6,False,ห้องปั๋มน้ำ,28750,,official_statutory_assessment_rate_not_market_price
119387,34456,กมลาอินทนิล,-,83,ภูเก็ต,2,กะทู้,3,กมลา,83000000,สำนักงานที่ดินจังหวัดภูเก็ต,1-ก.พ.,True,พักอาศัยตากอากาศ,55500,,official_statutory_assessment_rate_not_market_price
119388,34456,กมลาอินทนิล,-,83,ภูเก็ต,2,กะทู้,3,กมลา,83000000,สำนักงานที่ดินจังหวัดภูเก็ต,1-ก.พ.,True,พื้นที่ระเบียง,27750,,official_statutory_assessment_rate_not_market_price
119389,34456,กมลาอินทนิล,-,83,ภูเก็ต,2,กะทู้,3,กมลา,83000000,สำนักงานที่ดินจังหวัดภูเก็ต,3-เม.ย.,True,พักอาศัยตากอากาศ,56000,,official_statutory_assessment_rate_not_market_price
119390,34456,กมลาอินทนิล,-,83,ภูเก็ต,2,กะทู้,3,กมลา,83000000,สำนักงานที่ดินจังหวัดภูเก็ต,3-เม.ย.,True,พื้นที่ระเบียง,28000,,official_statutory_assessment_rate_not_market_price
119391,34452,ไอคอน พาร์ค คอนโดมิเนียม,A,83,ภูเก็ต,2,กะทู้,3,กมลา,83000000,สำนักงานที่ดินจังหวัดภูเก็ต,3,False,ห้องชุดพักอาศัยตากอากาศ,60500,,official_statutory_assessment_rate_not_market_price
119392,34452,ไอคอน พาร์ค คอนโดมิเนียม,A,83,ภูเก็ต,2,กะทู้,3,กมลา,83000000,สำนักงานที่ดินจังหวัดภูเก็ต,3,False, พื้นที่ระเบียง,30250,,official_statutory_assessment_rate_not_market_price
119393,34452,ไอคอน พาร์ค คอนโดมิเนียม,A,83,ภูเก็ต,2,กะทู้,3,กมลา,83000000,สำนักงานที่ดินจังหวัดภูเก็ต,1-ก.พ.,True,ห้องชุดพักอาศัยตากอากาศ,60000,,official_statutory_assessment_rate_not_market_price
119394,34452,ไอคอน พาร์ค คอนโดมิเนียม,A,83,ภูเก็ต,2,กะทู้,3,กมลา,83000000,สำนักงานที่ดินจังหวัดภูเก็ต,1-ก.พ.,True, พื้นที่ระเบียง,30000,,official_statutory_assessment_rate_not_market_price
119395,34452,ไอคอน พาร์ค คอนโดมิเนียม,A,83,ภูเก็ต,2,กะทู้,3,กมลา,83000000,สำนักงานที่ดินจังหวัดภูเก็ต,"4,5",False, พื้นที่ระเบียง,30750,,official_statutory_assessment_rate_not_market_price
119396,34452,ไอคอน พาร์ค คอนโดมิเนียม,A,83,ภูเก็ต,2,กะทู้,3,กมลา,83000000,สำนักงานที่ดินจังหวัดภูเก็ต,"4,5",False,พักอาศัยตากอากาศ2ชั้นควบ,61500,,official_statutory_assessment_rate_not_market_price
119397,34452,ไอคอน พาร์ค คอนโดมิเนียม,A,83,ภูเก็ต,2,กะทู้,3,กมลา,83000000,สำนักงานที่ดินจังหวัดภูเก็ต,"6,7",False,พักอาศัยตากอากาศ2ชั้นควบ,62000,,official_statutory_assessment_rate_not_market_price
119398,34452,ไอคอน พาร์ค คอนโดมิเนียม,A,83,ภูเก็ต,2,กะทู้,3,กมลา,83000000,สำนักงานที่ดินจังหวัดภูเก็ต,"6,7",False, พื้นที่ระเบียง,31000,,official_statutory_assessment_rate_not_market_price
119399,34452,ไอคอน พาร์ค คอนโดมิเนียม,B,83,ภูเก็ต,2,กะทู้,3,กมลา,83000000,สำนักงานที่ดินจังหวัดภูเก็ต,3,False,ห้องชุดพักอาศัยตากอากาศ,60500,,official_statutory_assessment_rate_not_market_price
119400,34452,ไอคอน พาร์ค คอนโดมิเนียม,B,83,ภูเก็ต,2,กะทู้,3,กมลา,83000000,สำนักงานที่ดินจังหวัดภูเก็ต,3,False, พื้นที่ระเบียง,30250,,official_statutory_assessment_rate_not_market_price
119401,34452,ไอคอน พาร์ค คอนโดมิเนียม,B,83,ภูเก็ต,2,กะทู้,3,กมลา,83000000,สำนักงานที่ดินจังหวัดภูเก็ต,1-ก.พ.,True,ห้องชุดพักอาศัยตากอากาศ,60000,,official_statutory_assessment_rate_not_market_price
119402,34452,ไอคอน พาร์ค คอนโดมิเนียม,B,83,ภูเก็ต,2,กะทู้,3,กมลา,83000000,สำนักงานที่ดินจังหวัดภูเก็ต,1-ก.พ.,True, พื้นที่ระเบียง,30000,,official_statutory_assessment_rate_not_market_price
119403,34452,ไอคอน พาร์ค คอนโดมิเนียม,B,83,ภูเก็ต,2,กะทู้,3,กมลา,83000000,สำนักงานที่ดินจังหวัดภูเก็ต,"4,5",False, พื้นที่ระเบียง,30750,,official_statutory_assessment_rate_not_market_price
119404,34452,ไอคอน พาร์ค คอนโดมิเนียม,B,83,ภูเก็ต,2,กะทู้,3,กมลา,83000000,สำนักงานที่ดินจังหวัดภูเก็ต,"4,5",False,พักอาศัยตากอากาศ2ชั้นควบ,61500,,official_statutory_assessment_rate_not_market_price
119405,34452,ไอคอน พาร์ค คอนโดมิเนียม,B,83,ภูเก็ต,2,กะทู้,3,กมลา,83000000,สำนักงานที่ดินจังหวัดภูเก็ต,"6,7",False,พักอาศัยตากอากาศ2ชั้นควบ,62000,,official_statutory_assessment_rate_not_market_price
119406,34452,ไอคอน พาร์ค คอนโดมิเนียม,B,83,ภูเก็ต,2,กะทู้,3,กมลา,83000000,สำนักงานที่ดินจังหวัดภูเก็ต,"6,7",False, พื้นที่ระเบียง,31000,,official_statutory_assessment_rate_not_market_price
119407,34452,ไอคอน พาร์ค คอนโดมิเนียม,C,83,ภูเก็ต,2,กะทู้,3,กมลา,83000000,สำนักงานที่ดินจังหวัดภูเก็ต,3,False,ห้องชุดพักอาศัยตากอากาศ,60500,,official_statutory_assessment_rate_not_market_price
119408,34452,ไอคอน พาร์ค คอนโดมิเนียม,C,83,ภูเก็ต,2,กะทู้,3,กมลา,83000000,สำนักงานที่ดินจังหวัดภูเก็ต,3,False, พื้นที่ระเบียง,30250,,official_statutory_assessment_rate_not_market_price
119409,34452,ไอคอน พาร์ค คอนโดมิเนียม,C,83,ภูเก็ต,2,กะทู้,3,กมลา,83000000,สำนักงานที่ดินจังหวัดภูเก็ต,1-ก.พ.,True,ห้องชุดพักอาศัยตากอากาศ,60000,,official_statutory_assessment_rate_not_market_price
119410,34452,ไอคอน พาร์ค คอนโดมิเนียม,C,83,ภูเก็ต,2,กะทู้,3,กมลา,83000000,สำนักงานที่ดินจังหวัดภูเก็ต,1-ก.พ.,True, พื้นที่ระเบียง,30000,,official_statutory_assessment_rate_not_market_price
119411,34452,ไอคอน พาร์ค คอนโดมิเนียม,C,83,ภูเก็ต,2,กะทู้,3,กมลา,83000000,สำนักงานที่ดินจังหวัดภูเก็ต,"4,5",False, พื้นที่ระเบียง,30750,,official_statutory_assessment_rate_not_market_price
119412,34452,ไอคอน พาร์ค คอนโดมิเนียม,C,83,ภูเก็ต,2,กะทู้,3,กมลา,83000000,สำนักงานที่ดินจังหวัดภูเก็ต,"4,5",False,พักอาศัยตากอากาศ2ชั้นควบ,61500,,official_statutory_assessment_rate_not_market_price
119413,34452,ไอคอน พาร์ค คอนโดมิเนียม,C,83,ภูเก็ต,2,กะทู้,3,กมลา,83000000,สำนักงานที่ดินจังหวัดภูเก็ต,"6,7",False,พักอาศัยตากอากาศ2ชั้นควบ,62000,,official_statutory_assessment_rate_not_market_price
119414,34452,ไอคอน พาร์ค คอนโดมิเนียม,C,83,ภูเก็ต,2,กะทู้,3,กมลา,83000000,สำนักงานที่ดินจังหวัดภูเก็ต,"6,7",False, พื้นที่ระเบียง,31000,,official_statutory_assessment_rate_not_market_price
119415,34452,ไอคอน พาร์ค คอนโดมิเนียม,D,83,ภูเก็ต,2,กะทู้,3,กมลา,83000000,สำนักงานที่ดินจังหวัดภูเก็ต,3,False,ห้องชุดเพื่อประกอบการค้า(ห้องชุดพาณิชยกรรม),72500,,official_statutory_assessment_rate_not_market_price
119416,34452,ไอคอน พาร์ค คอนโดมิเนียม,D,83,ภูเก็ต,2,กะทู้,3,กมลา,83000000,สำนักงานที่ดินจังหวัดภูเก็ต,3,False, พื้นที่ระเบียง,72500,,official_statutory_assessment_rate_not_market_price
119417,34452,ไอคอน พาร์ค คอนโดมิเนียม,D,83,ภูเก็ต,2,กะทู้,3,กมลา,83000000,สำนักงานที่ดินจังหวัดภูเก็ต,4,False,ห้องชุดเพื่อประกอบการค้า(ห้องชุดพาณิชยกรรม),72000,,official_statutory_assessment_rate_not_market_price
119418,34452,ไอคอน พาร์ค คอนโดมิเนียม,D,83,ภูเก็ต,2,กะทู้,3,กมลา,83000000,สำนักงานที่ดินจังหวัดภูเก็ต,4,False, พื้นที่ระเบียง,72000,,official_statutory_assessment_rate_not_market_price
119419,34452,ไอคอน พาร์ค คอนโดมิเนียม,D,83,ภูเก็ต,2,กะทู้,3,กมลา,83000000,สำนักงานที่ดินจังหวัดภูเก็ต,7,False,ห้องชุดพักอาศัยตากอากาศ,61500,,official_statutory_assessment_rate_not_market_price
119420,34452,ไอคอน พาร์ค คอนโดมิเนียม,D,83,ภูเก็ต,2,กะทู้,3,กมลา,83000000,สำนักงานที่ดินจังหวัดภูเก็ต,7,False, พื้นที่ระเบียง,30750,,official_statutory_assessment_rate_not_market_price
119421,34452,ไอคอน พาร์ค คอนโดมิเนียม,D,83,ภูเก็ต,2,กะทู้,3,กมลา,83000000,สำนักงานที่ดินจังหวัดภูเก็ต,1-ก.พ.,True,ห้องชุดพักอาศัยตากอากาศ,60000,,official_statutory_assessment_rate_not_market_price
119422,34452,ไอคอน พาร์ค คอนโดมิเนียม,D,83,ภูเก็ต,2,กะทู้,3,กมลา,83000000,สำนักงานที่ดินจังหวัดภูเก็ต,1-ก.พ.,True, พื้นที่ระเบียง,30000,,official_statutory_assessment_rate_not_market_price
119423,34452,ไอคอน พาร์ค คอนโดมิเนียม,D,83,ภูเก็ต,2,กะทู้,3,กมลา,83000000,สำนักงานที่ดินจังหวัดภูเก็ต,5-มิ.ย.,True,ห้องชุดพักอาศัยตากอากาศ,61000,,official_statutory_assessment_rate_not_market_price
119424,34452,ไอคอน พาร์ค คอนโดมิเนียม,D,83,ภูเก็ต,2,กะทู้,3,กมลา,83000000,สำนักงานที่ดินจังหวัดภูเก็ต,5-มิ.ย.,True, พื้นที่ระเบียง,30500,,official_statutory_assessment_rate_not_market_price
119425,34400,เดอะ ปาล์ม กมลา,A,83,ภูเก็ต,2,กะทู้,3,กมลา,83000000,สำนักงานที่ดินจังหวัดภูเก็ต,1,False,ห้องชุดพักอาศัยตากอากาศ,36500,,official_statutory_assessment_rate_not_market_price
119426,34400,เดอะ ปาล์ม กมลา,A,83,ภูเก็ต,2,กะทู้,3,กมลา,83000000,สำนักงานที่ดินจังหวัดภูเก็ต,1,False,พื้นที่ระเบียง,18250,,official_statutory_assessment_rate_not_market_price
119427,34400,เดอะ ปาล์ม กมลา,A,83,ภูเก็ต,2,กะทู้,3,กมลา,83000000,สำนักงานที่ดินจังหวัดภูเก็ต,2,False,ห้องชุดพักอาศัยตากอากาศ,37000,,official_statutory_assessment_rate_not_market_price
119428,34400,เดอะ ปาล์ม กมลา,A,83,ภูเก็ต,2,กะทู้,3,กมลา,83000000,สำนักงานที่ดินจังหวัดภูเก็ต,2,False,พื้นที่ระเบียง,18500,,official_statutory_assessment_rate_not_market_price
119429,34400,เดอะ ปาล์ม กมลา,A,83,ภูเก็ต,2,กะทู้,3,กมลา,83000000,สำนักงานที่ดินจังหวัดภูเก็ต,3,False,ห้องชุดพักอาศัยตากอากาศ,37500,,official_statutory_assessment_rate_not_market_price
119430,34400,เดอะ ปาล์ม กมลา,A,83,ภูเก็ต,2,กะทู้,3,กมลา,83000000,สำนักงานที่ดินจังหวัดภูเก็ต,3,False,พื้นที่ระเบียง,18750,,official_statutory_assessment_rate_not_market_price
119431,34400,เดอะ ปาล์ม กมลา,A,83,ภูเก็ต,2,กะทู้,3,กมลา,83000000,สำนักงานที่ดินจังหวัดภูเก็ต,4,False,ห้องชุดพักอาศัยตากอากาศ,38000,,official_statutory_assessment_rate_not_market_price
119432,34400,เดอะ ปาล์ม กมลา,A,83,ภูเก็ต,2,กะทู้,3,กมลา,83000000,สำนักงานที่ดินจังหวัดภูเก็ต,4,False,พื้นที่ระเบียง,19000,,official_statutory_assessment_rate_not_market_price
119433,34400,เดอะ ปาล์ม กมลา,B,83,ภูเก็ต,2,กะทู้,3,กมลา,83000000,สำนักงานที่ดินจังหวัดภูเก็ต,1,False,ห้องชุดพักอาศัยตากอากาศ,36500,,official_statutory_assessment_rate_not_market_price
119434,34400,เดอะ ปาล์ม กมลา,B,83,ภูเก็ต,2,กะทู้,3,กมลา,83000000,สำนักงานที่ดินจังหวัดภูเก็ต,1,False,พื้นที่ระเบียง,18250,,official_statutory_assessment_rate_not_market_price
119435,34400,เดอะ ปาล์ม กมลา,B,83,ภูเก็ต,2,กะทู้,3,กมลา,83000000,สำนักงานที่ดินจังหวัดภูเก็ต,2,False,ห้องชุดพักอาศัยตากอากาศ,37000,,official_statutory_assessment_rate_not_market_price
119436,34400,เดอะ ปาล์ม กมลา,B,83,ภูเก็ต,2,กะทู้,3,กมลา,83000000,สำนักงานที่ดินจังหวัดภูเก็ต,2,False,พื้นที่ระเบียง,18500,,official_statutory_assessment_rate_not_market_price
119437,34400,เดอะ ปาล์ม กมลา,B,83,ภูเก็ต,2,กะทู้,3,กมลา,83000000,สำนักงานที่ดินจังหวัดภูเก็ต,3,False,ห้องชุดพักอาศัยตากอากาศ,37500,,official_statutory_assessment_rate_not_market_price
119438,34400,เดอะ ปาล์ม กมลา,B,83,ภูเก็ต,2,กะทู้,3,กมลา,83000000,สำนักงานที่ดินจังหวัดภูเก็ต,3,False,พื้นที่ระเบียง,18750,,official_statutory_assessment_rate_not_market_price
119439,34400,เดอะ ปาล์ม กมลา,B,83,ภูเก็ต,2,กะทู้,3,กมลา,83000000,สำนักงานที่ดินจังหวัดภูเก็ต,4,False,ห้องชุดพักอาศัยตากอากาศ,38000,,official_statutory_assessment_rate_not_market_price
119440,34400,เดอะ ปาล์ม กมลา,B,83,ภูเก็ต,2,กะทู้,3,กมลา,83000000,สำนักงานที่ดินจังหวัดภูเก็ต,4,False,พื้นที่ระเบียง,19000,,official_statutory_assessment_rate_not_market_price
119441,34400,เดอะ ปาล์ม กมลา,สำนักงาน(ไม่มีลิฟต์โดยสาร),83,ภูเก็ต,2,กะทู้,3,กมลา,83000000,สำนักงานที่ดินจังหวัดภูเก็ต,2,False,ห้องชุดพักอาศัยตากอากาศ,36000,,official_statutory_assessment_rate_not_market_price
119442,34434,แนชเชอเริล พาร์ค ฮาบิแทท,-,83,ภูเก็ต,2,กะทู้,3,กมลา,83000000,สำนักงานที่ดินจังหวัดภูเก็ต,2,False,ห้องชุดพักอาศัยตากอากาศ/พื้นทีระเบียง,61400,,official_statutory_assessment_rate_not_market_price
119443,34434,แนชเชอเริล พาร์ค ฮาบิแทท,-,83,ภูเก็ต,2,กะทู้,3,กมลา,83000000,สำนักงานที่ดินจังหวัดภูเก็ต,3,False,ห้องชุดพักอาศัยตากอากาศ/พื้นทีระเบียง,62200,,official_statutory_assessment_rate_not_market_price
119444,34434,แนชเชอเริล พาร์ค ฮาบิแทท,-,83,ภูเก็ต,2,กะทู้,3,กมลา,83000000,สำนักงานที่ดินจังหวัดภูเก็ต,4,False,ห้องชุดพักอาศัยตากอากาศ/พื้นทีระเบียง,63300,,official_statutory_assessment_rate_not_market_price
119445,34434,แนชเชอเริล พาร์ค ฮาบิแทท,-,83,ภูเก็ต,2,กะทู้,3,กมลา,83000000,สำนักงานที่ดินจังหวัดภูเก็ต,5,False,ห้องชุดพักอาศัยตากอากาศ/พื้นทีระเบียง,64500,,official_statutory_assessment_rate_not_market_price
119446,34434,แนชเชอเริล พาร์ค ฮาบิแทท,-,83,ภูเก็ต,2,กะทู้,3,กมลา,83000000,สำนักงานที่ดินจังหวัดภูเก็ต,6,False,ห้องชุดพักอาศัยตากอากาศ/พื้นทีระเบียง,65900,,official_statutory_assessment_rate_not_market_price
119447,34434,แนชเชอเริล พาร์ค ฮาบิแทท,-,83,ภูเก็ต,2,กะทู้,3,กมลา,83000000,สำนักงานที่ดินจังหวัดภูเก็ต,7,False,ห้องชุดพักอาศัยตากอากาศ/พื้นทีระเบียง,67300,,official_statutory_assessment_rate_not_market_price
119448,34415,เดอะแพลนเทชั่น,A,83,ภูเก็ต,2,กะทู้,3,กมลา,83000000,สำนักงานที่ดินจังหวัดภูเก็ต,1,False,ห้องชุดพักอาศัย,55500,,official_statutory_assessment_rate_not_market_price
119449,34415,เดอะแพลนเทชั่น,A,83,ภูเก็ต,2,กะทู้,3,กมลา,83000000,สำนักงานที่ดินจังหวัดภูเก็ต,1,False,ระเบียง/พื้นที่ภายนอก,27750,,official_statutory_assessment_rate_not_market_price
119450,34415,เดอะแพลนเทชั่น,A,83,ภูเก็ต,2,กะทู้,3,กมลา,83000000,สำนักงานที่ดินจังหวัดภูเก็ต,2,False,ห้องชุดพักอาศัย,55500,,official_statutory_assessment_rate_not_market_price
119451,34415,เดอะแพลนเทชั่น,A,83,ภูเก็ต,2,กะทู้,3,กมลา,83000000,สำนักงานที่ดินจังหวัดภูเก็ต,2,False,ระเบียง/พื้นที่ภายนอก,27750,,official_statutory_assessment_rate_not_market_price
119452,34415,เดอะแพลนเทชั่น,A,83,ภูเก็ต,2,กะทู้,3,กมลา,83000000,สำนักงานที่ดินจังหวัดภูเก็ต,3,False,ห้องชุดพักอาศัย,56000,,official_statutory_assessment_rate_not_market_price
119453,34415,เดอะแพลนเทชั่น,A,83,ภูเก็ต,2,กะทู้,3,กมลา,83000000,สำนักงานที่ดินจังหวัดภูเก็ต,3,False,ระเบียง/พื้นที่ภายนอก,28000,,official_statutory_assessment_rate_not_market_price
119454,34415,เดอะแพลนเทชั่น,A,83,ภูเก็ต,2,กะทู้,3,กมลา,83000000,สำนักงานที่ดินจังหวัดภูเก็ต,4,False,ห้องชุดพักอาศัย,56000,,official_statutory_assessment_rate_not_market_price
119455,34415,เดอะแพลนเทชั่น,A,83,ภูเก็ต,2,กะทู้,3,กมลา,83000000,สำนักงานที่ดินจังหวัดภูเก็ต,4,False,ระเบียง/พื้นที่ภายนอก,28000,,official_statutory_assessment_rate_not_market_price
119456,34415,เดอะแพลนเทชั่น,A,83,ภูเก็ต,2,กะทู้,3,กมลา,83000000,สำนักงานที่ดินจังหวัดภูเก็ต,5,False,ห้องชุดพักอาศัย,56500,,official_statutory_assessment_rate_not_market_price
119457,34415,เดอะแพลนเทชั่น,A,83,ภูเก็ต,2,กะทู้,3,กมลา,83000000,สำนักงานที่ดินจังหวัดภูเก็ต,5,False,ระเบียง/พื้นที่ภายนอก,28250,,official_statutory_assessment_rate_not_market_price
119458,34415,เดอะแพลนเทชั่น,A,83,ภูเก็ต,2,กะทู้,3,กมลา,83000000,สำนักงานที่ดินจังหวัดภูเก็ต,6,False,ห้องชุดพักอาศัย,56500,,official_statutory_assessment_rate_not_market_price
119459,34415,เดอะแพลนเทชั่น,A,83,ภูเก็ต,2,กะทู้,3,กมลา,83000000,สำนักงานที่ดินจังหวัดภูเก็ต,6,False,ระเบียง/พื้นที่ภายนอก,28250,,official_statutory_assessment_rate_not_market_price
119460,34415,เดอะแพลนเทชั่น,A,83,ภูเก็ต,2,กะทู้,3,กมลา,83000000,สำนักงานที่ดินจังหวัดภูเก็ต,7,False,ห้องชุดพักอาศัย,57000,,official_statutory_assessment_rate_not_market_price
119461,34415,เดอะแพลนเทชั่น,A,83,ภูเก็ต,2,กะทู้,3,กมลา,83000000,สำนักงานที่ดินจังหวัดภูเก็ต,7,False,ระเบียง/พื้นที่ภายนอก,28500,,official_statutory_assessment_rate_not_market_price
119462,34415,เดอะแพลนเทชั่น,A,83,ภูเก็ต,2,กะทู้,3,กมลา,83000000,สำนักงานที่ดินจังหวัดภูเก็ต,8,False,ห้องชุดพักอาศัย,57000,,official_statutory_assessment_rate_not_market_price
119463,34415,เดอะแพลนเทชั่น,A,83,ภูเก็ต,2,กะทู้,3,กมลา,83000000,สำนักงานที่ดินจังหวัดภูเก็ต,8,False,ระเบียง/พื้นที่ภายนอก,28500,,official_statutory_assessment_rate_not_market_price
119464,34415,เดอะแพลนเทชั่น,A,83,ภูเก็ต,2,กะทู้,3,กมลา,83000000,สำนักงานที่ดินจังหวัดภูเก็ต,9,False,ห้องชุดพักอาศัย,57500,,official_statutory_assessment_rate_not_market_price
119465,34415,เดอะแพลนเทชั่น,A,83,ภูเก็ต,2,กะทู้,3,กมลา,83000000,สำนักงานที่ดินจังหวัดภูเก็ต,9,False,ระเบียง/พื้นที่ภายนอก,28750,,official_statutory_assessment_rate_not_market_price
119466,34415,เดอะแพลนเทชั่น,A,83,ภูเก็ต,2,กะทู้,3,กมลา,83000000,สำนักงานที่ดินจังหวัดภูเก็ต,10,False,ห้องชุดพักอาศัย,57500,,official_statutory_assessment_rate_not_market_price
119467,34415,เดอะแพลนเทชั่น,A,83,ภูเก็ต,2,กะทู้,3,กมลา,83000000,สำนักงานที่ดินจังหวัดภูเก็ต,10,False,ระเบียง/พื้นที่ภายนอก,28750,,official_statutory_assessment_rate_not_market_price
119468,34415,เดอะแพลนเทชั่น,A,83,ภูเก็ต,2,กะทู้,3,กมลา,83000000,สำนักงานที่ดินจังหวัดภูเก็ต,11,False,ห้องชุดพักอาศัย,58000,,official_statutory_assessment_rate_not_market_price
119469,34415,เดอะแพลนเทชั่น,A,83,ภูเก็ต,2,กะทู้,3,กมลา,83000000,สำนักงานที่ดินจังหวัดภูเก็ต,11,False,ระเบียง/พื้นที่ภายนอก,29000,,official_statutory_assessment_rate_not_market_price
119470,34415,เดอะแพลนเทชั่น,B,83,ภูเก็ต,2,กะทู้,3,กมลา,83000000,สำนักงานที่ดินจังหวัดภูเก็ต,1,False,ห้องชุดพักอาศัย,55500,,official_statutory_assessment_rate_not_market_price
119471,34415,เดอะแพลนเทชั่น,B,83,ภูเก็ต,2,กะทู้,3,กมลา,83000000,สำนักงานที่ดินจังหวัดภูเก็ต,1,False,ระเบียง/พื้นที่ภายนอก,27750,,official_statutory_assessment_rate_not_market_price
119472,34415,เดอะแพลนเทชั่น,B,83,ภูเก็ต,2,กะทู้,3,กมลา,83000000,สำนักงานที่ดินจังหวัดภูเก็ต,2,False,ห้องชุดพักอาศัย,55500,,official_statutory_assessment_rate_not_market_price
119473,34415,เดอะแพลนเทชั่น,B,83,ภูเก็ต,2,กะทู้,3,กมลา,83000000,สำนักงานที่ดินจังหวัดภูเก็ต,2,False,ระเบียง/พื้นที่ภายนอก,27750,,official_statutory_assessment_rate_not_market_price
119474,34415,เดอะแพลนเทชั่น,B,83,ภูเก็ต,2,กะทู้,3,กมลา,83000000,สำนักงานที่ดินจังหวัดภูเก็ต,3,False,ห้องชุดพักอาศัย,56000,,official_statutory_assessment_rate_not_market_price
119475,34415,เดอะแพลนเทชั่น,B,83,ภูเก็ต,2,กะทู้,3,กมลา,83000000,สำนักงานที่ดินจังหวัดภูเก็ต,3,False,ระเบียง/พื้นที่ภายนอก,28000,,official_statutory_assessment_rate_not_market_price
119476,34415,เดอะแพลนเทชั่น,B,83,ภูเก็ต,2,กะทู้,3,กมลา,83000000,สำนักงานที่ดินจังหวัดภูเก็ต,4,False,ห้องชุดพักอาศัย,56000,,official_statutory_assessment_rate_not_market_price
119477,34415,เดอะแพลนเทชั่น,B,83,ภูเก็ต,2,กะทู้,3,กมลา,83000000,สำนักงานที่ดินจังหวัดภูเก็ต,4,False,ระเบียง/พื้นที่ภายนอก,28000,,official_statutory_assessment_rate_not_market_price
119478,34415,เดอะแพลนเทชั่น,B,83,ภูเก็ต,2,กะทู้,3,กมลา,83000000,สำนักงานที่ดินจังหวัดภูเก็ต,5,False,ห้องชุดพักอาศัย,56500,,official_statutory_assessment_rate_not_market_price
119479,34415,เดอะแพลนเทชั่น,B,83,ภูเก็ต,2,กะทู้,3,กมลา,83000000,สำนักงานที่ดินจังหวัดภูเก็ต,5,False,ระเบียง/พื้นที่ภายนอก,28250,,official_statutory_assessment_rate_not_market_price
119480,34415,เดอะแพลนเทชั่น,B,83,ภูเก็ต,2,กะทู้,3,กมลา,83000000,สำนักงานที่ดินจังหวัดภูเก็ต,6,False,ห้องชุดพักอาศัย,56500,,official_statutory_assessment_rate_not_market_price
119481,34415,เดอะแพลนเทชั่น,B,83,ภูเก็ต,2,กะทู้,3,กมลา,83000000,สำนักงานที่ดินจังหวัดภูเก็ต,6,False,ระเบียง/พื้นที่ภายนอก,28250,,official_statutory_assessment_rate_not_market_price
119482,34415,เดอะแพลนเทชั่น,B,83,ภูเก็ต,2,กะทู้,3,กมลา,83000000,สำนักงานที่ดินจังหวัดภูเก็ต,7,False,ห้องชุดพักอาศัย,57000,,official_statutory_assessment_rate_not_market_price
119483,34415,เดอะแพลนเทชั่น,B,83,ภูเก็ต,2,กะทู้,3,กมลา,83000000,สำนักงานที่ดินจังหวัดภูเก็ต,7,False,ระเบียง/พื้นที่ภายนอก,28500,,official_statutory_assessment_rate_not_market_price
119484,34415,เดอะแพลนเทชั่น,B,83,ภูเก็ต,2,กะทู้,3,กมลา,83000000,สำนักงานที่ดินจังหวัดภูเก็ต,8,False,ห้องชุดพักอาศัย,57000,,official_statutory_assessment_rate_not_market_price
119485,34415,เดอะแพลนเทชั่น,B,83,ภูเก็ต,2,กะทู้,3,กมลา,83000000,สำนักงานที่ดินจังหวัดภูเก็ต,8,False,ระเบียง/พื้นที่ภายนอก,28500,,official_statutory_assessment_rate_not_market_price
119486,34415,เดอะแพลนเทชั่น,B,83,ภูเก็ต,2,กะทู้,3,กมลา,83000000,สำนักงานที่ดินจังหวัดภูเก็ต,9,False,ห้องชุดพักอาศัย,57500,,official_statutory_assessment_rate_not_market_price
119487,34415,เดอะแพลนเทชั่น,B,83,ภูเก็ต,2,กะทู้,3,กมลา,83000000,สำนักงานที่ดินจังหวัดภูเก็ต,9,False,ระเบียง/พื้นที่ภายนอก,28750,,official_statutory_assessment_rate_not_market_price
119488,34415,เดอะแพลนเทชั่น,B,83,ภูเก็ต,2,กะทู้,3,กมลา,83000000,สำนักงานที่ดินจังหวัดภูเก็ต,10,False,ห้องชุดพักอาศัย,57500,,official_statutory_assessment_rate_not_market_price
119489,34415,เดอะแพลนเทชั่น,B,83,ภูเก็ต,2,กะทู้,3,กมลา,83000000,สำนักงานที่ดินจังหวัดภูเก็ต,10,False,ระเบียง/พื้นที่ภายนอก,28750,,official_statutory_assessment_rate_not_market_price
119490,34415,เดอะแพลนเทชั่น,B,83,ภูเก็ต,2,กะทู้,3,กมลา,83000000,สำนักงานที่ดินจังหวัดภูเก็ต,11,False,ห้องชุดพักอาศัย,58000,,official_statutory_assessment_rate_not_market_price
119491,34415,เดอะแพลนเทชั่น,B,83,ภูเก็ต,2,กะทู้,3,กมลา,83000000,สำนักงานที่ดินจังหวัดภูเก็ต,11,False,ระเบียง/พื้นที่ภายนอก,29000,,official_statutory_assessment_rate_not_market_price
119492,34415,เดอะแพลนเทชั่น,B,83,ภูเก็ต,2,กะทู้,3,กมลา,83000000,สำนักงานที่ดินจังหวัดภูเก็ต,12,False,ห้องชุดพักอาศัย,58000,,official_statutory_assessment_rate_not_market_price
119493,34415,เดอะแพลนเทชั่น,B,83,ภูเก็ต,2,กะทู้,3,กมลา,83000000,สำนักงานที่ดินจังหวัดภูเก็ต,12,False,ระเบียง/พื้นที่ภายนอก,29000,,official_statutory_assessment_rate_not_market_price
119494,34415,เดอะแพลนเทชั่น,C,83,ภูเก็ต,2,กะทู้,3,กมลา,83000000,สำนักงานที่ดินจังหวัดภูเก็ต,1,False,ห้องชุดพักอาศัย,57000,,official_statutory_assessment_rate_not_market_price
119495,34415,เดอะแพลนเทชั่น,C,83,ภูเก็ต,2,กะทู้,3,กมลา,83000000,สำนักงานที่ดินจังหวัดภูเก็ต,1,False,ระเบียง/พื้นที่ภายนอก,28500,,official_statutory_assessment_rate_not_market_price
119496,34415,เดอะแพลนเทชั่น,C,83,ภูเก็ต,2,กะทู้,3,กมลา,83000000,สำนักงานที่ดินจังหวัดภูเก็ต,2,False,ห้องชุดพักอาศัย,57000,,official_statutory_assessment_rate_not_market_price
119497,34415,เดอะแพลนเทชั่น,C,83,ภูเก็ต,2,กะทู้,3,กมลา,83000000,สำนักงานที่ดินจังหวัดภูเก็ต,2,False,ระเบียง/พื้นที่ภายนอก,28500,,official_statutory_assessment_rate_not_market_price
119498,34415,เดอะแพลนเทชั่น,C,83,ภูเก็ต,2,กะทู้,3,กมลา,83000000,สำนักงานที่ดินจังหวัดภูเก็ต,3,False,ห้องชุดพักอาศัย,57500,,official_statutory_assessment_rate_not_market_price
119499,34415,เดอะแพลนเทชั่น,C,83,ภูเก็ต,2,กะทู้,3,กมลา,83000000,สำนักงานที่ดินจังหวัดภูเก็ต,3,False,ระเบียง/พื้นที่ภายนอก,28750,,official_statutory_assessment_rate_not_market_price
119500,34415,เดอะแพลนเทชั่น,C,83,ภูเก็ต,2,กะทู้,3,กมลา,83000000,สำนักงานที่ดินจังหวัดภูเก็ต,4,False,ห้องชุดพักอาศัย,57500,,official_statutory_assessment_rate_not_market_price
119501,34415,เดอะแพลนเทชั่น,C,83,ภูเก็ต,2,กะทู้,3,กมลา,83000000,สำนักงานที่ดินจังหวัดภูเก็ต,4,False,ระเบียง/พื้นที่ภายนอก,28750,,official_statutory_assessment_rate_not_market_price
119502,34415,เดอะแพลนเทชั่น,C,83,ภูเก็ต,2,กะทู้,3,กมลา,83000000,สำนักงานที่ดินจังหวัดภูเก็ต,5,False,ห้องชุดพักอาศัย,58000,,official_statutory_assessment_rate_not_market_price
119503,34415,เดอะแพลนเทชั่น,C,83,ภูเก็ต,2,กะทู้,3,กมลา,83000000,สำนักงานที่ดินจังหวัดภูเก็ต,5,False,ระเบียง/พื้นที่ภายนอก,29000,,official_statutory_assessment_rate_not_market_price
119504,34415,เดอะแพลนเทชั่น,C,83,ภูเก็ต,2,กะทู้,3,กมลา,83000000,สำนักงานที่ดินจังหวัดภูเก็ต,6,False,ห้องชุดพักอาศัย,58000,,official_statutory_assessment_rate_not_market_price
119505,34415,เดอะแพลนเทชั่น,C,83,ภูเก็ต,2,กะทู้,3,กมลา,83000000,สำนักงานที่ดินจังหวัดภูเก็ต,6,False,ระเบียง/พื้นที่ภายนอก,29000,,official_statutory_assessment_rate_not_market_price
119506,34415,เดอะแพลนเทชั่น,C,83,ภูเก็ต,2,กะทู้,3,กมลา,83000000,สำนักงานที่ดินจังหวัดภูเก็ต,7,False,ห้องชุดพักอาศัย,58500,,official_statutory_assessment_rate_not_market_price
119507,34415,เดอะแพลนเทชั่น,C,83,ภูเก็ต,2,กะทู้,3,กมลา,83000000,สำนักงานที่ดินจังหวัดภูเก็ต,7,False,ระเบียง/พื้นที่ภายนอก,29250,,official_statutory_assessment_rate_not_market_price
119508,34415,เดอะแพลนเทชั่น,C,83,ภูเก็ต,2,กะทู้,3,กมลา,83000000,สำนักงานที่ดินจังหวัดภูเก็ต,8,False,ห้องชุดพักอาศัย,58500,,official_statutory_assessment_rate_not_market_price
119509,34415,เดอะแพลนเทชั่น,C,83,ภูเก็ต,2,กะทู้,3,กมลา,83000000,สำนักงานที่ดินจังหวัดภูเก็ต,8,False,ระเบียง/พื้นที่ภายนอก,29250,,official_statutory_assessment_rate_not_market_price
119510,34415,เดอะแพลนเทชั่น,D,83,ภูเก็ต,2,กะทู้,3,กมลา,83000000,สำนักงานที่ดินจังหวัดภูเก็ต,1,False,ห้องชุดพักอาศัย,57500,,official_statutory_assessment_rate_not_market_price
119511,34415,เดอะแพลนเทชั่น,D,83,ภูเก็ต,2,กะทู้,3,กมลา,83000000,สำนักงานที่ดินจังหวัดภูเก็ต,1,False,ระเบียง/พื้นที่ภายนอก,28750,,official_statutory_assessment_rate_not_market_price
119512,34415,เดอะแพลนเทชั่น,D,83,ภูเก็ต,2,กะทู้,3,กมลา,83000000,สำนักงานที่ดินจังหวัดภูเก็ต,2,False,ห้องชุดพักอาศัย,58000,,official_statutory_assessment_rate_not_market_price
119513,34415,เดอะแพลนเทชั่น,D,83,ภูเก็ต,2,กะทู้,3,กมลา,83000000,สำนักงานที่ดินจังหวัดภูเก็ต,2,False,ระเบียง/พื้นที่ภายนอก,29000,,official_statutory_assessment_rate_not_market_price
119514,34415,เดอะแพลนเทชั่น,D,83,ภูเก็ต,2,กะทู้,3,กมลา,83000000,สำนักงานที่ดินจังหวัดภูเก็ต,3,False,ห้องชุดพักอาศัย,58500,,official_statutory_assessment_rate_not_market_price
119515,34415,เดอะแพลนเทชั่น,D,83,ภูเก็ต,2,กะทู้,3,กมลา,83000000,สำนักงานที่ดินจังหวัดภูเก็ต,3,False,ระเบียง/พื้นที่ภายนอก,29250,,official_statutory_assessment_rate_not_market_price
119516,34415,เดอะแพลนเทชั่น,D,83,ภูเก็ต,2,กะทู้,3,กมลา,83000000,สำนักงานที่ดินจังหวัดภูเก็ต,4,False,ห้องชุดพักอาศัย,59000,,official_statutory_assessment_rate_not_market_price
119517,34415,เดอะแพลนเทชั่น,D,83,ภูเก็ต,2,กะทู้,3,กมลา,83000000,สำนักงานที่ดินจังหวัดภูเก็ต,4,False,ระเบียง/พื้นที่ภายนอก,29500,,official_statutory_assessment_rate_not_market_price
119518,34415,เดอะแพลนเทชั่น,D,83,ภูเก็ต,2,กะทู้,3,กมลา,83000000,สำนักงานที่ดินจังหวัดภูเก็ต,5,False,ห้องชุดพักอาศัย,59500,,official_statutory_assessment_rate_not_market_price
119519,34415,เดอะแพลนเทชั่น,D,83,ภูเก็ต,2,กะทู้,3,กมลา,83000000,สำนักงานที่ดินจังหวัดภูเก็ต,5,False,ระเบียง/พื้นที่ภายนอก,29750,,official_statutory_assessment_rate_not_market_price
119520,34420,เดอะทรี เรสสิเดนซ์,A,83,ภูเก็ต,2,กะทู้,3,กมลา,83000000,สำนักงานที่ดินจังหวัดภูเก็ต,1,False,ห้องชุดพักอาศัยตากอากาศ,35000,,official_statutory_assessment_rate_not_market_price
119521,34420,เดอะทรี เรสสิเดนซ์,A,83,ภูเก็ต,2,กะทู้,3,กมลา,83000000,สำนักงานที่ดินจังหวัดภูเก็ต,1,False, พื้นที่ระเบียง,17500,,official_statutory_assessment_rate_not_market_price
119522,34420,เดอะทรี เรสสิเดนซ์,A,83,ภูเก็ต,2,กะทู้,3,กมลา,83000000,สำนักงานที่ดินจังหวัดภูเก็ต,1,False,พื้นที่สระว่ายน้ำ,17500,,official_statutory_assessment_rate_not_market_price
119523,34420,เดอะทรี เรสสิเดนซ์,A,83,ภูเก็ต,2,กะทู้,3,กมลา,83000000,สำนักงานที่ดินจังหวัดภูเก็ต,2,False,ห้องชุดพักอาศัยตากอากาศ,34500,,official_statutory_assessment_rate_not_market_price
119524,34420,เดอะทรี เรสสิเดนซ์,A,83,ภูเก็ต,2,กะทู้,3,กมลา,83000000,สำนักงานที่ดินจังหวัดภูเก็ต,2,False, พื้นที่ระเบียง,17250,,official_statutory_assessment_rate_not_market_price
119525,34420,เดอะทรี เรสสิเดนซ์,A,83,ภูเก็ต,2,กะทู้,3,กมลา,83000000,สำนักงานที่ดินจังหวัดภูเก็ต,3,False,ห้องชุดพักอาศัยตากอากาศ,34000,,official_statutory_assessment_rate_not_market_price
119526,34420,เดอะทรี เรสสิเดนซ์,A,83,ภูเก็ต,2,กะทู้,3,กมลา,83000000,สำนักงานที่ดินจังหวัดภูเก็ต,3,False, พื้นที่ระเบียง,17000,,official_statutory_assessment_rate_not_market_price
119527,34420,เดอะทรี เรสสิเดนซ์,B,83,ภูเก็ต,2,กะทู้,3,กมลา,83000000,สำนักงานที่ดินจังหวัดภูเก็ต,1,False,ห้องชุดพักอาศัยตากอากาศ,35000,,official_statutory_assessment_rate_not_market_price
119528,34420,เดอะทรี เรสสิเดนซ์,B,83,ภูเก็ต,2,กะทู้,3,กมลา,83000000,สำนักงานที่ดินจังหวัดภูเก็ต,1,False, พื้นที่ระเบียง,17500,,official_statutory_assessment_rate_not_market_price
119529,34420,เดอะทรี เรสสิเดนซ์,B,83,ภูเก็ต,2,กะทู้,3,กมลา,83000000,สำนักงานที่ดินจังหวัดภูเก็ต,2,False,ห้องชุดพักอาศัยตากอากาศ,34500,,official_statutory_assessment_rate_not_market_price
119530,34420,เดอะทรี เรสสิเดนซ์,B,83,ภูเก็ต,2,กะทู้,3,กมลา,83000000,สำนักงานที่ดินจังหวัดภูเก็ต,2,False, พื้นที่ระเบียง,17250,,official_statutory_assessment_rate_not_market_price
119531,34420,เดอะทรี เรสสิเดนซ์,B,83,ภูเก็ต,2,กะทู้,3,กมลา,83000000,สำนักงานที่ดินจังหวัดภูเก็ต,3,False,ห้องชุดพักอาศัยตากอากาศ,34000,,official_statutory_assessment_rate_not_market_price
119532,34420,เดอะทรี เรสสิเดนซ์,B,83,ภูเก็ต,2,กะทู้,3,กมลา,83000000,สำนักงานที่ดินจังหวัดภูเก็ต,3,False, พื้นที่ระเบียง,17000,,official_statutory_assessment_rate_not_market_price
119533,34420,เดอะทรี เรสสิเดนซ์,B,83,ภูเก็ต,2,กะทู้,3,กมลา,83000000,สำนักงานที่ดินจังหวัดภูเก็ต,4,False,ห้องชุดพักอาศัยตากอากาศ,33500,,official_statutory_assessment_rate_not_market_price
119534,34420,เดอะทรี เรสสิเดนซ์,B,83,ภูเก็ต,2,กะทู้,3,กมลา,83000000,สำนักงานที่ดินจังหวัดภูเก็ต,4,False, พื้นที่ระเบียง,16750,,official_statutory_assessment_rate_not_market_price
119535,34420,เดอะทรี เรสสิเดนซ์,C,83,ภูเก็ต,2,กะทู้,3,กมลา,83000000,สำนักงานที่ดินจังหวัดภูเก็ต,1,False,ห้องชุดพักอาศัยตากอากาศ,35000,,official_statutory_assessment_rate_not_market_price
119536,34420,เดอะทรี เรสสิเดนซ์,C,83,ภูเก็ต,2,กะทู้,3,กมลา,83000000,สำนักงานที่ดินจังหวัดภูเก็ต,1,False, พื้นที่ระเบียง,17500,,official_statutory_assessment_rate_not_market_price
119537,34420,เดอะทรี เรสสิเดนซ์,C,83,ภูเก็ต,2,กะทู้,3,กมลา,83000000,สำนักงานที่ดินจังหวัดภูเก็ต,2,False,ห้องชุดพักอาศัยตากอากาศ,34500,,official_statutory_assessment_rate_not_market_price
119538,34420,เดอะทรี เรสสิเดนซ์,C,83,ภูเก็ต,2,กะทู้,3,กมลา,83000000,สำนักงานที่ดินจังหวัดภูเก็ต,2,False, พื้นที่ระเบียง,17250,,official_statutory_assessment_rate_not_market_price
119539,34420,เดอะทรี เรสสิเดนซ์,C,83,ภูเก็ต,2,กะทู้,3,กมลา,83000000,สำนักงานที่ดินจังหวัดภูเก็ต,3,False,ห้องชุดพักอาศัยตากอากาศ,34000,,official_statutory_assessment_rate_not_market_price
119540,34420,เดอะทรี เรสสิเดนซ์,C,83,ภูเก็ต,2,กะทู้,3,กมลา,83000000,สำนักงานที่ดินจังหวัดภูเก็ต,3,False, พื้นที่ระเบียง,17000,,official_statutory_assessment_rate_not_market_price
119541,34420,เดอะทรี เรสสิเดนซ์,C,83,ภูเก็ต,2,กะทู้,3,กมลา,83000000,สำนักงานที่ดินจังหวัดภูเก็ต,4,False,ห้องชุดพักอาศัยตากอากาศ,33500,,official_statutory_assessment_rate_not_market_price
119542,34420,เดอะทรี เรสสิเดนซ์,C,83,ภูเก็ต,2,กะทู้,3,กมลา,83000000,สำนักงานที่ดินจังหวัดภูเก็ต,4,False, พื้นที่ระเบียง,16750,,official_statutory_assessment_rate_not_market_price
119543,34420,เดอะทรี เรสสิเดนซ์,D,83,ภูเก็ต,2,กะทู้,3,กมลา,83000000,สำนักงานที่ดินจังหวัดภูเก็ต,2,False,ห้องชุดพักอาศัยตากอากาศ,34500,,official_statutory_assessment_rate_not_market_price
119544,34420,เดอะทรี เรสสิเดนซ์,D,83,ภูเก็ต,2,กะทู้,3,กมลา,83000000,สำนักงานที่ดินจังหวัดภูเก็ต,2,False, พื้นที่ระเบียง,17250,,official_statutory_assessment_rate_not_market_price
119545,34420,เดอะทรี เรสสิเดนซ์,D,83,ภูเก็ต,2,กะทู้,3,กมลา,83000000,สำนักงานที่ดินจังหวัดภูเก็ต,3,False,ห้องชุดพักอาศัยตากอากาศ,34000,,official_statutory_assessment_rate_not_market_price
119546,34420,เดอะทรี เรสสิเดนซ์,D,83,ภูเก็ต,2,กะทู้,3,กมลา,83000000,สำนักงานที่ดินจังหวัดภูเก็ต,3,False, พื้นที่ระเบียง,17000,,official_statutory_assessment_rate_not_market_price
119547,34420,เดอะทรี เรสสิเดนซ์,D,83,ภูเก็ต,2,กะทู้,3,กมลา,83000000,สำนักงานที่ดินจังหวัดภูเก็ต,"1,2",False,พักอาศัยตากอากาศแบบดูเพล็กซ์,36000,,official_statutory_assessment_rate_not_market_price
119548,34420,เดอะทรี เรสสิเดนซ์,D,83,ภูเก็ต,2,กะทู้,3,กมลา,83000000,สำนักงานที่ดินจังหวัดภูเก็ต,"1,2",False, พื้นที่ระเบียง,18000,,official_statutory_assessment_rate_not_market_price
119549,34420,เดอะทรี เรสสิเดนซ์,E,83,ภูเก็ต,2,กะทู้,3,กมลา,83000000,สำนักงานที่ดินจังหวัดภูเก็ต,2,False,ห้องชุดพักอาศัยตากอากาศ,34500,,official_statutory_assessment_rate_not_market_price
119550,34420,เดอะทรี เรสสิเดนซ์,E,83,ภูเก็ต,2,กะทู้,3,กมลา,83000000,สำนักงานที่ดินจังหวัดภูเก็ต,2,False, พื้นที่ระเบียง,17250,,official_statutory_assessment_rate_not_market_price
119551,34420,เดอะทรี เรสสิเดนซ์,E,83,ภูเก็ต,2,กะทู้,3,กมลา,83000000,สำนักงานที่ดินจังหวัดภูเก็ต,3,False,ห้องชุดพักอาศัยตากอากาศ,34000,,official_statutory_assessment_rate_not_market_price
119552,34420,เดอะทรี เรสสิเดนซ์,E,83,ภูเก็ต,2,กะทู้,3,กมลา,83000000,สำนักงานที่ดินจังหวัดภูเก็ต,3,False, พื้นที่ระเบียง,17000,,official_statutory_assessment_rate_not_market_price
119553,34420,เดอะทรี เรสสิเดนซ์,E,83,ภูเก็ต,2,กะทู้,3,กมลา,83000000,สำนักงานที่ดินจังหวัดภูเก็ต,"1,2",False,พักอาศัยตากอากาศแบบดูเพล็กซ์,36000,,official_statutory_assessment_rate_not_market_price
119554,34420,เดอะทรี เรสสิเดนซ์,E,83,ภูเก็ต,2,กะทู้,3,กมลา,83000000,สำนักงานที่ดินจังหวัดภูเก็ต,"1,2",False, พื้นที่ระเบียง,18000,,official_statutory_assessment_rate_not_market_price
119555,34420,เดอะทรี เรสสิเดนซ์,G,83,ภูเก็ต,2,กะทู้,3,กมลา,83000000,สำนักงานที่ดินจังหวัดภูเก็ต,2,False,ห้องชุดพักอาศัยตากอากาศ,34500,,official_statutory_assessment_rate_not_market_price
119556,34420,เดอะทรี เรสสิเดนซ์,G,83,ภูเก็ต,2,กะทู้,3,กมลา,83000000,สำนักงานที่ดินจังหวัดภูเก็ต,2,False, พื้นที่ระเบียง,17250,,official_statutory_assessment_rate_not_market_price
119557,34420,เดอะทรี เรสสิเดนซ์,G,83,ภูเก็ต,2,กะทู้,3,กมลา,83000000,สำนักงานที่ดินจังหวัดภูเก็ต,3,False,ห้องชุดพักอาศัยตากอากาศ,34000,,official_statutory_assessment_rate_not_market_price
119558,34420,เดอะทรี เรสสิเดนซ์,G,83,ภูเก็ต,2,กะทู้,3,กมลา,83000000,สำนักงานที่ดินจังหวัดภูเก็ต,3,False, พื้นที่ระเบียง,17000,,official_statutory_assessment_rate_not_market_price
119559,34420,เดอะทรี เรสสิเดนซ์,G,83,ภูเก็ต,2,กะทู้,3,กมลา,83000000,สำนักงานที่ดินจังหวัดภูเก็ต,"1,2",False,พักอาศัยตากอากาศแบบดูเพล็กซ์,36000,,official_statutory_assessment_rate_not_market_price
119560,34420,เดอะทรี เรสสิเดนซ์,G,83,ภูเก็ต,2,กะทู้,3,กมลา,83000000,สำนักงานที่ดินจังหวัดภูเก็ต,"1,2",False, พื้นที่ระเบียง,18000,,official_statutory_assessment_rate_not_market_price
119561,34420,เดอะทรี เรสสิเดนซ์,H,83,ภูเก็ต,2,กะทู้,3,กมลา,83000000,สำนักงานที่ดินจังหวัดภูเก็ต,1,False,ห้องชุดพักอาศัยตากอากาศ,35000,,official_statutory_assessment_rate_not_market_price
119562,34420,เดอะทรี เรสสิเดนซ์,H,83,ภูเก็ต,2,กะทู้,3,กมลา,83000000,สำนักงานที่ดินจังหวัดภูเก็ต,1,False, พื้นที่ระเบียง,17500,,official_statutory_assessment_rate_not_market_price
119563,34420,เดอะทรี เรสสิเดนซ์,H,83,ภูเก็ต,2,กะทู้,3,กมลา,83000000,สำนักงานที่ดินจังหวัดภูเก็ต,2,False,ห้องชุดพักอาศัยตากอากาศ,34500,,official_statutory_assessment_rate_not_market_price
119564,34420,เดอะทรี เรสสิเดนซ์,H,83,ภูเก็ต,2,กะทู้,3,กมลา,83000000,สำนักงานที่ดินจังหวัดภูเก็ต,2,False, พื้นที่ระเบียง,17250,,official_statutory_assessment_rate_not_market_price
119565,34420,เดอะทรี เรสสิเดนซ์,H,83,ภูเก็ต,2,กะทู้,3,กมลา,83000000,สำนักงานที่ดินจังหวัดภูเก็ต,3,False,ห้องชุดพักอาศัยตากอากาศ,34000,,official_statutory_assessment_rate_not_market_price
119566,34420,เดอะทรี เรสสิเดนซ์,H,83,ภูเก็ต,2,กะทู้,3,กมลา,83000000,สำนักงานที่ดินจังหวัดภูเก็ต,3,False, พื้นที่ระเบียง,17000,,official_statutory_assessment_rate_not_market_price
119567,34420,เดอะทรี เรสสิเดนซ์,H,83,ภูเก็ต,2,กะทู้,3,กมลา,83000000,สำนักงานที่ดินจังหวัดภูเก็ต,4,False,ห้องชุดพักอาศัยตากอากาศ,33500,,official_statutory_assessment_rate_not_market_price
119568,34420,เดอะทรี เรสสิเดนซ์,H,83,ภูเก็ต,2,กะทู้,3,กมลา,83000000,สำนักงานที่ดินจังหวัดภูเก็ต,4,False, พื้นที่ระเบียง,16750,,official_statutory_assessment_rate_not_market_price
119569,34420,เดอะทรี เรสสิเดนซ์,I,83,ภูเก็ต,2,กะทู้,3,กมลา,83000000,สำนักงานที่ดินจังหวัดภูเก็ต,1,False,ห้องชุดพักอาศัยตากอากาศ,35000,,official_statutory_assessment_rate_not_market_price
119570,34420,เดอะทรี เรสสิเดนซ์,I,83,ภูเก็ต,2,กะทู้,3,กมลา,83000000,สำนักงานที่ดินจังหวัดภูเก็ต,1,False,พื้นที่ระเบียง/สระว่ายน้ำ,17500,,official_statutory_assessment_rate_not_market_price
119571,34485,ซิตี้เกท,Bangkok,83,ภูเก็ต,2,กะทู้,3,กมลา,83000000,สำนักงานที่ดินจังหวัดภูเก็ต,1,False,ห้องชุดพักอาศัยตากอากาศ/พื้นทีระเบียง,69900,,official_statutory_assessment_rate_not_market_price
119572,34485,ซิตี้เกท,Bangkok,83,ภูเก็ต,2,กะทู้,3,กมลา,83000000,สำนักงานที่ดินจังหวัดภูเก็ต,2,False,ห้องชุดพักอาศัยตากอากาศ/พื้นทีระเบียง,70800,,official_statutory_assessment_rate_not_market_price
119573,34485,ซิตี้เกท,Bangkok,83,ภูเก็ต,2,กะทู้,3,กมลา,83000000,สำนักงานที่ดินจังหวัดภูเก็ต,3,False,ห้องชุดพักอาศัยตากอากาศ/พื้นทีระเบียง,72000,,official_statutory_assessment_rate_not_market_price
119574,34485,ซิตี้เกท,Bangkok,83,ภูเก็ต,2,กะทู้,3,กมลา,83000000,สำนักงานที่ดินจังหวัดภูเก็ต,4,False,ห้องชุดพักอาศัยตากอากาศ/พื้นทีระเบียง,73400,,official_statutory_assessment_rate_not_market_price
119575,34485,ซิตี้เกท,Bangkok,83,ภูเก็ต,2,กะทู้,3,กมลา,83000000,สำนักงานที่ดินจังหวัดภูเก็ต,5,False,ห้องชุดพักอาศัยตากอากาศ/พื้นทีระเบียง,75000,,official_statutory_assessment_rate_not_market_price
119576,34485,ซิตี้เกท,Bangkok,83,ภูเก็ต,2,กะทู้,3,กมลา,83000000,สำนักงานที่ดินจังหวัดภูเก็ต,6,False,ห้องชุดพักอาศัยตากอากาศ/พื้นทีระเบียง,76600,,official_statutory_assessment_rate_not_market_price
119577,34485,ซิตี้เกท,Bangkok,83,ภูเก็ต,2,กะทู้,3,กมลา,83000000,สำนักงานที่ดินจังหวัดภูเก็ต,7,False,ห้องชุดพักอาศัยตากอากาศ/พื้นทีระเบียง,78300,,official_statutory_assessment_rate_not_market_price
119578,34485,ซิตี้เกท,Bangkok,83,ภูเก็ต,2,กะทู้,3,กมลา,83000000,สำนักงานที่ดินจังหวัดภูเก็ต,8,False,ห้องชุดพักอาศัยตากอากาศ/พื้นทีระเบียง,80100,,official_statutory_assessment_rate_not_market_price
119579,34485,ซิตี้เกท,Dubai,83,ภูเก็ต,2,กะทู้,3,กมลา,83000000,สำนักงานที่ดินจังหวัดภูเก็ต,1,False,ห้องชุดพักอาศัยตากอากาศ/พื้นทีระเบียง,69900,,official_statutory_assessment_rate_not_market_price
119580,34485,ซิตี้เกท,Dubai,83,ภูเก็ต,2,กะทู้,3,กมลา,83000000,สำนักงานที่ดินจังหวัดภูเก็ต,2,False,ห้องชุดพักอาศัยตากอากาศ/พื้นทีระเบียง,70800,,official_statutory_assessment_rate_not_market_price
119581,34485,ซิตี้เกท,Dubai,83,ภูเก็ต,2,กะทู้,3,กมลา,83000000,สำนักงานที่ดินจังหวัดภูเก็ต,3,False,ห้องชุดพักอาศัยตากอากาศ/พื้นทีระเบียง,72000,,official_statutory_assessment_rate_not_market_price
119582,34485,ซิตี้เกท,Dubai,83,ภูเก็ต,2,กะทู้,3,กมลา,83000000,สำนักงานที่ดินจังหวัดภูเก็ต,4,False,ห้องชุดพักอาศัยตากอากาศ/พื้นทีระเบียง,73400,,official_statutory_assessment_rate_not_market_price
119583,34485,ซิตี้เกท,Dubai,83,ภูเก็ต,2,กะทู้,3,กมลา,83000000,สำนักงานที่ดินจังหวัดภูเก็ต,5,False,ห้องชุดพักอาศัยตากอากาศ/พื้นทีระเบียง,75000,,official_statutory_assessment_rate_not_market_price
119584,34485,ซิตี้เกท,Dubai,83,ภูเก็ต,2,กะทู้,3,กมลา,83000000,สำนักงานที่ดินจังหวัดภูเก็ต,6,False,ห้องชุดพักอาศัยตากอากาศ/พื้นทีระเบียง,76600,,official_statutory_assessment_rate_not_market_price
119585,34485,ซิตี้เกท,Dubai,83,ภูเก็ต,2,กะทู้,3,กมลา,83000000,สำนักงานที่ดินจังหวัดภูเก็ต,7,False,ห้องชุดพักอาศัยตากอากาศ/พื้นทีระเบียง,78300,,official_statutory_assessment_rate_not_market_price
119586,34485,ซิตี้เกท,Dubai,83,ภูเก็ต,2,กะทู้,3,กมลา,83000000,สำนักงานที่ดินจังหวัดภูเก็ต,8,False,ห้องชุดพักอาศัยตากอากาศ/พื้นทีระเบียง,80100,,official_statutory_assessment_rate_not_market_price
119587,34485,ซิตี้เกท,London,83,ภูเก็ต,2,กะทู้,3,กมลา,83000000,สำนักงานที่ดินจังหวัดภูเก็ต,1,False,ห้องชุดพักอาศัยตากอากาศ/พื้นทีระเบียง,69900,,official_statutory_assessment_rate_not_market_price
119588,34485,ซิตี้เกท,London,83,ภูเก็ต,2,กะทู้,3,กมลา,83000000,สำนักงานที่ดินจังหวัดภูเก็ต,2,False,ห้องชุดพักอาศัยตากอากาศ/พื้นทีระเบียง,70800,,official_statutory_assessment_rate_not_market_price
119589,34485,ซิตี้เกท,London,83,ภูเก็ต,2,กะทู้,3,กมลา,83000000,สำนักงานที่ดินจังหวัดภูเก็ต,3,False,ห้องชุดพักอาศัยตากอากาศ/พื้นทีระเบียง,72000,,official_statutory_assessment_rate_not_market_price
119590,34485,ซิตี้เกท,London,83,ภูเก็ต,2,กะทู้,3,กมลา,83000000,สำนักงานที่ดินจังหวัดภูเก็ต,4,False,ห้องชุดพักอาศัยตากอากาศ/พื้นทีระเบียง,73400,,official_statutory_assessment_rate_not_market_price
119591,34485,ซิตี้เกท,London,83,ภูเก็ต,2,กะทู้,3,กมลา,83000000,สำนักงานที่ดินจังหวัดภูเก็ต,5,False,ห้องชุดพักอาศัยตากอากาศ/พื้นทีระเบียง,75000,,official_statutory_assessment_rate_not_market_price
119592,34485,ซิตี้เกท,London,83,ภูเก็ต,2,กะทู้,3,กมลา,83000000,สำนักงานที่ดินจังหวัดภูเก็ต,6,False,ห้องชุดพักอาศัยตากอากาศ/พื้นทีระเบียง,76600,,official_statutory_assessment_rate_not_market_price
119593,34485,ซิตี้เกท,London,83,ภูเก็ต,2,กะทู้,3,กมลา,83000000,สำนักงานที่ดินจังหวัดภูเก็ต,7,False,ห้องชุดพักอาศัยตากอากาศ/พื้นทีระเบียง,78300,,official_statutory_assessment_rate_not_market_price
119594,34485,ซิตี้เกท,London,83,ภูเก็ต,2,กะทู้,3,กมลา,83000000,สำนักงานที่ดินจังหวัดภูเก็ต,8,False,ห้องชุดพักอาศัยตากอากาศ/พื้นทีระเบียง,80100,,official_statutory_assessment_rate_not_market_price
119595,34485,ซิตี้เกท,Newyork,83,ภูเก็ต,2,กะทู้,3,กมลา,83000000,สำนักงานที่ดินจังหวัดภูเก็ต,1,False,ห้องชุดพักอาศัยตากอากาศ/พื้นทีระเบียง,69900,,official_statutory_assessment_rate_not_market_price
119596,34485,ซิตี้เกท,Newyork,83,ภูเก็ต,2,กะทู้,3,กมลา,83000000,สำนักงานที่ดินจังหวัดภูเก็ต,2,False,ห้องชุดพักอาศัยตากอากาศ/พื้นทีระเบียง,70800,,official_statutory_assessment_rate_not_market_price
119597,34485,ซิตี้เกท,Newyork,83,ภูเก็ต,2,กะทู้,3,กมลา,83000000,สำนักงานที่ดินจังหวัดภูเก็ต,3,False,ห้องชุดพักอาศัยตากอากาศ/พื้นทีระเบียง,72000,,official_statutory_assessment_rate_not_market_price
119598,34485,ซิตี้เกท,Newyork,83,ภูเก็ต,2,กะทู้,3,กมลา,83000000,สำนักงานที่ดินจังหวัดภูเก็ต,4,False,ห้องชุดพักอาศัยตากอากาศ/พื้นทีระเบียง,73400,,official_statutory_assessment_rate_not_market_price
119599,34485,ซิตี้เกท,Newyork,83,ภูเก็ต,2,กะทู้,3,กมลา,83000000,สำนักงานที่ดินจังหวัดภูเก็ต,5,False,ห้องชุดพักอาศัยตากอากาศ/พื้นทีระเบียง,75000,,official_statutory_assessment_rate_not_market_price
119600,34485,ซิตี้เกท,Newyork,83,ภูเก็ต,2,กะทู้,3,กมลา,83000000,สำนักงานที่ดินจังหวัดภูเก็ต,6,False,ห้องชุดพักอาศัยตากอากาศ/พื้นทีระเบียง,76600,,official_statutory_assessment_rate_not_market_price
119601,34485,ซิตี้เกท,Newyork,83,ภูเก็ต,2,กะทู้,3,กมลา,83000000,สำนักงานที่ดินจังหวัดภูเก็ต,7,False,ห้องชุดพักอาศัยตากอากาศ/พื้นทีระเบียง,78300,,official_statutory_assessment_rate_not_market_price
119602,34485,ซิตี้เกท,Paris,83,ภูเก็ต,2,กะทู้,3,กมลา,83000000,สำนักงานที่ดินจังหวัดภูเก็ต,1,False,ห้องชุดพักอาศัยตากอากาศ/พื้นทีระเบียง,69900,,official_statutory_assessment_rate_not_market_price
119603,34485,ซิตี้เกท,Paris,83,ภูเก็ต,2,กะทู้,3,กมลา,83000000,สำนักงานที่ดินจังหวัดภูเก็ต,2,False,ห้องชุดพักอาศัยตากอากาศ/พื้นทีระเบียง,70800,,official_statutory_assessment_rate_not_market_price
119604,34485,ซิตี้เกท,Paris,83,ภูเก็ต,2,กะทู้,3,กมลา,83000000,สำนักงานที่ดินจังหวัดภูเก็ต,3,False,ห้องชุดพักอาศัยตากอากาศ/พื้นทีระเบียง,72000,,official_statutory_assessment_rate_not_market_price
119605,34485,ซิตี้เกท,Paris,83,ภูเก็ต,2,กะทู้,3,กมลา,83000000,สำนักงานที่ดินจังหวัดภูเก็ต,4,False,ห้องชุดพักอาศัยตากอากาศ/พื้นทีระเบียง,73400,,official_statutory_assessment_rate_not_market_price
119606,34485,ซิตี้เกท,Paris,83,ภูเก็ต,2,กะทู้,3,กมลา,83000000,สำนักงานที่ดินจังหวัดภูเก็ต,5,False,ห้องชุดพักอาศัยตากอากาศ/พื้นทีระเบียง,75000,,official_statutory_assessment_rate_not_market_price
119607,34485,ซิตี้เกท,Paris,83,ภูเก็ต,2,กะทู้,3,กมลา,83000000,สำนักงานที่ดินจังหวัดภูเก็ต,6,False,ห้องชุดพักอาศัยตากอากาศ/พื้นทีระเบียง,76600,,official_statutory_assessment_rate_not_market_price
119608,34485,ซิตี้เกท,Paris,83,ภูเก็ต,2,กะทู้,3,กมลา,83000000,สำนักงานที่ดินจังหวัดภูเก็ต,7,False,ห้องชุดพักอาศัยตากอากาศ/พื้นทีระเบียง,78300,,official_statutory_assessment_rate_not_market_price
119609,34485,ซิตี้เกท,Paris,83,ภูเก็ต,2,กะทู้,3,กมลา,83000000,สำนักงานที่ดินจังหวัดภูเก็ต,8,False,ห้องชุดพักอาศัยตากอากาศ/พื้นทีระเบียง,80100,,official_statutory_assessment_rate_not_market_price
119610,34485,ซิตี้เกท,Shop,83,ภูเก็ต,2,กะทู้,3,กมลา,83000000,สำนักงานที่ดินจังหวัดภูเก็ต,1,False,ห้องชุดเพื่อประกอบการค้า(ห้องชุดพาณิชยกรรม)/พื้นที่ระเบียง,83900,,official_statutory_assessment_rate_not_market_price
119611,34485,ซิตี้เกท,Shop,83,ภูเก็ต,2,กะทู้,3,กมลา,83000000,สำนักงานที่ดินจังหวัดภูเก็ต,2,False,ห้องชุดเพื่อประกอบการค้า(ห้องชุดพาณิชยกรรม)/พื้นที่ระเบียง,83400,,official_statutory_assessment_rate_not_market_price
119612,34485,ซิตี้เกท,Shop,83,ภูเก็ต,2,กะทู้,3,กมลา,83000000,สำนักงานที่ดินจังหวัดภูเก็ต,3,False,ห้องชุดเพื่อประกอบการค้า(ห้องชุดพาณิชยกรรม)/พื้นที่ระเบียง,82900,,official_statutory_assessment_rate_not_market_price
119613,34545,รอแยล กมลา ภูเก็ต,-,83,ภูเก็ต,2,กะทู้,3,กมลา,83000000,สำนักงานที่ดินจังหวัดภูเก็ต,1,False,ห้องชุดพักอาศัยตากอากาศ,43000,,official_statutory_assessment_rate_not_market_price
119614,34545,รอแยล กมลา ภูเก็ต,-,83,ภูเก็ต,2,กะทู้,3,กมลา,83000000,สำนักงานที่ดินจังหวัดภูเก็ต,1,False,ระเบียง,21500,,official_statutory_assessment_rate_not_market_price
119615,34545,รอแยล กมลา ภูเก็ต,-,83,ภูเก็ต,2,กะทู้,3,กมลา,83000000,สำนักงานที่ดินจังหวัดภูเก็ต,2,False,ห้องชุดพักอาศัยตากอากาศ,43000,,official_statutory_assessment_rate_not_market_price
119616,34545,รอแยล กมลา ภูเก็ต,-,83,ภูเก็ต,2,กะทู้,3,กมลา,83000000,สำนักงานที่ดินจังหวัดภูเก็ต,2,False,ระเบียง,21500,,official_statutory_assessment_rate_not_market_price
119617,34545,รอแยล กมลา ภูเก็ต,-,83,ภูเก็ต,2,กะทู้,3,กมลา,83000000,สำนักงานที่ดินจังหวัดภูเก็ต,3,False,ห้องชุดพักอาศัยตากอากาศ,43500,,official_statutory_assessment_rate_not_market_price
119618,34545,รอแยล กมลา ภูเก็ต,-,83,ภูเก็ต,2,กะทู้,3,กมลา,83000000,สำนักงานที่ดินจังหวัดภูเก็ต,3,False,ระเบียง,21750,,official_statutory_assessment_rate_not_market_price
119619,34545,รอแยล กมลา ภูเก็ต,-,83,ภูเก็ต,2,กะทู้,3,กมลา,83000000,สำนักงานที่ดินจังหวัดภูเก็ต,4,False,ห้องชุดพักอาศัยตากอากาศ,43500,,official_statutory_assessment_rate_not_market_price
119620,34545,รอแยล กมลา ภูเก็ต,-,83,ภูเก็ต,2,กะทู้,3,กมลา,83000000,สำนักงานที่ดินจังหวัดภูเก็ต,4,False,ระเบียง,21750,,official_statutory_assessment_rate_not_market_price
119621,34545,รอแยล กมลา ภูเก็ต,-,83,ภูเก็ต,2,กะทู้,3,กมลา,83000000,สำนักงานที่ดินจังหวัดภูเก็ต,"5,6",False,พักอาศัยตากอากาศเพ้นท์เฮ้าส์,45000,,official_statutory_assessment_rate_not_market_price
119622,34545,รอแยล กมลา ภูเก็ต,-,83,ภูเก็ต,2,กะทู้,3,กมลา,83000000,สำนักงานที่ดินจังหวัดภูเก็ต,"5,6",False,ระเบียง/สระว่ายน้ำ,22500,,official_statutory_assessment_rate_not_market_price
119623,34546,รอแยล กมลา ภูเก็ต 2,-,83,ภูเก็ต,2,กะทู้,3,กมลา,83000000,สำนักงานที่ดินจังหวัดภูเก็ต,1-ก.พ.,True,ห้องชุดพักอาศัยตากอากาศ,53500,,official_statutory_assessment_rate_not_market_price
119624,34546,รอแยล กมลา ภูเก็ต 2,-,83,ภูเก็ต,2,กะทู้,3,กมลา,83000000,สำนักงานที่ดินจังหวัดภูเก็ต,1-ก.พ.,True,พื้นที่ระเบียง,26750,,official_statutory_assessment_rate_not_market_price
119625,34546,รอแยล กมลา ภูเก็ต 2,-,83,ภูเก็ต,2,กะทู้,3,กมลา,83000000,สำนักงานที่ดินจังหวัดภูเก็ต,3-เม.ย.,True,ห้องชุดพักอาศัยตากอากาศ,54000,,official_statutory_assessment_rate_not_market_price
119626,34546,รอแยล กมลา ภูเก็ต 2,-,83,ภูเก็ต,2,กะทู้,3,กมลา,83000000,สำนักงานที่ดินจังหวัดภูเก็ต,3-เม.ย.,True,พื้นที่ระเบียง,27000,,official_statutory_assessment_rate_not_market_price
119627,34546,รอแยล กมลา ภูเก็ต 2,-,83,ภูเก็ต,2,กะทู้,3,กมลา,83000000,สำนักงานที่ดินจังหวัดภูเก็ต,"5,6",False,พื้นที่ระเบียง,27750,,official_statutory_assessment_rate_not_market_price
119628,34546,รอแยล กมลา ภูเก็ต 2,-,83,ภูเก็ต,2,กะทู้,3,กมลา,83000000,สำนักงานที่ดินจังหวัดภูเก็ต,"5,6",False,พักอาศัยตากอากาศ2ชั้นควบ,55500,,official_statutory_assessment_rate_not_market_price
119629,34521,พริสร,2บี-เอฟ,83,ภูเก็ต,2,กะทู้,3,กมลา,83000000,สำนักงานที่ดินจังหวัดภูเก็ต,2,False,พื้นที่ระเบียง,103500,,official_statutory_assessment_rate_not_market_price
119630,34521,พริสร,2บี-เอฟ,83,ภูเก็ต,2,กะทู้,3,กมลา,83000000,สำนักงานที่ดินจังหวัดภูเก็ต,2,False,พื้นที่สระว่ายน้ำ,103500,,official_statutory_assessment_rate_not_market_price
119631,34521,พริสร,2บี-จี,83,ภูเก็ต,2,กะทู้,3,กมลา,83000000,สำนักงานที่ดินจังหวัดภูเก็ต,1,False,ห้องชุดพักอาศัยตากอากาศ,103000,,official_statutory_assessment_rate_not_market_price
119632,34521,พริสร,2บี-จี,83,ภูเก็ต,2,กะทู้,3,กมลา,83000000,สำนักงานที่ดินจังหวัดภูเก็ต,1,False,พื้นที่ระเบียง,103000,,official_statutory_assessment_rate_not_market_price
119633,34521,พริสร,2บี-จี,83,ภูเก็ต,2,กะทู้,3,กมลา,83000000,สำนักงานที่ดินจังหวัดภูเก็ต,1,False,พื้นที่สระว่ายน้ำ,103000,,official_statutory_assessment_rate_not_market_price
119634,34521,พริสร,2บี-จี,83,ภูเก็ต,2,กะทู้,3,กมลา,83000000,สำนักงานที่ดินจังหวัดภูเก็ต,2,False,ห้องชุดพักอาศัยตากอากาศ,103500,,official_statutory_assessment_rate_not_market_price
119635,34521,พริสร,2บี-จี,83,ภูเก็ต,2,กะทู้,3,กมลา,83000000,สำนักงานที่ดินจังหวัดภูเก็ต,2,False,พื้นที่ระเบียง,103500,,official_statutory_assessment_rate_not_market_price
119636,34521,พริสร,2บี-จี,83,ภูเก็ต,2,กะทู้,3,กมลา,83000000,สำนักงานที่ดินจังหวัดภูเก็ต,2,False,พื้นที่สระว่ายน้ำ,103500,,official_statutory_assessment_rate_not_market_price
119637,34521,พริสร,2บี-อี,83,ภูเก็ต,2,กะทู้,3,กมลา,83000000,สำนักงานที่ดินจังหวัดภูเก็ต,1,False,ห้องชุดพักอาศัยตากอากาศ,103000,,official_statutory_assessment_rate_not_market_price
119638,34521,พริสร,2บี-อี,83,ภูเก็ต,2,กะทู้,3,กมลา,83000000,สำนักงานที่ดินจังหวัดภูเก็ต,1,False,พื้นที่ระเบียง,103000,,official_statutory_assessment_rate_not_market_price
119639,34521,พริสร,2บี-อี,83,ภูเก็ต,2,กะทู้,3,กมลา,83000000,สำนักงานที่ดินจังหวัดภูเก็ต,1,False,พื้นที่สระว่ายน้ำ,103000,,official_statutory_assessment_rate_not_market_price
119640,34521,พริสร,2บี-อี,83,ภูเก็ต,2,กะทู้,3,กมลา,83000000,สำนักงานที่ดินจังหวัดภูเก็ต,2,False,ห้องชุดพักอาศัยตากอากาศ,103500,,official_statutory_assessment_rate_not_market_price
119641,34521,พริสร,2บี-อี,83,ภูเก็ต,2,กะทู้,3,กมลา,83000000,สำนักงานที่ดินจังหวัดภูเก็ต,2,False,พื้นที่ระเบียง,103500,,official_statutory_assessment_rate_not_market_price
119642,34521,พริสร,2บี-อี,83,ภูเก็ต,2,กะทู้,3,กมลา,83000000,สำนักงานที่ดินจังหวัดภูเก็ต,2,False,พื้นที่สระว่ายน้ำ,103500,,official_statutory_assessment_rate_not_market_price
119643,34521,พริสร,4บี-เค,83,ภูเก็ต,2,กะทู้,3,กมลา,83000000,สำนักงานที่ดินจังหวัดภูเก็ต,1,False,ห้องชุดพักอาศัยตากอากาศ,103000,,official_statutory_assessment_rate_not_market_price
119644,34521,พริสร,4บี-เค,83,ภูเก็ต,2,กะทู้,3,กมลา,83000000,สำนักงานที่ดินจังหวัดภูเก็ต,1,False,พื้นที่ระเบียง,103000,,official_statutory_assessment_rate_not_market_price
119645,34521,พริสร,4บี-เค,83,ภูเก็ต,2,กะทู้,3,กมลา,83000000,สำนักงานที่ดินจังหวัดภูเก็ต,1,False,พื้นที่สระว่ายน้ำ,103000,,official_statutory_assessment_rate_not_market_price
119646,34521,พริสร,4บี-เค,83,ภูเก็ต,2,กะทู้,3,กมลา,83000000,สำนักงานที่ดินจังหวัดภูเก็ต,2,False,ห้องชุดพักอาศัยตากอากาศ,103500,,official_statutory_assessment_rate_not_market_price
119647,34521,พริสร,4บี-เค,83,ภูเก็ต,2,กะทู้,3,กมลา,83000000,สำนักงานที่ดินจังหวัดภูเก็ต,2,False,พื้นที่ระเบียง,103500,,official_statutory_assessment_rate_not_market_price
119648,34521,พริสร,4บี-เค,83,ภูเก็ต,2,กะทู้,3,กมลา,83000000,สำนักงานที่ดินจังหวัดภูเก็ต,2,False,พื้นที่สระว่ายน้ำ,103500,,official_statutory_assessment_rate_not_market_price
119649,34521,พริสร,4บี-เจ,83,ภูเก็ต,2,กะทู้,3,กมลา,83000000,สำนักงานที่ดินจังหวัดภูเก็ต,1,False,ห้องชุดพักอาศัยตากอากาศ,103000,,official_statutory_assessment_rate_not_market_price
119650,34521,พริสร,4บี-เจ,83,ภูเก็ต,2,กะทู้,3,กมลา,83000000,สำนักงานที่ดินจังหวัดภูเก็ต,1,False,พื้นที่ระเบียง,103000,,official_statutory_assessment_rate_not_market_price
119651,34521,พริสร,4บี-เจ,83,ภูเก็ต,2,กะทู้,3,กมลา,83000000,สำนักงานที่ดินจังหวัดภูเก็ต,1,False,พื้นที่สระว่ายน้ำ,103000,,official_statutory_assessment_rate_not_market_price
119652,34521,พริสร,4บี-เจ,83,ภูเก็ต,2,กะทู้,3,กมลา,83000000,สำนักงานที่ดินจังหวัดภูเก็ต,2,False,ห้องชุดพักอาศัยตากอากาศ,103500,,official_statutory_assessment_rate_not_market_price
119653,34521,พริสร,4บี-เจ,83,ภูเก็ต,2,กะทู้,3,กมลา,83000000,สำนักงานที่ดินจังหวัดภูเก็ต,2,False,พื้นที่ระเบียง,103500,,official_statutory_assessment_rate_not_market_price
119654,34521,พริสร,4บี-เจ,83,ภูเก็ต,2,กะทู้,3,กมลา,83000000,สำนักงานที่ดินจังหวัดภูเก็ต,2,False,พื้นที่สระว่ายน้ำ,103500,,official_statutory_assessment_rate_not_market_price
119655,34521,พริสร,4บี-เอ็น,83,ภูเก็ต,2,กะทู้,3,กมลา,83000000,สำนักงานที่ดินจังหวัดภูเก็ต,1,False,ห้องชุดพักอาศัยตากอากาศ,103000,,official_statutory_assessment_rate_not_market_price
119656,34521,พริสร,4บี-เอ็น,83,ภูเก็ต,2,กะทู้,3,กมลา,83000000,สำนักงานที่ดินจังหวัดภูเก็ต,1,False,พื้นที่ระเบียง,103000,,official_statutory_assessment_rate_not_market_price
119657,34521,พริสร,4บี-เอ็น,83,ภูเก็ต,2,กะทู้,3,กมลา,83000000,สำนักงานที่ดินจังหวัดภูเก็ต,1,False,พื้นที่สระว่ายน้ำ,103000,,official_statutory_assessment_rate_not_market_price
119658,34521,พริสร,4บี-เอ็น,83,ภูเก็ต,2,กะทู้,3,กมลา,83000000,สำนักงานที่ดินจังหวัดภูเก็ต,2,False,ห้องชุดพักอาศัยตากอากาศ,103500,,official_statutory_assessment_rate_not_market_price
119659,34521,พริสร,4บี-เอ็น,83,ภูเก็ต,2,กะทู้,3,กมลา,83000000,สำนักงานที่ดินจังหวัดภูเก็ต,2,False,พื้นที่ระเบียง,103500,,official_statutory_assessment_rate_not_market_price
119660,34521,พริสร,4บี-เอ็น,83,ภูเก็ต,2,กะทู้,3,กมลา,83000000,สำนักงานที่ดินจังหวัดภูเก็ต,2,False,พื้นที่สระว่ายน้ำ,103500,,official_statutory_assessment_rate_not_market_price
119661,34521,พริสร,4บี-เอ็ม,83,ภูเก็ต,2,กะทู้,3,กมลา,83000000,สำนักงานที่ดินจังหวัดภูเก็ต,1,False,ห้องชุดพักอาศัยตากอากาศ,103000,,official_statutory_assessment_rate_not_market_price
119662,34521,พริสร,4บี-เอ็ม,83,ภูเก็ต,2,กะทู้,3,กมลา,83000000,สำนักงานที่ดินจังหวัดภูเก็ต,1,False,พื้นที่ระเบียง,103000,,official_statutory_assessment_rate_not_market_price
119663,34521,พริสร,4บี-เอ็ม,83,ภูเก็ต,2,กะทู้,3,กมลา,83000000,สำนักงานที่ดินจังหวัดภูเก็ต,1,False,พื้นที่สระว่ายน้ำ,103000,,official_statutory_assessment_rate_not_market_price
119664,34521,พริสร,4บี-เอ็ม,83,ภูเก็ต,2,กะทู้,3,กมลา,83000000,สำนักงานที่ดินจังหวัดภูเก็ต,2,False,ห้องชุดพักอาศัยตากอากาศ,103500,,official_statutory_assessment_rate_not_market_price
119665,34521,พริสร,4บี-เอ็ม,83,ภูเก็ต,2,กะทู้,3,กมลา,83000000,สำนักงานที่ดินจังหวัดภูเก็ต,2,False,พื้นที่ระเบียง,103500,,official_statutory_assessment_rate_not_market_price
119666,34521,พริสร,4บี-เอ็ม,83,ภูเก็ต,2,กะทู้,3,กมลา,83000000,สำนักงานที่ดินจังหวัดภูเก็ต,2,False,พื้นที่สระว่ายน้ำ,103500,,official_statutory_assessment_rate_not_market_price
119667,34521,พริสร,4บี-แอล,83,ภูเก็ต,2,กะทู้,3,กมลา,83000000,สำนักงานที่ดินจังหวัดภูเก็ต,1,False,ห้องชุดพักอาศัยตากอากาศ,103000,,official_statutory_assessment_rate_not_market_price
119668,34521,พริสร,4บี-แอล,83,ภูเก็ต,2,กะทู้,3,กมลา,83000000,สำนักงานที่ดินจังหวัดภูเก็ต,1,False,พื้นที่ระเบียง,103000,,official_statutory_assessment_rate_not_market_price
119669,34521,พริสร,4บี-แอล,83,ภูเก็ต,2,กะทู้,3,กมลา,83000000,สำนักงานที่ดินจังหวัดภูเก็ต,1,False,พื้นที่สระว่ายน้ำ,103000,,official_statutory_assessment_rate_not_market_price
119670,34521,พริสร,4บี-แอล,83,ภูเก็ต,2,กะทู้,3,กมลา,83000000,สำนักงานที่ดินจังหวัดภูเก็ต,2,False,ห้องชุดพักอาศัยตากอากาศ,103500,,official_statutory_assessment_rate_not_market_price
119671,34521,พริสร,4บี-แอล,83,ภูเก็ต,2,กะทู้,3,กมลา,83000000,สำนักงานที่ดินจังหวัดภูเก็ต,2,False,พื้นที่ระเบียง,103500,,official_statutory_assessment_rate_not_market_price
119672,34521,พริสร,4บี-แอล,83,ภูเก็ต,2,กะทู้,3,กมลา,83000000,สำนักงานที่ดินจังหวัดภูเก็ต,2,False,พื้นที่สระว่ายน้ำ,103500,,official_statutory_assessment_rate_not_market_price
119673,34521,พริสร,4บี-โอ,83,ภูเก็ต,2,กะทู้,3,กมลา,83000000,สำนักงานที่ดินจังหวัดภูเก็ต,1,False,ห้องชุดพักอาศัยตากอากาศ,103000,,official_statutory_assessment_rate_not_market_price
119674,34521,พริสร,4บี-โอ,83,ภูเก็ต,2,กะทู้,3,กมลา,83000000,สำนักงานที่ดินจังหวัดภูเก็ต,1,False,พื้นที่ระเบียง,103000,,official_statutory_assessment_rate_not_market_price
119675,34521,พริสร,4บี-โอ,83,ภูเก็ต,2,กะทู้,3,กมลา,83000000,สำนักงานที่ดินจังหวัดภูเก็ต,1,False,พื้นที่สระว่ายน้ำ,103000,,official_statutory_assessment_rate_not_market_price
119676,34521,พริสร,4บี-โอ,83,ภูเก็ต,2,กะทู้,3,กมลา,83000000,สำนักงานที่ดินจังหวัดภูเก็ต,2,False,ห้องชุดพักอาศัยตากอากาศ,103500,,official_statutory_assessment_rate_not_market_price
119677,34521,พริสร,4บี-โอ,83,ภูเก็ต,2,กะทู้,3,กมลา,83000000,สำนักงานที่ดินจังหวัดภูเก็ต,2,False,พื้นที่ระเบียง,103500,,official_statutory_assessment_rate_not_market_price
119678,34521,พริสร,4บี-โอ,83,ภูเก็ต,2,กะทู้,3,กมลา,83000000,สำนักงานที่ดินจังหวัดภูเก็ต,2,False,พื้นที่สระว่ายน้ำ,103500,,official_statutory_assessment_rate_not_market_price
119679,34521,พริสร,4บี-ไอ,83,ภูเก็ต,2,กะทู้,3,กมลา,83000000,สำนักงานที่ดินจังหวัดภูเก็ต,1,False,ห้องชุดพักอาศัยตากอากาศ,103000,,official_statutory_assessment_rate_not_market_price
119680,34521,พริสร,4บี-ไอ,83,ภูเก็ต,2,กะทู้,3,กมลา,83000000,สำนักงานที่ดินจังหวัดภูเก็ต,1,False,พื้นที่ระเบียง,103000,,official_statutory_assessment_rate_not_market_price
119681,34521,พริสร,4บี-ไอ,83,ภูเก็ต,2,กะทู้,3,กมลา,83000000,สำนักงานที่ดินจังหวัดภูเก็ต,1,False,พื้นที่สระว่ายน้ำ,103000,,official_statutory_assessment_rate_not_market_price
119682,34521,พริสร,4บี-ไอ,83,ภูเก็ต,2,กะทู้,3,กมลา,83000000,สำนักงานที่ดินจังหวัดภูเก็ต,2,False,ห้องชุดพักอาศัยตากอากาศ,103500,,official_statutory_assessment_rate_not_market_price
119683,34521,พริสร,4บี-ไอ,83,ภูเก็ต,2,กะทู้,3,กมลา,83000000,สำนักงานที่ดินจังหวัดภูเก็ต,2,False,พื้นที่ระเบียง,103500,,official_statutory_assessment_rate_not_market_price
119684,34521,พริสร,4บี-ไอ,83,ภูเก็ต,2,กะทู้,3,กมลา,83000000,สำนักงานที่ดินจังหวัดภูเก็ต,2,False,พื้นที่สระว่ายน้ำ,103500,,official_statutory_assessment_rate_not_market_price
119685,34521,พริสร,4บี-ซี,83,ภูเก็ต,2,กะทู้,3,กมลา,83000000,สำนักงานที่ดินจังหวัดภูเก็ต,1,False,ห้องชุดพักอาศัยตากอากาศ,103000,,official_statutory_assessment_rate_not_market_price
119686,34521,พริสร,4บี-ซี,83,ภูเก็ต,2,กะทู้,3,กมลา,83000000,สำนักงานที่ดินจังหวัดภูเก็ต,1,False,พื้นที่ระเบียง,103000,,official_statutory_assessment_rate_not_market_price
119687,34521,พริสร,4บี-ซี,83,ภูเก็ต,2,กะทู้,3,กมลา,83000000,สำนักงานที่ดินจังหวัดภูเก็ต,1,False,พื้นที่สระว่ายน้ำ,103000,,official_statutory_assessment_rate_not_market_price
119688,34521,พริสร,4บี-ซี,83,ภูเก็ต,2,กะทู้,3,กมลา,83000000,สำนักงานที่ดินจังหวัดภูเก็ต,2,False,ห้องชุดพักอาศัยตากอากาศ,103500,,official_statutory_assessment_rate_not_market_price
119689,34521,พริสร,4บี-ซี,83,ภูเก็ต,2,กะทู้,3,กมลา,83000000,สำนักงานที่ดินจังหวัดภูเก็ต,2,False,พื้นที่ระเบียง,103500,,official_statutory_assessment_rate_not_market_price
119690,34521,พริสร,4บี-ซี,83,ภูเก็ต,2,กะทู้,3,กมลา,83000000,สำนักงานที่ดินจังหวัดภูเก็ต,2,False,พื้นที่สระว่ายน้ำ,103500,,official_statutory_assessment_rate_not_market_price
119691,34521,พริสร,4บี-ดี,83,ภูเก็ต,2,กะทู้,3,กมลา,83000000,สำนักงานที่ดินจังหวัดภูเก็ต,1,False,ห้องชุดพักอาศัยตากอากาศ,103000,,official_statutory_assessment_rate_not_market_price
119692,34521,พริสร,4บี-ดี,83,ภูเก็ต,2,กะทู้,3,กมลา,83000000,สำนักงานที่ดินจังหวัดภูเก็ต,1,False,พื้นที่ระเบียง,103000,,official_statutory_assessment_rate_not_market_price
119693,34521,พริสร,4บี-ดี,83,ภูเก็ต,2,กะทู้,3,กมลา,83000000,สำนักงานที่ดินจังหวัดภูเก็ต,1,False,พื้นที่สระว่ายน้ำ,103000,,official_statutory_assessment_rate_not_market_price
119694,34521,พริสร,4บี-ดี,83,ภูเก็ต,2,กะทู้,3,กมลา,83000000,สำนักงานที่ดินจังหวัดภูเก็ต,2,False,ห้องชุดพักอาศัยตากอากาศ,103500,,official_statutory_assessment_rate_not_market_price
119695,34521,พริสร,4บี-ดี,83,ภูเก็ต,2,กะทู้,3,กมลา,83000000,สำนักงานที่ดินจังหวัดภูเก็ต,2,False,พื้นที่ระเบียง,103500,,official_statutory_assessment_rate_not_market_price
119696,34521,พริสร,4บี-ดี,83,ภูเก็ต,2,กะทู้,3,กมลา,83000000,สำนักงานที่ดินจังหวัดภูเก็ต,2,False,พื้นที่สระว่ายน้ำ,103500,,official_statutory_assessment_rate_not_market_price
119697,34521,พริสร,4บี-พี,83,ภูเก็ต,2,กะทู้,3,กมลา,83000000,สำนักงานที่ดินจังหวัดภูเก็ต,1,False,ห้องชุดพักอาศัยตากอากาศ,103000,,official_statutory_assessment_rate_not_market_price
119698,34521,พริสร,4บี-พี,83,ภูเก็ต,2,กะทู้,3,กมลา,83000000,สำนักงานที่ดินจังหวัดภูเก็ต,1,False,พื้นที่ระเบียง,103000,,official_statutory_assessment_rate_not_market_price
119699,34521,พริสร,4บี-พี,83,ภูเก็ต,2,กะทู้,3,กมลา,83000000,สำนักงานที่ดินจังหวัดภูเก็ต,1,False,พื้นที่สระว่ายน้ำ,103000,,official_statutory_assessment_rate_not_market_price
119700,34521,พริสร,4บี-พี,83,ภูเก็ต,2,กะทู้,3,กมลา,83000000,สำนักงานที่ดินจังหวัดภูเก็ต,2,False,ห้องชุดพักอาศัยตากอากาศ,103500,,official_statutory_assessment_rate_not_market_price
119701,34521,พริสร,4บี-พี,83,ภูเก็ต,2,กะทู้,3,กมลา,83000000,สำนักงานที่ดินจังหวัดภูเก็ต,2,False,พื้นที่ระเบียง,103500,,official_statutory_assessment_rate_not_market_price
119702,34521,พริสร,4บี-พี,83,ภูเก็ต,2,กะทู้,3,กมลา,83000000,สำนักงานที่ดินจังหวัดภูเก็ต,2,False,พื้นที่สระว่ายน้ำ,103500,,official_statutory_assessment_rate_not_market_price
119703,34389,เดอะ เรสซิเด้นท์ แอท มอนท์เอซัวส์,A,83,ภูเก็ต,2,กะทู้,3,กมลา,83000000,สำนักงานที่ดินจังหวัดภูเก็ต,1,False,ห้องชุดเพื่อประกอบการค้า(ห้องชุดพาณิชยกรรม)/พื้นที่ระเบียง,157000,,official_statutory_assessment_rate_not_market_price
119704,34389,เดอะ เรสซิเด้นท์ แอท มอนท์เอซัวส์,A,83,ภูเก็ต,2,กะทู้,3,กมลา,83000000,สำนักงานที่ดินจังหวัดภูเก็ต,2,False,ห้องชุดเพื่อประกอบการค้า(ห้องชุดพาณิชยกรรม)/พื้นที่ระเบียง,159000,,official_statutory_assessment_rate_not_market_price
119705,34389,เดอะ เรสซิเด้นท์ แอท มอนท์เอซัวส์,A,83,ภูเก็ต,2,กะทู้,3,กมลา,83000000,สำนักงานที่ดินจังหวัดภูเก็ต,3,False,ห้องชุดเพื่อประกอบการค้า(ห้องชุดพาณิชยกรรม)/พื้นที่ระเบียง,161800,,official_statutory_assessment_rate_not_market_price
119706,34389,เดอะ เรสซิเด้นท์ แอท มอนท์เอซัวส์,B,83,ภูเก็ต,2,กะทู้,3,กมลา,83000000,สำนักงานที่ดินจังหวัดภูเก็ต,1,False,ห้องชุดพักอาศัยตากอากาศ/พื้นที่ระเบียง,216200,,official_statutory_assessment_rate_not_market_price
119707,34389,เดอะ เรสซิเด้นท์ แอท มอนท์เอซัวส์,B,83,ภูเก็ต,2,กะทู้,3,กมลา,83000000,สำนักงานที่ดินจังหวัดภูเก็ต,2,False,ห้องชุดพักอาศัยตากอากาศ/พื้นทีระเบียง,219000,,official_statutory_assessment_rate_not_market_price
119708,34389,เดอะ เรสซิเด้นท์ แอท มอนท์เอซัวส์,B,83,ภูเก็ต,2,กะทู้,3,กมลา,83000000,สำนักงานที่ดินจังหวัดภูเก็ต,3,False,ห้องชุดพักอาศัยตากอากาศ/พื้นที่ระเบียง,222800,,official_statutory_assessment_rate_not_market_price
119709,34389,เดอะ เรสซิเด้นท์ แอท มอนท์เอซัวส์,C,83,ภูเก็ต,2,กะทู้,3,กมลา,83000000,สำนักงานที่ดินจังหวัดภูเก็ต,1,False,ห้องชุดเพื่อประกอบการค้า(ห้องชุดพาณิชยกรรม)/พื้นที่ระเบียง,217200,,official_statutory_assessment_rate_not_market_price
119710,34389,เดอะ เรสซิเด้นท์ แอท มอนท์เอซัวส์,C,83,ภูเก็ต,2,กะทู้,3,กมลา,83000000,สำนักงานที่ดินจังหวัดภูเก็ต,2,False,ห้องชุดเพื่อประกอบการค้า(ห้องชุดพาณิชยกรรม)/พื้นที่ระเบียง,220000,,official_statutory_assessment_rate_not_market_price
119711,34389,เดอะ เรสซิเด้นท์ แอท มอนท์เอซัวส์,C,83,ภูเก็ต,2,กะทู้,3,กมลา,83000000,สำนักงานที่ดินจังหวัดภูเก็ต,3,False,ห้องชุดเพื่อประกอบการค้า(ห้องชุดพาณิชยกรรม)/พื้นที่ระเบียง,223800,,official_statutory_assessment_rate_not_market_price
119712,34389,เดอะ เรสซิเด้นท์ แอท มอนท์เอซัวส์,D,83,ภูเก็ต,2,กะทู้,3,กมลา,83000000,สำนักงานที่ดินจังหวัดภูเก็ต,1,False,ห้องชุดเพื่อประกอบการค้า(ห้องชุดพาณิชยกรรม)/พื้นที่ระเบียง,157000,,official_statutory_assessment_rate_not_market_price
119713,34389,เดอะ เรสซิเด้นท์ แอท มอนท์เอซัวส์,D,83,ภูเก็ต,2,กะทู้,3,กมลา,83000000,สำนักงานที่ดินจังหวัดภูเก็ต,2,False,ห้องชุดเพื่อประกอบการค้า(ห้องชุดพาณิชยกรรม)/พื้นที่ระเบียง,159000,,official_statutory_assessment_rate_not_market_price
119714,34389,เดอะ เรสซิเด้นท์ แอท มอนท์เอซัวส์,D,83,ภูเก็ต,2,กะทู้,3,กมลา,83000000,สำนักงานที่ดินจังหวัดภูเก็ต,3,False,ห้องชุดเพื่อประกอบการค้า(ห้องชุดพาณิชยกรรม)/พื้นที่ระเบียง,161800,,official_statutory_assessment_rate_not_market_price
119715,34389,เดอะ เรสซิเด้นท์ แอท มอนท์เอซัวส์,E,83,ภูเก็ต,2,กะทู้,3,กมลา,83000000,สำนักงานที่ดินจังหวัดภูเก็ต,1,False,ห้องชุดเพื่อประกอบการค้า(ห้องชุดพาณิชยกรรม)/พื้นที่ระเบียง,110600,,official_statutory_assessment_rate_not_market_price
119716,34389,เดอะ เรสซิเด้นท์ แอท มอนท์เอซัวส์,E,83,ภูเก็ต,2,กะทู้,3,กมลา,83000000,สำนักงานที่ดินจังหวัดภูเก็ต,2,False,ห้องชุดเพื่อประกอบการค้า(ห้องชุดพาณิชยกรรม)/พื้นที่ระเบียง,112000,,official_statutory_assessment_rate_not_market_price
119717,34389,เดอะ เรสซิเด้นท์ แอท มอนท์เอซัวส์,E,83,ภูเก็ต,2,กะทู้,3,กมลา,83000000,สำนักงานที่ดินจังหวัดภูเก็ต,3,False,ห้องชุดเพื่อประกอบการค้า(ห้องชุดพาณิชยกรรม)/พื้นที่ระเบียง,113900,,official_statutory_assessment_rate_not_market_price
119718,34389,เดอะ เรสซิเด้นท์ แอท มอนท์เอซัวส์,F,83,ภูเก็ต,2,กะทู้,3,กมลา,83000000,สำนักงานที่ดินจังหวัดภูเก็ต,1,False,ห้องชุดเพื่อประกอบการค้า(ห้องชุดพาณิชยกรรม)/พื้นที่ระเบียง,110600,,official_statutory_assessment_rate_not_market_price
119719,34389,เดอะ เรสซิเด้นท์ แอท มอนท์เอซัวส์,F,83,ภูเก็ต,2,กะทู้,3,กมลา,83000000,สำนักงานที่ดินจังหวัดภูเก็ต,2,False,ห้องชุดเพื่อประกอบการค้า(ห้องชุดพาณิชยกรรม)/พื้นที่ระเบียง,112000,,official_statutory_assessment_rate_not_market_price
119720,34389,เดอะ เรสซิเด้นท์ แอท มอนท์เอซัวส์,F,83,ภูเก็ต,2,กะทู้,3,กมลา,83000000,สำนักงานที่ดินจังหวัดภูเก็ต,3,False,ห้องชุดเพื่อประกอบการค้า(ห้องชุดพาณิชยกรรม)/พื้นที่ระเบียง,113900,,official_statutory_assessment_rate_not_market_price
119721,34389,เดอะ เรสซิเด้นท์ แอท มอนท์เอซัวส์,F,83,ภูเก็ต,2,กะทู้,3,กมลา,83000000,สำนักงานที่ดินจังหวัดภูเก็ต,ใต้ดิน,False,ห้องชุดเพื่อประกอบการค้า(ห้องชุดพาณิชยกรรม)/พื้นที่ระเบียง,110100,,official_statutory_assessment_rate_not_market_price
119722,34389,เดอะ เรสซิเด้นท์ แอท มอนท์เอซัวส์,G,83,ภูเก็ต,2,กะทู้,3,กมลา,83000000,สำนักงานที่ดินจังหวัดภูเก็ต,1,False,ห้องชุดเพื่อประกอบการค้า(ห้องชุดพาณิชยกรรม)/พื้นที่ระเบียง,110600,,official_statutory_assessment_rate_not_market_price
119723,34389,เดอะ เรสซิเด้นท์ แอท มอนท์เอซัวส์,G,83,ภูเก็ต,2,กะทู้,3,กมลา,83000000,สำนักงานที่ดินจังหวัดภูเก็ต,2,False,ห้องชุดเพื่อประกอบการค้า(ห้องชุดพาณิชยกรรม)/พื้นที่ระเบียง,112000,,official_statutory_assessment_rate_not_market_price
119724,34389,เดอะ เรสซิเด้นท์ แอท มอนท์เอซัวส์,G,83,ภูเก็ต,2,กะทู้,3,กมลา,83000000,สำนักงานที่ดินจังหวัดภูเก็ต,3,False,ห้องชุดเพื่อประกอบการค้า(ห้องชุดพาณิชยกรรม)/พื้นที่ระเบียง,113900,,official_statutory_assessment_rate_not_market_price
119725,34389,เดอะ เรสซิเด้นท์ แอท มอนท์เอซัวส์,H,83,ภูเก็ต,2,กะทู้,3,กมลา,83000000,สำนักงานที่ดินจังหวัดภูเก็ต,1,False,ห้องชุดเพื่อประกอบการค้า(ห้องชุดพาณิชยกรรม)/พื้นที่ระเบียง,110600,,official_statutory_assessment_rate_not_market_price
119726,34389,เดอะ เรสซิเด้นท์ แอท มอนท์เอซัวส์,H,83,ภูเก็ต,2,กะทู้,3,กมลา,83000000,สำนักงานที่ดินจังหวัดภูเก็ต,2,False,ห้องชุดเพื่อประกอบการค้า(ห้องชุดพาณิชยกรรม)/พื้นที่ระเบียง,112000,,official_statutory_assessment_rate_not_market_price
119727,34389,เดอะ เรสซิเด้นท์ แอท มอนท์เอซัวส์,H,83,ภูเก็ต,2,กะทู้,3,กมลา,83000000,สำนักงานที่ดินจังหวัดภูเก็ต,3,False,ห้องชุดเพื่อประกอบการค้า(ห้องชุดพาณิชยกรรม)/พื้นที่ระเบียง,113900,,official_statutory_assessment_rate_not_market_price
119728,34389,เดอะ เรสซิเด้นท์ แอท มอนท์เอซัวส์,I,83,ภูเก็ต,2,กะทู้,3,กมลา,83000000,สำนักงานที่ดินจังหวัดภูเก็ต,1,False,ห้องชุดเพื่อประกอบการค้า(ห้องชุดพาณิชยกรรม)/พื้นที่ระเบียง,110600,,official_statutory_assessment_rate_not_market_price
119729,34389,เดอะ เรสซิเด้นท์ แอท มอนท์เอซัวส์,I,83,ภูเก็ต,2,กะทู้,3,กมลา,83000000,สำนักงานที่ดินจังหวัดภูเก็ต,2,False,ห้องชุดเพื่อประกอบการค้า(ห้องชุดพาณิชยกรรม)/พื้นที่ระเบียง,112000,,official_statutory_assessment_rate_not_market_price
119730,34389,เดอะ เรสซิเด้นท์ แอท มอนท์เอซัวส์,I,83,ภูเก็ต,2,กะทู้,3,กมลา,83000000,สำนักงานที่ดินจังหวัดภูเก็ต,3,False,ห้องชุดเพื่อประกอบการค้า(ห้องชุดพาณิชยกรรม)/พื้นที่ระเบียง,113900,,official_statutory_assessment_rate_not_market_price
119731,34389,เดอะ เรสซิเด้นท์ แอท มอนท์เอซัวส์,J,83,ภูเก็ต,2,กะทู้,3,กมลา,83000000,สำนักงานที่ดินจังหวัดภูเก็ต,1,False,ห้องชุดเพื่อประกอบการค้า(ห้องชุดพาณิชยกรรม)/พื้นที่วางเครื่องปรับอากาศ,110600,,official_statutory_assessment_rate_not_market_price
119732,34389,เดอะ เรสซิเด้นท์ แอท มอนท์เอซัวส์,J,83,ภูเก็ต,2,กะทู้,3,กมลา,83000000,สำนักงานที่ดินจังหวัดภูเก็ต,2,False,ห้องชุดเพื่อประกอบการค้า(ห้องชุดพาณิชยกรรม)/พื้นที่ระเบียง,112000,,official_statutory_assessment_rate_not_market_price
119733,34389,เดอะ เรสซิเด้นท์ แอท มอนท์เอซัวส์,J,83,ภูเก็ต,2,กะทู้,3,กมลา,83000000,สำนักงานที่ดินจังหวัดภูเก็ต,3,False,ห้องชุดเพื่อประกอบการค้า(ห้องชุดพาณิชยกรรม)/พื้นที่ระเบียง,113900,,official_statutory_assessment_rate_not_market_price
119734,34389,เดอะ เรสซิเด้นท์ แอท มอนท์เอซัวส์,J,83,ภูเก็ต,2,กะทู้,3,กมลา,83000000,สำนักงานที่ดินจังหวัดภูเก็ต,ใต้ดิน,False,ห้องชุดเพื่อประกอบการค้า(ห้องชุดพาณิชยกรรม)/พื้นที่ระเบียง,110100,,official_statutory_assessment_rate_not_market_price
119735,34389,เดอะ เรสซิเด้นท์ แอท มอนท์เอซัวส์,K,83,ภูเก็ต,2,กะทู้,3,กมลา,83000000,สำนักงานที่ดินจังหวัดภูเก็ต,1,False,ห้องชุดเพื่อประกอบการค้า(ห้องชุดพาณิชยกรรม)/พื้นที่ระเบียง,217200,,official_statutory_assessment_rate_not_market_price
119736,34389,เดอะ เรสซิเด้นท์ แอท มอนท์เอซัวส์,K,83,ภูเก็ต,2,กะทู้,3,กมลา,83000000,สำนักงานที่ดินจังหวัดภูเก็ต,ใต้ดิน,False,ห้องชุดเพื่อประกอบการค้า(ห้องชุดพาณิชยกรรม)/พื้นที่ระเบียง,216700,,official_statutory_assessment_rate_not_market_price
119737,34531,ภูเก็ต โอเชียนน่า คอนโด 1,A,83,ภูเก็ต,2,กะทู้,3,กมลา,83000000,สำนักงานที่ดินจังหวัดภูเก็ต,1,False,ห้องชุดพักอาศัยตากอากาศ/พื้นที่ระเบียง/พื้นที่สระว่ายน้ำ,83300,,official_statutory_assessment_rate_not_market_price
119738,34531,ภูเก็ต โอเชียนน่า คอนโด 1,A,83,ภูเก็ต,2,กะทู้,3,กมลา,83000000,สำนักงานที่ดินจังหวัดภูเก็ต,2,False,ห้องชุดพักอาศัยตากอากาศ/พื้นที่ระเบียง/พื้นที่สระว่ายน้ำ,84400,,official_statutory_assessment_rate_not_market_price
119739,34531,ภูเก็ต โอเชียนน่า คอนโด 1,A,83,ภูเก็ต,2,กะทู้,3,กมลา,83000000,สำนักงานที่ดินจังหวัดภูเก็ต,3,False,ห้องชุดพักอาศัยตากอากาศ/พื้นที่ระเบียง/พื้นที่สระว่ายน้ำ,85900,,official_statutory_assessment_rate_not_market_price
119740,34531,ภูเก็ต โอเชียนน่า คอนโด 1,A,83,ภูเก็ต,2,กะทู้,3,กมลา,83000000,สำนักงานที่ดินจังหวัดภูเก็ต,4,False,ห้องชุดพักอาศัยตากอากาศ/พื้นที่ระเบียง/พื้นที่สระว่ายน้ำ,87600,,official_statutory_assessment_rate_not_market_price
119741,34531,ภูเก็ต โอเชียนน่า คอนโด 1,A,83,ภูเก็ต,2,กะทู้,3,กมลา,83000000,สำนักงานที่ดินจังหวัดภูเก็ต,5,False,ห้องชุดพักอาศัยตากอากาศ/พื้นที่ระเบียง/พื้นที่สระว่ายน้ำ,89400,,official_statutory_assessment_rate_not_market_price
119742,34531,ภูเก็ต โอเชียนน่า คอนโด 1,A,83,ภูเก็ต,2,กะทู้,3,กมลา,83000000,สำนักงานที่ดินจังหวัดภูเก็ต,6,False,ห้องชุดพักอาศัยตากอากาศ/พื้นที่ระเบียง/พื้นที่สระว่ายน้ำ,91400,,official_statutory_assessment_rate_not_market_price
119743,34531,ภูเก็ต โอเชียนน่า คอนโด 1,A,83,ภูเก็ต,2,กะทู้,3,กมลา,83000000,สำนักงานที่ดินจังหวัดภูเก็ต,7,False,ห้องชุดพักอาศัยตากอากาศ/พื้นที่ระเบียง/พื้นที่สระว่ายน้ำ,93400,,official_statutory_assessment_rate_not_market_price
119744,34531,ภูเก็ต โอเชียนน่า คอนโด 1,A,83,ภูเก็ต,2,กะทู้,3,กมลา,83000000,สำนักงานที่ดินจังหวัดภูเก็ต,"8,ดาดฟ้า",False,ห้องชัดพักอาศัยตากอากาศแบบ 2 ชั้นควบ/พื้นที่ระเบียง/พื้นที่สระว่ายน้ำ,96500,,official_statutory_assessment_rate_not_market_price
119745,34532,ภูเก็ต โอเชียนน่า คอนโด 2,B,83,ภูเก็ต,2,กะทู้,3,กมลา,83000000,สำนักงานที่ดินจังหวัดภูเก็ต,1,False,ห้องชุดพักอาศัยตากอากาศ/พื้นทีระเบียง/พื้นที่สระว่ายน้ำ/พื้นที่สวน,83700,,official_statutory_assessment_rate_not_market_price
119746,34532,ภูเก็ต โอเชียนน่า คอนโด 2,B,83,ภูเก็ต,2,กะทู้,3,กมลา,83000000,สำนักงานที่ดินจังหวัดภูเก็ต,2,False,ห้องชุดพักอาศัยตากอากาศ/พื้นทีระเบียง/พื้นที่สระว่ายน้ำ/พื้นที่สวน,84800,,official_statutory_assessment_rate_not_market_price
119747,34532,ภูเก็ต โอเชียนน่า คอนโด 2,B,83,ภูเก็ต,2,กะทู้,3,กมลา,83000000,สำนักงานที่ดินจังหวัดภูเก็ต,3,False,ห้องชุดพักอาศัยตากอากาศ/พื้นทีระเบียง/พื้นที่สระว่ายน้ำ/พื้นที่สวน,86200,,official_statutory_assessment_rate_not_market_price
119748,34532,ภูเก็ต โอเชียนน่า คอนโด 2,B,83,ภูเก็ต,2,กะทู้,3,กมลา,83000000,สำนักงานที่ดินจังหวัดภูเก็ต,4,False,ห้องชุดพักอาศัยตากอากาศ/พื้นทีระเบียง/พื้นที่สระว่ายน้ำ/พื้นที่สวน,87900,,official_statutory_assessment_rate_not_market_price
119749,34532,ภูเก็ต โอเชียนน่า คอนโด 2,B,83,ภูเก็ต,2,กะทู้,3,กมลา,83000000,สำนักงานที่ดินจังหวัดภูเก็ต,5,False,ห้องชุดพักอาศัยตากอากาศ/พื้นทีระเบียง/พื้นที่สระว่ายน้ำ/พื้นที่สวน,89800,,official_statutory_assessment_rate_not_market_price
119750,34532,ภูเก็ต โอเชียนน่า คอนโด 2,B,83,ภูเก็ต,2,กะทู้,3,กมลา,83000000,สำนักงานที่ดินจังหวัดภูเก็ต,6,False,ห้องชุดพักอาศัยตากอากาศ/พื้นทีระเบียง/พื้นที่สระว่ายน้ำ/พื้นที่สวน,91800,,official_statutory_assessment_rate_not_market_price
119751,34532,ภูเก็ต โอเชียนน่า คอนโด 2,B,83,ภูเก็ต,2,กะทู้,3,กมลา,83000000,สำนักงานที่ดินจังหวัดภูเก็ต,7,False,ห้องชุดพักอาศัยตากอากาศ/พื้นทีระเบียง/พื้นที่สระว่ายน้ำ/พื้นที่สวน,93800,,official_statutory_assessment_rate_not_market_price
119752,34532,ภูเก็ต โอเชียนน่า คอนโด 2,B,83,ภูเก็ต,2,กะทู้,3,กมลา,83000000,สำนักงานที่ดินจังหวัดภูเก็ต,"8,ดาดฟ้า",False,ห้องชัดพักอาศัยตากอากาศแบบ 2 ชั้นควบ/พื้นที่ระเบียง/พื้นที่สระว่ายน้ำ,96900,,official_statutory_assessment_rate_not_market_price
119753,34532,ภูเก็ต โอเชียนน่า คอนโด 2,D1,83,ภูเก็ต,2,กะทู้,3,กมลา,83000000,สำนักงานที่ดินจังหวัดภูเก็ต,"1,2,3",False,ห้องชุดพักอาศัยตากอากาศแบบ 3 ชั้นควบ/พื้นที่ระเบียง/พื้นที่สระว่ายน้ำ,108800,,official_statutory_assessment_rate_not_market_price
119754,34533,ภูเก็ต โอเชียนน่า คอนโด 3,-,83,ภูเก็ต,2,กะทู้,3,กมลา,83000000,สำนักงานที่ดินจังหวัดภูเก็ต,1,False,ห้องชุดพักอาศัยตากอากาศที่มีระเบียงลงสระว่ายน้ำส่วนกลาง,85200,,official_statutory_assessment_rate_not_market_price
119755,34533,ภูเก็ต โอเชียนน่า คอนโด 3,-,83,ภูเก็ต,2,กะทู้,3,กมลา,83000000,สำนักงานที่ดินจังหวัดภูเก็ต,2,False,ห้องชุดพักอาศัยตากอากาศ/พื้นที่ระเบียง/พื้นที่สระว่ายน้ำ,84800,,official_statutory_assessment_rate_not_market_price
119756,34533,ภูเก็ต โอเชียนน่า คอนโด 3,-,83,ภูเก็ต,2,กะทู้,3,กมลา,83000000,สำนักงานที่ดินจังหวัดภูเก็ต,3,False,ห้องชุดพักอาศัยตากอากาศ/พื้นที่ระเบียง/พื้นที่สระว่ายน้ำ,86200,,official_statutory_assessment_rate_not_market_price
119757,34533,ภูเก็ต โอเชียนน่า คอนโด 3,-,83,ภูเก็ต,2,กะทู้,3,กมลา,83000000,สำนักงานที่ดินจังหวัดภูเก็ต,4,False,ห้องชุดพักอาศัยตากอากาศ/พื้นที่ระเบียง/พื้นที่สระว่ายน้ำ,87900,,official_statutory_assessment_rate_not_market_price
119758,34533,ภูเก็ต โอเชียนน่า คอนโด 3,-,83,ภูเก็ต,2,กะทู้,3,กมลา,83000000,สำนักงานที่ดินจังหวัดภูเก็ต,5,False,ห้องชุดพักอาศัยตากอากาศ/พื้นที่ระเบียง/พื้นที่สระว่ายน้ำ,89800,,official_statutory_assessment_rate_not_market_price
119759,34533,ภูเก็ต โอเชียนน่า คอนโด 3,-,83,ภูเก็ต,2,กะทู้,3,กมลา,83000000,สำนักงานที่ดินจังหวัดภูเก็ต,5,False,ห้องชุดพักอาศัยตากอากาศ/พื้นที่ระเบียง/พื้นที่สระว่ายน้ำ,116700,,official_statutory_assessment_rate_not_market_price
119760,34533,ภูเก็ต โอเชียนน่า คอนโด 3,-,83,ภูเก็ต,2,กะทู้,3,กมลา,83000000,สำนักงานที่ดินจังหวัดภูเก็ต,6,False,ห้องชุดพักอาศัยตากอากาศ/พื้นที่ระเบียง/พื้นที่สระว่ายน้ำ,91800,,official_statutory_assessment_rate_not_market_price
119761,34533,ภูเก็ต โอเชียนน่า คอนโด 3,-,83,ภูเก็ต,2,กะทู้,3,กมลา,83000000,สำนักงานที่ดินจังหวัดภูเก็ต,7,False,ห้องชุดพักอาศัยตากอากาศ/พื้นที่ระเบียง/พื้นที่สระว่ายน้ำ,93800,,official_statutory_assessment_rate_not_market_price
119762,34533,ภูเก็ต โอเชียนน่า คอนโด 3,-,83,ภูเก็ต,2,กะทู้,3,กมลา,83000000,สำนักงานที่ดินจังหวัดภูเก็ต,"1,2,3,4",False,ห้องชุดพักอาศัยตากอากาศแบบ4ชั้นควบ/พื้นที่ระเบียง/พื้นที่สระว่ายน้ำ,108800,,official_statutory_assessment_rate_not_market_price
119763,34533,ภูเก็ต โอเชียนน่า คอนโด 3,-,83,ภูเก็ต,2,กะทู้,3,กมลา,83000000,สำนักงานที่ดินจังหวัดภูเก็ต,"8, ดาดฟ้า",False,ห้องชุดพักอาศัยตากอากาศแบบ2ชั้นควบ/พื้นที่ระเบียง/พื้นที่สระว่ายน้ำ,96900,,official_statutory_assessment_rate_not_market_price
119764,34534,ภูเก็ต โอเชียน่า คอนโด 3,C,83,ภูเก็ต,2,กะทู้,3,กมลา,83000000,สำนักงานที่ดินจังหวัดภูเก็ต,1,False,ห้องชุดพักอาศัยตากอากาศที่มีระเบียงลงสระว่ายน้ำส่วนกลาง,85200,,official_statutory_assessment_rate_not_market_price
119765,34534,ภูเก็ต โอเชียน่า คอนโด 3,C,83,ภูเก็ต,2,กะทู้,3,กมลา,83000000,สำนักงานที่ดินจังหวัดภูเก็ต,2,False,ห้องชุดพักอาศัยตากอากาศ/พื้นที่ระเบียง/พื้นที่สระว่ายน้ำ,84800,,official_statutory_assessment_rate_not_market_price
119766,34534,ภูเก็ต โอเชียน่า คอนโด 3,C,83,ภูเก็ต,2,กะทู้,3,กมลา,83000000,สำนักงานที่ดินจังหวัดภูเก็ต,3,False,ห้องชุดพักอาศัยตากอากาศ/พื้นที่ระเบียง/พื้นที่สระว่ายน้ำ,86200,,official_statutory_assessment_rate_not_market_price
119767,34534,ภูเก็ต โอเชียน่า คอนโด 3,C,83,ภูเก็ต,2,กะทู้,3,กมลา,83000000,สำนักงานที่ดินจังหวัดภูเก็ต,4,False,ห้องชุดพักอาศัยตากอากาศ/พื้นที่ระเบียง/พื้นที่สระว่ายน้ำ,87900,,official_statutory_assessment_rate_not_market_price
119768,34534,ภูเก็ต โอเชียน่า คอนโด 3,C,83,ภูเก็ต,2,กะทู้,3,กมลา,83000000,สำนักงานที่ดินจังหวัดภูเก็ต,5,False,ห้องชุดพักอาศัยตากอากาศ/พื้นที่ระเบียง/พื้นที่สระว่ายน้ำ,89800,,official_statutory_assessment_rate_not_market_price
119769,34534,ภูเก็ต โอเชียน่า คอนโด 3,C,83,ภูเก็ต,2,กะทู้,3,กมลา,83000000,สำนักงานที่ดินจังหวัดภูเก็ต,6,False,ห้องชุดพักอาศัยตากอากาศ/พื้นที่ระเบียง/พื้นที่สระว่ายน้ำ,91800,,official_statutory_assessment_rate_not_market_price
119770,34534,ภูเก็ต โอเชียน่า คอนโด 3,C,83,ภูเก็ต,2,กะทู้,3,กมลา,83000000,สำนักงานที่ดินจังหวัดภูเก็ต,7,False,ห้องชุดพักอาศัยตากอากาศ/พื้นที่ระเบียง/พื้นที่สระว่ายน้ำ,93800,,official_statutory_assessment_rate_not_market_price
119771,34534,ภูเก็ต โอเชียน่า คอนโด 3,C,83,ภูเก็ต,2,กะทู้,3,กมลา,83000000,สำนักงานที่ดินจังหวัดภูเก็ต,"8, ดาดฟ้า",False,ห้องชุดพักอาศัยตากอากาศ แบบ 2 ชั้นควบ /พื้นที่ระเบียง / พื้นที่สระว่ายน้ำ,96900,,official_statutory_assessment_rate_not_market_price
119772,34534,ภูเก็ต โอเชียน่า คอนโด 3,D2,83,ภูเก็ต,2,กะทู้,3,กมลา,83000000,สำนักงานที่ดินจังหวัดภูเก็ต,5,False,ห้องชุดพักอาศัยตากอากาศ/พื้นที่ระเบียง/พื้นที่สระว่ายน้ำ,116700,,official_statutory_assessment_rate_not_market_price
119773,34534,ภูเก็ต โอเชียน่า คอนโด 3,D2,83,ภูเก็ต,2,กะทู้,3,กมลา,83000000,สำนักงานที่ดินจังหวัดภูเก็ต,"1,2,3,4",False,ห้องชุดพักอาศัยตากอากาศแบบ 4 ชั้นควบ /พื้นที่ระเบียง / พื้นที่สระว่ายน้ำ,108800,,official_statutory_assessment_rate_not_market_price
119774,34382,เดอะ รีเจ้นท์ คอนโดมิเนียม,A,83,ภูเก็ต,2,กะทู้,3,กมลา,83000000,สำนักงานที่ดินจังหวัดภูเก็ต,1,False,ห้องชุดพักอาศัยตากอากาศ,43500,,official_statutory_assessment_rate_not_market_price
119775,34382,เดอะ รีเจ้นท์ คอนโดมิเนียม,A,83,ภูเก็ต,2,กะทู้,3,กมลา,83000000,สำนักงานที่ดินจังหวัดภูเก็ต,1,False,ระเบียง/พื้นทีวางแอร์,21750,,official_statutory_assessment_rate_not_market_price
119776,34382,เดอะ รีเจ้นท์ คอนโดมิเนียม,A,83,ภูเก็ต,2,กะทู้,3,กมลา,83000000,สำนักงานที่ดินจังหวัดภูเก็ต,2,False,ห้องชุดพักอาศัยตากอากาศ,43500,,official_statutory_assessment_rate_not_market_price
119777,34382,เดอะ รีเจ้นท์ คอนโดมิเนียม,A,83,ภูเก็ต,2,กะทู้,3,กมลา,83000000,สำนักงานที่ดินจังหวัดภูเก็ต,2,False,ระเบียง/พื้นทีวางแอร์,21750,,official_statutory_assessment_rate_not_market_price
119778,34382,เดอะ รีเจ้นท์ คอนโดมิเนียม,A,83,ภูเก็ต,2,กะทู้,3,กมลา,83000000,สำนักงานที่ดินจังหวัดภูเก็ต,3,False,ห้องชุดพักอาศัยตากอากาศ,44000,,official_statutory_assessment_rate_not_market_price
119779,34382,เดอะ รีเจ้นท์ คอนโดมิเนียม,A,83,ภูเก็ต,2,กะทู้,3,กมลา,83000000,สำนักงานที่ดินจังหวัดภูเก็ต,3,False,ระเบียง/พื้นทีวางแอร์,22000,,official_statutory_assessment_rate_not_market_price
119780,34382,เดอะ รีเจ้นท์ คอนโดมิเนียม,A,83,ภูเก็ต,2,กะทู้,3,กมลา,83000000,สำนักงานที่ดินจังหวัดภูเก็ต,4,False,ห้องชุดพักอาศัยตากอากาศ,44000,,official_statutory_assessment_rate_not_market_price
119781,34382,เดอะ รีเจ้นท์ คอนโดมิเนียม,A,83,ภูเก็ต,2,กะทู้,3,กมลา,83000000,สำนักงานที่ดินจังหวัดภูเก็ต,4,False,ระเบียง/พื้นทีวางแอร์,22000,,official_statutory_assessment_rate_not_market_price
119782,34382,เดอะ รีเจ้นท์ คอนโดมิเนียม,A,83,ภูเก็ต,2,กะทู้,3,กมลา,83000000,สำนักงานที่ดินจังหวัดภูเก็ต,"5,6",False,พักอาศัยตากอากาศเพ้นท์เฮ้าส์,45500,,official_statutory_assessment_rate_not_market_price
119783,34382,เดอะ รีเจ้นท์ คอนโดมิเนียม,A,83,ภูเก็ต,2,กะทู้,3,กมลา,83000000,สำนักงานที่ดินจังหวัดภูเก็ต,"5,6",False,ระเบียง/พื้นทีวางแอร์/สระว่ายน้ำ,22750,,official_statutory_assessment_rate_not_market_price
119784,34382,เดอะ รีเจ้นท์ คอนโดมิเนียม,B,83,ภูเก็ต,2,กะทู้,3,กมลา,83000000,สำนักงานที่ดินจังหวัดภูเก็ต,1,False,ห้องชุดพักอาศัยตากอากาศ,43000,,official_statutory_assessment_rate_not_market_price
119785,34382,เดอะ รีเจ้นท์ คอนโดมิเนียม,B,83,ภูเก็ต,2,กะทู้,3,กมลา,83000000,สำนักงานที่ดินจังหวัดภูเก็ต,1,False,ระเบียง/พื้นทีวางแอร์,21500,,official_statutory_assessment_rate_not_market_price
119786,34382,เดอะ รีเจ้นท์ คอนโดมิเนียม,B,83,ภูเก็ต,2,กะทู้,3,กมลา,83000000,สำนักงานที่ดินจังหวัดภูเก็ต,2,False,ห้องชุดพักอาศัยตากอากาศ,43500,,official_statutory_assessment_rate_not_market_price
119787,34382,เดอะ รีเจ้นท์ คอนโดมิเนียม,B,83,ภูเก็ต,2,กะทู้,3,กมลา,83000000,สำนักงานที่ดินจังหวัดภูเก็ต,2,False,ระเบียง/พื้นทีวางแอร์,21750,,official_statutory_assessment_rate_not_market_price
119788,34382,เดอะ รีเจ้นท์ คอนโดมิเนียม,B,83,ภูเก็ต,2,กะทู้,3,กมลา,83000000,สำนักงานที่ดินจังหวัดภูเก็ต,"3,4",False,พักอาศัยตากอากาศเพ้นท์เฮ้าส์,45000,,official_statutory_assessment_rate_not_market_price
119789,34382,เดอะ รีเจ้นท์ คอนโดมิเนียม,B,83,ภูเก็ต,2,กะทู้,3,กมลา,83000000,สำนักงานที่ดินจังหวัดภูเก็ต,"3,4",False,ระเบียง/พื้นทีวางแอร์/สระว่ายน้ำ,22500,,official_statutory_assessment_rate_not_market_price
119790,34366,เซ็น สเปลซ,-,83,ภูเก็ต,2,กะทู้,3,กมลา,83000000,สำนักงานที่ดินจังหวัดภูเก็ต,1,False,ห้องชุดพักอาศัย,49500,,official_statutory_assessment_rate_not_market_price
119791,34366,เซ็น สเปลซ,-,83,ภูเก็ต,2,กะทู้,3,กมลา,83000000,สำนักงานที่ดินจังหวัดภูเก็ต,1,False,พื้นที่ระเบียง,24750,,official_statutory_assessment_rate_not_market_price
119792,34366,เซ็น สเปลซ,-,83,ภูเก็ต,2,กะทู้,3,กมลา,83000000,สำนักงานที่ดินจังหวัดภูเก็ต,2,False,ห้องชุดพักอาศัย,49000,,official_statutory_assessment_rate_not_market_price
119793,34366,เซ็น สเปลซ,-,83,ภูเก็ต,2,กะทู้,3,กมลา,83000000,สำนักงานที่ดินจังหวัดภูเก็ต,2,False,พื้นที่ระเบียง,24500,,official_statutory_assessment_rate_not_market_price
119794,34366,เซ็น สเปลซ,-,83,ภูเก็ต,2,กะทู้,3,กมลา,83000000,สำนักงานที่ดินจังหวัดภูเก็ต,3,False,ห้องชุดพักอาศัย,48500,,official_statutory_assessment_rate_not_market_price
119795,34366,เซ็น สเปลซ,-,83,ภูเก็ต,2,กะทู้,3,กมลา,83000000,สำนักงานที่ดินจังหวัดภูเก็ต,3,False,พื้นที่ระเบียง,24250,,official_statutory_assessment_rate_not_market_price
119796,34368,เดวิด ลอยด์ แอ๊บโซลูท แอ็ด นาคาเล บีช,-,83,ภูเก็ต,2,กะทู้,3,กมลา,83000000,สำนักงานที่ดินจังหวัดภูเก็ต,1,False,ห้องชุดพักอาศัยตากอากาศ,63500,,official_statutory_assessment_rate_not_market_price
119797,34368,เดวิด ลอยด์ แอ๊บโซลูท แอ็ด นาคาเล บีช,-,83,ภูเก็ต,2,กะทู้,3,กมลา,83000000,สำนักงานที่ดินจังหวัดภูเก็ต,1,False,ระเบียง,31750,,official_statutory_assessment_rate_not_market_price
119798,34368,เดวิด ลอยด์ แอ๊บโซลูท แอ็ด นาคาเล บีช,-,83,ภูเก็ต,2,กะทู้,3,กมลา,83000000,สำนักงานที่ดินจังหวัดภูเก็ต,2,False,ห้องชุดพักอาศัยตากอากาศ,64000,,official_statutory_assessment_rate_not_market_price
119799,34368,เดวิด ลอยด์ แอ๊บโซลูท แอ็ด นาคาเล บีช,-,83,ภูเก็ต,2,กะทู้,3,กมลา,83000000,สำนักงานที่ดินจังหวัดภูเก็ต,2,False,ระเบียง,32000,,official_statutory_assessment_rate_not_market_price
119800,34368,เดวิด ลอยด์ แอ๊บโซลูท แอ็ด นาคาเล บีช,-,83,ภูเก็ต,2,กะทู้,3,กมลา,83000000,สำนักงานที่ดินจังหวัดภูเก็ต,3,False,ห้องชุดพักอาศัยตากอากาศ,64500,,official_statutory_assessment_rate_not_market_price
119801,34368,เดวิด ลอยด์ แอ๊บโซลูท แอ็ด นาคาเล บีช,-,83,ภูเก็ต,2,กะทู้,3,กมลา,83000000,สำนักงานที่ดินจังหวัดภูเก็ต,3,False,ระเบียง,32250,,official_statutory_assessment_rate_not_market_price
119802,34368,เดวิด ลอยด์ แอ๊บโซลูท แอ็ด นาคาเล บีช,-,83,ภูเก็ต,2,กะทู้,3,กมลา,83000000,สำนักงานที่ดินจังหวัดภูเก็ต,4,False,ห้องชุดพักอาศัยตากอากาศ,65000,,official_statutory_assessment_rate_not_market_price
119803,34368,เดวิด ลอยด์ แอ๊บโซลูท แอ็ด นาคาเล บีช,-,83,ภูเก็ต,2,กะทู้,3,กมลา,83000000,สำนักงานที่ดินจังหวัดภูเก็ต,4,False,ระเบียง,32500,,official_statutory_assessment_rate_not_market_price
119804,34521,พริสร,2บี-เอช,83,ภูเก็ต,2,กะทู้,3,กมลา,83000000,สำนักงานที่ดินจังหวัดภูเก็ต,1,False,ห้องชุดพักอาศัยตากอากาศ,103000,,official_statutory_assessment_rate_not_market_price
119805,34521,พริสร,2บี-เอช,83,ภูเก็ต,2,กะทู้,3,กมลา,83000000,สำนักงานที่ดินจังหวัดภูเก็ต,1,False,พื้นที่ระเบียง,103000,,official_statutory_assessment_rate_not_market_price
119806,34521,พริสร,2บี-เอช,83,ภูเก็ต,2,กะทู้,3,กมลา,83000000,สำนักงานที่ดินจังหวัดภูเก็ต,1,False,พื้นที่สระว่ายน้ำ,103000,,official_statutory_assessment_rate_not_market_price
119807,34521,พริสร,2บี-เอช,83,ภูเก็ต,2,กะทู้,3,กมลา,83000000,สำนักงานที่ดินจังหวัดภูเก็ต,2,False,ห้องชุดพักอาศัยตากอากาศ,103500,,official_statutory_assessment_rate_not_market_price
119808,34521,พริสร,2บี-เอช,83,ภูเก็ต,2,กะทู้,3,กมลา,83000000,สำนักงานที่ดินจังหวัดภูเก็ต,2,False,พื้นที่ระเบียง,103500,,official_statutory_assessment_rate_not_market_price
119809,34521,พริสร,2บี-เอช,83,ภูเก็ต,2,กะทู้,3,กมลา,83000000,สำนักงานที่ดินจังหวัดภูเก็ต,2,False,พื้นที่สระว่ายน้ำ,103500,,official_statutory_assessment_rate_not_market_price
119810,34521,พริสร,2บี-เอฟ,83,ภูเก็ต,2,กะทู้,3,กมลา,83000000,สำนักงานที่ดินจังหวัดภูเก็ต,1,False,ห้องชุดพักอาศัยตากอากาศ,103000,,official_statutory_assessment_rate_not_market_price
119811,34521,พริสร,2บี-เอฟ,83,ภูเก็ต,2,กะทู้,3,กมลา,83000000,สำนักงานที่ดินจังหวัดภูเก็ต,1,False,พื้นที่ระเบียง,103000,,official_statutory_assessment_rate_not_market_price
119812,34521,พริสร,2บี-เอฟ,83,ภูเก็ต,2,กะทู้,3,กมลา,83000000,สำนักงานที่ดินจังหวัดภูเก็ต,1,False,พื้นที่สระว่ายน้ำ,103000,,official_statutory_assessment_rate_not_market_price
119813,34521,พริสร,2บี-เอฟ,83,ภูเก็ต,2,กะทู้,3,กมลา,83000000,สำนักงานที่ดินจังหวัดภูเก็ต,2,False,ห้องชุดพักอาศัยตากอากาศ,103500,,official_statutory_assessment_rate_not_market_price
119814,41809,อันดามายา อาคาร เอ,-,83,ภูเก็ต,3,ถลาง,NULL,NULL,83010000,สำนักงานที่ดินจังหวัดภูเก็ต สาขาถลาง,3,False,ห้องชุดพักอาศัยตากอากาศ/พื้นที่ระเบียง/พื้นที่สระว่ายน้ำ,89400,,official_statutory_assessment_rate_not_market_price
119815,41809,อันดามายา อาคาร เอ,-,83,ภูเก็ต,3,ถลาง,NULL,NULL,83010000,สำนักงานที่ดินจังหวัดภูเก็ต สาขาถลาง,4,False,ห้องชุดพักอาศัยตากอากาศ/พื้นที่ระเบียง/พื้นที่สระว่ายน้ำ,90100,,official_statutory_assessment_rate_not_market_price
119816,41809,อันดามายา อาคาร เอ,-,83,ภูเก็ต,3,ถลาง,NULL,NULL,83010000,สำนักงานที่ดินจังหวัดภูเก็ต สาขาถลาง,5,False,ห้องชุดพักอาศัยตากอากาศ/พื้นที่ระเบียง/พื้นที่สระว่ายน้ำ,91500,,official_statutory_assessment_rate_not_market_price
119817,41810,อันดามายา อาคาร บี,-,83,ภูเก็ต,3,ถลาง,NULL,NULL,83010000,สำนักงานที่ดินจังหวัดภูเก็ต สาขาถลาง,1,False,ห้องชุดพักอาศัยตากอากาศ/พื้นที่ระเบียง/พื้นที่สระว่ายน้ำ,65700,,official_statutory_assessment_rate_not_market_price
119818,41810,อันดามายา อาคาร บี,-,83,ภูเก็ต,3,ถลาง,NULL,NULL,83010000,สำนักงานที่ดินจังหวัดภูเก็ต สาขาถลาง,2,False,ห้องชุดพักอาศัยตากอากาศ/พื้นที่ระเบียง/พื้นที่สระว่ายน้ำ,68500,,official_statutory_assessment_rate_not_market_price
119819,41810,อันดามายา อาคาร บี,-,83,ภูเก็ต,3,ถลาง,NULL,NULL,83010000,สำนักงานที่ดินจังหวัดภูเก็ต สาขาถลาง,3,False,ห้องชุดพักอาศัยตากอากาศ/พื้นที่ระเบียง/พื้นที่สระว่ายน้ำ,69700,,official_statutory_assessment_rate_not_market_price
119820,41810,อันดามายา อาคาร บี,-,83,ภูเก็ต,3,ถลาง,NULL,NULL,83010000,สำนักงานที่ดินจังหวัดภูเก็ต สาขาถลาง,4,False,ห้องชุดพักอาศัยตากอากาศ/พื้นที่ระเบียง/พื้นที่สระว่ายน้ำ,90100,,official_statutory_assessment_rate_not_market_price
119821,41810,อันดามายา อาคาร บี,-,83,ภูเก็ต,3,ถลาง,NULL,NULL,83010000,สำนักงานที่ดินจังหวัดภูเก็ต สาขาถลาง,5,False,ห้องชุดพักอาศัยตากอากาศ/พื้นที่ระเบียง/พื้นที่สระว่ายน้ำ,91500,,official_statutory_assessment_rate_not_market_price
119822,41811,อันดามายา อาคาร ซี,-,83,ภูเก็ต,3,ถลาง,NULL,NULL,83010000,สำนักงานที่ดินจังหวัดภูเก็ต สาขาถลาง,1,False,ห้องชุดพักอาศัยตากอากาศ/พื้นที่ระเบียง/พื้นที่สระว่ายน้ำ,65700,,official_statutory_assessment_rate_not_market_price
119823,41811,อันดามายา อาคาร ซี,-,83,ภูเก็ต,3,ถลาง,NULL,NULL,83010000,สำนักงานที่ดินจังหวัดภูเก็ต สาขาถลาง,2,False,ห้องชุดพักอาศัยตากอากาศ/พื้นที่ระเบียง/พื้นที่สระว่ายน้ำ,68500,,official_statutory_assessment_rate_not_market_price
119824,41811,อันดามายา อาคาร ซี,-,83,ภูเก็ต,3,ถลาง,NULL,NULL,83010000,สำนักงานที่ดินจังหวัดภูเก็ต สาขาถลาง,3,False,ห้องชุดพักอาศัยตากอากาศ/พื้นที่ระเบียง/พื้นที่สระว่ายน้ำ,69700,,official_statutory_assessment_rate_not_market_price
119825,41811,อันดามายา อาคาร ซี,-,83,ภูเก็ต,3,ถลาง,NULL,NULL,83010000,สำนักงานที่ดินจังหวัดภูเก็ต สาขาถลาง,4,False,ห้องชุดพักอาศัยตากอากาศ/พื้นที่ระเบียง/พื้นที่สระว่ายน้ำ,90100,,official_statutory_assessment_rate_not_market_price
119826,41811,อันดามายา อาคาร ซี,-,83,ภูเก็ต,3,ถลาง,NULL,NULL,83010000,สำนักงานที่ดินจังหวัดภูเก็ต สาขาถลาง,5,False,ห้องชุดพักอาศัยตากอากาศ/พื้นที่ระเบียง/พื้นที่สระว่ายน้ำ,91500,,official_statutory_assessment_rate_not_market_price
119827,41809,อันดามายา อาคาร เอ,-,83,ภูเก็ต,3,ถลาง,NULL,NULL,83010000,สำนักงานที่ดินจังหวัดภูเก็ต สาขาถลาง,2,False,ห้องชุดพักอาศัยตากอากาศ/พื้นที่ระเบียง/พื้นที่สระว่ายน้ำ,68500,,official_statutory_assessment_rate_not_market_price
119828,41906,เดอะ ไทเทิ้ล ฮาโล ๑,VENUS,83,ภูเก็ต,3,ถลาง,NULL,NULL,83010000,สำนักงานที่ดินจังหวัดภูเก็ต สาขาถลาง,6,False,ห้องชุดเพื่อประกอบการค้า/พื้นที่ระเบียง,87100,,official_statutory_assessment_rate_not_market_price
119829,41906,เดอะ ไทเทิ้ล ฮาโล ๑,VENUS,83,ภูเก็ต,3,ถลาง,NULL,NULL,83010000,สำนักงานที่ดินจังหวัดภูเก็ต สาขาถลาง,7,False,ห้องชุดเพื่อประกอบการค้า/พื้นที่ระเบียง,88200,,official_statutory_assessment_rate_not_market_price
119830,41906,เดอะ ไทเทิ้ล ฮาโล ๑,SATURN,83,ภูเก็ต,3,ถลาง,NULL,NULL,83010000,สำนักงานที่ดินจังหวัดภูเก็ต สาขาถลาง,1,False,ห้องชุดเพื่อประกอบการค้า/พื้นที่ระเบียง,82900,,official_statutory_assessment_rate_not_market_price
119831,41906,เดอะ ไทเทิ้ล ฮาโล ๑,SATURN,83,ภูเก็ต,3,ถลาง,NULL,NULL,83010000,สำนักงานที่ดินจังหวัดภูเก็ต สาขาถลาง,2,False,ห้องชุดเพื่อประกอบการค้า/พื้นที่ระเบียง,83400,,official_statutory_assessment_rate_not_market_price
119832,41906,เดอะ ไทเทิ้ล ฮาโล ๑,SATURN,83,ภูเก็ต,3,ถลาง,NULL,NULL,83010000,สำนักงานที่ดินจังหวัดภูเก็ต สาขาถลาง,3,False,ห้องชุดเพื่อประกอบการค้า/พื้นที่ระเบียง,84200,,official_statutory_assessment_rate_not_market_price
119833,41906,เดอะ ไทเทิ้ล ฮาโล ๑,SATURN,83,ภูเก็ต,3,ถลาง,NULL,NULL,83010000,สำนักงานที่ดินจังหวัดภูเก็ต สาขาถลาง,4,False,ห้องชุดเพื่อประกอบการค้า/พื้นที่ระเบียง,85000,,official_statutory_assessment_rate_not_market_price
119834,41906,เดอะ ไทเทิ้ล ฮาโล ๑,SATURN,83,ภูเก็ต,3,ถลาง,NULL,NULL,83010000,สำนักงานที่ดินจังหวัดภูเก็ต สาขาถลาง,5,False,ห้องชุดเพื่อประกอบการค้า/พื้นที่ระเบียง,86000,,official_statutory_assessment_rate_not_market_price
119835,41906,เดอะ ไทเทิ้ล ฮาโล ๑,SATURN,83,ภูเก็ต,3,ถลาง,NULL,NULL,83010000,สำนักงานที่ดินจังหวัดภูเก็ต สาขาถลาง,6,False,ห้องชุดเพื่อประกอบการค้า/พื้นที่ระเบียง,87100,,official_statutory_assessment_rate_not_market_price
119836,41906,เดอะ ไทเทิ้ล ฮาโล ๑,SATURN,83,ภูเก็ต,3,ถลาง,NULL,NULL,83010000,สำนักงานที่ดินจังหวัดภูเก็ต สาขาถลาง,7,False,ห้องชุดเพื่อประกอบการค้า/พื้นที่ระเบียง,88200,,official_statutory_assessment_rate_not_market_price
119837,41906,เดอะ ไทเทิ้ล ฮาโล ๑,JUPITER,83,ภูเก็ต,3,ถลาง,NULL,NULL,83010000,สำนักงานที่ดินจังหวัดภูเก็ต สาขาถลาง,1,False,ห้องชุดเพื่อประกอบการค้า/พื้นที่ระเบียง,82900,,official_statutory_assessment_rate_not_market_price
119838,41906,เดอะ ไทเทิ้ล ฮาโล ๑,JUPITER,83,ภูเก็ต,3,ถลาง,NULL,NULL,83010000,สำนักงานที่ดินจังหวัดภูเก็ต สาขาถลาง,2,False,ห้องชุดเพื่อประกอบการค้า/พื้นที่ระเบียง,83400,,official_statutory_assessment_rate_not_market_price
119839,41906,เดอะ ไทเทิ้ล ฮาโล ๑,JUPITER,83,ภูเก็ต,3,ถลาง,NULL,NULL,83010000,สำนักงานที่ดินจังหวัดภูเก็ต สาขาถลาง,3,False,ห้องชุดเพื่อประกอบการค้า/พื้นที่ระเบียง,84200,,official_statutory_assessment_rate_not_market_price
119840,41906,เดอะ ไทเทิ้ล ฮาโล ๑,JUPITER,83,ภูเก็ต,3,ถลาง,NULL,NULL,83010000,สำนักงานที่ดินจังหวัดภูเก็ต สาขาถลาง,4,False,ห้องชุดเพื่อประกอบการค้า/พื้นที่ระเบียง,85000,,official_statutory_assessment_rate_not_market_price
119841,41906,เดอะ ไทเทิ้ล ฮาโล ๑,JUPITER,83,ภูเก็ต,3,ถลาง,NULL,NULL,83010000,สำนักงานที่ดินจังหวัดภูเก็ต สาขาถลาง,5,False,ห้องชุดเพื่อประกอบการค้า/พื้นที่ระเบียง,86000,,official_statutory_assessment_rate_not_market_price
119842,41906,เดอะ ไทเทิ้ล ฮาโล ๑,JUPITER,83,ภูเก็ต,3,ถลาง,NULL,NULL,83010000,สำนักงานที่ดินจังหวัดภูเก็ต สาขาถลาง,6,False,ห้องชุดเพื่อประกอบการค้า/พื้นที่ระเบียง,87100,,official_statutory_assessment_rate_not_market_price
119843,41906,เดอะ ไทเทิ้ล ฮาโล ๑,JUPITER,83,ภูเก็ต,3,ถลาง,NULL,NULL,83010000,สำนักงานที่ดินจังหวัดภูเก็ต สาขาถลาง,7,False,ห้องชุดเพื่อประกอบการค้า/พื้นที่ระเบียง,88200,,official_statutory_assessment_rate_not_market_price
119844,41906,เดอะ ไทเทิ้ล ฮาโล ๑,MARS,83,ภูเก็ต,3,ถลาง,NULL,NULL,83010000,สำนักงานที่ดินจังหวัดภูเก็ต สาขาถลาง,1,False,ห้องชุดเพื่อประกอบการค้า/พื้นที่ระเบียง,82900,,official_statutory_assessment_rate_not_market_price
119845,41906,เดอะ ไทเทิ้ล ฮาโล ๑,MARS,83,ภูเก็ต,3,ถลาง,NULL,NULL,83010000,สำนักงานที่ดินจังหวัดภูเก็ต สาขาถลาง,2,False,ห้องชุดเพื่อประกอบการค้า/พื้นที่ระเบียง,83400,,official_statutory_assessment_rate_not_market_price
119846,41906,เดอะ ไทเทิ้ล ฮาโล ๑,MARS,83,ภูเก็ต,3,ถลาง,NULL,NULL,83010000,สำนักงานที่ดินจังหวัดภูเก็ต สาขาถลาง,3,False,ห้องชุดเพื่อประกอบการค้า/พื้นที่ระเบียง,84200,,official_statutory_assessment_rate_not_market_price
119847,41906,เดอะ ไทเทิ้ล ฮาโล ๑,MARS,83,ภูเก็ต,3,ถลาง,NULL,NULL,83010000,สำนักงานที่ดินจังหวัดภูเก็ต สาขาถลาง,4,False,ห้องชุดเพื่อประกอบการค้า/พื้นที่ระเบียง,85000,,official_statutory_assessment_rate_not_market_price
119848,41906,เดอะ ไทเทิ้ล ฮาโล ๑,MARS,83,ภูเก็ต,3,ถลาง,NULL,NULL,83010000,สำนักงานที่ดินจังหวัดภูเก็ต สาขาถลาง,5,False,ห้องชุดเพื่อประกอบการค้า/พื้นที่ระเบียง,86000,,official_statutory_assessment_rate_not_market_price
119849,41906,เดอะ ไทเทิ้ล ฮาโล ๑,MARS,83,ภูเก็ต,3,ถลาง,NULL,NULL,83010000,สำนักงานที่ดินจังหวัดภูเก็ต สาขาถลาง,6,False,ห้องชุดเพื่อประกอบการค้า/พื้นที่ระเบียง,87100,,official_statutory_assessment_rate_not_market_price
119850,41906,เดอะ ไทเทิ้ล ฮาโล ๑,MARS,83,ภูเก็ต,3,ถลาง,NULL,NULL,83010000,สำนักงานที่ดินจังหวัดภูเก็ต สาขาถลาง,7,False,ห้องชุดเพื่อประกอบการค้า/พื้นที่ระเบียง,88200,,official_statutory_assessment_rate_not_market_price
119851,41906,เดอะ ไทเทิ้ล ฮาโล ๑,MERCURY,83,ภูเก็ต,3,ถลาง,NULL,NULL,83010000,สำนักงานที่ดินจังหวัดภูเก็ต สาขาถลาง,1,False,ห้องชุดเพื่อประกอบการค้า/พื้นที่ระเบียง,82900,,official_statutory_assessment_rate_not_market_price
119852,41906,เดอะ ไทเทิ้ล ฮาโล ๑,MERCURY,83,ภูเก็ต,3,ถลาง,NULL,NULL,83010000,สำนักงานที่ดินจังหวัดภูเก็ต สาขาถลาง,2,False,ห้องชุดเพื่อประกอบการค้า/พื้นที่ระเบียง,83400,,official_statutory_assessment_rate_not_market_price
119853,41906,เดอะ ไทเทิ้ล ฮาโล ๑,MERCURY,83,ภูเก็ต,3,ถลาง,NULL,NULL,83010000,สำนักงานที่ดินจังหวัดภูเก็ต สาขาถลาง,3,False,ห้องชุดเพื่อประกอบการค้า/พื้นที่ระเบียง,84200,,official_statutory_assessment_rate_not_market_price
119854,41906,เดอะ ไทเทิ้ล ฮาโล ๑,MERCURY,83,ภูเก็ต,3,ถลาง,NULL,NULL,83010000,สำนักงานที่ดินจังหวัดภูเก็ต สาขาถลาง,4,False,ห้องชุดเพื่อประกอบการค้า/พื้นที่ระเบียง,85000,,official_statutory_assessment_rate_not_market_price
119855,41906,เดอะ ไทเทิ้ล ฮาโล ๑,MERCURY,83,ภูเก็ต,3,ถลาง,NULL,NULL,83010000,สำนักงานที่ดินจังหวัดภูเก็ต สาขาถลาง,5,False,ห้องชุดเพื่อประกอบการค้า/พื้นที่ระเบียง,86000,,official_statutory_assessment_rate_not_market_price
119856,41906,เดอะ ไทเทิ้ล ฮาโล ๑,MERCURY,83,ภูเก็ต,3,ถลาง,NULL,NULL,83010000,สำนักงานที่ดินจังหวัดภูเก็ต สาขาถลาง,6,False,ห้องชุดเพื่อประกอบการค้า/พื้นที่ระเบียง,87100,,official_statutory_assessment_rate_not_market_price
119857,41906,เดอะ ไทเทิ้ล ฮาโล ๑,MERCURY,83,ภูเก็ต,3,ถลาง,NULL,NULL,83010000,สำนักงานที่ดินจังหวัดภูเก็ต สาขาถลาง,7,False,ห้องชุดเพื่อประกอบการค้า/พื้นที่ระเบียง,88200,,official_statutory_assessment_rate_not_market_price
119858,41906,เดอะ ไทเทิ้ล ฮาโล ๑,MOON,83,ภูเก็ต,3,ถลาง,NULL,NULL,83010000,สำนักงานที่ดินจังหวัดภูเก็ต สาขาถลาง,1,False,ห้องชุดเพื่อประกอบการค้า/พื้นที่ระเบียง,82900,,official_statutory_assessment_rate_not_market_price
119859,41906,เดอะ ไทเทิ้ล ฮาโล ๑,MOON,83,ภูเก็ต,3,ถลาง,NULL,NULL,83010000,สำนักงานที่ดินจังหวัดภูเก็ต สาขาถลาง,2,False,ห้องชุดเพื่อประกอบการค้า/พื้นที่ระเบียง,83400,,official_statutory_assessment_rate_not_market_price
119860,41906,เดอะ ไทเทิ้ล ฮาโล ๑,MOON,83,ภูเก็ต,3,ถลาง,NULL,NULL,83010000,สำนักงานที่ดินจังหวัดภูเก็ต สาขาถลาง,3,False,ห้องชุดเพื่อประกอบการค้า/พื้นที่ระเบียง,84200,,official_statutory_assessment_rate_not_market_price
119861,41906,เดอะ ไทเทิ้ล ฮาโล ๑,MOON,83,ภูเก็ต,3,ถลาง,NULL,NULL,83010000,สำนักงานที่ดินจังหวัดภูเก็ต สาขาถลาง,4,False,ห้องชุดเพื่อประกอบการค้า/พื้นที่ระเบียง,85000,,official_statutory_assessment_rate_not_market_price
119862,41906,เดอะ ไทเทิ้ล ฮาโล ๑,MOON,83,ภูเก็ต,3,ถลาง,NULL,NULL,83010000,สำนักงานที่ดินจังหวัดภูเก็ต สาขาถลาง,5,False,ห้องชุดเพื่อประกอบการค้า/พื้นที่ระเบียง,86000,,official_statutory_assessment_rate_not_market_price
119863,41906,เดอะ ไทเทิ้ล ฮาโล ๑,MOON,83,ภูเก็ต,3,ถลาง,NULL,NULL,83010000,สำนักงานที่ดินจังหวัดภูเก็ต สาขาถลาง,6,False,ห้องชุดเพื่อประกอบการค้า/พื้นที่ระเบียง,87100,,official_statutory_assessment_rate_not_market_price
119864,41906,เดอะ ไทเทิ้ล ฮาโล ๑,MOON,83,ภูเก็ต,3,ถลาง,NULL,NULL,83010000,สำนักงานที่ดินจังหวัดภูเก็ต สาขาถลาง,7,False,ห้องชุดเพื่อประกอบการค้า/พื้นที่ระเบียง,88200,,official_statutory_assessment_rate_not_market_price
119865,41906,เดอะ ไทเทิ้ล ฮาโล ๑,VENUS,83,ภูเก็ต,3,ถลาง,NULL,NULL,83010000,สำนักงานที่ดินจังหวัดภูเก็ต สาขาถลาง,1,False,ห้องชุดเพื่อประกอบการค้า/พื้นที่ระเบียง,82900,,official_statutory_assessment_rate_not_market_price
119866,41906,เดอะ ไทเทิ้ล ฮาโล ๑,VENUS,83,ภูเก็ต,3,ถลาง,NULL,NULL,83010000,สำนักงานที่ดินจังหวัดภูเก็ต สาขาถลาง,2,False,ห้องชุดเพื่อประกอบการค้า/พื้นที่ระเบียง,83400,,official_statutory_assessment_rate_not_market_price
119867,41906,เดอะ ไทเทิ้ล ฮาโล ๑,VENUS,83,ภูเก็ต,3,ถลาง,NULL,NULL,83010000,สำนักงานที่ดินจังหวัดภูเก็ต สาขาถลาง,3,False,ห้องชุดเพื่อประกอบการค้า/พื้นที่ระเบียง,84200,,official_statutory_assessment_rate_not_market_price
119868,41906,เดอะ ไทเทิ้ล ฮาโล ๑,VENUS,83,ภูเก็ต,3,ถลาง,NULL,NULL,83010000,สำนักงานที่ดินจังหวัดภูเก็ต สาขาถลาง,4,False,ห้องชุดเพื่อประกอบการค้า/พื้นที่ระเบียง,85000,,official_statutory_assessment_rate_not_market_price
119869,41906,เดอะ ไทเทิ้ล ฮาโล ๑,VENUS,83,ภูเก็ต,3,ถลาง,NULL,NULL,83010000,สำนักงานที่ดินจังหวัดภูเก็ต สาขาถลาง,5,False,ห้องชุดเพื่อประกอบการค้า/พื้นที่ระเบียง,86000,,official_statutory_assessment_rate_not_market_price
119870,34630,บูกิต เลควิว,-,83,ภูเก็ต,3,ถลาง,1,เทพกระษัตรี,83010000,สำนักงานที่ดินจังหวัดภูเก็ต สาขาถลาง,5,False,ห้องชุดพักอาศัย,10000,,official_statutory_assessment_rate_not_market_price
119871,34630,บูกิต เลควิว,-,83,ภูเก็ต,3,ถลาง,1,เทพกระษัตรี,83010000,สำนักงานที่ดินจังหวัดภูเก็ต สาขาถลาง,5,False,ระเบียง,5000,,official_statutory_assessment_rate_not_market_price
119872,34630,บูกิต เลควิว,-,83,ภูเก็ต,3,ถลาง,1,เทพกระษัตรี,83010000,สำนักงานที่ดินจังหวัดภูเก็ต สาขาถลาง,6,False,ห้องชุดพักอาศัย,10000,,official_statutory_assessment_rate_not_market_price
119873,34630,บูกิต เลควิว,-,83,ภูเก็ต,3,ถลาง,1,เทพกระษัตรี,83010000,สำนักงานที่ดินจังหวัดภูเก็ต สาขาถลาง,6,False,ระเบียง,5000,,official_statutory_assessment_rate_not_market_price
119874,34630,บูกิต เลควิว,-,83,ภูเก็ต,3,ถลาง,1,เทพกระษัตรี,83010000,สำนักงานที่ดินจังหวัดภูเก็ต สาขาถลาง,7,False,ห้องชุดพักอาศัย,10500,,official_statutory_assessment_rate_not_market_price
119875,34630,บูกิต เลควิว,-,83,ภูเก็ต,3,ถลาง,1,เทพกระษัตรี,83010000,สำนักงานที่ดินจังหวัดภูเก็ต สาขาถลาง,7,False,ระเบียง,5250,,official_statutory_assessment_rate_not_market_price
119876,34630,บูกิต เลควิว,-,83,ภูเก็ต,3,ถลาง,1,เทพกระษัตรี,83010000,สำนักงานที่ดินจังหวัดภูเก็ต สาขาถลาง,1,False,ห้องชุดเพื่อประกอบการค้า(ห้องชุดพาณิชยกรรม),10000,,official_statutory_assessment_rate_not_market_price
119877,34630,บูกิต เลควิว,-,83,ภูเก็ต,3,ถลาง,1,เทพกระษัตรี,83010000,สำนักงานที่ดินจังหวัดภูเก็ต สาขาถลาง,1,False,ห้องชุดพักอาศัย,9000,,official_statutory_assessment_rate_not_market_price
119878,34630,บูกิต เลควิว,-,83,ภูเก็ต,3,ถลาง,1,เทพกระษัตรี,83010000,สำนักงานที่ดินจังหวัดภูเก็ต สาขาถลาง,1,False,ระเบียง,5000,,official_statutory_assessment_rate_not_market_price
119879,34630,บูกิต เลควิว,-,83,ภูเก็ต,3,ถลาง,1,เทพกระษัตรี,83010000,สำนักงานที่ดินจังหวัดภูเก็ต สาขาถลาง,1,False,ระเบียง,4500,,official_statutory_assessment_rate_not_market_price
119880,34630,บูกิต เลควิว,-,83,ภูเก็ต,3,ถลาง,1,เทพกระษัตรี,83010000,สำนักงานที่ดินจังหวัดภูเก็ต สาขาถลาง,2,False,ห้องชุดพักอาศัย,9000,,official_statutory_assessment_rate_not_market_price
119881,34630,บูกิต เลควิว,-,83,ภูเก็ต,3,ถลาง,1,เทพกระษัตรี,83010000,สำนักงานที่ดินจังหวัดภูเก็ต สาขาถลาง,2,False,ระเบียง,4500,,official_statutory_assessment_rate_not_market_price
119882,34630,บูกิต เลควิว,-,83,ภูเก็ต,3,ถลาง,1,เทพกระษัตรี,83010000,สำนักงานที่ดินจังหวัดภูเก็ต สาขาถลาง,3,False,ห้องชุดพักอาศัย,9500,,official_statutory_assessment_rate_not_market_price
119883,34630,บูกิต เลควิว,-,83,ภูเก็ต,3,ถลาง,1,เทพกระษัตรี,83010000,สำนักงานที่ดินจังหวัดภูเก็ต สาขาถลาง,3,False,ระเบียง,4750,,official_statutory_assessment_rate_not_market_price
119884,34630,บูกิต เลควิว,-,83,ภูเก็ต,3,ถลาง,1,เทพกระษัตรี,83010000,สำนักงานที่ดินจังหวัดภูเก็ต สาขาถลาง,4,False,ห้องชุดพักอาศัย,9500,,official_statutory_assessment_rate_not_market_price
119885,34630,บูกิต เลควิว,-,83,ภูเก็ต,3,ถลาง,1,เทพกระษัตรี,83010000,สำนักงานที่ดินจังหวัดภูเก็ต สาขาถลาง,4,False,ระเบียง,4750,,official_statutory_assessment_rate_not_market_price
119886,34403,เดอะ รอยัล เพลส คอนโดมิเนียม ทาวเวอร์ 2,-,83,ภูเก็ต,3,ถลาง,1,กะทู้,83000000,สำนักงานที่ดินจังหวัดภูเก็ต,6,False,ห้องชุดพักอาศัย,40500,,official_statutory_assessment_rate_not_market_price
119887,34403,เดอะ รอยัล เพลส คอนโดมิเนียม ทาวเวอร์ 2,-,83,ภูเก็ต,3,ถลาง,1,กะทู้,83000000,สำนักงานที่ดินจังหวัดภูเก็ต,7,False,ห้องชุดพักอาศัย,41000,,official_statutory_assessment_rate_not_market_price
119888,34403,เดอะ รอยัล เพลส คอนโดมิเนียม ทาวเวอร์ 2,-,83,ภูเก็ต,3,ถลาง,1,กะทู้,83000000,สำนักงานที่ดินจังหวัดภูเก็ต,8,False,ห้องชุดพักอาศัยแบบเพนท์เฮ้าส์,42000,,official_statutory_assessment_rate_not_market_price
119889,34403,เดอะ รอยัล เพลส คอนโดมิเนียม ทาวเวอร์ 2,-,83,ภูเก็ต,3,ถลาง,1,กะทู้,83000000,สำนักงานที่ดินจังหวัดภูเก็ต,1,False,ห้องชุดเพื่อประกอบการค้า(ห้องชุดพาณิชยกรรม),47500,,official_statutory_assessment_rate_not_market_price
119890,34403,เดอะ รอยัล เพลส คอนโดมิเนียม ทาวเวอร์ 2,-,83,ภูเก็ต,3,ถลาง,1,กะทู้,83000000,สำนักงานที่ดินจังหวัดภูเก็ต,2,False,ห้องชุดพักอาศัย,39500,,official_statutory_assessment_rate_not_market_price
119891,34403,เดอะ รอยัล เพลส คอนโดมิเนียม ทาวเวอร์ 2,-,83,ภูเก็ต,3,ถลาง,1,กะทู้,83000000,สำนักงานที่ดินจังหวัดภูเก็ต,3,False,ห้องชุดพักอาศัย,40000,,official_statutory_assessment_rate_not_market_price
119892,34403,เดอะ รอยัล เพลส คอนโดมิเนียม ทาวเวอร์ 2,-,83,ภูเก็ต,3,ถลาง,1,กะทู้,83000000,สำนักงานที่ดินจังหวัดภูเก็ต,4,False,ห้องชุดพักอาศัย,40000,,official_statutory_assessment_rate_not_market_price
119893,34403,เดอะ รอยัล เพลส คอนโดมิเนียม ทาวเวอร์ 2,-,83,ภูเก็ต,3,ถลาง,1,กะทู้,83000000,สำนักงานที่ดินจังหวัดภูเก็ต,5,False,ห้องชุดพักอาศัย,40500,,official_statutory_assessment_rate_not_market_price
119894,34621,บลูแคนยอนโฮม 2,บี8,83,ภูเก็ต,3,ถลาง,1,เทพกระษัตรี,83010000,สำนักงานที่ดินจังหวัดภูเก็ต สาขาถลาง,1,False,ห้องชุดพักอาศัย,40000,,official_statutory_assessment_rate_not_market_price
119895,34621,บลูแคนยอนโฮม 2,บี8,83,ภูเก็ต,3,ถลาง,1,เทพกระษัตรี,83010000,สำนักงานที่ดินจังหวัดภูเก็ต สาขาถลาง,1,False,พื้นที่วางกระถางต้นไม้ ,20000,,official_statutory_assessment_rate_not_market_price
119896,34621,บลูแคนยอนโฮม 2,บี8,83,ภูเก็ต,3,ถลาง,1,เทพกระษัตรี,83010000,สำนักงานที่ดินจังหวัดภูเก็ต สาขาถลาง,2,False,ห้องชุดพักอาศัย,40000,,official_statutory_assessment_rate_not_market_price
119897,34621,บลูแคนยอนโฮม 2,บี8,83,ภูเก็ต,3,ถลาง,1,เทพกระษัตรี,83010000,สำนักงานที่ดินจังหวัดภูเก็ต สาขาถลาง,2,False,พื้นที่วางกระถางต้นไม้ ,20000,,official_statutory_assessment_rate_not_market_price
119898,34621,บลูแคนยอนโฮม 2,บี8,83,ภูเก็ต,3,ถลาง,1,เทพกระษัตรี,83010000,สำนักงานที่ดินจังหวัดภูเก็ต สาขาถลาง,3,False,ห้องชุดพักอาศัย,40000,,official_statutory_assessment_rate_not_market_price
119899,34621,บลูแคนยอนโฮม 2,บี8,83,ภูเก็ต,3,ถลาง,1,เทพกระษัตรี,83010000,สำนักงานที่ดินจังหวัดภูเก็ต สาขาถลาง,3,False,พื้นที่ระเบียง,20000,,official_statutory_assessment_rate_not_market_price
119900,34621,บลูแคนยอนโฮม 2,บี8,83,ภูเก็ต,3,ถลาง,1,เทพกระษัตรี,83010000,สำนักงานที่ดินจังหวัดภูเก็ต สาขาถลาง,3,False,พื้นที่วางกระถางต้นไม้ ,20000,,official_statutory_assessment_rate_not_market_price
119901,34621,บลูแคนยอนโฮม 2,บี8,83,ภูเก็ต,3,ถลาง,1,เทพกระษัตรี,83010000,สำนักงานที่ดินจังหวัดภูเก็ต สาขาถลาง,4,False,พื้นที่ระเบียง,20500,,official_statutory_assessment_rate_not_market_price
119902,34621,บลูแคนยอนโฮม 2,บี8,83,ภูเก็ต,3,ถลาง,1,เทพกระษัตรี,83010000,สำนักงานที่ดินจังหวัดภูเก็ต สาขาถลาง,4,False,พื้นที่วางกระถางต้นไม้ ,20500,,official_statutory_assessment_rate_not_market_price
119903,34621,บลูแคนยอนโฮม 2,บี8,83,ภูเก็ต,3,ถลาง,1,เทพกระษัตรี,83010000,สำนักงานที่ดินจังหวัดภูเก็ต สาขาถลาง,4,False,ห้องชุดพักอาศัยแบบเพนท์เฮ้าส์,41000,,official_statutory_assessment_rate_not_market_price
119904,34621,บลูแคนยอนโฮม 2,บี8,83,ภูเก็ต,3,ถลาง,1,เทพกระษัตรี,83010000,สำนักงานที่ดินจังหวัดภูเก็ต สาขาถลาง,5,False,ห้องชุดพักอาศัยแบบเพนท์เฮ้าส์,41000,,official_statutory_assessment_rate_not_market_price
119905,34621,บลูแคนยอนโฮม 2,บี8,83,ภูเก็ต,3,ถลาง,1,เทพกระษัตรี,83010000,สำนักงานที่ดินจังหวัดภูเก็ต สาขาถลาง,5,False,พื้นที่ระเบียง,20500,,official_statutory_assessment_rate_not_market_price
119906,34621,บลูแคนยอนโฮม 2,บี8,83,ภูเก็ต,3,ถลาง,1,เทพกระษัตรี,83010000,สำนักงานที่ดินจังหวัดภูเก็ต สาขาถลาง,5,False,พื้นที่วางกระถางต้นไม้ ,20500,,official_statutory_assessment_rate_not_market_price
119907,34623,บ้านเอื้ออาทรถลาง 1,1-ก.ค.,83,ภูเก็ต,3,ถลาง,2,ศรีสุนทร,83010000,สำนักงานที่ดินจังหวัดภูเก็ต สาขาถลาง,3,False,ห้องชุดพักอาศัย,10500,,official_statutory_assessment_rate_not_market_price
119908,34623,บ้านเอื้ออาทรถลาง 1,1-ก.ค.,83,ภูเก็ต,3,ถลาง,2,ศรีสุนทร,83010000,สำนักงานที่ดินจังหวัดภูเก็ต สาขาถลาง,3,False,พื้นที่ระเบียง,5250,,official_statutory_assessment_rate_not_market_price
119909,34623,บ้านเอื้ออาทรถลาง 1,80-84,83,ภูเก็ต,3,ถลาง,2,ศรีสุนทร,83010000,สำนักงานที่ดินจังหวัดภูเก็ต สาขาถลาง,1,False,ห้องชุดพักอาศัย,11500,,official_statutory_assessment_rate_not_market_price
119910,34623,บ้านเอื้ออาทรถลาง 1,80-84,83,ภูเก็ต,3,ถลาง,2,ศรีสุนทร,83010000,สำนักงานที่ดินจังหวัดภูเก็ต สาขาถลาง,1,False,พื้นที่ระเบียง,5750,,official_statutory_assessment_rate_not_market_price
119911,34623,บ้านเอื้ออาทรถลาง 1,80-84,83,ภูเก็ต,3,ถลาง,2,ศรีสุนทร,83010000,สำนักงานที่ดินจังหวัดภูเก็ต สาขาถลาง,2,False,ห้องชุดพักอาศัย,11000,,official_statutory_assessment_rate_not_market_price
119912,34623,บ้านเอื้ออาทรถลาง 1,80-84,83,ภูเก็ต,3,ถลาง,2,ศรีสุนทร,83010000,สำนักงานที่ดินจังหวัดภูเก็ต สาขาถลาง,2,False,พื้นที่ระเบียง,5500,,official_statutory_assessment_rate_not_market_price
119913,34623,บ้านเอื้ออาทรถลาง 1,80-84,83,ภูเก็ต,3,ถลาง,2,ศรีสุนทร,83010000,สำนักงานที่ดินจังหวัดภูเก็ต สาขาถลาง,3,False,ห้องชุดพักอาศัย,10500,,official_statutory_assessment_rate_not_market_price
119914,34623,บ้านเอื้ออาทรถลาง 1,80-84,83,ภูเก็ต,3,ถลาง,2,ศรีสุนทร,83010000,สำนักงานที่ดินจังหวัดภูเก็ต สาขาถลาง,3,False,พื้นที่ระเบียง,5250,,official_statutory_assessment_rate_not_market_price
119915,34623,บ้านเอื้ออาทรถลาง 1,96,83,ภูเก็ต,3,ถลาง,2,ศรีสุนทร,83010000,สำนักงานที่ดินจังหวัดภูเก็ต สาขาถลาง,1,False,ห้องชุดพักอาศัย,11500,,official_statutory_assessment_rate_not_market_price
119916,34623,บ้านเอื้ออาทรถลาง 1,96,83,ภูเก็ต,3,ถลาง,2,ศรีสุนทร,83010000,สำนักงานที่ดินจังหวัดภูเก็ต สาขาถลาง,1,False,พื้นที่ระเบียง,5750,,official_statutory_assessment_rate_not_market_price
119917,34623,บ้านเอื้ออาทรถลาง 1,96,83,ภูเก็ต,3,ถลาง,2,ศรีสุนทร,83010000,สำนักงานที่ดินจังหวัดภูเก็ต สาขาถลาง,2,False,ห้องชุดพักอาศัย,11000,,official_statutory_assessment_rate_not_market_price
119918,34623,บ้านเอื้ออาทรถลาง 1,96,83,ภูเก็ต,3,ถลาง,2,ศรีสุนทร,83010000,สำนักงานที่ดินจังหวัดภูเก็ต สาขาถลาง,2,False,พื้นที่ระเบียง,5500,,official_statutory_assessment_rate_not_market_price
119919,34623,บ้านเอื้ออาทรถลาง 1,96,83,ภูเก็ต,3,ถลาง,2,ศรีสุนทร,83010000,สำนักงานที่ดินจังหวัดภูเก็ต สาขาถลาง,3,False,ห้องชุดพักอาศัย,10500,,official_statutory_assessment_rate_not_market_price
119920,34623,บ้านเอื้ออาทรถลาง 1,96,83,ภูเก็ต,3,ถลาง,2,ศรีสุนทร,83010000,สำนักงานที่ดินจังหวัดภูเก็ต สาขาถลาง,3,False,พื้นที่ระเบียง,5250,,official_statutory_assessment_rate_not_market_price
119921,34623,บ้านเอื้ออาทรถลาง 1,98-102,83,ภูเก็ต,3,ถลาง,2,ศรีสุนทร,83010000,สำนักงานที่ดินจังหวัดภูเก็ต สาขาถลาง,1,False,ห้องชุดพักอาศัย,11500,,official_statutory_assessment_rate_not_market_price
119922,34623,บ้านเอื้ออาทรถลาง 1,98-102,83,ภูเก็ต,3,ถลาง,2,ศรีสุนทร,83010000,สำนักงานที่ดินจังหวัดภูเก็ต สาขาถลาง,1,False,พื้นที่ระเบียง,5750,,official_statutory_assessment_rate_not_market_price
119923,34623,บ้านเอื้ออาทรถลาง 1,16-20,83,ภูเก็ต,3,ถลาง,2,ศรีสุนทร,83010000,สำนักงานที่ดินจังหวัดภูเก็ต สาขาถลาง,1,False,ห้องชุดพักอาศัย,11500,,official_statutory_assessment_rate_not_market_price
119924,34623,บ้านเอื้ออาทรถลาง 1,16-20,83,ภูเก็ต,3,ถลาง,2,ศรีสุนทร,83010000,สำนักงานที่ดินจังหวัดภูเก็ต สาขาถลาง,1,False,พื้นที่ระเบียง,5750,,official_statutory_assessment_rate_not_market_price
119925,34623,บ้านเอื้ออาทรถลาง 1,16-20,83,ภูเก็ต,3,ถลาง,2,ศรีสุนทร,83010000,สำนักงานที่ดินจังหวัดภูเก็ต สาขาถลาง,2,False,ห้องชุดพักอาศัย,11000,,official_statutory_assessment_rate_not_market_price
119926,34623,บ้านเอื้ออาทรถลาง 1,16-20,83,ภูเก็ต,3,ถลาง,2,ศรีสุนทร,83010000,สำนักงานที่ดินจังหวัดภูเก็ต สาขาถลาง,2,False,พื้นที่ระเบียง,5500,,official_statutory_assessment_rate_not_market_price
119927,34623,บ้านเอื้ออาทรถลาง 1,16-20,83,ภูเก็ต,3,ถลาง,2,ศรีสุนทร,83010000,สำนักงานที่ดินจังหวัดภูเก็ต สาขาถลาง,3,False,ห้องชุดพักอาศัย,10500,,official_statutory_assessment_rate_not_market_price
119928,34623,บ้านเอื้ออาทรถลาง 1,16-20,83,ภูเก็ต,3,ถลาง,2,ศรีสุนทร,83010000,สำนักงานที่ดินจังหวัดภูเก็ต สาขาถลาง,3,False,พื้นที่ระเบียง,5250,,official_statutory_assessment_rate_not_market_price
119929,34623,บ้านเอื้ออาทรถลาง 1,1-ก.ค.,83,ภูเก็ต,3,ถลาง,2,ศรีสุนทร,83010000,สำนักงานที่ดินจังหวัดภูเก็ต สาขาถลาง,1,False,ห้องชุดพักอาศัย,11500,,official_statutory_assessment_rate_not_market_price
119930,34623,บ้านเอื้ออาทรถลาง 1,1-ก.ค.,83,ภูเก็ต,3,ถลาง,2,ศรีสุนทร,83010000,สำนักงานที่ดินจังหวัดภูเก็ต สาขาถลาง,1,False,พื้นที่ระเบียง,5750,,official_statutory_assessment_rate_not_market_price
119931,34623,บ้านเอื้ออาทรถลาง 1,1-ก.ค.,83,ภูเก็ต,3,ถลาง,2,ศรีสุนทร,83010000,สำนักงานที่ดินจังหวัดภูเก็ต สาขาถลาง,2,False,ห้องชุดพักอาศัย,11000,,official_statutory_assessment_rate_not_market_price
119932,34623,บ้านเอื้ออาทรถลาง 1,1-ก.ค.,83,ภูเก็ต,3,ถลาง,2,ศรีสุนทร,83010000,สำนักงานที่ดินจังหวัดภูเก็ต สาขาถลาง,2,False,พื้นที่ระเบียง,5500,,official_statutory_assessment_rate_not_market_price
119933,34625,บ้านเอื้ออาทรถลาง 3,28-31,83,ภูเก็ต,3,ถลาง,2,ศรีสุนทร,83010000,สำนักงานที่ดินจังหวัดภูเก็ต สาขาถลาง,1,False,ห้องชุดพักอาศัย,11500,,official_statutory_assessment_rate_not_market_price
119934,34625,บ้านเอื้ออาทรถลาง 3,28-31,83,ภูเก็ต,3,ถลาง,2,ศรีสุนทร,83010000,สำนักงานที่ดินจังหวัดภูเก็ต สาขาถลาง,1,False,พื้นที่ระเบียง,5750,,official_statutory_assessment_rate_not_market_price
119935,34625,บ้านเอื้ออาทรถลาง 3,28-31,83,ภูเก็ต,3,ถลาง,2,ศรีสุนทร,83010000,สำนักงานที่ดินจังหวัดภูเก็ต สาขาถลาง,2,False,ห้องชุดพักอาศัย,11000,,official_statutory_assessment_rate_not_market_price
119936,34625,บ้านเอื้ออาทรถลาง 3,28-31,83,ภูเก็ต,3,ถลาง,2,ศรีสุนทร,83010000,สำนักงานที่ดินจังหวัดภูเก็ต สาขาถลาง,2,False,พื้นที่ระเบียง,5500,,official_statutory_assessment_rate_not_market_price
119937,34625,บ้านเอื้ออาทรถลาง 3,28-31,83,ภูเก็ต,3,ถลาง,2,ศรีสุนทร,83010000,สำนักงานที่ดินจังหวัดภูเก็ต สาขาถลาง,3,False,ห้องชุดพักอาศัย,10500,,official_statutory_assessment_rate_not_market_price
119938,34625,บ้านเอื้ออาทรถลาง 3,28-31,83,ภูเก็ต,3,ถลาง,2,ศรีสุนทร,83010000,สำนักงานที่ดินจังหวัดภูเก็ต สาขาถลาง,3,False,พื้นที่ระเบียง,5250,,official_statutory_assessment_rate_not_market_price
119939,34625,บ้านเอื้ออาทรถลาง 3,36-39,83,ภูเก็ต,3,ถลาง,2,ศรีสุนทร,83010000,สำนักงานที่ดินจังหวัดภูเก็ต สาขาถลาง,1,False,ห้องชุดพักอาศัย,11500,,official_statutory_assessment_rate_not_market_price
119940,34625,บ้านเอื้ออาทรถลาง 3,36-39,83,ภูเก็ต,3,ถลาง,2,ศรีสุนทร,83010000,สำนักงานที่ดินจังหวัดภูเก็ต สาขาถลาง,1,False,พื้นที่ระเบียง,5750,,official_statutory_assessment_rate_not_market_price
119941,34625,บ้านเอื้ออาทรถลาง 3,36-39,83,ภูเก็ต,3,ถลาง,2,ศรีสุนทร,83010000,สำนักงานที่ดินจังหวัดภูเก็ต สาขาถลาง,2,False,ห้องชุดพักอาศัย,11000,,official_statutory_assessment_rate_not_market_price
119942,34625,บ้านเอื้ออาทรถลาง 3,36-39,83,ภูเก็ต,3,ถลาง,2,ศรีสุนทร,83010000,สำนักงานที่ดินจังหวัดภูเก็ต สาขาถลาง,2,False,พื้นที่ระเบียง,5500,,official_statutory_assessment_rate_not_market_price
119943,34625,บ้านเอื้ออาทรถลาง 3,36-39,83,ภูเก็ต,3,ถลาง,2,ศรีสุนทร,83010000,สำนักงานที่ดินจังหวัดภูเก็ต สาขาถลาง,3,False,ห้องชุดพักอาศัย,10500,,official_statutory_assessment_rate_not_market_price
119944,34625,บ้านเอื้ออาทรถลาง 3,36-39,83,ภูเก็ต,3,ถลาง,2,ศรีสุนทร,83010000,สำนักงานที่ดินจังหวัดภูเก็ต สาขาถลาง,3,False,พื้นที่ระเบียง,5250,,official_statutory_assessment_rate_not_market_price
119945,34625,บ้านเอื้ออาทรถลาง 3,45-48,83,ภูเก็ต,3,ถลาง,2,ศรีสุนทร,83010000,สำนักงานที่ดินจังหวัดภูเก็ต สาขาถลาง,1,False,ห้องชุดพักอาศัย,11500,,official_statutory_assessment_rate_not_market_price
119946,34625,บ้านเอื้ออาทรถลาง 3,45-48,83,ภูเก็ต,3,ถลาง,2,ศรีสุนทร,83010000,สำนักงานที่ดินจังหวัดภูเก็ต สาขาถลาง,1,False,พื้นที่ระเบียง,5750,,official_statutory_assessment_rate_not_market_price
119947,34625,บ้านเอื้ออาทรถลาง 3,45-48,83,ภูเก็ต,3,ถลาง,2,ศรีสุนทร,83010000,สำนักงานที่ดินจังหวัดภูเก็ต สาขาถลาง,2,False,ห้องชุดพักอาศัย,11000,,official_statutory_assessment_rate_not_market_price
119948,34625,บ้านเอื้ออาทรถลาง 3,45-48,83,ภูเก็ต,3,ถลาง,2,ศรีสุนทร,83010000,สำนักงานที่ดินจังหวัดภูเก็ต สาขาถลาง,2,False,พื้นที่ระเบียง,5500,,official_statutory_assessment_rate_not_market_price
119949,34624,บ้านเอื้ออาทรถลาง 2,85-95,83,ภูเก็ต,3,ถลาง,2,ศรีสุนทร,83010000,สำนักงานที่ดินจังหวัดภูเก็ต สาขาถลาง,2,False,ห้องชุดพักอาศัย,11000,,official_statutory_assessment_rate_not_market_price
119950,34624,บ้านเอื้ออาทรถลาง 2,85-95,83,ภูเก็ต,3,ถลาง,2,ศรีสุนทร,83010000,สำนักงานที่ดินจังหวัดภูเก็ต สาขาถลาง,2,False,พื้นที่ระเบียง,5500,,official_statutory_assessment_rate_not_market_price
119951,34624,บ้านเอื้ออาทรถลาง 2,85-95,83,ภูเก็ต,3,ถลาง,2,ศรีสุนทร,83010000,สำนักงานที่ดินจังหวัดภูเก็ต สาขาถลาง,3,False,ห้องชุดพักอาศัย,10500,,official_statutory_assessment_rate_not_market_price
119952,34624,บ้านเอื้ออาทรถลาง 2,85-95,83,ภูเก็ต,3,ถลาง,2,ศรีสุนทร,83010000,สำนักงานที่ดินจังหวัดภูเก็ต สาขาถลาง,3,False,พื้นที่ระเบียง,5250,,official_statutory_assessment_rate_not_market_price
119953,34624,บ้านเอื้ออาทรถลาง 2,97,83,ภูเก็ต,3,ถลาง,2,ศรีสุนทร,83010000,สำนักงานที่ดินจังหวัดภูเก็ต สาขาถลาง,1,False,ห้องชุดพักอาศัย,11500,,official_statutory_assessment_rate_not_market_price
119954,34624,บ้านเอื้ออาทรถลาง 2,97,83,ภูเก็ต,3,ถลาง,2,ศรีสุนทร,83010000,สำนักงานที่ดินจังหวัดภูเก็ต สาขาถลาง,1,False,พื้นที่ระเบียง,5750,,official_statutory_assessment_rate_not_market_price
119955,34624,บ้านเอื้ออาทรถลาง 2,97,83,ภูเก็ต,3,ถลาง,2,ศรีสุนทร,83010000,สำนักงานที่ดินจังหวัดภูเก็ต สาขาถลาง,2,False,ห้องชุดพักอาศัย,11000,,official_statutory_assessment_rate_not_market_price
119956,34624,บ้านเอื้ออาทรถลาง 2,97,83,ภูเก็ต,3,ถลาง,2,ศรีสุนทร,83010000,สำนักงานที่ดินจังหวัดภูเก็ต สาขาถลาง,2,False,พื้นที่ระเบียง,5500,,official_statutory_assessment_rate_not_market_price
119957,34624,บ้านเอื้ออาทรถลาง 2,97,83,ภูเก็ต,3,ถลาง,2,ศรีสุนทร,83010000,สำนักงานที่ดินจังหวัดภูเก็ต สาขาถลาง,3,False,ห้องชุดพักอาศัย,10500,,official_statutory_assessment_rate_not_market_price
119958,34624,บ้านเอื้ออาทรถลาง 2,97,83,ภูเก็ต,3,ถลาง,2,ศรีสุนทร,83010000,สำนักงานที่ดินจังหวัดภูเก็ต สาขาถลาง,3,False,พื้นที่ระเบียง,5250,,official_statutory_assessment_rate_not_market_price
119959,34625,บ้านเอื้ออาทรถลาง 3,ต.ค.-13,83,ภูเก็ต,3,ถลาง,2,ศรีสุนทร,83010000,สำนักงานที่ดินจังหวัดภูเก็ต สาขาถลาง,1,False,ห้องชุดพักอาศัย,11500,,official_statutory_assessment_rate_not_market_price
119960,34625,บ้านเอื้ออาทรถลาง 3,ต.ค.-13,83,ภูเก็ต,3,ถลาง,2,ศรีสุนทร,83010000,สำนักงานที่ดินจังหวัดภูเก็ต สาขาถลาง,1,False,พื้นที่ระเบียง,5750,,official_statutory_assessment_rate_not_market_price
119961,34625,บ้านเอื้ออาทรถลาง 3,ต.ค.-13,83,ภูเก็ต,3,ถลาง,2,ศรีสุนทร,83010000,สำนักงานที่ดินจังหวัดภูเก็ต สาขาถลาง,2,False,ห้องชุดพักอาศัย,11000,,official_statutory_assessment_rate_not_market_price
119962,34625,บ้านเอื้ออาทรถลาง 3,ต.ค.-13,83,ภูเก็ต,3,ถลาง,2,ศรีสุนทร,83010000,สำนักงานที่ดินจังหวัดภูเก็ต สาขาถลาง,2,False,พื้นที่ระเบียง,5500,,official_statutory_assessment_rate_not_market_price
119963,34625,บ้านเอื้ออาทรถลาง 3,ต.ค.-13,83,ภูเก็ต,3,ถลาง,2,ศรีสุนทร,83010000,สำนักงานที่ดินจังหวัดภูเก็ต สาขาถลาง,3,False,ห้องชุดพักอาศัย,10500,,official_statutory_assessment_rate_not_market_price
119964,34625,บ้านเอื้ออาทรถลาง 3,ต.ค.-13,83,ภูเก็ต,3,ถลาง,2,ศรีสุนทร,83010000,สำนักงานที่ดินจังหวัดภูเก็ต สาขาถลาง,3,False,พื้นที่ระเบียง,5250,,official_statutory_assessment_rate_not_market_price
119965,34623,บ้านเอื้ออาทรถลาง 1,98-102,83,ภูเก็ต,3,ถลาง,2,ศรีสุนทร,83010000,สำนักงานที่ดินจังหวัดภูเก็ต สาขาถลาง,2,False,ห้องชุดพักอาศัย,11000,,official_statutory_assessment_rate_not_market_price
119966,34623,บ้านเอื้ออาทรถลาง 1,98-102,83,ภูเก็ต,3,ถลาง,2,ศรีสุนทร,83010000,สำนักงานที่ดินจังหวัดภูเก็ต สาขาถลาง,2,False,พื้นที่ระเบียง,5500,,official_statutory_assessment_rate_not_market_price
119967,34623,บ้านเอื้ออาทรถลาง 1,98-102,83,ภูเก็ต,3,ถลาง,2,ศรีสุนทร,83010000,สำนักงานที่ดินจังหวัดภูเก็ต สาขาถลาง,3,False,ห้องชุดพักอาศัย,10500,,official_statutory_assessment_rate_not_market_price
119968,34623,บ้านเอื้ออาทรถลาง 1,98-102,83,ภูเก็ต,3,ถลาง,2,ศรีสุนทร,83010000,สำนักงานที่ดินจังหวัดภูเก็ต สาขาถลาง,3,False,พื้นที่ระเบียง,5250,,official_statutory_assessment_rate_not_market_price
119969,34624,บ้านเอื้ออาทรถลาง 2,14-15,83,ภูเก็ต,3,ถลาง,2,ศรีสุนทร,83010000,สำนักงานที่ดินจังหวัดภูเก็ต สาขาถลาง,1,False,ห้องชุดพักอาศัย,11500,,official_statutory_assessment_rate_not_market_price
119970,34624,บ้านเอื้ออาทรถลาง 2,14-15,83,ภูเก็ต,3,ถลาง,2,ศรีสุนทร,83010000,สำนักงานที่ดินจังหวัดภูเก็ต สาขาถลาง,1,False,พื้นที่ระเบียง,5750,,official_statutory_assessment_rate_not_market_price
119971,34624,บ้านเอื้ออาทรถลาง 2,14-15,83,ภูเก็ต,3,ถลาง,2,ศรีสุนทร,83010000,สำนักงานที่ดินจังหวัดภูเก็ต สาขาถลาง,2,False,ห้องชุดพักอาศัย,11000,,official_statutory_assessment_rate_not_market_price
119972,34624,บ้านเอื้ออาทรถลาง 2,14-15,83,ภูเก็ต,3,ถลาง,2,ศรีสุนทร,83010000,สำนักงานที่ดินจังหวัดภูเก็ต สาขาถลาง,2,False,พื้นที่ระเบียง,5500,,official_statutory_assessment_rate_not_market_price
119973,34624,บ้านเอื้ออาทรถลาง 2,14-15,83,ภูเก็ต,3,ถลาง,2,ศรีสุนทร,83010000,สำนักงานที่ดินจังหวัดภูเก็ต สาขาถลาง,3,False,ห้องชุดพักอาศัย,10500,,official_statutory_assessment_rate_not_market_price
119974,34624,บ้านเอื้ออาทรถลาง 2,14-15,83,ภูเก็ต,3,ถลาง,2,ศรีสุนทร,83010000,สำนักงานที่ดินจังหวัดภูเก็ต สาขาถลาง,3,False,พื้นที่ระเบียง,5250,,official_statutory_assessment_rate_not_market_price
119975,34624,บ้านเอื้ออาทรถลาง 2,32-33,83,ภูเก็ต,3,ถลาง,2,ศรีสุนทร,83010000,สำนักงานที่ดินจังหวัดภูเก็ต สาขาถลาง,1,False,ห้องชุดพักอาศัย,11500,,official_statutory_assessment_rate_not_market_price
119976,34624,บ้านเอื้ออาทรถลาง 2,32-33,83,ภูเก็ต,3,ถลาง,2,ศรีสุนทร,83010000,สำนักงานที่ดินจังหวัดภูเก็ต สาขาถลาง,1,False,พื้นที่ระเบียง,5750,,official_statutory_assessment_rate_not_market_price
119977,34624,บ้านเอื้ออาทรถลาง 2,32-33,83,ภูเก็ต,3,ถลาง,2,ศรีสุนทร,83010000,สำนักงานที่ดินจังหวัดภูเก็ต สาขาถลาง,2,False,ห้องชุดพักอาศัย,11000,,official_statutory_assessment_rate_not_market_price
119978,34624,บ้านเอื้ออาทรถลาง 2,32-33,83,ภูเก็ต,3,ถลาง,2,ศรีสุนทร,83010000,สำนักงานที่ดินจังหวัดภูเก็ต สาขาถลาง,2,False,พื้นที่ระเบียง,5500,,official_statutory_assessment_rate_not_market_price
119979,34624,บ้านเอื้ออาทรถลาง 2,32-33,83,ภูเก็ต,3,ถลาง,2,ศรีสุนทร,83010000,สำนักงานที่ดินจังหวัดภูเก็ต สาขาถลาง,3,False,ห้องชุดพักอาศัย,10500,,official_statutory_assessment_rate_not_market_price
119980,34624,บ้านเอื้ออาทรถลาง 2,32-33,83,ภูเก็ต,3,ถลาง,2,ศรีสุนทร,83010000,สำนักงานที่ดินจังหวัดภูเก็ต สาขาถลาง,3,False,พื้นที่ระเบียง,5250,,official_statutory_assessment_rate_not_market_price
119981,34624,บ้านเอื้ออาทรถลาง 2,59-60,83,ภูเก็ต,3,ถลาง,2,ศรีสุนทร,83010000,สำนักงานที่ดินจังหวัดภูเก็ต สาขาถลาง,3,False,ห้องชุดพักอาศัย,10500,,official_statutory_assessment_rate_not_market_price
119982,34624,บ้านเอื้ออาทรถลาง 2,59-60,83,ภูเก็ต,3,ถลาง,2,ศรีสุนทร,83010000,สำนักงานที่ดินจังหวัดภูเก็ต สาขาถลาง,3,False,พื้นที่ระเบียง,5250,,official_statutory_assessment_rate_not_market_price
119983,34624,บ้านเอื้ออาทรถลาง 2,67-68,83,ภูเก็ต,3,ถลาง,2,ศรีสุนทร,83010000,สำนักงานที่ดินจังหวัดภูเก็ต สาขาถลาง,1,False,ห้องชุดพักอาศัย,11500,,official_statutory_assessment_rate_not_market_price
119984,34624,บ้านเอื้ออาทรถลาง 2,67-68,83,ภูเก็ต,3,ถลาง,2,ศรีสุนทร,83010000,สำนักงานที่ดินจังหวัดภูเก็ต สาขาถลาง,1,False,พื้นที่ระเบียง,5750,,official_statutory_assessment_rate_not_market_price
119985,34624,บ้านเอื้ออาทรถลาง 2,67-68,83,ภูเก็ต,3,ถลาง,2,ศรีสุนทร,83010000,สำนักงานที่ดินจังหวัดภูเก็ต สาขาถลาง,2,False,ห้องชุดพักอาศัย,11000,,official_statutory_assessment_rate_not_market_price
119986,34624,บ้านเอื้ออาทรถลาง 2,67-68,83,ภูเก็ต,3,ถลาง,2,ศรีสุนทร,83010000,สำนักงานที่ดินจังหวัดภูเก็ต สาขาถลาง,2,False,พื้นที่ระเบียง,5500,,official_statutory_assessment_rate_not_market_price
119987,34624,บ้านเอื้ออาทรถลาง 2,67-68,83,ภูเก็ต,3,ถลาง,2,ศรีสุนทร,83010000,สำนักงานที่ดินจังหวัดภูเก็ต สาขาถลาง,3,False,ห้องชุดพักอาศัย,10500,,official_statutory_assessment_rate_not_market_price
119988,34624,บ้านเอื้ออาทรถลาง 2,67-68,83,ภูเก็ต,3,ถลาง,2,ศรีสุนทร,83010000,สำนักงานที่ดินจังหวัดภูเก็ต สาขาถลาง,3,False,พื้นที่ระเบียง,5250,,official_statutory_assessment_rate_not_market_price
119989,34624,บ้านเอื้ออาทรถลาง 2,75-79,83,ภูเก็ต,3,ถลาง,2,ศรีสุนทร,83010000,สำนักงานที่ดินจังหวัดภูเก็ต สาขาถลาง,1,False,ห้องชุดพักอาศัย,11500,,official_statutory_assessment_rate_not_market_price
119990,34624,บ้านเอื้ออาทรถลาง 2,75-79,83,ภูเก็ต,3,ถลาง,2,ศรีสุนทร,83010000,สำนักงานที่ดินจังหวัดภูเก็ต สาขาถลาง,1,False,พื้นที่ระเบียง,5750,,official_statutory_assessment_rate_not_market_price
119991,34624,บ้านเอื้ออาทรถลาง 2,75-79,83,ภูเก็ต,3,ถลาง,2,ศรีสุนทร,83010000,สำนักงานที่ดินจังหวัดภูเก็ต สาขาถลาง,2,False,ห้องชุดพักอาศัย,11000,,official_statutory_assessment_rate_not_market_price
119992,34624,บ้านเอื้ออาทรถลาง 2,75-79,83,ภูเก็ต,3,ถลาง,2,ศรีสุนทร,83010000,สำนักงานที่ดินจังหวัดภูเก็ต สาขาถลาง,2,False,พื้นที่ระเบียง,5500,,official_statutory_assessment_rate_not_market_price
119993,34624,บ้านเอื้ออาทรถลาง 2,75-79,83,ภูเก็ต,3,ถลาง,2,ศรีสุนทร,83010000,สำนักงานที่ดินจังหวัดภูเก็ต สาขาถลาง,3,False,ห้องชุดพักอาศัย,10500,,official_statutory_assessment_rate_not_market_price
119994,34624,บ้านเอื้ออาทรถลาง 2,75-79,83,ภูเก็ต,3,ถลาง,2,ศรีสุนทร,83010000,สำนักงานที่ดินจังหวัดภูเก็ต สาขาถลาง,3,False,พื้นที่ระเบียง,5250,,official_statutory_assessment_rate_not_market_price
119995,34624,บ้านเอื้ออาทรถลาง 2,85-95,83,ภูเก็ต,3,ถลาง,2,ศรีสุนทร,83010000,สำนักงานที่ดินจังหวัดภูเก็ต สาขาถลาง,1,False,ห้องชุดพักอาศัย,11500,,official_statutory_assessment_rate_not_market_price
119996,34624,บ้านเอื้ออาทรถลาง 2,85-95,83,ภูเก็ต,3,ถลาง,2,ศรีสุนทร,83010000,สำนักงานที่ดินจังหวัดภูเก็ต สาขาถลาง,1,False,พื้นที่ระเบียง,5750,,official_statutory_assessment_rate_not_market_price
119997,34624,บ้านเอื้ออาทรถลาง 2,40-42,83,ภูเก็ต,3,ถลาง,2,ศรีสุนทร,83010000,สำนักงานที่ดินจังหวัดภูเก็ต สาขาถลาง,1,False,ห้องชุดพักอาศัย,11500,,official_statutory_assessment_rate_not_market_price
119998,34624,บ้านเอื้ออาทรถลาง 2,40-42,83,ภูเก็ต,3,ถลาง,2,ศรีสุนทร,83010000,สำนักงานที่ดินจังหวัดภูเก็ต สาขาถลาง,1,False,พื้นที่ระเบียง,5750,,official_statutory_assessment_rate_not_market_price
119999,34624,บ้านเอื้ออาทรถลาง 2,40-42,83,ภูเก็ต,3,ถลาง,2,ศรีสุนทร,83010000,สำนักงานที่ดินจังหวัดภูเก็ต สาขาถลาง,2,False,ห้องชุดพักอาศัย,11000,,official_statutory_assessment_rate_not_market_price
120000,34624,บ้านเอื้ออาทรถลาง 2,40-42,83,ภูเก็ต,3,ถลาง,2,ศรีสุนทร,83010000,สำนักงานที่ดินจังหวัดภูเก็ต สาขาถลาง,2,False,พื้นที่ระเบียง,5500,,official_statutory_assessment_rate_not_market_price
120001,34624,บ้านเอื้ออาทรถลาง 2,40-42,83,ภูเก็ต,3,ถลาง,2,ศรีสุนทร,83010000,สำนักงานที่ดินจังหวัดภูเก็ต สาขาถลาง,3,False,ห้องชุดพักอาศัย,10500,,official_statutory_assessment_rate_not_market_price
120002,34624,บ้านเอื้ออาทรถลาง 2,40-42,83,ภูเก็ต,3,ถลาง,2,ศรีสุนทร,83010000,สำนักงานที่ดินจังหวัดภูเก็ต สาขาถลาง,3,False,พื้นที่ระเบียง,5250,,official_statutory_assessment_rate_not_market_price
120003,34624,บ้านเอื้ออาทรถลาง 2,49-52,83,ภูเก็ต,3,ถลาง,2,ศรีสุนทร,83010000,สำนักงานที่ดินจังหวัดภูเก็ต สาขาถลาง,1,False,ห้องชุดพักอาศัย,11500,,official_statutory_assessment_rate_not_market_price
120004,34624,บ้านเอื้ออาทรถลาง 2,49-52,83,ภูเก็ต,3,ถลาง,2,ศรีสุนทร,83010000,สำนักงานที่ดินจังหวัดภูเก็ต สาขาถลาง,1,False,พื้นที่ระเบียง,5750,,official_statutory_assessment_rate_not_market_price
120005,34624,บ้านเอื้ออาทรถลาง 2,49-52,83,ภูเก็ต,3,ถลาง,2,ศรีสุนทร,83010000,สำนักงานที่ดินจังหวัดภูเก็ต สาขาถลาง,2,False,ห้องชุดพักอาศัย,11000,,official_statutory_assessment_rate_not_market_price
120006,34624,บ้านเอื้ออาทรถลาง 2,49-52,83,ภูเก็ต,3,ถลาง,2,ศรีสุนทร,83010000,สำนักงานที่ดินจังหวัดภูเก็ต สาขาถลาง,2,False,พื้นที่ระเบียง,5500,,official_statutory_assessment_rate_not_market_price
120007,34624,บ้านเอื้ออาทรถลาง 2,49-52,83,ภูเก็ต,3,ถลาง,2,ศรีสุนทร,83010000,สำนักงานที่ดินจังหวัดภูเก็ต สาขาถลาง,3,False,ห้องชุดพักอาศัย,10500,,official_statutory_assessment_rate_not_market_price
120008,34624,บ้านเอื้ออาทรถลาง 2,49-52,83,ภูเก็ต,3,ถลาง,2,ศรีสุนทร,83010000,สำนักงานที่ดินจังหวัดภูเก็ต สาขาถลาง,3,False,พื้นที่ระเบียง,5250,,official_statutory_assessment_rate_not_market_price
120009,34624,บ้านเอื้ออาทรถลาง 2,59-60,83,ภูเก็ต,3,ถลาง,2,ศรีสุนทร,83010000,สำนักงานที่ดินจังหวัดภูเก็ต สาขาถลาง,1,False,ห้องชุดพักอาศัย,11500,,official_statutory_assessment_rate_not_market_price
120010,34624,บ้านเอื้ออาทรถลาง 2,59-60,83,ภูเก็ต,3,ถลาง,2,ศรีสุนทร,83010000,สำนักงานที่ดินจังหวัดภูเก็ต สาขาถลาง,1,False,พื้นที่ระเบียง,5750,,official_statutory_assessment_rate_not_market_price
120011,34624,บ้านเอื้ออาทรถลาง 2,59-60,83,ภูเก็ต,3,ถลาง,2,ศรีสุนทร,83010000,สำนักงานที่ดินจังหวัดภูเก็ต สาขาถลาง,2,False,ห้องชุดพักอาศัย,11000,,official_statutory_assessment_rate_not_market_price
120012,34624,บ้านเอื้ออาทรถลาง 2,59-60,83,ภูเก็ต,3,ถลาง,2,ศรีสุนทร,83010000,สำนักงานที่ดินจังหวัดภูเก็ต สาขาถลาง,2,False,พื้นที่ระเบียง,5500,,official_statutory_assessment_rate_not_market_price
120013,34625,บ้านเอื้ออาทรถลาง 3,45-48,83,ภูเก็ต,3,ถลาง,2,ศรีสุนทร,83010000,สำนักงานที่ดินจังหวัดภูเก็ต สาขาถลาง,3,False,ห้องชุดพักอาศัย,10500,,official_statutory_assessment_rate_not_market_price
120014,34625,บ้านเอื้ออาทรถลาง 3,45-48,83,ภูเก็ต,3,ถลาง,2,ศรีสุนทร,83010000,สำนักงานที่ดินจังหวัดภูเก็ต สาขาถลาง,3,False,พื้นที่ระเบียง,5250,,official_statutory_assessment_rate_not_market_price
120015,34625,บ้านเอื้ออาทรถลาง 3,55-58,83,ภูเก็ต,3,ถลาง,2,ศรีสุนทร,83010000,สำนักงานที่ดินจังหวัดภูเก็ต สาขาถลาง,1,False,ห้องชุดพักอาศัย,11500,,official_statutory_assessment_rate_not_market_price
120016,34625,บ้านเอื้ออาทรถลาง 3,55-58,83,ภูเก็ต,3,ถลาง,2,ศรีสุนทร,83010000,สำนักงานที่ดินจังหวัดภูเก็ต สาขาถลาง,1,False,พื้นที่ระเบียง,5750,,official_statutory_assessment_rate_not_market_price
120017,34625,บ้านเอื้ออาทรถลาง 3,55-58,83,ภูเก็ต,3,ถลาง,2,ศรีสุนทร,83010000,สำนักงานที่ดินจังหวัดภูเก็ต สาขาถลาง,2,False,ห้องชุดพักอาศัย,11000,,official_statutory_assessment_rate_not_market_price
120018,34625,บ้านเอื้ออาทรถลาง 3,55-58,83,ภูเก็ต,3,ถลาง,2,ศรีสุนทร,83010000,สำนักงานที่ดินจังหวัดภูเก็ต สาขาถลาง,2,False,พื้นที่ระเบียง,5500,,official_statutory_assessment_rate_not_market_price
120019,34625,บ้านเอื้ออาทรถลาง 3,55-58,83,ภูเก็ต,3,ถลาง,2,ศรีสุนทร,83010000,สำนักงานที่ดินจังหวัดภูเก็ต สาขาถลาง,3,False,ห้องชุดพักอาศัย,10500,,official_statutory_assessment_rate_not_market_price
120020,34625,บ้านเอื้ออาทรถลาง 3,55-58,83,ภูเก็ต,3,ถลาง,2,ศรีสุนทร,83010000,สำนักงานที่ดินจังหวัดภูเก็ต สาขาถลาง,3,False,พื้นที่ระเบียง,5250,,official_statutory_assessment_rate_not_market_price
120021,34625,บ้านเอื้ออาทรถลาง 3,63-66,83,ภูเก็ต,3,ถลาง,2,ศรีสุนทร,83010000,สำนักงานที่ดินจังหวัดภูเก็ต สาขาถลาง,1,False,ห้องชุดพักอาศัย,11500,,official_statutory_assessment_rate_not_market_price
120022,34625,บ้านเอื้ออาทรถลาง 3,63-66,83,ภูเก็ต,3,ถลาง,2,ศรีสุนทร,83010000,สำนักงานที่ดินจังหวัดภูเก็ต สาขาถลาง,1,False,พื้นที่ระเบียง,5750,,official_statutory_assessment_rate_not_market_price
120023,34625,บ้านเอื้ออาทรถลาง 3,63-66,83,ภูเก็ต,3,ถลาง,2,ศรีสุนทร,83010000,สำนักงานที่ดินจังหวัดภูเก็ต สาขาถลาง,2,False,ห้องชุดพักอาศัย,11000,,official_statutory_assessment_rate_not_market_price
120024,34625,บ้านเอื้ออาทรถลาง 3,63-66,83,ภูเก็ต,3,ถลาง,2,ศรีสุนทร,83010000,สำนักงานที่ดินจังหวัดภูเก็ต สาขาถลาง,2,False,พื้นที่ระเบียง,5500,,official_statutory_assessment_rate_not_market_price
120025,34625,บ้านเอื้ออาทรถลาง 3,63-66,83,ภูเก็ต,3,ถลาง,2,ศรีสุนทร,83010000,สำนักงานที่ดินจังหวัดภูเก็ต สาขาถลาง,3,False,ห้องชุดพักอาศัย,10500,,official_statutory_assessment_rate_not_market_price
120026,34625,บ้านเอื้ออาทรถลาง 3,63-66,83,ภูเก็ต,3,ถลาง,2,ศรีสุนทร,83010000,สำนักงานที่ดินจังหวัดภูเก็ต สาขาถลาง,3,False,พื้นที่ระเบียง,5250,,official_statutory_assessment_rate_not_market_price
120027,34625,บ้านเอื้ออาทรถลาง 3,71-74,83,ภูเก็ต,3,ถลาง,2,ศรีสุนทร,83010000,สำนักงานที่ดินจังหวัดภูเก็ต สาขาถลาง,1,False,ห้องชุดพักอาศัย,11500,,official_statutory_assessment_rate_not_market_price
120028,34625,บ้านเอื้ออาทรถลาง 3,71-74,83,ภูเก็ต,3,ถลาง,2,ศรีสุนทร,83010000,สำนักงานที่ดินจังหวัดภูเก็ต สาขาถลาง,1,False,พื้นที่ระเบียง,5750,,official_statutory_assessment_rate_not_market_price
120029,34625,บ้านเอื้ออาทรถลาง 3,71-74,83,ภูเก็ต,3,ถลาง,2,ศรีสุนทร,83010000,สำนักงานที่ดินจังหวัดภูเก็ต สาขาถลาง,2,False,ห้องชุดพักอาศัย,11000,,official_statutory_assessment_rate_not_market_price
120030,34625,บ้านเอื้ออาทรถลาง 3,71-74,83,ภูเก็ต,3,ถลาง,2,ศรีสุนทร,83010000,สำนักงานที่ดินจังหวัดภูเก็ต สาขาถลาง,2,False,พื้นที่ระเบียง,5500,,official_statutory_assessment_rate_not_market_price
120031,34625,บ้านเอื้ออาทรถลาง 3,71-74,83,ภูเก็ต,3,ถลาง,2,ศรีสุนทร,83010000,สำนักงานที่ดินจังหวัดภูเก็ต สาขาถลาง,3,False,ห้องชุดพักอาศัย,10500,,official_statutory_assessment_rate_not_market_price
120032,34625,บ้านเอื้ออาทรถลาง 3,71-74,83,ภูเก็ต,3,ถลาง,2,ศรีสุนทร,83010000,สำนักงานที่ดินจังหวัดภูเก็ต สาขาถลาง,3,False,พื้นที่ระเบียง,5250,,official_statutory_assessment_rate_not_market_price
120033,39133,เคหะชุมชนและบริการชุมชนถลาง,21-27,83,ภูเก็ต,3,ถลาง,2,ศรีสุนทร,83010000,สำนักงานที่ดินจังหวัดภูเก็ต สาขาถลาง,1,False,ห้องชุดพักอาศัย/พื้นที่ระเบียง,18182,,official_statutory_assessment_rate_not_market_price
120034,39133,เคหะชุมชนและบริการชุมชนถลาง,21-27,83,ภูเก็ต,3,ถลาง,2,ศรีสุนทร,83010000,สำนักงานที่ดินจังหวัดภูเก็ต สาขาถลาง,2,False,ห้องชุดพักอาศัย/พื้นที่ระเบียง,18182,,official_statutory_assessment_rate_not_market_price
120035,39133,เคหะชุมชนและบริการชุมชนถลาง,21-27,83,ภูเก็ต,3,ถลาง,2,ศรีสุนทร,83010000,สำนักงานที่ดินจังหวัดภูเก็ต สาขาถลาง,3,False,ห้องชุดพักอาศัย/พื้นที่ระเบียง,17879,,official_statutory_assessment_rate_not_market_price
120036,39133,เคหะชุมชนและบริการชุมชนถลาง,34,83,ภูเก็ต,3,ถลาง,2,ศรีสุนทร,83010000,สำนักงานที่ดินจังหวัดภูเก็ต สาขาถลาง,1,False,ห้องชุดพักอาศัย/พื้นที่ระเบียง,18182,,official_statutory_assessment_rate_not_market_price
120037,39133,เคหะชุมชนและบริการชุมชนถลาง,34,83,ภูเก็ต,3,ถลาง,2,ศรีสุนทร,83010000,สำนักงานที่ดินจังหวัดภูเก็ต สาขาถลาง,2,False,ห้องชุดพักอาศัย/พื้นที่ระเบียง,18182,,official_statutory_assessment_rate_not_market_price
120038,39133,เคหะชุมชนและบริการชุมชนถลาง,34,83,ภูเก็ต,3,ถลาง,2,ศรีสุนทร,83010000,สำนักงานที่ดินจังหวัดภูเก็ต สาขาถลาง,3,False,ห้องชุดพักอาศัย/พื้นที่ระเบียง,17879,,official_statutory_assessment_rate_not_market_price
120039,39133,เคหะชุมชนและบริการชุมชนถลาง,35,83,ภูเก็ต,3,ถลาง,2,ศรีสุนทร,83010000,สำนักงานที่ดินจังหวัดภูเก็ต สาขาถลาง,1,False,ห้องชุดพักอาศัย/พื้นที่ระเบียง,18182,,official_statutory_assessment_rate_not_market_price
120040,39133,เคหะชุมชนและบริการชุมชนถลาง,35,83,ภูเก็ต,3,ถลาง,2,ศรีสุนทร,83010000,สำนักงานที่ดินจังหวัดภูเก็ต สาขาถลาง,2,False,ห้องชุดพักอาศัย/พื้นที่ระเบียง,18182,,official_statutory_assessment_rate_not_market_price
120041,39133,เคหะชุมชนและบริการชุมชนถลาง,35,83,ภูเก็ต,3,ถลาง,2,ศรีสุนทร,83010000,สำนักงานที่ดินจังหวัดภูเก็ต สาขาถลาง,3,False,ห้องชุดพักอาศัย/พื้นที่ระเบียง,17879,,official_statutory_assessment_rate_not_market_price
120042,39133,เคหะชุมชนและบริการชุมชนถลาง,43,83,ภูเก็ต,3,ถลาง,2,ศรีสุนทร,83010000,สำนักงานที่ดินจังหวัดภูเก็ต สาขาถลาง,1,False,ห้องชุดพักอาศัย/พื้นที่ระเบียง,18182,,official_statutory_assessment_rate_not_market_price
120043,39133,เคหะชุมชนและบริการชุมชนถลาง,43,83,ภูเก็ต,3,ถลาง,2,ศรีสุนทร,83010000,สำนักงานที่ดินจังหวัดภูเก็ต สาขาถลาง,2,False,ห้องชุดพักอาศัย/พื้นที่ระเบียง,18182,,official_statutory_assessment_rate_not_market_price
120044,39133,เคหะชุมชนและบริการชุมชนถลาง,43,83,ภูเก็ต,3,ถลาง,2,ศรีสุนทร,83010000,สำนักงานที่ดินจังหวัดภูเก็ต สาขาถลาง,3,False,ห้องชุดพักอาศัย/พื้นที่ระเบียง,17879,,official_statutory_assessment_rate_not_market_price
120045,39133,เคหะชุมชนและบริการชุมชนถลาง,44,83,ภูเก็ต,3,ถลาง,2,ศรีสุนทร,83010000,สำนักงานที่ดินจังหวัดภูเก็ต สาขาถลาง,1,False,ห้องชุดพักอาศัย/พื้นที่ระเบียง,18182,,official_statutory_assessment_rate_not_market_price
120046,39133,เคหะชุมชนและบริการชุมชนถลาง,44,83,ภูเก็ต,3,ถลาง,2,ศรีสุนทร,83010000,สำนักงานที่ดินจังหวัดภูเก็ต สาขาถลาง,2,False,ห้องชุดพักอาศัย/พื้นที่ระเบียง,18182,,official_statutory_assessment_rate_not_market_price
120047,39133,เคหะชุมชนและบริการชุมชนถลาง,44,83,ภูเก็ต,3,ถลาง,2,ศรีสุนทร,83010000,สำนักงานที่ดินจังหวัดภูเก็ต สาขาถลาง,3,False,ห้องชุดพักอาศัย/พื้นที่ระเบียง,17879,,official_statutory_assessment_rate_not_market_price
120048,39133,เคหะชุมชนและบริการชุมชนถลาง,53,83,ภูเก็ต,3,ถลาง,2,ศรีสุนทร,83010000,สำนักงานที่ดินจังหวัดภูเก็ต สาขาถลาง,1,False,ห้องชุดพักอาศัย/พื้นที่ระเบียง,18182,,official_statutory_assessment_rate_not_market_price
120049,39133,เคหะชุมชนและบริการชุมชนถลาง,53,83,ภูเก็ต,3,ถลาง,2,ศรีสุนทร,83010000,สำนักงานที่ดินจังหวัดภูเก็ต สาขาถลาง,2,False,ห้องชุดพักอาศัย/พื้นที่ระเบียง,18182,,official_statutory_assessment_rate_not_market_price
120050,39133,เคหะชุมชนและบริการชุมชนถลาง,53,83,ภูเก็ต,3,ถลาง,2,ศรีสุนทร,83010000,สำนักงานที่ดินจังหวัดภูเก็ต สาขาถลาง,3,False,ห้องชุดพักอาศัย/พื้นที่ระเบียง,17879,,official_statutory_assessment_rate_not_market_price
120051,39133,เคหะชุมชนและบริการชุมชนถลาง,54,83,ภูเก็ต,3,ถลาง,2,ศรีสุนทร,83010000,สำนักงานที่ดินจังหวัดภูเก็ต สาขาถลาง,1,False,ห้องชุดพักอาศัย/พื้นที่ระเบียง,18182,,official_statutory_assessment_rate_not_market_price
120052,39133,เคหะชุมชนและบริการชุมชนถลาง,54,83,ภูเก็ต,3,ถลาง,2,ศรีสุนทร,83010000,สำนักงานที่ดินจังหวัดภูเก็ต สาขาถลาง,2,False,ห้องชุดพักอาศัย/พื้นที่ระเบียง,18182,,official_statutory_assessment_rate_not_market_price
120053,39133,เคหะชุมชนและบริการชุมชนถลาง,54,83,ภูเก็ต,3,ถลาง,2,ศรีสุนทร,83010000,สำนักงานที่ดินจังหวัดภูเก็ต สาขาถลาง,3,False,ห้องชุดพักอาศัย/พื้นที่ระเบียง,17879,,official_statutory_assessment_rate_not_market_price
120054,39133,เคหะชุมชนและบริการชุมชนถลาง,61,83,ภูเก็ต,3,ถลาง,2,ศรีสุนทร,83010000,สำนักงานที่ดินจังหวัดภูเก็ต สาขาถลาง,1,False,ห้องชุดพักอาศัย/พื้นที่ระเบียง,18182,,official_statutory_assessment_rate_not_market_price
120055,39133,เคหะชุมชนและบริการชุมชนถลาง,61,83,ภูเก็ต,3,ถลาง,2,ศรีสุนทร,83010000,สำนักงานที่ดินจังหวัดภูเก็ต สาขาถลาง,2,False,ห้องชุดพักอาศัย/พื้นที่ระเบียง,18182,,official_statutory_assessment_rate_not_market_price
120056,39133,เคหะชุมชนและบริการชุมชนถลาง,61,83,ภูเก็ต,3,ถลาง,2,ศรีสุนทร,83010000,สำนักงานที่ดินจังหวัดภูเก็ต สาขาถลาง,3,False,ห้องชุดพักอาศัย/พื้นที่ระเบียง,17879,,official_statutory_assessment_rate_not_market_price
120057,39133,เคหะชุมชนและบริการชุมชนถลาง,62,83,ภูเก็ต,3,ถลาง,2,ศรีสุนทร,83010000,สำนักงานที่ดินจังหวัดภูเก็ต สาขาถลาง,1,False,ห้องชุดพักอาศัย/พื้นที่ระเบียง,18182,,official_statutory_assessment_rate_not_market_price
120058,39133,เคหะชุมชนและบริการชุมชนถลาง,62,83,ภูเก็ต,3,ถลาง,2,ศรีสุนทร,83010000,สำนักงานที่ดินจังหวัดภูเก็ต สาขาถลาง,2,False,ห้องชุดพักอาศัย/พื้นที่ระเบียง,18182,,official_statutory_assessment_rate_not_market_price
120059,39133,เคหะชุมชนและบริการชุมชนถลาง,62,83,ภูเก็ต,3,ถลาง,2,ศรีสุนทร,83010000,สำนักงานที่ดินจังหวัดภูเก็ต สาขาถลาง,3,False,ห้องชุดพักอาศัย/พื้นที่ระเบียง,17879,,official_statutory_assessment_rate_not_market_price
120060,39133,เคหะชุมชนและบริการชุมชนถลาง,69,83,ภูเก็ต,3,ถลาง,2,ศรีสุนทร,83010000,สำนักงานที่ดินจังหวัดภูเก็ต สาขาถลาง,1,False,ห้องชุดพักอาศัย/พื้นที่ระเบียง,18182,,official_statutory_assessment_rate_not_market_price
120061,39133,เคหะชุมชนและบริการชุมชนถลาง,69,83,ภูเก็ต,3,ถลาง,2,ศรีสุนทร,83010000,สำนักงานที่ดินจังหวัดภูเก็ต สาขาถลาง,2,False,ห้องชุดพักอาศัย/พื้นที่ระเบียง,18182,,official_statutory_assessment_rate_not_market_price
120062,39133,เคหะชุมชนและบริการชุมชนถลาง,69,83,ภูเก็ต,3,ถลาง,2,ศรีสุนทร,83010000,สำนักงานที่ดินจังหวัดภูเก็ต สาขาถลาง,3,False,ห้องชุดพักอาศัย/พื้นที่ระเบียง,17879,,official_statutory_assessment_rate_not_market_price
120063,39133,เคหะชุมชนและบริการชุมชนถลาง,70,83,ภูเก็ต,3,ถลาง,2,ศรีสุนทร,83010000,สำนักงานที่ดินจังหวัดภูเก็ต สาขาถลาง,1,False,ห้องชุดพักอาศัย/พื้นที่ระเบียง,18182,,official_statutory_assessment_rate_not_market_price
120064,39133,เคหะชุมชนและบริการชุมชนถลาง,70,83,ภูเก็ต,3,ถลาง,2,ศรีสุนทร,83010000,สำนักงานที่ดินจังหวัดภูเก็ต สาขาถลาง,2,False,ห้องชุดพักอาศัย/พื้นที่ระเบียง,18182,,official_statutory_assessment_rate_not_market_price
120065,39133,เคหะชุมชนและบริการชุมชนถลาง,70,83,ภูเก็ต,3,ถลาง,2,ศรีสุนทร,83010000,สำนักงานที่ดินจังหวัดภูเก็ต สาขาถลาง,3,False,ห้องชุดพักอาศัย/พื้นที่ระเบียง,17879,,official_statutory_assessment_rate_not_market_price
120066,39133,เคหะชุมชนและบริการชุมชนถลาง,8,83,ภูเก็ต,3,ถลาง,2,ศรีสุนทร,83010000,สำนักงานที่ดินจังหวัดภูเก็ต สาขาถลาง,1,False,ห้องชุดพักอาศัย/พื้นที่ระเบียง,18182,,official_statutory_assessment_rate_not_market_price
120067,39133,เคหะชุมชนและบริการชุมชนถลาง,8,83,ภูเก็ต,3,ถลาง,2,ศรีสุนทร,83010000,สำนักงานที่ดินจังหวัดภูเก็ต สาขาถลาง,2,False,ห้องชุดพักอาศัย/พื้นที่ระเบียง,18182,,official_statutory_assessment_rate_not_market_price
120068,39133,เคหะชุมชนและบริการชุมชนถลาง,8,83,ภูเก็ต,3,ถลาง,2,ศรีสุนทร,83010000,สำนักงานที่ดินจังหวัดภูเก็ต สาขาถลาง,3,False,ห้องชุดพักอาศัย/พื้นที่ระเบียง,17879,,official_statutory_assessment_rate_not_market_price
120069,39133,เคหะชุมชนและบริการชุมชนถลาง,9,83,ภูเก็ต,3,ถลาง,2,ศรีสุนทร,83010000,สำนักงานที่ดินจังหวัดภูเก็ต สาขาถลาง,1,False,ห้องชุดพักอาศัย/พื้นที่ระเบียง,18182,,official_statutory_assessment_rate_not_market_price
120070,39133,เคหะชุมชนและบริการชุมชนถลาง,9,83,ภูเก็ต,3,ถลาง,2,ศรีสุนทร,83010000,สำนักงานที่ดินจังหวัดภูเก็ต สาขาถลาง,2,False,ห้องชุดพักอาศัย/พื้นที่ระเบียง,18182,,official_statutory_assessment_rate_not_market_price
120071,39133,เคหะชุมชนและบริการชุมชนถลาง,9,83,ภูเก็ต,3,ถลาง,2,ศรีสุนทร,83010000,สำนักงานที่ดินจังหวัดภูเก็ต สาขาถลาง,3,False,ห้องชุดพักอาศัย/พื้นที่ระเบียง,17879,,official_statutory_assessment_rate_not_market_price
120072,34589,เชิงเล คอนโด,-,83,ภูเก็ต,3,ถลาง,3,เชิงทะเล,83010000,สำนักงานที่ดินจังหวัดภูเก็ต สาขาถลาง,1,False,ห้องชุดพักอาศัยตากอากาศ,41500,,official_statutory_assessment_rate_not_market_price
120073,34589,เชิงเล คอนโด,-,83,ภูเก็ต,3,ถลาง,3,เชิงทะเล,83010000,สำนักงานที่ดินจังหวัดภูเก็ต สาขาถลาง,1,False,ระเบียง,20750,,official_statutory_assessment_rate_not_market_price
120074,34589,เชิงเล คอนโด,-,83,ภูเก็ต,3,ถลาง,3,เชิงทะเล,83010000,สำนักงานที่ดินจังหวัดภูเก็ต สาขาถลาง,2,False,ห้องชุดพักอาศัยตากอากาศ,42000,,official_statutory_assessment_rate_not_market_price
120075,34589,เชิงเล คอนโด,-,83,ภูเก็ต,3,ถลาง,3,เชิงทะเล,83010000,สำนักงานที่ดินจังหวัดภูเก็ต สาขาถลาง,2,False,ระเบียง,21000,,official_statutory_assessment_rate_not_market_price
120076,34589,เชิงเล คอนโด,-,83,ภูเก็ต,3,ถลาง,3,เชิงทะเล,83010000,สำนักงานที่ดินจังหวัดภูเก็ต สาขาถลาง,3,False,พักอาศัยตากอากาศเพ้นท์เฮ้าส์,43500,,official_statutory_assessment_rate_not_market_price
120077,34589,เชิงเล คอนโด,-,83,ภูเก็ต,3,ถลาง,3,เชิงทะเล,83010000,สำนักงานที่ดินจังหวัดภูเก็ต สาขาถลาง,3,False,ระเบียง/สระว่ายน้ำ,21750,,official_statutory_assessment_rate_not_market_price
120078,34634,ลากูน่า วิลเลจ วิลล่าส์,-,83,ภูเก็ต,3,ถลาง,3,เชิงทะเล,83010000,สำนักงานที่ดินจังหวัดภูเก็ต สาขาถลาง,"1,2",False,ห้องชุดพักอาศัยแบบดูเพล็ก,55500,,official_statutory_assessment_rate_not_market_price
120079,34634,ลากูน่า วิลเลจ วิลล่าส์,-,83,ภูเก็ต,3,ถลาง,3,เชิงทะเล,83010000,สำนักงานที่ดินจังหวัดภูเก็ต สาขาถลาง,"1,2",False,พื้นที่ระเบียง,27750,,official_statutory_assessment_rate_not_market_price
120080,34634,ลากูน่า วิลเลจ วิลล่าส์,-,83,ภูเก็ต,3,ถลาง,3,เชิงทะเล,83010000,สำนักงานที่ดินจังหวัดภูเก็ต สาขาถลาง,"1,2",False,ที่จอดรถยนต์ส่วนบุคคล,14500,,official_statutory_assessment_rate_not_market_price
120081,34635,สเคป เอ็กซ์ทู คอนโดมิเนียม,-,83,ภูเก็ต,3,ถลาง,3,เชิงทะเล,83010000,สำนักงานที่ดินจังหวัดภูเก็ต สาขาถลาง,2,False,ห้องชุดพักอาศัย,52000,,official_statutory_assessment_rate_not_market_price
120082,34648,ฮิลล์ ไมน์น่า คอนโด,-,83,ภูเก็ต,3,ถลาง,3,เชิงทะเล,83010000,สำนักงานที่ดินจังหวัดภูเก็ต สาขาถลาง,2,False,ห้องชุดพักอาศัย,47500,,official_statutory_assessment_rate_not_market_price
120083,34648,ฮิลล์ ไมน์น่า คอนโด,-,83,ภูเก็ต,3,ถลาง,3,เชิงทะเล,83010000,สำนักงานที่ดินจังหวัดภูเก็ต สาขาถลาง,2,False,พื้นที่ระเบียง,23750,,official_statutory_assessment_rate_not_market_price
120084,34648,ฮิลล์ ไมน์น่า คอนโด,-,83,ภูเก็ต,3,ถลาง,3,เชิงทะเล,83010000,สำนักงานที่ดินจังหวัดภูเก็ต สาขาถลาง,3-เม.ย.,True,ห้องชุดพักอาศัย,48000,,official_statutory_assessment_rate_not_market_price
120085,34648,ฮิลล์ ไมน์น่า คอนโด,-,83,ภูเก็ต,3,ถลาง,3,เชิงทะเล,83010000,สำนักงานที่ดินจังหวัดภูเก็ต สาขาถลาง,3-เม.ย.,True,พื้นที่ระเบียง,24000,,official_statutory_assessment_rate_not_market_price
120086,34648,ฮิลล์ ไมน์น่า คอนโด,-,83,ภูเก็ต,3,ถลาง,3,เชิงทะเล,83010000,สำนักงานที่ดินจังหวัดภูเก็ต สาขาถลาง,5-มิ.ย.,True,ห้องชุดพักอาศัย,48500,,official_statutory_assessment_rate_not_market_price
120087,34648,ฮิลล์ ไมน์น่า คอนโด,-,83,ภูเก็ต,3,ถลาง,3,เชิงทะเล,83010000,สำนักงานที่ดินจังหวัดภูเก็ต สาขาถลาง,5-มิ.ย.,True,พื้นที่ระเบียง,24250,,official_statutory_assessment_rate_not_market_price
120088,34648,ฮิลล์ ไมน์น่า คอนโด,-,83,ภูเก็ต,3,ถลาง,3,เชิงทะเล,83010000,สำนักงานที่ดินจังหวัดภูเก็ต สาขาถลาง,7,False,ห้องชุดพักอาศัย,49000,,official_statutory_assessment_rate_not_market_price
120089,34648,ฮิลล์ ไมน์น่า คอนโด,-,83,ภูเก็ต,3,ถลาง,3,เชิงทะเล,83010000,สำนักงานที่ดินจังหวัดภูเก็ต สาขาถลาง,7,False,พื้นที่ระเบียง,24500,,official_statutory_assessment_rate_not_market_price
120090,34646,อัลลามันดา คอนโด 1,-,83,ภูเก็ต,3,ถลาง,3,เชิงทะเล,83010000,สำนักงานที่ดินจังหวัดภูเก็ต สาขาถลาง,1,False,ห้องชุดพักอาศัย,57500,,official_statutory_assessment_rate_not_market_price
120091,34646,อัลลามันดา คอนโด 1,-,83,ภูเก็ต,3,ถลาง,3,เชิงทะเล,83010000,สำนักงานที่ดินจังหวัดภูเก็ต สาขาถลาง,1,False,ระเบียง,28750,,official_statutory_assessment_rate_not_market_price
120092,34646,อัลลามันดา คอนโด 1,-,83,ภูเก็ต,3,ถลาง,3,เชิงทะเล,83010000,สำนักงานที่ดินจังหวัดภูเก็ต สาขาถลาง,2,False,ห้องชุดพักอาศัย,58000,,official_statutory_assessment_rate_not_market_price
120093,34646,อัลลามันดา คอนโด 1,-,83,ภูเก็ต,3,ถลาง,3,เชิงทะเล,83010000,สำนักงานที่ดินจังหวัดภูเก็ต สาขาถลาง,2,False,ระเบียง,29000,,official_statutory_assessment_rate_not_market_price
120094,34646,อัลลามันดา คอนโด 1,-,83,ภูเก็ต,3,ถลาง,3,เชิงทะเล,83010000,สำนักงานที่ดินจังหวัดภูเก็ต สาขาถลาง,3,False,ห้องชุดพักอาศัย,58500,,official_statutory_assessment_rate_not_market_price
120095,34646,อัลลามันดา คอนโด 1,-,83,ภูเก็ต,3,ถลาง,3,เชิงทะเล,83010000,สำนักงานที่ดินจังหวัดภูเก็ต สาขาถลาง,3,False,ระเบียง,29250,,official_statutory_assessment_rate_not_market_price
120096,34646,อัลลามันดา คอนโด 1,-,83,ภูเก็ต,3,ถลาง,3,เชิงทะเล,83010000,สำนักงานที่ดินจังหวัดภูเก็ต สาขาถลาง,1-มี.ค.,True,พักอาศัยแบบดูเพล็กซ์,59500,,official_statutory_assessment_rate_not_market_price
120097,34646,อัลลามันดา คอนโด 1,-,83,ภูเก็ต,3,ถลาง,3,เชิงทะเล,83010000,สำนักงานที่ดินจังหวัดภูเก็ต สาขาถลาง,1-มี.ค.,True,ระเบียง,29750,,official_statutory_assessment_rate_not_market_price
120098,34635,สเคป เอ็กซ์ทู คอนโดมิเนียม,-,83,ภูเก็ต,3,ถลาง,3,เชิงทะเล,83010000,สำนักงานที่ดินจังหวัดภูเก็ต สาขาถลาง,2,False,พื้นที่ระเบียง,26000,,official_statutory_assessment_rate_not_market_price
120099,34635,สเคป เอ็กซ์ทู คอนโดมิเนียม,-,83,ภูเก็ต,3,ถลาง,3,เชิงทะเล,83010000,สำนักงานที่ดินจังหวัดภูเก็ต สาขาถลาง,7,False,ห้องชุดพักอาศัย,53500,,official_statutory_assessment_rate_not_market_price
120100,34635,สเคป เอ็กซ์ทู คอนโดมิเนียม,-,83,ภูเก็ต,3,ถลาง,3,เชิงทะเล,83010000,สำนักงานที่ดินจังหวัดภูเก็ต สาขาถลาง,7,False,พื้นที่ระเบียง,26750,,official_statutory_assessment_rate_not_market_price
120101,34635,สเคป เอ็กซ์ทู คอนโดมิเนียม,-,83,ภูเก็ต,3,ถลาง,3,เชิงทะเล,83010000,สำนักงานที่ดินจังหวัดภูเก็ต สาขาถลาง,3-เม.ย.,True,ห้องชุดพักอาศัย,52500,,official_statutory_assessment_rate_not_market_price
120102,34635,สเคป เอ็กซ์ทู คอนโดมิเนียม,-,83,ภูเก็ต,3,ถลาง,3,เชิงทะเล,83010000,สำนักงานที่ดินจังหวัดภูเก็ต สาขาถลาง,3-เม.ย.,True,พื้นที่ระเบียง,26250,,official_statutory_assessment_rate_not_market_price
120103,34635,สเคป เอ็กซ์ทู คอนโดมิเนียม,-,83,ภูเก็ต,3,ถลาง,3,เชิงทะเล,83010000,สำนักงานที่ดินจังหวัดภูเก็ต สาขาถลาง,5-มิ.ย.,True,ห้องชุดพักอาศัย,53000,,official_statutory_assessment_rate_not_market_price
120104,34635,สเคป เอ็กซ์ทู คอนโดมิเนียม,-,83,ภูเก็ต,3,ถลาง,3,เชิงทะเล,83010000,สำนักงานที่ดินจังหวัดภูเก็ต สาขาถลาง,5-มิ.ย.,True,พื้นที่ระเบียง,26500,,official_statutory_assessment_rate_not_market_price
120105,31846,สุรินทร์ เกท,-,83,ภูเก็ต,3,ถลาง,3,เชิงทะเล,83010000,สำนักงานที่ดินจังหวัดภูเก็ต สาขาถลาง,1,False,ห้องชุดพักอาศัยตากอากาศ,34500,,official_statutory_assessment_rate_not_market_price
120106,31846,สุรินทร์ เกท,-,83,ภูเก็ต,3,ถลาง,3,เชิงทะเล,83010000,สำนักงานที่ดินจังหวัดภูเก็ต สาขาถลาง,1,False,ระเบียง,17250,,official_statutory_assessment_rate_not_market_price
120107,31846,สุรินทร์ เกท,-,83,ภูเก็ต,3,ถลาง,3,เชิงทะเล,83010000,สำนักงานที่ดินจังหวัดภูเก็ต สาขาถลาง,2,False,ห้องชุดพักอาศัยตากอากาศ,35000,,official_statutory_assessment_rate_not_market_price
120108,31846,สุรินทร์ เกท,-,83,ภูเก็ต,3,ถลาง,3,เชิงทะเล,83010000,สำนักงานที่ดินจังหวัดภูเก็ต สาขาถลาง,2,False,ระเบียง,17500,,official_statutory_assessment_rate_not_market_price
120109,31846,สุรินทร์ เกท,-,83,ภูเก็ต,3,ถลาง,3,เชิงทะเล,83010000,สำนักงานที่ดินจังหวัดภูเก็ต สาขาถลาง,3,False,ห้องชุดพักอาศัยตากอากาศ,35500,,official_statutory_assessment_rate_not_market_price
120110,31846,สุรินทร์ เกท,-,83,ภูเก็ต,3,ถลาง,3,เชิงทะเล,83010000,สำนักงานที่ดินจังหวัดภูเก็ต สาขาถลาง,3,False,ระเบียง,17750,,official_statutory_assessment_rate_not_market_price
120111,31846,สุรินทร์ เกท,-,83,ภูเก็ต,3,ถลาง,3,เชิงทะเล,83010000,สำนักงานที่ดินจังหวัดภูเก็ต สาขาถลาง,4,False,ห้องชุดพักอาศัยตากอากาศ,36000,,official_statutory_assessment_rate_not_market_price
120112,31846,สุรินทร์ เกท,-,83,ภูเก็ต,3,ถลาง,3,เชิงทะเล,83010000,สำนักงานที่ดินจังหวัดภูเก็ต สาขาถลาง,4,False,ระเบียง,18000,,official_statutory_assessment_rate_not_market_price
120113,31846,สุรินทร์ เกท,-,83,ภูเก็ต,3,ถลาง,3,เชิงทะเล,83010000,สำนักงานที่ดินจังหวัดภูเก็ต สาขาถลาง,5,False,ห้องชุดพักอาศัยตากอากาศ,36500,,official_statutory_assessment_rate_not_market_price
120114,34632,ปาล์มเมร่า สุรินทร์,C,83,ภูเก็ต,3,ถลาง,3,เชิงทะเล,83010000,สำนักงานที่ดินจังหวัดภูเก็ต สาขาถลาง,5,False,ห้องชุดพักอาศัยตากอากาศ/พื้นที่ระเบียง,78000,,official_statutory_assessment_rate_not_market_price
120115,34632,ปาล์มเมร่า สุรินทร์,C,83,ภูเก็ต,3,ถลาง,3,เชิงทะเล,83010000,สำนักงานที่ดินจังหวัดภูเก็ต สาขาถลาง,6,False,ห้องชุดพักอาศัยตากอากาศ/พื้นที่ระเบียง,79700,,official_statutory_assessment_rate_not_market_price
120116,34632,ปาล์มเมร่า สุรินทร์,C,83,ภูเก็ต,3,ถลาง,3,เชิงทะเล,83010000,สำนักงานที่ดินจังหวัดภูเก็ต สาขาถลาง,7,False,ห้องชุดพักอาศัยตากอากาศ/พื้นที่ระเบียง,81500,,official_statutory_assessment_rate_not_market_price
120117,34632,ปาล์มเมร่า สุรินทร์,A,83,ภูเก็ต,3,ถลาง,3,เชิงทะเล,83010000,สำนักงานที่ดินจังหวัดภูเก็ต สาขาถลาง,1,False,ห้องชุดพักอาศัยตากอากาศ/พื้นที่ระเบียง,72700,,official_statutory_assessment_rate_not_market_price
120118,34632,ปาล์มเมร่า สุรินทร์,A,83,ภูเก็ต,3,ถลาง,3,เชิงทะเล,83010000,สำนักงานที่ดินจังหวัดภูเก็ต สาขาถลาง,2,False,ห้องชุดพักอาศัยตากอากาศ/พื้นที่ระเบียง,73600,,official_statutory_assessment_rate_not_market_price
120119,34632,ปาล์มเมร่า สุรินทร์,A,83,ภูเก็ต,3,ถลาง,3,เชิงทะเล,83010000,สำนักงานที่ดินจังหวัดภูเก็ต สาขาถลาง,3,False,ห้องชุดพักอาศัยตากอากาศ/พื้นที่ระเบียง,74900,,official_statutory_assessment_rate_not_market_price
120120,34632,ปาล์มเมร่า สุรินทร์,A,83,ภูเก็ต,3,ถลาง,3,เชิงทะเล,83010000,สำนักงานที่ดินจังหวัดภูเก็ต สาขาถลาง,4,False,ห้องชุดพักอาศัยตากอากาศ/พื้นที่ระเบียง,76400,,official_statutory_assessment_rate_not_market_price
120121,34632,ปาล์มเมร่า สุรินทร์,A,83,ภูเก็ต,3,ถลาง,3,เชิงทะเล,83010000,สำนักงานที่ดินจังหวัดภูเก็ต สาขาถลาง,5,False,ห้องชุดพักอาศัยตากอากาศ/พื้นที่ระเบียง,78000,,official_statutory_assessment_rate_not_market_price
120122,34632,ปาล์มเมร่า สุรินทร์,A,83,ภูเก็ต,3,ถลาง,3,เชิงทะเล,83010000,สำนักงานที่ดินจังหวัดภูเก็ต สาขาถลาง,6,False,ห้องชุดพักอาศัยตากอากาศ/พื้นที่ระเบียง,79700,,official_statutory_assessment_rate_not_market_price
120123,34632,ปาล์มเมร่า สุรินทร์,A,83,ภูเก็ต,3,ถลาง,3,เชิงทะเล,83010000,สำนักงานที่ดินจังหวัดภูเก็ต สาขาถลาง,7,False,ห้องชุดพักอาศัยตากอากาศ/พื้นที่ระเบียง,81500,,official_statutory_assessment_rate_not_market_price
120124,34632,ปาล์มเมร่า สุรินทร์,B,83,ภูเก็ต,3,ถลาง,3,เชิงทะเล,83010000,สำนักงานที่ดินจังหวัดภูเก็ต สาขาถลาง,2,False,ห้องชุดพักอาศัยตากอากาศ/พื้นที่ระเบียง,73600,,official_statutory_assessment_rate_not_market_price
120125,34632,ปาล์มเมร่า สุรินทร์,B,83,ภูเก็ต,3,ถลาง,3,เชิงทะเล,83010000,สำนักงานที่ดินจังหวัดภูเก็ต สาขาถลาง,3,False,ห้องชุดพักอาศัยตากอากาศ/พื้นที่ระเบียง,74900,,official_statutory_assessment_rate_not_market_price
120126,34632,ปาล์มเมร่า สุรินทร์,B,83,ภูเก็ต,3,ถลาง,3,เชิงทะเล,83010000,สำนักงานที่ดินจังหวัดภูเก็ต สาขาถลาง,4,False,ห้องชุดพักอาศัยตากอากาศ/พื้นที่ระเบียง,76400,,official_statutory_assessment_rate_not_market_price
120127,34632,ปาล์มเมร่า สุรินทร์,B,83,ภูเก็ต,3,ถลาง,3,เชิงทะเล,83010000,สำนักงานที่ดินจังหวัดภูเก็ต สาขาถลาง,5,False,ห้องชุดพักอาศัยตากอากาศ/พื้นที่ระเบียง,78000,,official_statutory_assessment_rate_not_market_price
120128,34632,ปาล์มเมร่า สุรินทร์,C,83,ภูเก็ต,3,ถลาง,3,เชิงทะเล,83010000,สำนักงานที่ดินจังหวัดภูเก็ต สาขาถลาง,1,False,ห้องชุดพักอาศัยตากอากาศ/พื้นที่ระเบียง,72700,,official_statutory_assessment_rate_not_market_price
120129,34632,ปาล์มเมร่า สุรินทร์,C,83,ภูเก็ต,3,ถลาง,3,เชิงทะเล,83010000,สำนักงานที่ดินจังหวัดภูเก็ต สาขาถลาง,2,False,ห้องชุดพักอาศัยตากอากาศ/พื้นที่ระเบียง,73600,,official_statutory_assessment_rate_not_market_price
120130,34632,ปาล์มเมร่า สุรินทร์,C,83,ภูเก็ต,3,ถลาง,3,เชิงทะเล,83010000,สำนักงานที่ดินจังหวัดภูเก็ต สาขาถลาง,3,False,ห้องชุดพักอาศัยตากอากาศ/พื้นที่ระเบียง,74900,,official_statutory_assessment_rate_not_market_price
120131,34632,ปาล์มเมร่า สุรินทร์,C,83,ภูเก็ต,3,ถลาง,3,เชิงทะเล,83010000,สำนักงานที่ดินจังหวัดภูเก็ต สาขาถลาง,4,False,ห้องชุดพักอาศัยตากอากาศ/พื้นที่ระเบียง,76400,,official_statutory_assessment_rate_not_market_price
120132,34641,สุรินทร์ปาร์ค คอนโดมิเนี่ยม,-,83,ภูเก็ต,3,ถลาง,3,เชิงทะเล,83010000,สำนักงานที่ดินจังหวัดภูเก็ต สาขาถลาง,2,False,ห้องชุดพักอาศัยตากอากาศ,64500,,official_statutory_assessment_rate_not_market_price
120133,34641,สุรินทร์ปาร์ค คอนโดมิเนี่ยม,-,83,ภูเก็ต,3,ถลาง,3,เชิงทะเล,83010000,สำนักงานที่ดินจังหวัดภูเก็ต สาขาถลาง,2,False,ระเบียง,32250,,official_statutory_assessment_rate_not_market_price
120134,34641,สุรินทร์ปาร์ค คอนโดมิเนี่ยม,-,83,ภูเก็ต,3,ถลาง,3,เชิงทะเล,83010000,สำนักงานที่ดินจังหวัดภูเก็ต สาขาถลาง,3,False,ห้องชุดพักอาศัยตากอากาศ,65000,,official_statutory_assessment_rate_not_market_price
120135,34641,สุรินทร์ปาร์ค คอนโดมิเนี่ยม,-,83,ภูเก็ต,3,ถลาง,3,เชิงทะเล,83010000,สำนักงานที่ดินจังหวัดภูเก็ต สาขาถลาง,3,False,ระเบียง,32500,,official_statutory_assessment_rate_not_market_price
120136,34641,สุรินทร์ปาร์ค คอนโดมิเนี่ยม,-,83,ภูเก็ต,3,ถลาง,3,เชิงทะเล,83010000,สำนักงานที่ดินจังหวัดภูเก็ต สาขาถลาง,4,False,ห้องชุดพักอาศัยตากอากาศ,65500,,official_statutory_assessment_rate_not_market_price
120137,34641,สุรินทร์ปาร์ค คอนโดมิเนี่ยม,-,83,ภูเก็ต,3,ถลาง,3,เชิงทะเล,83010000,สำนักงานที่ดินจังหวัดภูเก็ต สาขาถลาง,4,False,ระเบียง,32750,,official_statutory_assessment_rate_not_market_price
120138,34641,สุรินทร์ปาร์ค คอนโดมิเนี่ยม,-,83,ภูเก็ต,3,ถลาง,3,เชิงทะเล,83010000,สำนักงานที่ดินจังหวัดภูเก็ต สาขาถลาง,5,False,พักอาศัยตากอากาศเพ้นท์เฮ้าส์,67000,,official_statutory_assessment_rate_not_market_price
120139,34641,สุรินทร์ปาร์ค คอนโดมิเนี่ยม,-,83,ภูเก็ต,3,ถลาง,3,เชิงทะเล,83010000,สำนักงานที่ดินจังหวัดภูเก็ต สาขาถลาง,5,False,ระเบียง,33500,,official_statutory_assessment_rate_not_market_price
120140,34639,สุรินทร์ สบาย คอนโดมิเนียม 2,-,83,ภูเก็ต,3,ถลาง,3,เชิงทะเล,83010000,สำนักงานที่ดินจังหวัดภูเก็ต สาขาถลาง,4,False,ระเบียง,20350,,official_statutory_assessment_rate_not_market_price
120141,34639,สุรินทร์ สบาย คอนโดมิเนียม 2,-,83,ภูเก็ต,3,ถลาง,3,เชิงทะเล,83010000,สำนักงานที่ดินจังหวัดภูเก็ต สาขาถลาง,5,False,ห้องชุดพักอาศัย,41200,,official_statutory_assessment_rate_not_market_price
120142,34639,สุรินทร์ สบาย คอนโดมิเนียม 2,-,83,ภูเก็ต,3,ถลาง,3,เชิงทะเล,83010000,สำนักงานที่ดินจังหวัดภูเก็ต สาขาถลาง,5,False,ระเบียง,20600,,official_statutory_assessment_rate_not_market_price
120143,34639,สุรินทร์ สบาย คอนโดมิเนียม 2,-,83,ภูเก็ต,3,ถลาง,3,เชิงทะเล,83010000,สำนักงานที่ดินจังหวัดภูเก็ต สาขาถลาง,6,False,ห้องชุดพักอาศัยแบบเพนท์เฮ้าส์,42700,,official_statutory_assessment_rate_not_market_price
120144,34639,สุรินทร์ สบาย คอนโดมิเนียม 2,-,83,ภูเก็ต,3,ถลาง,3,เชิงทะเล,83010000,สำนักงานที่ดินจังหวัดภูเก็ต สาขาถลาง,6,False,ระเบียง,21350,,official_statutory_assessment_rate_not_market_price
120145,34640,สุรินทร์ สบายคอนโดมิเนี่ยม,-,83,ภูเก็ต,3,ถลาง,3,เชิงทะเล,83010000,สำนักงานที่ดินจังหวัดภูเก็ต สาขาถลาง,1,False,ห้องชุดพักอาศัยตากอากาศ,39500,,official_statutory_assessment_rate_not_market_price
120146,34640,สุรินทร์ สบายคอนโดมิเนี่ยม,-,83,ภูเก็ต,3,ถลาง,3,เชิงทะเล,83010000,สำนักงานที่ดินจังหวัดภูเก็ต สาขาถลาง,1,False,ระเบียง,19750,,official_statutory_assessment_rate_not_market_price
120147,34640,สุรินทร์ สบายคอนโดมิเนี่ยม,-,83,ภูเก็ต,3,ถลาง,3,เชิงทะเล,83010000,สำนักงานที่ดินจังหวัดภูเก็ต สาขาถลาง,2,False,ห้องชุดพักอาศัยตากอากาศ,40000,,official_statutory_assessment_rate_not_market_price
120148,34640,สุรินทร์ สบายคอนโดมิเนี่ยม,-,83,ภูเก็ต,3,ถลาง,3,เชิงทะเล,83010000,สำนักงานที่ดินจังหวัดภูเก็ต สาขาถลาง,2,False,ระเบียง,20000,,official_statutory_assessment_rate_not_market_price
120149,34640,สุรินทร์ สบายคอนโดมิเนี่ยม,-,83,ภูเก็ต,3,ถลาง,3,เชิงทะเล,83010000,สำนักงานที่ดินจังหวัดภูเก็ต สาขาถลาง,3,False,ห้องชุดพักอาศัยตากอากาศ,40500,,official_statutory_assessment_rate_not_market_price
120150,34640,สุรินทร์ สบายคอนโดมิเนี่ยม,-,83,ภูเก็ต,3,ถลาง,3,เชิงทะเล,83010000,สำนักงานที่ดินจังหวัดภูเก็ต สาขาถลาง,3,False,ระเบียง,20250,,official_statutory_assessment_rate_not_market_price
120151,34640,สุรินทร์ สบายคอนโดมิเนี่ยม,-,83,ภูเก็ต,3,ถลาง,3,เชิงทะเล,83010000,สำนักงานที่ดินจังหวัดภูเก็ต สาขาถลาง,4,False,ห้องชุดพักอาศัยแบบเพนท์เฮ้าส์,41500,,official_statutory_assessment_rate_not_market_price
120152,34640,สุรินทร์ สบายคอนโดมิเนี่ยม,-,83,ภูเก็ต,3,ถลาง,3,เชิงทะเล,83010000,สำนักงานที่ดินจังหวัดภูเก็ต สาขาถลาง,4,False,ระเบียง,20750,,official_statutory_assessment_rate_not_market_price
120153,34641,สุรินทร์ปาร์ค คอนโดมิเนี่ยม,-,83,ภูเก็ต,3,ถลาง,3,เชิงทะเล,83010000,สำนักงานที่ดินจังหวัดภูเก็ต สาขาถลาง,1,False,ห้องชุดพักอาศัยตากอากาศ,64000,,official_statutory_assessment_rate_not_market_price
120154,34641,สุรินทร์ปาร์ค คอนโดมิเนี่ยม,-,83,ภูเก็ต,3,ถลาง,3,เชิงทะเล,83010000,สำนักงานที่ดินจังหวัดภูเก็ต สาขาถลาง,1,False,ระเบียง,32000,,official_statutory_assessment_rate_not_market_price
120155,31846,สุรินทร์ เกท,-,83,ภูเก็ต,3,ถลาง,3,เชิงทะเล,83010000,สำนักงานที่ดินจังหวัดภูเก็ต สาขาถลาง,5,False,ระเบียง,18250,,official_statutory_assessment_rate_not_market_price
120156,34637,สุรินทร์ ไฮท์ คอนโดมิเนี่ยม,-,83,ภูเก็ต,3,ถลาง,3,เชิงทะเล,83010000,สำนักงานที่ดินจังหวัดภูเก็ต สาขาถลาง,1-เม.ย.,True,ห้องชุดพักอาศัยตากอากาศแบบดูเพล็ก,54500,,official_statutory_assessment_rate_not_market_price
120157,34637,สุรินทร์ ไฮท์ คอนโดมิเนี่ยม,-,83,ภูเก็ต,3,ถลาง,3,เชิงทะเล,83010000,สำนักงานที่ดินจังหวัดภูเก็ต สาขาถลาง,1-เม.ย.,True,พื้นที่ระเบียง,27250,,official_statutory_assessment_rate_not_market_price
120158,34638,สุรินทร์ สบาย 3,-,83,ภูเก็ต,3,ถลาง,3,เชิงทะเล,83010000,สำนักงานที่ดินจังหวัดภูเก็ต สาขาถลาง,2,False,ห้องชุดพักอาศัยตากอากาศ,52000,,official_statutory_assessment_rate_not_market_price
120159,34638,สุรินทร์ สบาย 3,-,83,ภูเก็ต,3,ถลาง,3,เชิงทะเล,83010000,สำนักงานที่ดินจังหวัดภูเก็ต สาขาถลาง,2,False,พื้นที่ระเบียง,26000,,official_statutory_assessment_rate_not_market_price
120160,34638,สุรินทร์ สบาย 3,-,83,ภูเก็ต,3,ถลาง,3,เชิงทะเล,83010000,สำนักงานที่ดินจังหวัดภูเก็ต สาขาถลาง,3-เม.ย.,True,ห้องชุดพักอาศัยตากอากาศ,52500,,official_statutory_assessment_rate_not_market_price
120161,34638,สุรินทร์ สบาย 3,-,83,ภูเก็ต,3,ถลาง,3,เชิงทะเล,83010000,สำนักงานที่ดินจังหวัดภูเก็ต สาขาถลาง,3-เม.ย.,True,พื้นที่ระเบียง,26250,,official_statutory_assessment_rate_not_market_price
120162,34638,สุรินทร์ สบาย 3,-,83,ภูเก็ต,3,ถลาง,3,เชิงทะเล,83010000,สำนักงานที่ดินจังหวัดภูเก็ต สาขาถลาง,5-มิ.ย.,True,ห้องชุดพักอาศัยตากอากาศ,53000,,official_statutory_assessment_rate_not_market_price
120163,34638,สุรินทร์ สบาย 3,-,83,ภูเก็ต,3,ถลาง,3,เชิงทะเล,83010000,สำนักงานที่ดินจังหวัดภูเก็ต สาขาถลาง,5-มิ.ย.,True,พื้นที่ระเบียง,26500,,official_statutory_assessment_rate_not_market_price
120164,34639,สุรินทร์ สบาย คอนโดมิเนียม 2,-,83,ภูเก็ต,3,ถลาง,3,เชิงทะเล,83010000,สำนักงานที่ดินจังหวัดภูเก็ต สาขาถลาง,1,False,ห้องชุดพักอาศัย,39700,,official_statutory_assessment_rate_not_market_price
120165,34639,สุรินทร์ สบาย คอนโดมิเนียม 2,-,83,ภูเก็ต,3,ถลาง,3,เชิงทะเล,83010000,สำนักงานที่ดินจังหวัดภูเก็ต สาขาถลาง,1,False,ระเบียง,19850,,official_statutory_assessment_rate_not_market_price
120166,34639,สุรินทร์ สบาย คอนโดมิเนียม 2,-,83,ภูเก็ต,3,ถลาง,3,เชิงทะเล,83010000,สำนักงานที่ดินจังหวัดภูเก็ต สาขาถลาง,2,False,ห้องชุดพักอาศัย,40000,,official_statutory_assessment_rate_not_market_price
120167,34639,สุรินทร์ สบาย คอนโดมิเนียม 2,-,83,ภูเก็ต,3,ถลาง,3,เชิงทะเล,83010000,สำนักงานที่ดินจังหวัดภูเก็ต สาขาถลาง,2,False,ระเบียง,20000,,official_statutory_assessment_rate_not_market_price
120168,34639,สุรินทร์ สบาย คอนโดมิเนียม 2,-,83,ภูเก็ต,3,ถลาง,3,เชิงทะเล,83010000,สำนักงานที่ดินจังหวัดภูเก็ต สาขาถลาง,3,False,ห้องชุดพักอาศัย,40300,,official_statutory_assessment_rate_not_market_price
120169,34639,สุรินทร์ สบาย คอนโดมิเนียม 2,-,83,ภูเก็ต,3,ถลาง,3,เชิงทะเล,83010000,สำนักงานที่ดินจังหวัดภูเก็ต สาขาถลาง,3,False,ระเบียง,20150,,official_statutory_assessment_rate_not_market_price
120170,34639,สุรินทร์ สบาย คอนโดมิเนียม 2,-,83,ภูเก็ต,3,ถลาง,3,เชิงทะเล,83010000,สำนักงานที่ดินจังหวัดภูเก็ต สาขาถลาง,4,False,ห้องชุดพักอาศัย,40700,,official_statutory_assessment_rate_not_market_price
120171,34626,บ้านไทลายัน เฟส 1,-,83,ภูเก็ต,3,ถลาง,3,เชิงทะเล,83010000,สำนักงานที่ดินจังหวัดภูเก็ต สาขาถลาง,3,False,ห้องชุดพักอาศัยตากอากาศ,32000,,official_statutory_assessment_rate_not_market_price
120172,34626,บ้านไทลายัน เฟส 1,-,83,ภูเก็ต,3,ถลาง,3,เชิงทะเล,83010000,สำนักงานที่ดินจังหวัดภูเก็ต สาขาถลาง,3,False,ระเบียง,16000,,official_statutory_assessment_rate_not_market_price
120173,34626,บ้านไทลายัน เฟส 1,-,83,ภูเก็ต,3,ถลาง,3,เชิงทะเล,83010000,สำนักงานที่ดินจังหวัดภูเก็ต สาขาถลาง,"1,2",False,อาศัยตากอากาศดูเพล็กซ์ควบ2ชั้น,34000,,official_statutory_assessment_rate_not_market_price
120174,34626,บ้านไทลายัน เฟส 1,-,83,ภูเก็ต,3,ถลาง,3,เชิงทะเล,83010000,สำนักงานที่ดินจังหวัดภูเก็ต สาขาถลาง,"1,2",False,ระเบียง,17000,,official_statutory_assessment_rate_not_market_price
120175,34627,บ้านไทลายัน เฟส 2,-,83,ภูเก็ต,3,ถลาง,3,เชิงทะเล,83010000,สำนักงานที่ดินจังหวัดภูเก็ต สาขาถลาง,1,False,ห้องชุดพักอาศัยตากอากาศ,33000,,official_statutory_assessment_rate_not_market_price
120176,34627,บ้านไทลายัน เฟส 2,-,83,ภูเก็ต,3,ถลาง,3,เชิงทะเล,83010000,สำนักงานที่ดินจังหวัดภูเก็ต สาขาถลาง,3,False,ห้องชุดพักอาศัยตากอากาศ,32000,,official_statutory_assessment_rate_not_market_price
120177,34627,บ้านไทลายัน เฟส 2,-,83,ภูเก็ต,3,ถลาง,3,เชิงทะเล,83010000,สำนักงานที่ดินจังหวัดภูเก็ต สาขาถลาง,3,False,ระเบียง,16000,,official_statutory_assessment_rate_not_market_price
120178,34627,บ้านไทลายัน เฟส 2,-,83,ภูเก็ต,3,ถลาง,3,เชิงทะเล,83010000,สำนักงานที่ดินจังหวัดภูเก็ต สาขาถลาง,"1,2",False,อาศัยตากอากาศดูเพล็กซ์ควบ2ชั้น,34000,,official_statutory_assessment_rate_not_market_price
120179,34627,บ้านไทลายัน เฟส 2,-,83,ภูเก็ต,3,ถลาง,3,เชิงทะเล,83010000,สำนักงานที่ดินจังหวัดภูเก็ต สาขาถลาง,"1,2",False,ระเบียง,17000,,official_statutory_assessment_rate_not_market_price
120180,34627,บ้านไทลายัน เฟส 2,-,83,ภูเก็ต,3,ถลาง,3,เชิงทะเล,83010000,สำนักงานที่ดินจังหวัดภูเก็ต สาขาถลาง,"2,3",False,อาศัยตากอากาศดูเพล็กซ์ควบ2ชั้น,33500,,official_statutory_assessment_rate_not_market_price
120181,34627,บ้านไทลายัน เฟส 2,-,83,ภูเก็ต,3,ถลาง,3,เชิงทะเล,83010000,สำนักงานที่ดินจังหวัดภูเก็ต สาขาถลาง,"2,3",False,ระเบียง,16750,,official_statutory_assessment_rate_not_market_price
120182,34622,บางเทา ทรอปิคอล เรสซิเดนท์,-,83,ภูเก็ต,3,ถลาง,3,เชิงทะเล,83010000,สำนักงานที่ดินจังหวัดภูเก็ต สาขาถลาง,4,False,ห้องชุดพักอาศัยตากอากาศ,44500,,official_statutory_assessment_rate_not_market_price
120183,34622,บางเทา ทรอปิคอล เรสซิเดนท์,-,83,ภูเก็ต,3,ถลาง,3,เชิงทะเล,83010000,สำนักงานที่ดินจังหวัดภูเก็ต สาขาถลาง,4,False,พื้นที่ระเบียง,22250,,official_statutory_assessment_rate_not_market_price
120184,34622,บางเทา ทรอปิคอล เรสซิเดนท์,-,83,ภูเก็ต,3,ถลาง,3,เชิงทะเล,83010000,สำนักงานที่ดินจังหวัดภูเก็ต สาขาถลาง,4,False,ห้องชุดพักอาศัยตากอากาศแบบเพนท์เฮ้าส์,45500,,official_statutory_assessment_rate_not_market_price
120185,34622,บางเทา ทรอปิคอล เรสซิเดนท์,-,83,ภูเก็ต,3,ถลาง,3,เชิงทะเล,83010000,สำนักงานที่ดินจังหวัดภูเก็ต สาขาถลาง,4,False,พื้นที่ระเบียง,22750,,official_statutory_assessment_rate_not_market_price
120186,34622,บางเทา ทรอปิคอล เรสซิเดนท์,-,83,ภูเก็ต,3,ถลาง,3,เชิงทะเล,83010000,สำนักงานที่ดินจังหวัดภูเก็ต สาขาถลาง,4,False,พื้นที่สระว่ายน้ำ,22750,,official_statutory_assessment_rate_not_market_price
120187,34622,บางเทา ทรอปิคอล เรสซิเดนท์,-,83,ภูเก็ต,3,ถลาง,3,เชิงทะเล,83010000,สำนักงานที่ดินจังหวัดภูเก็ต สาขาถลาง,1,False,ห้องชุดพักอาศัยตากอากาศ,43000,,official_statutory_assessment_rate_not_market_price
120188,34622,บางเทา ทรอปิคอล เรสซิเดนท์,-,83,ภูเก็ต,3,ถลาง,3,เชิงทะเล,83010000,สำนักงานที่ดินจังหวัดภูเก็ต สาขาถลาง,1,False,พื้นที่ระเบียง,21500,,official_statutory_assessment_rate_not_market_price
120189,34622,บางเทา ทรอปิคอล เรสซิเดนท์,-,83,ภูเก็ต,3,ถลาง,3,เชิงทะเล,83010000,สำนักงานที่ดินจังหวัดภูเก็ต สาขาถลาง,1,False,พื้นที่สวน,850,,official_statutory_assessment_rate_not_market_price
120190,34622,บางเทา ทรอปิคอล เรสซิเดนท์,-,83,ภูเก็ต,3,ถลาง,3,เชิงทะเล,83010000,สำนักงานที่ดินจังหวัดภูเก็ต สาขาถลาง,2,False,ห้องชุดพักอาศัยตากอากาศ,43500,,official_statutory_assessment_rate_not_market_price
120191,34622,บางเทา ทรอปิคอล เรสซิเดนท์,-,83,ภูเก็ต,3,ถลาง,3,เชิงทะเล,83010000,สำนักงานที่ดินจังหวัดภูเก็ต สาขาถลาง,2,False,พื้นที่ระเบียง,21750,,official_statutory_assessment_rate_not_market_price
120192,34622,บางเทา ทรอปิคอล เรสซิเดนท์,-,83,ภูเก็ต,3,ถลาง,3,เชิงทะเล,83010000,สำนักงานที่ดินจังหวัดภูเก็ต สาขาถลาง,3,False,ห้องชุดพักอาศัยตากอากาศ,44000,,official_statutory_assessment_rate_not_market_price
120193,34622,บางเทา ทรอปิคอล เรสซิเดนท์,-,83,ภูเก็ต,3,ถลาง,3,เชิงทะเล,83010000,สำนักงานที่ดินจังหวัดภูเก็ต สาขาถลาง,3,False,พื้นที่ระเบียง,22000,,official_statutory_assessment_rate_not_market_price
120194,34636,สเคป คอนโดมิเนียม,-,83,ภูเก็ต,3,ถลาง,3,เชิงทะเล,83010000,สำนักงานที่ดินจังหวัดภูเก็ต สาขาถลาง,1,False,ห้องชุดพาณิชยกรรม,64000,,official_statutory_assessment_rate_not_market_price
120195,34636,สเคป คอนโดมิเนียม,-,83,ภูเก็ต,3,ถลาง,3,เชิงทะเล,83010000,สำนักงานที่ดินจังหวัดภูเก็ต สาขาถลาง,2,False,ห้องชุดพักอาศัย,53500,,official_statutory_assessment_rate_not_market_price
120196,34636,สเคป คอนโดมิเนียม,-,83,ภูเก็ต,3,ถลาง,3,เชิงทะเล,83010000,สำนักงานที่ดินจังหวัดภูเก็ต สาขาถลาง,2,False,พื้นที่ระเบียง,26750,,official_statutory_assessment_rate_not_market_price
120197,34636,สเคป คอนโดมิเนียม,-,83,ภูเก็ต,3,ถลาง,3,เชิงทะเล,83010000,สำนักงานที่ดินจังหวัดภูเก็ต สาขาถลาง,3-เม.ย.,True,ห้องชุดพักอาศัย,54000,,official_statutory_assessment_rate_not_market_price
120198,34636,สเคป คอนโดมิเนียม,-,83,ภูเก็ต,3,ถลาง,3,เชิงทะเล,83010000,สำนักงานที่ดินจังหวัดภูเก็ต สาขาถลาง,3-เม.ย.,True,พื้นที่ระเบียง,27000,,official_statutory_assessment_rate_not_market_price
120199,34636,สเคป คอนโดมิเนียม,-,83,ภูเก็ต,3,ถลาง,3,เชิงทะเล,83010000,สำนักงานที่ดินจังหวัดภูเก็ต สาขาถลาง,5-มิ.ย.,True,ห้องชุดพักอาศัย,54500,,official_statutory_assessment_rate_not_market_price
120200,34636,สเคป คอนโดมิเนียม,-,83,ภูเก็ต,3,ถลาง,3,เชิงทะเล,83010000,สำนักงานที่ดินจังหวัดภูเก็ต สาขาถลาง,5-มิ.ย.,True,พื้นที่ระเบียง,27250,,official_statutory_assessment_rate_not_market_price
120201,34636,สเคป คอนโดมิเนียม,-,83,ภูเก็ต,3,ถลาง,3,เชิงทะเล,83010000,สำนักงานที่ดินจังหวัดภูเก็ต สาขาถลาง,7,False,ห้องชุดพักอาศัย,55000,,official_statutory_assessment_rate_not_market_price
120202,34636,สเคป คอนโดมิเนียม,-,83,ภูเก็ต,3,ถลาง,3,เชิงทะเล,83010000,สำนักงานที่ดินจังหวัดภูเก็ต สาขาถลาง,7,False,พื้นที่ระเบียง,27500,,official_statutory_assessment_rate_not_market_price
120203,34619,ธรรมรินทร์ฮิลล์,2.2,83,ภูเก็ต,3,ถลาง,3,เชิงทะเล,83010000,สำนักงานที่ดินจังหวัดภูเก็ต สาขาถลาง,3,False,ระเบียง,35250,,official_statutory_assessment_rate_not_market_price
120204,34619,ธรรมรินทร์ฮิลล์,2.2,83,ภูเก็ต,3,ถลาง,3,เชิงทะเล,83010000,สำนักงานที่ดินจังหวัดภูเก็ต สาขาถลาง,ใต้ดิน 1,False,ห้องชุดเพื่อประกอบการค้า(ห้องชุดพาณิชยกรรม),85500,,official_statutory_assessment_rate_not_market_price
120205,34619,ธรรมรินทร์ฮิลล์,2.3,83,ภูเก็ต,3,ถลาง,3,เชิงทะเล,83010000,สำนักงานที่ดินจังหวัดภูเก็ต สาขาถลาง,1,False,ห้องชุดพักอาศัยตากอากาศ,71500,,official_statutory_assessment_rate_not_market_price
120206,34619,ธรรมรินทร์ฮิลล์,2.3,83,ภูเก็ต,3,ถลาง,3,เชิงทะเล,83010000,สำนักงานที่ดินจังหวัดภูเก็ต สาขาถลาง,1,False,ระเบียง,35750,,official_statutory_assessment_rate_not_market_price
120207,34619,ธรรมรินทร์ฮิลล์,2.3,83,ภูเก็ต,3,ถลาง,3,เชิงทะเล,83010000,สำนักงานที่ดินจังหวัดภูเก็ต สาขาถลาง,2,False,ห้องชุดพักอาศัยตากอากาศ,71000,,official_statutory_assessment_rate_not_market_price
120208,34619,ธรรมรินทร์ฮิลล์,2.3,83,ภูเก็ต,3,ถลาง,3,เชิงทะเล,83010000,สำนักงานที่ดินจังหวัดภูเก็ต สาขาถลาง,2,False,ระเบียง,35500,,official_statutory_assessment_rate_not_market_price
120209,34619,ธรรมรินทร์ฮิลล์,2.3,83,ภูเก็ต,3,ถลาง,3,เชิงทะเล,83010000,สำนักงานที่ดินจังหวัดภูเก็ต สาขาถลาง,3,False,ห้องชุดพักอาศัยตากอากาศ,70500,,official_statutory_assessment_rate_not_market_price
120210,34619,ธรรมรินทร์ฮิลล์,2.3,83,ภูเก็ต,3,ถลาง,3,เชิงทะเล,83010000,สำนักงานที่ดินจังหวัดภูเก็ต สาขาถลาง,3,False,ระเบียง,35250,,official_statutory_assessment_rate_not_market_price
120211,34619,ธรรมรินทร์ฮิลล์,2.4,83,ภูเก็ต,3,ถลาง,3,เชิงทะเล,83010000,สำนักงานที่ดินจังหวัดภูเก็ต สาขาถลาง,1,False,ห้องชุดพักอาศัยตากอากาศ,71500,,official_statutory_assessment_rate_not_market_price
120212,34619,ธรรมรินทร์ฮิลล์,2.4,83,ภูเก็ต,3,ถลาง,3,เชิงทะเล,83010000,สำนักงานที่ดินจังหวัดภูเก็ต สาขาถลาง,1,False,ระเบียง,35750,,official_statutory_assessment_rate_not_market_price
120213,34619,ธรรมรินทร์ฮิลล์,2.4,83,ภูเก็ต,3,ถลาง,3,เชิงทะเล,83010000,สำนักงานที่ดินจังหวัดภูเก็ต สาขาถลาง,2,False,ห้องชุดพักอาศัยตากอากาศ,71000,,official_statutory_assessment_rate_not_market_price
120214,34619,ธรรมรินทร์ฮิลล์,2.4,83,ภูเก็ต,3,ถลาง,3,เชิงทะเล,83010000,สำนักงานที่ดินจังหวัดภูเก็ต สาขาถลาง,2,False,ระเบียง,35500,,official_statutory_assessment_rate_not_market_price
120215,34619,ธรรมรินทร์ฮิลล์,2.4,83,ภูเก็ต,3,ถลาง,3,เชิงทะเล,83010000,สำนักงานที่ดินจังหวัดภูเก็ต สาขาถลาง,3,False,ห้องชุดพักอาศัยตากอากาศ,70500,,official_statutory_assessment_rate_not_market_price
120216,34619,ธรรมรินทร์ฮิลล์,2.4,83,ภูเก็ต,3,ถลาง,3,เชิงทะเล,83010000,สำนักงานที่ดินจังหวัดภูเก็ต สาขาถลาง,3,False,ระเบียง,35250,,official_statutory_assessment_rate_not_market_price
120217,34642,ออกซิเจนคอนโดมิเนียม,เอ,83,ภูเก็ต,3,ถลาง,3,เชิงทะเล,83010000,สำนักงานที่ดินจังหวัดภูเก็ต สาขาถลาง,"1,2",False,ห้องชุดพักอาศัยตากอากาศควบ 2 ชั้น,38000,,official_statutory_assessment_rate_not_market_price
120218,34642,ออกซิเจนคอนโดมิเนียม,เอ,83,ภูเก็ต,3,ถลาง,3,เชิงทะเล,83010000,สำนักงานที่ดินจังหวัดภูเก็ต สาขาถลาง,"1,2",False,พื้นที่ระเบียง/พื้นที่สวน/พื้นที่สระว่ายน้ำ,19000,,official_statutory_assessment_rate_not_market_price
120219,34642,ออกซิเจนคอนโดมิเนียม,บี,83,ภูเก็ต,3,ถลาง,3,เชิงทะเล,83010000,สำนักงานที่ดินจังหวัดภูเก็ต สาขาถลาง,"1,2",False,ห้องชุดพักอาศัยตากอากาศควบ 2 ชั้น,38000,,official_statutory_assessment_rate_not_market_price
120220,34642,ออกซิเจนคอนโดมิเนียม,บี,83,ภูเก็ต,3,ถลาง,3,เชิงทะเล,83010000,สำนักงานที่ดินจังหวัดภูเก็ต สาขาถลาง,"1,2",False,พื้นที่ระเบียง/พื้นที่สวน/พื้นที่สระว่ายน้ำ,19000,,official_statutory_assessment_rate_not_market_price
120221,34642,ออกซิเจนคอนโดมิเนียม,ซี ,83,ภูเก็ต,3,ถลาง,3,เชิงทะเล,83010000,สำนักงานที่ดินจังหวัดภูเก็ต สาขาถลาง,"1,2",False,ห้องชุดพักอาศัยตากอากาศควบ 2 ชั้น,38000,,official_statutory_assessment_rate_not_market_price
120222,34642,ออกซิเจนคอนโดมิเนียม,ซี ,83,ภูเก็ต,3,ถลาง,3,เชิงทะเล,83010000,สำนักงานที่ดินจังหวัดภูเก็ต สาขาถลาง,"1,2",False,พื้นที่ระเบียง/พื้นที่สวน/พื้นที่สระว่ายน้ำ,19000,,official_statutory_assessment_rate_not_market_price
120223,34642,ออกซิเจนคอนโดมิเนียม,ดี,83,ภูเก็ต,3,ถลาง,3,เชิงทะเล,83010000,สำนักงานที่ดินจังหวัดภูเก็ต สาขาถลาง,"1,2",False,ห้องชุดพักอาศัยตากอากาศควบ 2 ชั้น,38000,,official_statutory_assessment_rate_not_market_price
120224,34642,ออกซิเจนคอนโดมิเนียม,ดี,83,ภูเก็ต,3,ถลาง,3,เชิงทะเล,83010000,สำนักงานที่ดินจังหวัดภูเก็ต สาขาถลาง,"1,2",False,พื้นที่ระเบียง/พื้นที่สวน/พื้นที่สระว่ายน้ำ,19000,,official_statutory_assessment_rate_not_market_price
120225,34642,ออกซิเจนคอนโดมิเนียม,อี,83,ภูเก็ต,3,ถลาง,3,เชิงทะเล,83010000,สำนักงานที่ดินจังหวัดภูเก็ต สาขาถลาง,"1,2",False,ห้องชุดพักอาศัยตากอากาศควบ 2 ชั้น,38000,,official_statutory_assessment_rate_not_market_price
120226,34642,ออกซิเจนคอนโดมิเนียม,อี,83,ภูเก็ต,3,ถลาง,3,เชิงทะเล,83010000,สำนักงานที่ดินจังหวัดภูเก็ต สาขาถลาง,"1,2",False,พื้นที่ระเบียง/พื้นที่สวน/พื้นที่สระว่ายน้ำ,19000,,official_statutory_assessment_rate_not_market_price
120227,34642,ออกซิเจนคอนโดมิเนียม,เอฟ,83,ภูเก็ต,3,ถลาง,3,เชิงทะเล,83010000,สำนักงานที่ดินจังหวัดภูเก็ต สาขาถลาง,"1,2",False,ห้องชุดพักอาศัยตากอากาศควบ 2 ชั้น,38000,,official_statutory_assessment_rate_not_market_price
120228,34642,ออกซิเจนคอนโดมิเนียม,เอฟ,83,ภูเก็ต,3,ถลาง,3,เชิงทะเล,83010000,สำนักงานที่ดินจังหวัดภูเก็ต สาขาถลาง,"1,2",False,พื้นที่ระเบียง/พื้นที่สวน/พื้นที่สระว่ายน้ำ,19000,,official_statutory_assessment_rate_not_market_price
120229,34598,เดอะ ไนท์ คอนโดเทล,-,83,ภูเก็ต,3,ถลาง,3,เชิงทะเล,83010000,สำนักงานที่ดินจังหวัดภูเก็ต สาขาถลาง,1,False,ห้องชุดเพื่อประกอบการค้า(ห้องชุดพาณิชยกรรม),43000,,official_statutory_assessment_rate_not_market_price
120230,34598,เดอะ ไนท์ คอนโดเทล,-,83,ภูเก็ต,3,ถลาง,3,เชิงทะเล,83010000,สำนักงานที่ดินจังหวัดภูเก็ต สาขาถลาง,1,False,พื้นที่ระเบียง,21500,,official_statutory_assessment_rate_not_market_price
120231,34598,เดอะ ไนท์ คอนโดเทล,-,83,ภูเก็ต,3,ถลาง,3,เชิงทะเล,83010000,สำนักงานที่ดินจังหวัดภูเก็ต สาขาถลาง,7,False,ห้องชุดพักอาศัย,37500,,official_statutory_assessment_rate_not_market_price
120232,34598,เดอะ ไนท์ คอนโดเทล,-,83,ภูเก็ต,3,ถลาง,3,เชิงทะเล,83010000,สำนักงานที่ดินจังหวัดภูเก็ต สาขาถลาง,7,False,พื้นที่ระเบียง,18750,,official_statutory_assessment_rate_not_market_price
120233,34598,เดอะ ไนท์ คอนโดเทล,-,83,ภูเก็ต,3,ถลาง,3,เชิงทะเล,83010000,สำนักงานที่ดินจังหวัดภูเก็ต สาขาถลาง,1-ก.พ.,True,ห้องชุดพักอาศัย,36000,,official_statutory_assessment_rate_not_market_price
120234,34598,เดอะ ไนท์ คอนโดเทล,-,83,ภูเก็ต,3,ถลาง,3,เชิงทะเล,83010000,สำนักงานที่ดินจังหวัดภูเก็ต สาขาถลาง,1-ก.พ.,True,พื้นที่ระเบียง,18000,,official_statutory_assessment_rate_not_market_price
120235,34598,เดอะ ไนท์ คอนโดเทล,-,83,ภูเก็ต,3,ถลาง,3,เชิงทะเล,83010000,สำนักงานที่ดินจังหวัดภูเก็ต สาขาถลาง,3-เม.ย.,True,ห้องชุดพักอาศัย,36500,,official_statutory_assessment_rate_not_market_price
120236,34598,เดอะ ไนท์ คอนโดเทล,-,83,ภูเก็ต,3,ถลาง,3,เชิงทะเล,83010000,สำนักงานที่ดินจังหวัดภูเก็ต สาขาถลาง,3-เม.ย.,True,พื้นที่ระเบียง,18250,,official_statutory_assessment_rate_not_market_price
120237,34598,เดอะ ไนท์ คอนโดเทล,-,83,ภูเก็ต,3,ถลาง,3,เชิงทะเล,83010000,สำนักงานที่ดินจังหวัดภูเก็ต สาขาถลาง,5-มิ.ย.,True,ห้องชุดพักอาศัย,37000,,official_statutory_assessment_rate_not_market_price
120238,34598,เดอะ ไนท์ คอนโดเทล,-,83,ภูเก็ต,3,ถลาง,3,เชิงทะเล,83010000,สำนักงานที่ดินจังหวัดภูเก็ต สาขาถลาง,5-มิ.ย.,True,พื้นที่ระเบียง,18500,,official_statutory_assessment_rate_not_market_price
120239,34599,เดอะ ชวา,-,83,ภูเก็ต,3,ถลาง,3,เชิงทะเล,83010000,สำนักงานที่ดินจังหวัดภูเก็ต สาขาถลาง,1,False,ห้องชุดพักอาศัยตากอากาศ,62000,,official_statutory_assessment_rate_not_market_price
120240,34599,เดอะ ชวา,-,83,ภูเก็ต,3,ถลาง,3,เชิงทะเล,83010000,สำนักงานที่ดินจังหวัดภูเก็ต สาขาถลาง,1,False,พื้นที่ระเบียง,31000,,official_statutory_assessment_rate_not_market_price
120241,34599,เดอะ ชวา,-,83,ภูเก็ต,3,ถลาง,3,เชิงทะเล,83010000,สำนักงานที่ดินจังหวัดภูเก็ต สาขาถลาง,1,False,พื้นที่สวน,6250,,official_statutory_assessment_rate_not_market_price
120242,34599,เดอะ ชวา,-,83,ภูเก็ต,3,ถลาง,3,เชิงทะเล,83010000,สำนักงานที่ดินจังหวัดภูเก็ต สาขาถลาง,1,False,พื้นที่สระว่ายน้ำ,31000,,official_statutory_assessment_rate_not_market_price
120243,34599,เดอะ ชวา,-,83,ภูเก็ต,3,ถลาง,3,เชิงทะเล,83010000,สำนักงานที่ดินจังหวัดภูเก็ต สาขาถลาง,1,False,ห้องชุดพักอาศัยตากอากาศ,61000,,official_statutory_assessment_rate_not_market_price
120244,34599,เดอะ ชวา,-,83,ภูเก็ต,3,ถลาง,3,เชิงทะเล,83010000,สำนักงานที่ดินจังหวัดภูเก็ต สาขาถลาง,1,False,พื้นที่ระเบียง,30500,,official_statutory_assessment_rate_not_market_price
120245,34599,เดอะ ชวา,-,83,ภูเก็ต,3,ถลาง,3,เชิงทะเล,83010000,สำนักงานที่ดินจังหวัดภูเก็ต สาขาถลาง,1,False,พื้นที่สระว่ายน้ำ,30500,,official_statutory_assessment_rate_not_market_price
120246,34599,เดอะ ชวา,-,83,ภูเก็ต,3,ถลาง,3,เชิงทะเล,83010000,สำนักงานที่ดินจังหวัดภูเก็ต สาขาถลาง,2,False,ห้องชุดพักอาศัยตากอากาศ,62500,,official_statutory_assessment_rate_not_market_price
120247,34599,เดอะ ชวา,-,83,ภูเก็ต,3,ถลาง,3,เชิงทะเล,83010000,สำนักงานที่ดินจังหวัดภูเก็ต สาขาถลาง,2,False,พื้นที่ระเบียง,31250,,official_statutory_assessment_rate_not_market_price
120248,34599,เดอะ ชวา,-,83,ภูเก็ต,3,ถลาง,3,เชิงทะเล,83010000,สำนักงานที่ดินจังหวัดภูเก็ต สาขาถลาง,2,False,ห้องชุดพักอาศัยตากอากาศ,61500,,official_statutory_assessment_rate_not_market_price
120249,34599,เดอะ ชวา,-,83,ภูเก็ต,3,ถลาง,3,เชิงทะเล,83010000,สำนักงานที่ดินจังหวัดภูเก็ต สาขาถลาง,2,False,พื้นที่ระเบียง,30750,,official_statutory_assessment_rate_not_market_price
120250,34599,เดอะ ชวา,-,83,ภูเก็ต,3,ถลาง,3,เชิงทะเล,83010000,สำนักงานที่ดินจังหวัดภูเก็ต สาขาถลาง,3,False,ห้องชุดพักอาศัยตากอากาศ,63000,,official_statutory_assessment_rate_not_market_price
120251,34599,เดอะ ชวา,-,83,ภูเก็ต,3,ถลาง,3,เชิงทะเล,83010000,สำนักงานที่ดินจังหวัดภูเก็ต สาขาถลาง,3,False,พื้นที่ระเบียง,31500,,official_statutory_assessment_rate_not_market_price
120252,34599,เดอะ ชวา,-,83,ภูเก็ต,3,ถลาง,3,เชิงทะเล,83010000,สำนักงานที่ดินจังหวัดภูเก็ต สาขาถลาง,3,False,ห้องชุดพักอาศัยตากอากาศ,62000,,official_statutory_assessment_rate_not_market_price
120253,34599,เดอะ ชวา,-,83,ภูเก็ต,3,ถลาง,3,เชิงทะเล,83010000,สำนักงานที่ดินจังหวัดภูเก็ต สาขาถลาง,3,False,พื้นที่ระเบียง,31000,,official_statutory_assessment_rate_not_market_price
120254,34599,เดอะ ชวา,-,83,ภูเก็ต,3,ถลาง,3,เชิงทะเล,83010000,สำนักงานที่ดินจังหวัดภูเก็ต สาขาถลาง,4,False,ห้องชุดพักอาศัยตากอากาศ,63500,,official_statutory_assessment_rate_not_market_price
120255,34599,เดอะ ชวา,-,83,ภูเก็ต,3,ถลาง,3,เชิงทะเล,83010000,สำนักงานที่ดินจังหวัดภูเก็ต สาขาถลาง,4,False,พื้นที่ระเบียง,31750,,official_statutory_assessment_rate_not_market_price
120256,34599,เดอะ ชวา,-,83,ภูเก็ต,3,ถลาง,3,เชิงทะเล,83010000,สำนักงานที่ดินจังหวัดภูเก็ต สาขาถลาง,4,False,ห้องชุดพักอาศัยตากอากาศ,62500,,official_statutory_assessment_rate_not_market_price
120257,34599,เดอะ ชวา,-,83,ภูเก็ต,3,ถลาง,3,เชิงทะเล,83010000,สำนักงานที่ดินจังหวัดภูเก็ต สาขาถลาง,4,False,พื้นที่ระเบียง,31250,,official_statutory_assessment_rate_not_market_price
120258,34599,เดอะ ชวา,-,83,ภูเก็ต,3,ถลาง,3,เชิงทะเล,83010000,สำนักงานที่ดินจังหวัดภูเก็ต สาขาถลาง,5,False,ห้องชุดพักอาศัยตากอากาศ,66000,,official_statutory_assessment_rate_not_market_price
120259,34599,เดอะ ชวา,-,83,ภูเก็ต,3,ถลาง,3,เชิงทะเล,83010000,สำนักงานที่ดินจังหวัดภูเก็ต สาขาถลาง,5,False,พื้นที่ระเบียง,33000,,official_statutory_assessment_rate_not_market_price
120260,34599,เดอะ ชวา,-,83,ภูเก็ต,3,ถลาง,3,เชิงทะเล,83010000,สำนักงานที่ดินจังหวัดภูเก็ต สาขาถลาง,5,False,ห้องชุดพักอาศัยตากอากาศ,63000,,official_statutory_assessment_rate_not_market_price
120261,34599,เดอะ ชวา,-,83,ภูเก็ต,3,ถลาง,3,เชิงทะเล,83010000,สำนักงานที่ดินจังหวัดภูเก็ต สาขาถลาง,5,False,พื้นที่ระเบียง,31500,,official_statutory_assessment_rate_not_market_price
120262,34601,"เดอะ ปาล์มบีช คลับ บีช1,บีช2,บีช3",-,83,ภูเก็ต,3,ถลาง,3,เชิงทะเล,83010000,สำนักงานที่ดินจังหวัดภูเก็ต สาขาถลาง,1,False,ห้องชุดพักอาศัยตากอากาศ,74000,,official_statutory_assessment_rate_not_market_price
120263,34601,"เดอะ ปาล์มบีช คลับ บีช1,บีช2,บีช3",-,83,ภูเก็ต,3,ถลาง,3,เชิงทะเล,83010000,สำนักงานที่ดินจังหวัดภูเก็ต สาขาถลาง,1,False,พื้นที่ระเบียง,37000,,official_statutory_assessment_rate_not_market_price
120264,34601,"เดอะ ปาล์มบีช คลับ บีช1,บีช2,บีช3",-,83,ภูเก็ต,3,ถลาง,3,เชิงทะเล,83010000,สำนักงานที่ดินจังหวัดภูเก็ต สาขาถลาง,2,False,ห้องชุดพักอาศัยตากอากาศแบบเพนท์เฮ้าส์,75500,,official_statutory_assessment_rate_not_market_price
120265,34601,"เดอะ ปาล์มบีช คลับ บีช1,บีช2,บีช3",-,83,ภูเก็ต,3,ถลาง,3,เชิงทะเล,83010000,สำนักงานที่ดินจังหวัดภูเก็ต สาขาถลาง,2,False,พื้นที่ระเบียง,37750,,official_statutory_assessment_rate_not_market_price
120266,34600,"เดอะ ปาล์มบีช คลับ อาคาร 1,2,3",-,83,ภูเก็ต,3,ถลาง,3,เชิงทะเล,83010000,สำนักงานที่ดินจังหวัดภูเก็ต สาขาถลาง,1,False,ห้องชุดพักอาศัยตากอากาศ,73000,,official_statutory_assessment_rate_not_market_price
120267,34600,"เดอะ ปาล์มบีช คลับ อาคาร 1,2,3",-,83,ภูเก็ต,3,ถลาง,3,เชิงทะเล,83010000,สำนักงานที่ดินจังหวัดภูเก็ต สาขาถลาง,1,False,พื้นที่ระเบียง,36500,,official_statutory_assessment_rate_not_market_price
120268,34600,"เดอะ ปาล์มบีช คลับ อาคาร 1,2,3",-,83,ภูเก็ต,3,ถลาง,3,เชิงทะเล,83010000,สำนักงานที่ดินจังหวัดภูเก็ต สาขาถลาง,2,False,ห้องชุดพักอาศัยตากอากาศ,73500,,official_statutory_assessment_rate_not_market_price
120269,34600,"เดอะ ปาล์มบีช คลับ อาคาร 1,2,3",-,83,ภูเก็ต,3,ถลาง,3,เชิงทะเล,83010000,สำนักงานที่ดินจังหวัดภูเก็ต สาขาถลาง,2,False,พื้นที่ระเบียง,36750,,official_statutory_assessment_rate_not_market_price
120270,34600,"เดอะ ปาล์มบีช คลับ อาคาร 1,2,3",-,83,ภูเก็ต,3,ถลาง,3,เชิงทะเล,83010000,สำนักงานที่ดินจังหวัดภูเก็ต สาขาถลาง,3,False,ห้องชุดพักอาศัยตากอากาศแบบเพนท์เฮ้าส์,76000,,official_statutory_assessment_rate_not_market_price
120271,34600,"เดอะ ปาล์มบีช คลับ อาคาร 1,2,3",-,83,ภูเก็ต,3,ถลาง,3,เชิงทะเล,83010000,สำนักงานที่ดินจังหวัดภูเก็ต สาขาถลาง,3,False,พื้นที่ระเบียง,38000,,official_statutory_assessment_rate_not_market_price
120272,34602,เดอะ พาโนรา ภูเก็ต,A,83,ภูเก็ต,3,ถลาง,3,เชิงทะเล,83010000,สำนักงานที่ดินจังหวัดภูเก็ต สาขาถลาง,1,False,ห้องชุดเพื่อประกอบการค้า(ห้องชุดพาณิชยกรรม)/พื้นที่ระเบียง,76500,,official_statutory_assessment_rate_not_market_price
120273,34602,เดอะ พาโนรา ภูเก็ต,A,83,ภูเก็ต,3,ถลาง,3,เชิงทะเล,83010000,สำนักงานที่ดินจังหวัดภูเก็ต สาขาถลาง,2,False,ห้องชุดเพื่อประกอบการค้า(ห้องชุดพาณิชยกรรม)/พื้นที่ระเบียง,77500,,official_statutory_assessment_rate_not_market_price
120274,34602,เดอะ พาโนรา ภูเก็ต,A,83,ภูเก็ต,3,ถลาง,3,เชิงทะเล,83010000,สำนักงานที่ดินจังหวัดภูเก็ต สาขาถลาง,3,False,ห้องชุดเพื่อประกอบการค้า(ห้องชุดพาณิชยกรรม)/พื้นที่ระเบียง,78800,,official_statutory_assessment_rate_not_market_price
120275,34602,เดอะ พาโนรา ภูเก็ต,A,83,ภูเก็ต,3,ถลาง,3,เชิงทะเล,83010000,สำนักงานที่ดินจังหวัดภูเก็ต สาขาถลาง,4,False,ห้องชุดเพื่อประกอบการค้า(ห้องชุดพาณิชยกรรม)/พื้นที่ระเบียง,80400,,official_statutory_assessment_rate_not_market_price
120276,34602,เดอะ พาโนรา ภูเก็ต,A,83,ภูเก็ต,3,ถลาง,3,เชิงทะเล,83010000,สำนักงานที่ดินจังหวัดภูเก็ต สาขาถลาง,5,False,ห้องชุดเพื่อประกอบการค้า(ห้องชุดพาณิชยกรรม)/พื้นที่ระเบียง,82100,,official_statutory_assessment_rate_not_market_price
120277,34602,เดอะ พาโนรา ภูเก็ต,A,83,ภูเก็ต,3,ถลาง,3,เชิงทะเล,83010000,สำนักงานที่ดินจังหวัดภูเก็ต สาขาถลาง,6,False,ห้องชุดเพื่อประกอบการค้า(ห้องชุดพาณิชยกรรม)/พื้นที่ระเบียง,83900,,official_statutory_assessment_rate_not_market_price
120278,34602,เดอะ พาโนรา ภูเก็ต,A,83,ภูเก็ต,3,ถลาง,3,เชิงทะเล,83010000,สำนักงานที่ดินจังหวัดภูเก็ต สาขาถลาง,7,False,ห้องชุดเพื่อประกอบการค้า(ห้องชุดพาณิชยกรรม)/พื้นที่ระเบียง,85800,,official_statutory_assessment_rate_not_market_price
120279,34602,เดอะ พาโนรา ภูเก็ต,A,83,ภูเก็ต,3,ถลาง,3,เชิงทะเล,83010000,สำนักงานที่ดินจังหวัดภูเก็ต สาขาถลาง,8,False,ห้องชุดเพื่อประกอบการค้า(ห้องชุดพาณิชยกรรม)/พื้นที่ระเบียง,87700,,official_statutory_assessment_rate_not_market_price
120280,34602,เดอะ พาโนรา ภูเก็ต,B,83,ภูเก็ต,3,ถลาง,3,เชิงทะเล,83010000,สำนักงานที่ดินจังหวัดภูเก็ต สาขาถลาง,1,False,ห้องชุดเพื่อประกอบการค้า(ห้องชุดพาณิชยกรรม)/พื้นที่ระเบียง,76500,,official_statutory_assessment_rate_not_market_price
120281,34602,เดอะ พาโนรา ภูเก็ต,B,83,ภูเก็ต,3,ถลาง,3,เชิงทะเล,83010000,สำนักงานที่ดินจังหวัดภูเก็ต สาขาถลาง,"1,2",False,ห้องชุดเพื่อประกอบการค้า(ห้องชุดพาณิชยกรรมแบบ 2 ชั้นควบ)/พื้นที่ระเบียง ,77500,,official_statutory_assessment_rate_not_market_price
120282,34602,เดอะ พาโนรา ภูเก็ต,C,83,ภูเก็ต,3,ถลาง,3,เชิงทะเล,83010000,สำนักงานที่ดินจังหวัดภูเก็ต สาขาถลาง,1,False,ห้องชุดเพื่อประกอบการค้า(ห้องชุดพาณิชยกรรม)/พื้นที่ระเบียง,76500,,official_statutory_assessment_rate_not_market_price
120283,34602,เดอะ พาโนรา ภูเก็ต,C,83,ภูเก็ต,3,ถลาง,3,เชิงทะเล,83010000,สำนักงานที่ดินจังหวัดภูเก็ต สาขาถลาง,3,False,ห้องชุดเพื่อประกอบการค้า(ห้องชุดพาณิชยกรรม)/พื้นที่ระเบียง,78800,,official_statutory_assessment_rate_not_market_price
120284,34602,เดอะ พาโนรา ภูเก็ต,D,83,ภูเก็ต,3,ถลาง,3,เชิงทะเล,83010000,สำนักงานที่ดินจังหวัดภูเก็ต สาขาถลาง,1,False,ห้องชุดเพื่อประกอบการค้า(ห้องชุดพาณิชยกรรม)/พื้นที่ระเบียง,84400,,official_statutory_assessment_rate_not_market_price
120285,34602,เดอะ พาโนรา ภูเก็ต,D,83,ภูเก็ต,3,ถลาง,3,เชิงทะเล,83010000,สำนักงานที่ดินจังหวัดภูเก็ต สาขาถลาง,2,False,ห้องชุดเพื่อประกอบการค้า(ห้องชุดพาณิชยกรรม)/พื้นที่ระเบียง,85500,,official_statutory_assessment_rate_not_market_price
120286,34602,เดอะ พาโนรา ภูเก็ต,D,83,ภูเก็ต,3,ถลาง,3,เชิงทะเล,83010000,สำนักงานที่ดินจังหวัดภูเก็ต สาขาถลาง,3,False,ห้องชุดเพื่อประกอบการค้า(ห้องชุดพาณิชยกรรม)/พื้นที่ระเบียง,87000,,official_statutory_assessment_rate_not_market_price
120287,34602,เดอะ พาโนรา ภูเก็ต,D,83,ภูเก็ต,3,ถลาง,3,เชิงทะเล,83010000,สำนักงานที่ดินจังหวัดภูเก็ต สาขาถลาง,4,False,ห้องชุดเพื่อประกอบการค้า(ห้องชุดพาณิชยกรรม)/พื้นที่ระเบียง,88700,,official_statutory_assessment_rate_not_market_price
120288,34602,เดอะ พาโนรา ภูเก็ต,D,83,ภูเก็ต,3,ถลาง,3,เชิงทะเล,83010000,สำนักงานที่ดินจังหวัดภูเก็ต สาขาถลาง,5,False,ห้องชุดเพื่อประกอบการค้า(ห้องชุดพาณิชยกรรม)/พื้นที่ระเบียง,90600,,official_statutory_assessment_rate_not_market_price
120289,34602,เดอะ พาโนรา ภูเก็ต,D,83,ภูเก็ต,3,ถลาง,3,เชิงทะเล,83010000,สำนักงานที่ดินจังหวัดภูเก็ต สาขาถลาง,5,False,ห้องชุดเพื่อประกอบการค้า(ห้องชุดพาณิชยกรรม)/พื้นที่ระเบียง,80600,,official_statutory_assessment_rate_not_market_price
120290,34602,เดอะ พาโนรา ภูเก็ต,D,83,ภูเก็ต,3,ถลาง,3,เชิงทะเล,83010000,สำนักงานที่ดินจังหวัดภูเก็ต สาขาถลาง,6,False,ห้องชุดเพื่อประกอบการค้า(ห้องชุดพาณิชยกรรม)/พื้นที่ระเบียง,92600,,official_statutory_assessment_rate_not_market_price
120291,34602,เดอะ พาโนรา ภูเก็ต,D,83,ภูเก็ต,3,ถลาง,3,เชิงทะเล,83010000,สำนักงานที่ดินจังหวัดภูเก็ต สาขาถลาง,6,False,ห้องชุดเพื่อประกอบการค้า(ห้องชุดพาณิชยกรรม)/พื้นที่ระเบียง,81900,,official_statutory_assessment_rate_not_market_price
120292,34602,เดอะ พาโนรา ภูเก็ต,E,83,ภูเก็ต,3,ถลาง,3,เชิงทะเล,83010000,สำนักงานที่ดินจังหวัดภูเก็ต สาขาถลาง,1,False,ห้องชุดเพื่อประกอบการค้า(ห้องชุดพาณิชยกรรม)/พื้นที่ระเบียง,69500,,official_statutory_assessment_rate_not_market_price
120293,34602,เดอะ พาโนรา ภูเก็ต,E,83,ภูเก็ต,3,ถลาง,3,เชิงทะเล,83010000,สำนักงานที่ดินจังหวัดภูเก็ต สาขาถลาง,1,False,ห้องชุดเพื่อประกอบการค้า(ห้องชุดพาณิชยกรรม)/พื้นที่ระเบียง,81100,,official_statutory_assessment_rate_not_market_price
120294,34602,เดอะ พาโนรา ภูเก็ต,E,83,ภูเก็ต,3,ถลาง,3,เชิงทะเล,83010000,สำนักงานที่ดินจังหวัดภูเก็ต สาขาถลาง,2,False,ห้องชุดเพื่อประกอบการค้า(ห้องชุดพาณิชยกรรม)/พื้นที่ระเบียง,82100,,official_statutory_assessment_rate_not_market_price
120295,34602,เดอะ พาโนรา ภูเก็ต,E,83,ภูเก็ต,3,ถลาง,3,เชิงทะเล,83010000,สำนักงานที่ดินจังหวัดภูเก็ต สาขาถลาง,2,False,ห้องชุดเพื่อประกอบการค้า(ห้องชุดพาณิชยกรรม)/พื้นที่ระเบียง,70400,,official_statutory_assessment_rate_not_market_price
120296,34602,เดอะ พาโนรา ภูเก็ต,E,83,ภูเก็ต,3,ถลาง,3,เชิงทะเล,83010000,สำนักงานที่ดินจังหวัดภูเก็ต สาขาถลาง,3,False,ห้องชุดเพื่อประกอบการค้า(ห้องชุดพาณิชยกรรม)/พื้นที่ระเบียง,83600,,official_statutory_assessment_rate_not_market_price
120297,34602,เดอะ พาโนรา ภูเก็ต,E,83,ภูเก็ต,3,ถลาง,3,เชิงทะเล,83010000,สำนักงานที่ดินจังหวัดภูเก็ต สาขาถลาง,3,False,ห้องชุดเพื่อประกอบการค้า(ห้องชุดพาณิชยกรรม)/พื้นที่ระเบียง,71600,,official_statutory_assessment_rate_not_market_price
120298,34602,เดอะ พาโนรา ภูเก็ต,E,83,ภูเก็ต,3,ถลาง,3,เชิงทะเล,83010000,สำนักงานที่ดินจังหวัดภูเก็ต สาขาถลาง,4,False,ห้องชุดเพื่อประกอบการค้า(ห้องชุดพาณิชยกรรม)/พื้นที่ระเบียง,85200,,official_statutory_assessment_rate_not_market_price
120299,34602,เดอะ พาโนรา ภูเก็ต,E,83,ภูเก็ต,3,ถลาง,3,เชิงทะเล,83010000,สำนักงานที่ดินจังหวัดภูเก็ต สาขาถลาง,4,False,ห้องชุดเพื่อประกอบการค้า(ห้องชุดพาณิชยกรรม)/พื้นที่ระเบียง,73100,,official_statutory_assessment_rate_not_market_price
120300,34602,เดอะ พาโนรา ภูเก็ต,E,83,ภูเก็ต,3,ถลาง,3,เชิงทะเล,83010000,สำนักงานที่ดินจังหวัดภูเก็ต สาขาถลาง,5,False,ห้องชุดเพื่อประกอบการค้า(ห้องชุดพาณิชยกรรม)/พื้นที่ระเบียง,87000,,official_statutory_assessment_rate_not_market_price
120301,34602,เดอะ พาโนรา ภูเก็ต,E,83,ภูเก็ต,3,ถลาง,3,เชิงทะเล,83010000,สำนักงานที่ดินจังหวัดภูเก็ต สาขาถลาง,5,False,ห้องชุดเพื่อประกอบการค้า(ห้องชุดพาณิชยกรรม)/พื้นที่ระเบียง,74600,,official_statutory_assessment_rate_not_market_price
120302,34602,เดอะ พาโนรา ภูเก็ต,E,83,ภูเก็ต,3,ถลาง,3,เชิงทะเล,83010000,สำนักงานที่ดินจังหวัดภูเก็ต สาขาถลาง,6,False,ห้องชุดเพื่อประกอบการค้า(ห้องชุดพาณิชยกรรม)/พื้นที่ระเบียง,88900,,official_statutory_assessment_rate_not_market_price
120303,34602,เดอะ พาโนรา ภูเก็ต,E,83,ภูเก็ต,3,ถลาง,3,เชิงทะเล,83010000,สำนักงานที่ดินจังหวัดภูเก็ต สาขาถลาง,6,False,ห้องชุดเพื่อประกอบการค้า(ห้องชุดพาณิชยกรรม)/พื้นที่ระเบียง,76200,,official_statutory_assessment_rate_not_market_price
120304,34602,เดอะ พาโนรา ภูเก็ต,E,83,ภูเก็ต,3,ถลาง,3,เชิงทะเล,83010000,สำนักงานที่ดินจังหวัดภูเก็ต สาขาถลาง,7,False,ห้องชุดเพื่อประกอบการค้า(ห้องชุดพาณิชยกรรม)/พื้นที่ระเบียง,90900,,official_statutory_assessment_rate_not_market_price
120305,34602,เดอะ พาโนรา ภูเก็ต,E,83,ภูเก็ต,3,ถลาง,3,เชิงทะเล,83010000,สำนักงานที่ดินจังหวัดภูเก็ต สาขาถลาง,7,False,ห้องชุดเพื่อประกอบการค้า(ห้องชุดพาณิชยกรรม)/พื้นที่ระเบียง,77900,,official_statutory_assessment_rate_not_market_price
120306,34602,เดอะ พาโนรา ภูเก็ต,E,83,ภูเก็ต,3,ถลาง,3,เชิงทะเล,83010000,สำนักงานที่ดินจังหวัดภูเก็ต สาขาถลาง,8,False,ห้องชุดเพื่อประกอบการค้า(ห้องชุดพาณิชยกรรม)/พื้นที่ระเบียง,92900,,official_statutory_assessment_rate_not_market_price
120307,34602,เดอะ พาโนรา ภูเก็ต,F,83,ภูเก็ต,3,ถลาง,3,เชิงทะเล,83010000,สำนักงานที่ดินจังหวัดภูเก็ต สาขาถลาง,1,False,ห้องชุดเพื่อประกอบการค้า(ห้องชุดพาณิชยกรรม)/พื้นที่ระเบียง,81100,,official_statutory_assessment_rate_not_market_price
120308,34602,เดอะ พาโนรา ภูเก็ต,F,83,ภูเก็ต,3,ถลาง,3,เชิงทะเล,83010000,สำนักงานที่ดินจังหวัดภูเก็ต สาขาถลาง,2,False,ห้องชุดเพื่อประกอบการค้า(ห้องชุดพาณิชยกรรม)/พื้นที่ระเบียง,82100,,official_statutory_assessment_rate_not_market_price
120309,34602,เดอะ พาโนรา ภูเก็ต,F,83,ภูเก็ต,3,ถลาง,3,เชิงทะเล,83010000,สำนักงานที่ดินจังหวัดภูเก็ต สาขาถลาง,2,False,ห้องชุดเพื่อประกอบการค้า(ห้องชุดพาณิชยกรรม)/พื้นที่ระเบียง,70400,,official_statutory_assessment_rate_not_market_price
120310,34602,เดอะ พาโนรา ภูเก็ต,F,83,ภูเก็ต,3,ถลาง,3,เชิงทะเล,83010000,สำนักงานที่ดินจังหวัดภูเก็ต สาขาถลาง,3,False,ห้องชุดเพื่อประกอบการค้า(ห้องชุดพาณิชยกรรม)/พื้นที่ระเบียง,83600,,official_statutory_assessment_rate_not_market_price
120311,34602,เดอะ พาโนรา ภูเก็ต,F,83,ภูเก็ต,3,ถลาง,3,เชิงทะเล,83010000,สำนักงานที่ดินจังหวัดภูเก็ต สาขาถลาง,3,False,ห้องชุดเพื่อประกอบการค้า(ห้องชุดพาณิชยกรรม)/พื้นที่ระเบียง,71600,,official_statutory_assessment_rate_not_market_price
120312,34602,เดอะ พาโนรา ภูเก็ต,F,83,ภูเก็ต,3,ถลาง,3,เชิงทะเล,83010000,สำนักงานที่ดินจังหวัดภูเก็ต สาขาถลาง,4,False,ห้องชุดเพื่อประกอบการค้า(ห้องชุดพาณิชยกรรม)/พื้นที่ระเบียง,85200,,official_statutory_assessment_rate_not_market_price
120313,34602,เดอะ พาโนรา ภูเก็ต,F,83,ภูเก็ต,3,ถลาง,3,เชิงทะเล,83010000,สำนักงานที่ดินจังหวัดภูเก็ต สาขาถลาง,4,False,ห้องชุดเพื่อประกอบการค้า(ห้องชุดพาณิชยกรรม)/พื้นที่ระเบียง,73100,,official_statutory_assessment_rate_not_market_price
120314,34602,เดอะ พาโนรา ภูเก็ต,F,83,ภูเก็ต,3,ถลาง,3,เชิงทะเล,83010000,สำนักงานที่ดินจังหวัดภูเก็ต สาขาถลาง,5,False,ห้องชุดเพื่อประกอบการค้า(ห้องชุดพาณิชยกรรม)/พื้นที่ระเบียง,87000,,official_statutory_assessment_rate_not_market_price
120315,34602,เดอะ พาโนรา ภูเก็ต,F,83,ภูเก็ต,3,ถลาง,3,เชิงทะเล,83010000,สำนักงานที่ดินจังหวัดภูเก็ต สาขาถลาง,5,False,ห้องชุดเพื่อประกอบการค้า(ห้องชุดพาณิชยกรรม)/พื้นที่ระเบียง,74600,,official_statutory_assessment_rate_not_market_price
120316,34602,เดอะ พาโนรา ภูเก็ต,F,83,ภูเก็ต,3,ถลาง,3,เชิงทะเล,83010000,สำนักงานที่ดินจังหวัดภูเก็ต สาขาถลาง,6,False,ห้องชุดเพื่อประกอบการค้า(ห้องชุดพาณิชยกรรม)/พื้นที่ระเบียง,88900,,official_statutory_assessment_rate_not_market_price
120317,34602,เดอะ พาโนรา ภูเก็ต,F,83,ภูเก็ต,3,ถลาง,3,เชิงทะเล,83010000,สำนักงานที่ดินจังหวัดภูเก็ต สาขาถลาง,6,False,ห้องชุดเพื่อประกอบการค้า(ห้องชุดพาณิชยกรรม)/พื้นที่ระเบียง,76200,,official_statutory_assessment_rate_not_market_price
120318,34602,เดอะ พาโนรา ภูเก็ต,F,83,ภูเก็ต,3,ถลาง,3,เชิงทะเล,83010000,สำนักงานที่ดินจังหวัดภูเก็ต สาขาถลาง,7,False,ห้องชุดเพื่อประกอบการค้า(ห้องชุดพาณิชยกรรม)/พื้นที่ระเบียง,90900,,official_statutory_assessment_rate_not_market_price
120319,34602,เดอะ พาโนรา ภูเก็ต,F,83,ภูเก็ต,3,ถลาง,3,เชิงทะเล,83010000,สำนักงานที่ดินจังหวัดภูเก็ต สาขาถลาง,7,False,ห้องชุดเพื่อประกอบการค้า(ห้องชุดพาณิชยกรรม)/พื้นที่ระเบียง,77900,,official_statutory_assessment_rate_not_market_price
120320,34602,เดอะ พาโนรา ภูเก็ต,F,83,ภูเก็ต,3,ถลาง,3,เชิงทะเล,83010000,สำนักงานที่ดินจังหวัดภูเก็ต สาขาถลาง,8,False,ห้องชุดเพื่อประกอบการค้า(ห้องชุดพาณิชยกรรม)/พื้นที่ระเบียง,79700,,official_statutory_assessment_rate_not_market_price
120321,34602,เดอะ พาโนรา ภูเก็ต,F,83,ภูเก็ต,3,ถลาง,3,เชิงทะเล,83010000,สำนักงานที่ดินจังหวัดภูเก็ต สาขาถลาง,8,False,ห้องชุดเพื่อประกอบการค้า(ห้องชุดพาณิชยกรรม)/พื้นที่ระเบียง,92900,,official_statutory_assessment_rate_not_market_price
120322,34602,เดอะ พาโนรา ภูเก็ต,G,83,ภูเก็ต,3,ถลาง,3,เชิงทะเล,83010000,สำนักงานที่ดินจังหวัดภูเก็ต สาขาถลาง,1,False,ห้องชุดเพื่อประกอบการค้า(ห้องชุดพาณิชยกรรม)/พื้นที่ระเบียง,81100,,official_statutory_assessment_rate_not_market_price
120323,34602,เดอะ พาโนรา ภูเก็ต,G,83,ภูเก็ต,3,ถลาง,3,เชิงทะเล,83010000,สำนักงานที่ดินจังหวัดภูเก็ต สาขาถลาง,2,False,ห้องชุดเพื่อประกอบการค้า(ห้องชุดพาณิชยกรรม)/พื้นที่ระเบียง,82100,,official_statutory_assessment_rate_not_market_price
120324,34602,เดอะ พาโนรา ภูเก็ต,G,83,ภูเก็ต,3,ถลาง,3,เชิงทะเล,83010000,สำนักงานที่ดินจังหวัดภูเก็ต สาขาถลาง,2,False,ห้องชุดเพื่อประกอบการค้า(ห้องชุดพาณิชยกรรม)/พื้นที่ระเบียง,70400,,official_statutory_assessment_rate_not_market_price
120325,34602,เดอะ พาโนรา ภูเก็ต,G,83,ภูเก็ต,3,ถลาง,3,เชิงทะเล,83010000,สำนักงานที่ดินจังหวัดภูเก็ต สาขาถลาง,3,False,ห้องชุดเพื่อประกอบการค้า(ห้องชุดพาณิชยกรรม)/พื้นที่ระเบียง,83600,,official_statutory_assessment_rate_not_market_price
120326,34602,เดอะ พาโนรา ภูเก็ต,G,83,ภูเก็ต,3,ถลาง,3,เชิงทะเล,83010000,สำนักงานที่ดินจังหวัดภูเก็ต สาขาถลาง,3,False,ห้องชุดเพื่อประกอบการค้า(ห้องชุดพาณิชยกรรม)/พื้นที่ระเบียง,71600,,official_statutory_assessment_rate_not_market_price
120327,34602,เดอะ พาโนรา ภูเก็ต,G,83,ภูเก็ต,3,ถลาง,3,เชิงทะเล,83010000,สำนักงานที่ดินจังหวัดภูเก็ต สาขาถลาง,4,False,ห้องชุดเพื่อประกอบการค้า(ห้องชุดพาณิชยกรรม)/พื้นที่ระเบียง,85200,,official_statutory_assessment_rate_not_market_price
120328,34602,เดอะ พาโนรา ภูเก็ต,G,83,ภูเก็ต,3,ถลาง,3,เชิงทะเล,83010000,สำนักงานที่ดินจังหวัดภูเก็ต สาขาถลาง,4,False,ห้องชุดเพื่อประกอบการค้า(ห้องชุดพาณิชยกรรม)/พื้นที่ระเบียง,73100,,official_statutory_assessment_rate_not_market_price
120329,34602,เดอะ พาโนรา ภูเก็ต,G,83,ภูเก็ต,3,ถลาง,3,เชิงทะเล,83010000,สำนักงานที่ดินจังหวัดภูเก็ต สาขาถลาง,5,False,ห้องชุดเพื่อประกอบการค้า(ห้องชุดพาณิชยกรรม)/พื้นที่ระเบียง,87000,,official_statutory_assessment_rate_not_market_price
120330,34602,เดอะ พาโนรา ภูเก็ต,G,83,ภูเก็ต,3,ถลาง,3,เชิงทะเล,83010000,สำนักงานที่ดินจังหวัดภูเก็ต สาขาถลาง,5,False,ห้องชุดเพื่อประกอบการค้า(ห้องชุดพาณิชยกรรม)/พื้นที่ระเบียง,74600,,official_statutory_assessment_rate_not_market_price
120331,34602,เดอะ พาโนรา ภูเก็ต,G,83,ภูเก็ต,3,ถลาง,3,เชิงทะเล,83010000,สำนักงานที่ดินจังหวัดภูเก็ต สาขาถลาง,6,False,ห้องชุดเพื่อประกอบการค้า(ห้องชุดพาณิชยกรรม)/พื้นที่ระเบียง,88900,,official_statutory_assessment_rate_not_market_price
120332,34602,เดอะ พาโนรา ภูเก็ต,G,83,ภูเก็ต,3,ถลาง,3,เชิงทะเล,83010000,สำนักงานที่ดินจังหวัดภูเก็ต สาขาถลาง,6,False,ห้องชุดเพื่อประกอบการค้า(ห้องชุดพาณิชยกรรม)/พื้นที่ระเบียง,76200,,official_statutory_assessment_rate_not_market_price
120333,34602,เดอะ พาโนรา ภูเก็ต,G,83,ภูเก็ต,3,ถลาง,3,เชิงทะเล,83010000,สำนักงานที่ดินจังหวัดภูเก็ต สาขาถลาง,7,False,ห้องชุดเพื่อประกอบการค้า(ห้องชุดพาณิชยกรรม)/พื้นที่ระเบียง,90900,,official_statutory_assessment_rate_not_market_price
120334,34602,เดอะ พาโนรา ภูเก็ต,G,83,ภูเก็ต,3,ถลาง,3,เชิงทะเล,83010000,สำนักงานที่ดินจังหวัดภูเก็ต สาขาถลาง,7,False,ห้องชุดเพื่อประกอบการค้า(ห้องชุดพาณิชยกรรม)/พื้นที่ระเบียง,77900,,official_statutory_assessment_rate_not_market_price
120335,34602,เดอะ พาโนรา ภูเก็ต,G,83,ภูเก็ต,3,ถลาง,3,เชิงทะเล,83010000,สำนักงานที่ดินจังหวัดภูเก็ต สาขาถลาง,8,False,ห้องชุดเพื่อประกอบการค้า(ห้องชุดพาณิชยกรรม)/พื้นที่ระเบียง,79700,,official_statutory_assessment_rate_not_market_price
120336,34602,เดอะ พาโนรา ภูเก็ต,G,83,ภูเก็ต,3,ถลาง,3,เชิงทะเล,83010000,สำนักงานที่ดินจังหวัดภูเก็ต สาขาถลาง,8,False,ห้องชุดเพื่อประกอบการค้า(ห้องชุดพาณิชยกรรม)/พื้นที่ระเบียง,92900,,official_statutory_assessment_rate_not_market_price
120337,34603,เดอะ รีเจ้นท์ บางเทา คอนโดมิเนียม,A,83,ภูเก็ต,3,ถลาง,3,เชิงทะเล,83010000,สำนักงานที่ดินจังหวัดภูเก็ต สาขาถลาง,1,False,ห้องชุดพักอาศัย,55000,,official_statutory_assessment_rate_not_market_price
120338,34603,เดอะ รีเจ้นท์ บางเทา คอนโดมิเนียม,A,83,ภูเก็ต,3,ถลาง,3,เชิงทะเล,83010000,สำนักงานที่ดินจังหวัดภูเก็ต สาขาถลาง,1,False,ห้องชุดเพื่อประกอบการค้า(ห้องชุดพาณิชยกรรม),66000,,official_statutory_assessment_rate_not_market_price
120339,34603,เดอะ รีเจ้นท์ บางเทา คอนโดมิเนียม,A,83,ภูเก็ต,3,ถลาง,3,เชิงทะเล,83010000,สำนักงานที่ดินจังหวัดภูเก็ต สาขาถลาง,1,False,พื้นที่ระเบียง,27500,,official_statutory_assessment_rate_not_market_price
120340,34603,เดอะ รีเจ้นท์ บางเทา คอนโดมิเนียม,A,83,ภูเก็ต,3,ถลาง,3,เชิงทะเล,83010000,สำนักงานที่ดินจังหวัดภูเก็ต สาขาถลาง,1,False,พื้นที่วางแอร์,27500,,official_statutory_assessment_rate_not_market_price
120341,34603,เดอะ รีเจ้นท์ บางเทา คอนโดมิเนียม,A,83,ภูเก็ต,3,ถลาง,3,เชิงทะเล,83010000,สำนักงานที่ดินจังหวัดภูเก็ต สาขาถลาง,2,False,ห้องชุดพักอาศัย,55500,,official_statutory_assessment_rate_not_market_price
120342,34603,เดอะ รีเจ้นท์ บางเทา คอนโดมิเนียม,A,83,ภูเก็ต,3,ถลาง,3,เชิงทะเล,83010000,สำนักงานที่ดินจังหวัดภูเก็ต สาขาถลาง,2,False,พื้นที่ระเบียง,27750,,official_statutory_assessment_rate_not_market_price
120343,34603,เดอะ รีเจ้นท์ บางเทา คอนโดมิเนียม,A,83,ภูเก็ต,3,ถลาง,3,เชิงทะเล,83010000,สำนักงานที่ดินจังหวัดภูเก็ต สาขาถลาง,2,False,พื้นที่วางแอร์,27750,,official_statutory_assessment_rate_not_market_price
120344,34603,เดอะ รีเจ้นท์ บางเทา คอนโดมิเนียม,A,83,ภูเก็ต,3,ถลาง,3,เชิงทะเล,83010000,สำนักงานที่ดินจังหวัดภูเก็ต สาขาถลาง,2,False,สระว่ายน้ำ,49000,,official_statutory_assessment_rate_not_market_price
120345,34603,เดอะ รีเจ้นท์ บางเทา คอนโดมิเนียม,A,83,ภูเก็ต,3,ถลาง,3,เชิงทะเล,83010000,สำนักงานที่ดินจังหวัดภูเก็ต สาขาถลาง,3,False,ห้องชุดพักอาศัย,56000,,official_statutory_assessment_rate_not_market_price
120346,34603,เดอะ รีเจ้นท์ บางเทา คอนโดมิเนียม,A,83,ภูเก็ต,3,ถลาง,3,เชิงทะเล,83010000,สำนักงานที่ดินจังหวัดภูเก็ต สาขาถลาง,3,False,พื้นที่ระเบียง,28000,,official_statutory_assessment_rate_not_market_price
120347,34603,เดอะ รีเจ้นท์ บางเทา คอนโดมิเนียม,A,83,ภูเก็ต,3,ถลาง,3,เชิงทะเล,83010000,สำนักงานที่ดินจังหวัดภูเก็ต สาขาถลาง,3,False,พื้นที่วางแอร์,28000,,official_statutory_assessment_rate_not_market_price
120348,34603,เดอะ รีเจ้นท์ บางเทา คอนโดมิเนียม,A,83,ภูเก็ต,3,ถลาง,3,เชิงทะเล,83010000,สำนักงานที่ดินจังหวัดภูเก็ต สาขาถลาง,4,False,ห้องชุดพักอาศัย,56500,,official_statutory_assessment_rate_not_market_price
120349,34603,เดอะ รีเจ้นท์ บางเทา คอนโดมิเนียม,A,83,ภูเก็ต,3,ถลาง,3,เชิงทะเล,83010000,สำนักงานที่ดินจังหวัดภูเก็ต สาขาถลาง,4,False,พื้นที่ระเบียง,28250,,official_statutory_assessment_rate_not_market_price
120350,34603,เดอะ รีเจ้นท์ บางเทา คอนโดมิเนียม,A,83,ภูเก็ต,3,ถลาง,3,เชิงทะเล,83010000,สำนักงานที่ดินจังหวัดภูเก็ต สาขาถลาง,4,False,พื้นที่วางแอร์,28250,,official_statutory_assessment_rate_not_market_price
120351,34603,เดอะ รีเจ้นท์ บางเทา คอนโดมิเนียม,A,83,ภูเก็ต,3,ถลาง,3,เชิงทะเล,83010000,สำนักงานที่ดินจังหวัดภูเก็ต สาขาถลาง,5,False,ห้องชุดพักอาศัย,57000,,official_statutory_assessment_rate_not_market_price
120352,34603,เดอะ รีเจ้นท์ บางเทา คอนโดมิเนียม,A,83,ภูเก็ต,3,ถลาง,3,เชิงทะเล,83010000,สำนักงานที่ดินจังหวัดภูเก็ต สาขาถลาง,5,False,พื้นที่ระเบียง,28500,,official_statutory_assessment_rate_not_market_price
120353,34603,เดอะ รีเจ้นท์ บางเทา คอนโดมิเนียม,A,83,ภูเก็ต,3,ถลาง,3,เชิงทะเล,83010000,สำนักงานที่ดินจังหวัดภูเก็ต สาขาถลาง,5,False,พื้นที่วางแอร์,28500,,official_statutory_assessment_rate_not_market_price
120354,34603,เดอะ รีเจ้นท์ บางเทา คอนโดมิเนียม,B,83,ภูเก็ต,3,ถลาง,3,เชิงทะเล,83010000,สำนักงานที่ดินจังหวัดภูเก็ต สาขาถลาง,1,False,ห้องชุดพักอาศัย,55000,,official_statutory_assessment_rate_not_market_price
120355,34603,เดอะ รีเจ้นท์ บางเทา คอนโดมิเนียม,B,83,ภูเก็ต,3,ถลาง,3,เชิงทะเล,83010000,สำนักงานที่ดินจังหวัดภูเก็ต สาขาถลาง,1,False,ห้องชุดเพื่อประกอบการค้า(ห้องชุดพาณิชยกรรม),66000,,official_statutory_assessment_rate_not_market_price
120356,34603,เดอะ รีเจ้นท์ บางเทา คอนโดมิเนียม,B,83,ภูเก็ต,3,ถลาง,3,เชิงทะเล,83010000,สำนักงานที่ดินจังหวัดภูเก็ต สาขาถลาง,1,False,พื้นที่ระเบียง,27500,,official_statutory_assessment_rate_not_market_price
120357,34603,เดอะ รีเจ้นท์ บางเทา คอนโดมิเนียม,B,83,ภูเก็ต,3,ถลาง,3,เชิงทะเล,83010000,สำนักงานที่ดินจังหวัดภูเก็ต สาขาถลาง,1,False,พื้นที่วางแอร์,27500,,official_statutory_assessment_rate_not_market_price
120358,34603,เดอะ รีเจ้นท์ บางเทา คอนโดมิเนียม,B,83,ภูเก็ต,3,ถลาง,3,เชิงทะเล,83010000,สำนักงานที่ดินจังหวัดภูเก็ต สาขาถลาง,2,False,ห้องชุดพักอาศัย,55500,,official_statutory_assessment_rate_not_market_price
120359,34603,เดอะ รีเจ้นท์ บางเทา คอนโดมิเนียม,B,83,ภูเก็ต,3,ถลาง,3,เชิงทะเล,83010000,สำนักงานที่ดินจังหวัดภูเก็ต สาขาถลาง,2,False,พื้นที่ระเบียง,27750,,official_statutory_assessment_rate_not_market_price
120360,34603,เดอะ รีเจ้นท์ บางเทา คอนโดมิเนียม,B,83,ภูเก็ต,3,ถลาง,3,เชิงทะเล,83010000,สำนักงานที่ดินจังหวัดภูเก็ต สาขาถลาง,2,False,พื้นที่วางแอร์,27750,,official_statutory_assessment_rate_not_market_price
120361,34603,เดอะ รีเจ้นท์ บางเทา คอนโดมิเนียม,B,83,ภูเก็ต,3,ถลาง,3,เชิงทะเล,83010000,สำนักงานที่ดินจังหวัดภูเก็ต สาขาถลาง,3,False,ห้องชุดพักอาศัย,56000,,official_statutory_assessment_rate_not_market_price
120362,34603,เดอะ รีเจ้นท์ บางเทา คอนโดมิเนียม,B,83,ภูเก็ต,3,ถลาง,3,เชิงทะเล,83010000,สำนักงานที่ดินจังหวัดภูเก็ต สาขาถลาง,3,False,พื้นที่ระเบียง,28000,,official_statutory_assessment_rate_not_market_price
120363,34603,เดอะ รีเจ้นท์ บางเทา คอนโดมิเนียม,B,83,ภูเก็ต,3,ถลาง,3,เชิงทะเล,83010000,สำนักงานที่ดินจังหวัดภูเก็ต สาขาถลาง,3,False,พื้นที่วางแอร์,28000,,official_statutory_assessment_rate_not_market_price
120364,34603,เดอะ รีเจ้นท์ บางเทา คอนโดมิเนียม,B,83,ภูเก็ต,3,ถลาง,3,เชิงทะเล,83010000,สำนักงานที่ดินจังหวัดภูเก็ต สาขาถลาง,4,False,ห้องชุดพักอาศัย,56500,,official_statutory_assessment_rate_not_market_price
120365,34603,เดอะ รีเจ้นท์ บางเทา คอนโดมิเนียม,B,83,ภูเก็ต,3,ถลาง,3,เชิงทะเล,83010000,สำนักงานที่ดินจังหวัดภูเก็ต สาขาถลาง,4,False,พื้นที่ระเบียง,28250,,official_statutory_assessment_rate_not_market_price
120366,34603,เดอะ รีเจ้นท์ บางเทา คอนโดมิเนียม,B,83,ภูเก็ต,3,ถลาง,3,เชิงทะเล,83010000,สำนักงานที่ดินจังหวัดภูเก็ต สาขาถลาง,4,False,พื้นที่วางแอร์,28250,,official_statutory_assessment_rate_not_market_price
120367,34603,เดอะ รีเจ้นท์ บางเทา คอนโดมิเนียม,B,83,ภูเก็ต,3,ถลาง,3,เชิงทะเล,83010000,สำนักงานที่ดินจังหวัดภูเก็ต สาขาถลาง,5,False,ห้องชุดพักอาศัย,57000,,official_statutory_assessment_rate_not_market_price
120368,34603,เดอะ รีเจ้นท์ บางเทา คอนโดมิเนียม,B,83,ภูเก็ต,3,ถลาง,3,เชิงทะเล,83010000,สำนักงานที่ดินจังหวัดภูเก็ต สาขาถลาง,5,False,พื้นที่ระเบียง,28500,,official_statutory_assessment_rate_not_market_price
120369,34603,เดอะ รีเจ้นท์ บางเทา คอนโดมิเนียม,B,83,ภูเก็ต,3,ถลาง,3,เชิงทะเล,83010000,สำนักงานที่ดินจังหวัดภูเก็ต สาขาถลาง,5,False,พื้นที่วางแอร์,28500,,official_statutory_assessment_rate_not_market_price
120370,34604,เดอะ อริสโต คอนโด สุรินทร์ บีช,-,83,ภูเก็ต,3,ถลาง,3,เชิงทะเล,83010000,สำนักงานที่ดินจังหวัดภูเก็ต สาขาถลาง,1,False,ห้องชุดเพื่อประกอบการค้า(ห้องชุดพาณิชยกรรม),82000,,official_statutory_assessment_rate_not_market_price
120371,34604,เดอะ อริสโต คอนโด สุรินทร์ บีช,-,83,ภูเก็ต,3,ถลาง,3,เชิงทะเล,83010000,สำนักงานที่ดินจังหวัดภูเก็ต สาขาถลาง,7,False,ห้องชุดพักอาศัยตากอากาศ,70000,,official_statutory_assessment_rate_not_market_price
120372,34604,เดอะ อริสโต คอนโด สุรินทร์ บีช,-,83,ภูเก็ต,3,ถลาง,3,เชิงทะเล,83010000,สำนักงานที่ดินจังหวัดภูเก็ต สาขาถลาง,7,False,พื้นที่ระเบียง,35000,,official_statutory_assessment_rate_not_market_price
120373,34604,เดอะ อริสโต คอนโด สุรินทร์ บีช,-,83,ภูเก็ต,3,ถลาง,3,เชิงทะเล,83010000,สำนักงานที่ดินจังหวัดภูเก็ต สาขาถลาง,1-ก.พ.,True,ห้องชุดพักอาศัยตากอากาศ,68500,,official_statutory_assessment_rate_not_market_price
120374,34604,เดอะ อริสโต คอนโด สุรินทร์ บีช,-,83,ภูเก็ต,3,ถลาง,3,เชิงทะเล,83010000,สำนักงานที่ดินจังหวัดภูเก็ต สาขาถลาง,1-ก.พ.,True,พื้นที่ระเบียง,34250,,official_statutory_assessment_rate_not_market_price
120375,34604,เดอะ อริสโต คอนโด สุรินทร์ บีช,-,83,ภูเก็ต,3,ถลาง,3,เชิงทะเล,83010000,สำนักงานที่ดินจังหวัดภูเก็ต สาขาถลาง,3-เม.ย.,True,ห้องชุดพักอาศัยตากอากาศ,69000,,official_statutory_assessment_rate_not_market_price
120376,34604,เดอะ อริสโต คอนโด สุรินทร์ บีช,-,83,ภูเก็ต,3,ถลาง,3,เชิงทะเล,83010000,สำนักงานที่ดินจังหวัดภูเก็ต สาขาถลาง,3-เม.ย.,True,พื้นที่ระเบียง,34500,,official_statutory_assessment_rate_not_market_price
120377,34604,เดอะ อริสโต คอนโด สุรินทร์ บีช,-,83,ภูเก็ต,3,ถลาง,3,เชิงทะเล,83010000,สำนักงานที่ดินจังหวัดภูเก็ต สาขาถลาง,5-มิ.ย.,True,ห้องชุดพักอาศัยตากอากาศ,69500,,official_statutory_assessment_rate_not_market_price
120378,34604,เดอะ อริสโต คอนโด สุรินทร์ บีช,-,83,ภูเก็ต,3,ถลาง,3,เชิงทะเล,83010000,สำนักงานที่ดินจังหวัดภูเก็ต สาขาถลาง,5-มิ.ย.,True,พื้นที่ระเบียง,34750,,official_statutory_assessment_rate_not_market_price
120379,34604,เดอะ อริสโต คอนโด สุรินทร์ บีช,-,83,ภูเก็ต,3,ถลาง,3,เชิงทะเล,83010000,สำนักงานที่ดินจังหวัดภูเก็ต สาขาถลาง,"7,8",False,พื้นที่ระเบียง,35500,,official_statutory_assessment_rate_not_market_price
120380,34604,เดอะ อริสโต คอนโด สุรินทร์ บีช,-,83,ภูเก็ต,3,ถลาง,3,เชิงทะเล,83010000,สำนักงานที่ดินจังหวัดภูเก็ต สาขาถลาง,"7,8",False,พักอาศัยตากอากาศ2ชั้นควบ,71000,,official_statutory_assessment_rate_not_market_price
120381,34605,เดอะ อริสโต2 คอนโด สุรินทร์ บีช,-,83,ภูเก็ต,3,ถลาง,3,เชิงทะเล,83010000,สำนักงานที่ดินจังหวัดภูเก็ต สาขาถลาง,1,False,พักอาศัยตากอากาศ/ระเบียง/สระว่ายน้ำ ,87200,,official_statutory_assessment_rate_not_market_price
120382,34605,เดอะ อริสโต2 คอนโด สุรินทร์ บีช,-,83,ภูเก็ต,3,ถลาง,3,เชิงทะเล,83010000,สำนักงานที่ดินจังหวัดภูเก็ต สาขาถลาง,2,False,พักอาศัยตากอากาศ/ระเบียง/สระว่ายน้ำ ,88300,,official_statutory_assessment_rate_not_market_price
120383,34605,เดอะ อริสโต2 คอนโด สุรินทร์ บีช,-,83,ภูเก็ต,3,ถลาง,3,เชิงทะเล,83010000,สำนักงานที่ดินจังหวัดภูเก็ต สาขาถลาง,3,False,เพื่อประกอบการค้า/ระเบียง/สระว่ายน้ำ ,107800,,official_statutory_assessment_rate_not_market_price
120384,34605,เดอะ อริสโต2 คอนโด สุรินทร์ บีช,-,83,ภูเก็ต,3,ถลาง,3,เชิงทะเล,83010000,สำนักงานที่ดินจังหวัดภูเก็ต สาขาถลาง,3,False,พักอาศัยตากอากาศ/ระเบียง/สระว่ายน้ำ ,89800,,official_statutory_assessment_rate_not_market_price
120385,34605,เดอะ อริสโต2 คอนโด สุรินทร์ บีช,-,83,ภูเก็ต,3,ถลาง,3,เชิงทะเล,83010000,สำนักงานที่ดินจังหวัดภูเก็ต สาขาถลาง,4,False,พักอาศัยตากอากาศ/ระเบียง/สระว่ายน้ำ ,91600,,official_statutory_assessment_rate_not_market_price
120386,34605,เดอะ อริสโต2 คอนโด สุรินทร์ บีช,-,83,ภูเก็ต,3,ถลาง,3,เชิงทะเล,83010000,สำนักงานที่ดินจังหวัดภูเก็ต สาขาถลาง,5,False,พักอาศัยตากอากาศ/ระเบียง/สระว่ายน้ำ ,93500,,official_statutory_assessment_rate_not_market_price
120387,34605,เดอะ อริสโต2 คอนโด สุรินทร์ บีช,-,83,ภูเก็ต,3,ถลาง,3,เชิงทะเล,83010000,สำนักงานที่ดินจังหวัดภูเก็ต สาขาถลาง,6,False,พักอาศัยตากอากาศ/ระเบียง/สระว่ายน้ำ ,95600,,official_statutory_assessment_rate_not_market_price
120388,34605,เดอะ อริสโต2 คอนโด สุรินทร์ บีช,-,83,ภูเก็ต,3,ถลาง,3,เชิงทะเล,83010000,สำนักงานที่ดินจังหวัดภูเก็ต สาขาถลาง,7,False,พักอาศัยตากอากาศ/ระเบียง/สระว่ายน้ำ ,97700,,official_statutory_assessment_rate_not_market_price
120389,34606,เดอะคริส คอนโด บางเทา,A,83,ภูเก็ต,3,ถลาง,3,เชิงทะเล,83010000,สำนักงานที่ดินจังหวัดภูเก็ต สาขาถลาง,1,False,ห้องชุดพักอาศัย,42500,,official_statutory_assessment_rate_not_market_price
120390,34606,เดอะคริส คอนโด บางเทา,A,83,ภูเก็ต,3,ถลาง,3,เชิงทะเล,83010000,สำนักงานที่ดินจังหวัดภูเก็ต สาขาถลาง,1,False,พื้นที่ระเบียง,21250,,official_statutory_assessment_rate_not_market_price
120391,34606,เดอะคริส คอนโด บางเทา,A,83,ภูเก็ต,3,ถลาง,3,เชิงทะเล,83010000,สำนักงานที่ดินจังหวัดภูเก็ต สาขาถลาง,2,False,ห้องชุดพักอาศัย,43000,,official_statutory_assessment_rate_not_market_price
120392,34606,เดอะคริส คอนโด บางเทา,A,83,ภูเก็ต,3,ถลาง,3,เชิงทะเล,83010000,สำนักงานที่ดินจังหวัดภูเก็ต สาขาถลาง,2,False,พื้นที่ระเบียง,21500,,official_statutory_assessment_rate_not_market_price
120393,34606,เดอะคริส คอนโด บางเทา,A,83,ภูเก็ต,3,ถลาง,3,เชิงทะเล,83010000,สำนักงานที่ดินจังหวัดภูเก็ต สาขาถลาง,3,False,ห้องชุดพักอาศัย,43500,,official_statutory_assessment_rate_not_market_price
120394,34606,เดอะคริส คอนโด บางเทา,A,83,ภูเก็ต,3,ถลาง,3,เชิงทะเล,83010000,สำนักงานที่ดินจังหวัดภูเก็ต สาขาถลาง,3,False,พื้นที่ระเบียง,21750,,official_statutory_assessment_rate_not_market_price
120395,34606,เดอะคริส คอนโด บางเทา,A,83,ภูเก็ต,3,ถลาง,3,เชิงทะเล,83010000,สำนักงานที่ดินจังหวัดภูเก็ต สาขาถลาง,4,False,ห้องชุดพักอาศัย,44000,,official_statutory_assessment_rate_not_market_price
120396,34606,เดอะคริส คอนโด บางเทา,A,83,ภูเก็ต,3,ถลาง,3,เชิงทะเล,83010000,สำนักงานที่ดินจังหวัดภูเก็ต สาขาถลาง,4,False,พื้นที่ระเบียง,22000,,official_statutory_assessment_rate_not_market_price
120397,34606,เดอะคริส คอนโด บางเทา,B,83,ภูเก็ต,3,ถลาง,3,เชิงทะเล,83010000,สำนักงานที่ดินจังหวัดภูเก็ต สาขาถลาง,1,False,ห้องชุดเพื่อประกอบการค้า(ห้องชุดพาณิชยกรรม),51000,,official_statutory_assessment_rate_not_market_price
120398,34606,เดอะคริส คอนโด บางเทา,B,83,ภูเก็ต,3,ถลาง,3,เชิงทะเล,83010000,สำนักงานที่ดินจังหวัดภูเก็ต สาขาถลาง,2,False,ห้องชุดพักอาศัย,43000,,official_statutory_assessment_rate_not_market_price
120399,34606,เดอะคริส คอนโด บางเทา,B,83,ภูเก็ต,3,ถลาง,3,เชิงทะเล,83010000,สำนักงานที่ดินจังหวัดภูเก็ต สาขาถลาง,2,False,พื้นที่ระเบียง,21500,,official_statutory_assessment_rate_not_market_price
120400,34606,เดอะคริส คอนโด บางเทา,B,83,ภูเก็ต,3,ถลาง,3,เชิงทะเล,83010000,สำนักงานที่ดินจังหวัดภูเก็ต สาขาถลาง,3,False,ห้องชุดพักอาศัย,43500,,official_statutory_assessment_rate_not_market_price
120401,34606,เดอะคริส คอนโด บางเทา,B,83,ภูเก็ต,3,ถลาง,3,เชิงทะเล,83010000,สำนักงานที่ดินจังหวัดภูเก็ต สาขาถลาง,3,False,พื้นที่ระเบียง,21750,,official_statutory_assessment_rate_not_market_price
120402,34606,เดอะคริส คอนโด บางเทา,B,83,ภูเก็ต,3,ถลาง,3,เชิงทะเล,83010000,สำนักงานที่ดินจังหวัดภูเก็ต สาขาถลาง,4,False,ห้องชุดพักอาศัย,44000,,official_statutory_assessment_rate_not_market_price
120403,34606,เดอะคริส คอนโด บางเทา,B,83,ภูเก็ต,3,ถลาง,3,เชิงทะเล,83010000,สำนักงานที่ดินจังหวัดภูเก็ต สาขาถลาง,4,False,พื้นที่ระเบียง,22000,,official_statutory_assessment_rate_not_market_price
120404,34607,เดอะควอเตอร์ ภูเก็ต,-,83,ภูเก็ต,3,ถลาง,3,เชิงทะเล,83010000,สำนักงานที่ดินจังหวัดภูเก็ต สาขาถลาง,1,False,ห้องชุดพักอาศัยตากอากาศ,56000,,official_statutory_assessment_rate_not_market_price
120405,34607,เดอะควอเตอร์ ภูเก็ต,-,83,ภูเก็ต,3,ถลาง,3,เชิงทะเล,83010000,สำนักงานที่ดินจังหวัดภูเก็ต สาขาถลาง,1,False,พื้นที่ระเบียง,28000,,official_statutory_assessment_rate_not_market_price
120406,34607,เดอะควอเตอร์ ภูเก็ต,-,83,ภูเก็ต,3,ถลาง,3,เชิงทะเล,83010000,สำนักงานที่ดินจังหวัดภูเก็ต สาขาถลาง,1,False,พื้นที่สระว่ายน้ำ,28000,,official_statutory_assessment_rate_not_market_price
120407,34607,เดอะควอเตอร์ ภูเก็ต,-,83,ภูเก็ต,3,ถลาง,3,เชิงทะเล,83010000,สำนักงานที่ดินจังหวัดภูเก็ต สาขาถลาง,1,False,พื้นทีสวน,850,,official_statutory_assessment_rate_not_market_price
120408,34607,เดอะควอเตอร์ ภูเก็ต,-,83,ภูเก็ต,3,ถลาง,3,เชิงทะเล,83010000,สำนักงานที่ดินจังหวัดภูเก็ต สาขาถลาง,2,False,ห้องชุดพักอาศัยตากอากาศ,56500,,official_statutory_assessment_rate_not_market_price
120409,34607,เดอะควอเตอร์ ภูเก็ต,-,83,ภูเก็ต,3,ถลาง,3,เชิงทะเล,83010000,สำนักงานที่ดินจังหวัดภูเก็ต สาขาถลาง,2,False,พื้นที่ระเบียง,28250,,official_statutory_assessment_rate_not_market_price
120410,34607,เดอะควอเตอร์ ภูเก็ต,-,83,ภูเก็ต,3,ถลาง,3,เชิงทะเล,83010000,สำนักงานที่ดินจังหวัดภูเก็ต สาขาถลาง,2,False,พื้นที่สระว่ายน้ำ,28250,,official_statutory_assessment_rate_not_market_price
120411,34607,เดอะควอเตอร์ ภูเก็ต,-,83,ภูเก็ต,3,ถลาง,3,เชิงทะเล,83010000,สำนักงานที่ดินจังหวัดภูเก็ต สาขาถลาง,2,False,ที่จอดรถยนต์ส่วนบุคคล,17000,,official_statutory_assessment_rate_not_market_price
120412,34607,เดอะควอเตอร์ ภูเก็ต,-,83,ภูเก็ต,3,ถลาง,3,เชิงทะเล,83010000,สำนักงานที่ดินจังหวัดภูเก็ต สาขาถลาง,3,False,ห้องชุดพักอาศัยตากอากาศ,57000,,official_statutory_assessment_rate_not_market_price
120413,34607,เดอะควอเตอร์ ภูเก็ต,-,83,ภูเก็ต,3,ถลาง,3,เชิงทะเล,83010000,สำนักงานที่ดินจังหวัดภูเก็ต สาขาถลาง,3,False,พื้นที่ระเบียง,28500,,official_statutory_assessment_rate_not_market_price
120414,34607,เดอะควอเตอร์ ภูเก็ต,-,83,ภูเก็ต,3,ถลาง,3,เชิงทะเล,83010000,สำนักงานที่ดินจังหวัดภูเก็ต สาขาถลาง,3,False,พื้นที่สระว่ายน้ำ,28500,,official_statutory_assessment_rate_not_market_price
120415,34607,เดอะควอเตอร์ ภูเก็ต,-,83,ภูเก็ต,3,ถลาง,3,เชิงทะเล,83010000,สำนักงานที่ดินจังหวัดภูเก็ต สาขาถลาง,4,False,ห้องชุดพักอาศัยตากอากาศ,57500,,official_statutory_assessment_rate_not_market_price
120416,34607,เดอะควอเตอร์ ภูเก็ต,-,83,ภูเก็ต,3,ถลาง,3,เชิงทะเล,83010000,สำนักงานที่ดินจังหวัดภูเก็ต สาขาถลาง,4,False,พื้นที่ระเบียง,28750,,official_statutory_assessment_rate_not_market_price
120417,34607,เดอะควอเตอร์ ภูเก็ต,-,83,ภูเก็ต,3,ถลาง,3,เชิงทะเล,83010000,สำนักงานที่ดินจังหวัดภูเก็ต สาขาถลาง,4,False,พื้นที่สระว่ายน้ำ,28750,,official_statutory_assessment_rate_not_market_price
120418,34617,ไอซ์แลนด์ วิลล่า,-,83,ภูเก็ต,3,ถลาง,3,เชิงทะเล,83010000,สำนักงานที่ดินจังหวัดภูเก็ต สาขาถลาง,1,False,ห้องชุดพักอาศัย,57500,,official_statutory_assessment_rate_not_market_price
120419,34617,ไอซ์แลนด์ วิลล่า,-,83,ภูเก็ต,3,ถลาง,3,เชิงทะเล,83010000,สำนักงานที่ดินจังหวัดภูเก็ต สาขาถลาง,1,False,ระเบียง,28750,,official_statutory_assessment_rate_not_market_price
120420,34617,ไอซ์แลนด์ วิลล่า,-,83,ภูเก็ต,3,ถลาง,3,เชิงทะเล,83010000,สำนักงานที่ดินจังหวัดภูเก็ต สาขาถลาง,2,False,ห้องชุดพักอาศัย,58000,,official_statutory_assessment_rate_not_market_price
120421,34617,ไอซ์แลนด์ วิลล่า,-,83,ภูเก็ต,3,ถลาง,3,เชิงทะเล,83010000,สำนักงานที่ดินจังหวัดภูเก็ต สาขาถลาง,2,False,ระเบียง,29000,,official_statutory_assessment_rate_not_market_price
120422,34617,ไอซ์แลนด์ วิลล่า,-,83,ภูเก็ต,3,ถลาง,3,เชิงทะเล,83010000,สำนักงานที่ดินจังหวัดภูเก็ต สาขาถลาง,3,False,ห้องชุดพักอาศัย,58500,,official_statutory_assessment_rate_not_market_price
120423,34617,ไอซ์แลนด์ วิลล่า,-,83,ภูเก็ต,3,ถลาง,3,เชิงทะเล,83010000,สำนักงานที่ดินจังหวัดภูเก็ต สาขาถลาง,3,False,ระเบียง,29250,,official_statutory_assessment_rate_not_market_price
120424,34617,ไอซ์แลนด์ วิลล่า,-,83,ภูเก็ต,3,ถลาง,3,เชิงทะเล,83010000,สำนักงานที่ดินจังหวัดภูเก็ต สาขาถลาง,4,False,ห้องชุดพักอาศัยแบบเพนท์เฮ้าส์,59500,,official_statutory_assessment_rate_not_market_price
120425,34617,ไอซ์แลนด์ วิลล่า,-,83,ภูเก็ต,3,ถลาง,3,เชิงทะเล,83010000,สำนักงานที่ดินจังหวัดภูเก็ต สาขาถลาง,4,False,ระเบียง,29750,,official_statutory_assessment_rate_not_market_price
120426,34618,ซิก อเวนิว สุรินทร์ คอนโดมิเนียม,-,83,ภูเก็ต,3,ถลาง,3,เชิงทะเล,83010000,สำนักงานที่ดินจังหวัดภูเก็ต สาขาถลาง,2,False,ห้องชุดพักอาศัยตากอากาศ,90500,,official_statutory_assessment_rate_not_market_price
120427,34618,ซิก อเวนิว สุรินทร์ คอนโดมิเนียม,-,83,ภูเก็ต,3,ถลาง,3,เชิงทะเล,83010000,สำนักงานที่ดินจังหวัดภูเก็ต สาขาถลาง,2,False,พื้นที่ระเบียง,45250,,official_statutory_assessment_rate_not_market_price
120428,34618,ซิก อเวนิว สุรินทร์ คอนโดมิเนียม,-,83,ภูเก็ต,3,ถลาง,3,เชิงทะเล,83010000,สำนักงานที่ดินจังหวัดภูเก็ต สาขาถลาง,7,False,ห้องชุดพักอาศัยตากอากาศ,92000,,official_statutory_assessment_rate_not_market_price
120429,34618,ซิก อเวนิว สุรินทร์ คอนโดมิเนียม,-,83,ภูเก็ต,3,ถลาง,3,เชิงทะเล,83010000,สำนักงานที่ดินจังหวัดภูเก็ต สาขาถลาง,7,False,พื้นที่ระเบียง,46000,,official_statutory_assessment_rate_not_market_price
120430,34618,ซิก อเวนิว สุรินทร์ คอนโดมิเนียม,-,83,ภูเก็ต,3,ถลาง,3,เชิงทะเล,83010000,สำนักงานที่ดินจังหวัดภูเก็ต สาขาถลาง,3-เม.ย.,True,ห้องชุดพักอาศัยตากอากาศ,91000,,official_statutory_assessment_rate_not_market_price
120431,34618,ซิก อเวนิว สุรินทร์ คอนโดมิเนียม,-,83,ภูเก็ต,3,ถลาง,3,เชิงทะเล,83010000,สำนักงานที่ดินจังหวัดภูเก็ต สาขาถลาง,3-เม.ย.,True,พื้นที่ระเบียง,45500,,official_statutory_assessment_rate_not_market_price
120432,34618,ซิก อเวนิว สุรินทร์ คอนโดมิเนียม,-,83,ภูเก็ต,3,ถลาง,3,เชิงทะเล,83010000,สำนักงานที่ดินจังหวัดภูเก็ต สาขาถลาง,5-มิ.ย.,True,ห้องชุดพักอาศัยตากอากาศ,91500,,official_statutory_assessment_rate_not_market_price
120433,34618,ซิก อเวนิว สุรินทร์ คอนโดมิเนียม,-,83,ภูเก็ต,3,ถลาง,3,เชิงทะเล,83010000,สำนักงานที่ดินจังหวัดภูเก็ต สาขาถลาง,5-มิ.ย.,True,พื้นที่ระเบียง,45750,,official_statutory_assessment_rate_not_market_price
120434,34619,ธรรมรินทร์ฮิลล์,1,83,ภูเก็ต,3,ถลาง,3,เชิงทะเล,83010000,สำนักงานที่ดินจังหวัดภูเก็ต สาขาถลาง,1,False,ห้องชุดพักอาศัยตากอากาศ,71500,,official_statutory_assessment_rate_not_market_price
120435,34619,ธรรมรินทร์ฮิลล์,1,83,ภูเก็ต,3,ถลาง,3,เชิงทะเล,83010000,สำนักงานที่ดินจังหวัดภูเก็ต สาขาถลาง,1,False,ระเบียง,35750,,official_statutory_assessment_rate_not_market_price
120436,34619,ธรรมรินทร์ฮิลล์,1,83,ภูเก็ต,3,ถลาง,3,เชิงทะเล,83010000,สำนักงานที่ดินจังหวัดภูเก็ต สาขาถลาง,2,False,ห้องชุดพักอาศัยตากอากาศ,71000,,official_statutory_assessment_rate_not_market_price
120437,34619,ธรรมรินทร์ฮิลล์,1,83,ภูเก็ต,3,ถลาง,3,เชิงทะเล,83010000,สำนักงานที่ดินจังหวัดภูเก็ต สาขาถลาง,2,False,ระเบียง,35500,,official_statutory_assessment_rate_not_market_price
120438,34619,ธรรมรินทร์ฮิลล์,1,83,ภูเก็ต,3,ถลาง,3,เชิงทะเล,83010000,สำนักงานที่ดินจังหวัดภูเก็ต สาขาถลาง,3,False,ห้องชุดพักอาศัยตากอากาศ,70500,,official_statutory_assessment_rate_not_market_price
120439,34619,ธรรมรินทร์ฮิลล์,1,83,ภูเก็ต,3,ถลาง,3,เชิงทะเล,83010000,สำนักงานที่ดินจังหวัดภูเก็ต สาขาถลาง,3,False,ระเบียง,35250,,official_statutory_assessment_rate_not_market_price
120440,34619,ธรรมรินทร์ฮิลล์,2.1,83,ภูเก็ต,3,ถลาง,3,เชิงทะเล,83010000,สำนักงานที่ดินจังหวัดภูเก็ต สาขาถลาง,1,False,ห้องชุดพักอาศัยตากอากาศ,71500,,official_statutory_assessment_rate_not_market_price
120441,34619,ธรรมรินทร์ฮิลล์,2.1,83,ภูเก็ต,3,ถลาง,3,เชิงทะเล,83010000,สำนักงานที่ดินจังหวัดภูเก็ต สาขาถลาง,1,False,ระเบียง,35750,,official_statutory_assessment_rate_not_market_price
120442,34619,ธรรมรินทร์ฮิลล์,2.1,83,ภูเก็ต,3,ถลาง,3,เชิงทะเล,83010000,สำนักงานที่ดินจังหวัดภูเก็ต สาขาถลาง,2,False,ห้องชุดพักอาศัยตากอากาศ,71000,,official_statutory_assessment_rate_not_market_price
120443,34619,ธรรมรินทร์ฮิลล์,2.1,83,ภูเก็ต,3,ถลาง,3,เชิงทะเล,83010000,สำนักงานที่ดินจังหวัดภูเก็ต สาขาถลาง,2,False,ระเบียง,35500,,official_statutory_assessment_rate_not_market_price
120444,34619,ธรรมรินทร์ฮิลล์,2.1,83,ภูเก็ต,3,ถลาง,3,เชิงทะเล,83010000,สำนักงานที่ดินจังหวัดภูเก็ต สาขาถลาง,3,False,ห้องชุดพักอาศัยตากอากาศ,70500,,official_statutory_assessment_rate_not_market_price
120445,34619,ธรรมรินทร์ฮิลล์,2.1,83,ภูเก็ต,3,ถลาง,3,เชิงทะเล,83010000,สำนักงานที่ดินจังหวัดภูเก็ต สาขาถลาง,3,False,ระเบียง,35250,,official_statutory_assessment_rate_not_market_price
120446,34619,ธรรมรินทร์ฮิลล์,2.1,83,ภูเก็ต,3,ถลาง,3,เชิงทะเล,83010000,สำนักงานที่ดินจังหวัดภูเก็ต สาขาถลาง,ใต้ดิน 1,False,ห้องชุดเพื่อประกอบการค้า(ห้องชุดพาณิชยกรรม),85500,,official_statutory_assessment_rate_not_market_price
120447,34619,ธรรมรินทร์ฮิลล์,2.2,83,ภูเก็ต,3,ถลาง,3,เชิงทะเล,83010000,สำนักงานที่ดินจังหวัดภูเก็ต สาขาถลาง,1,False,ห้องชุดพักอาศัยตากอากาศ,71500,,official_statutory_assessment_rate_not_market_price
120448,34619,ธรรมรินทร์ฮิลล์,2.2,83,ภูเก็ต,3,ถลาง,3,เชิงทะเล,83010000,สำนักงานที่ดินจังหวัดภูเก็ต สาขาถลาง,1,False,ระเบียง,35750,,official_statutory_assessment_rate_not_market_price
120449,34619,ธรรมรินทร์ฮิลล์,2.2,83,ภูเก็ต,3,ถลาง,3,เชิงทะเล,83010000,สำนักงานที่ดินจังหวัดภูเก็ต สาขาถลาง,2,False,ห้องชุดพักอาศัยตากอากาศ,71000,,official_statutory_assessment_rate_not_market_price
120450,34619,ธรรมรินทร์ฮิลล์,2.2,83,ภูเก็ต,3,ถลาง,3,เชิงทะเล,83010000,สำนักงานที่ดินจังหวัดภูเก็ต สาขาถลาง,2,False,ระเบียง,35500,,official_statutory_assessment_rate_not_market_price
120451,34619,ธรรมรินทร์ฮิลล์,2.2,83,ภูเก็ต,3,ถลาง,3,เชิงทะเล,83010000,สำนักงานที่ดินจังหวัดภูเก็ต สาขาถลาง,3,False,ห้องชุดพักอาศัยตากอากาศ,70500,,official_statutory_assessment_rate_not_market_price
120452,34609,แคสเซีย เรสซิเด้นส์,1,83,ภูเก็ต,3,ถลาง,3,เชิงทะเล,83010000,สำนักงานที่ดินจังหวัดภูเก็ต สาขาถลาง,1,False,ห้องชุดพักอาศัย/พื้นที่ระเบียง,99000,,official_statutory_assessment_rate_not_market_price
120453,34609,แคสเซีย เรสซิเด้นส์,1,83,ภูเก็ต,3,ถลาง,3,เชิงทะเล,83010000,สำนักงานที่ดินจังหวัดภูเก็ต สาขาถลาง,2,False,ห้องชุดพักอาศัย/พื้นที่ระเบียง,92100,,official_statutory_assessment_rate_not_market_price
120454,34609,แคสเซีย เรสซิเด้นส์,1,83,ภูเก็ต,3,ถลาง,3,เชิงทะเล,83010000,สำนักงานที่ดินจังหวัดภูเก็ต สาขาถลาง,3,False,ห้องชุดพักอาศัย/พื้นที่ระเบียง,93700,,official_statutory_assessment_rate_not_market_price
120455,34609,แคสเซีย เรสซิเด้นส์,1,83,ภูเก็ต,3,ถลาง,3,เชิงทะเล,83010000,สำนักงานที่ดินจังหวัดภูเก็ต สาขาถลาง,4,False,ห้องชุดพักอาศัย/พื้นที่ระเบียง,95500,,official_statutory_assessment_rate_not_market_price
120456,34609,แคสเซีย เรสซิเด้นส์,1,83,ภูเก็ต,3,ถลาง,3,เชิงทะเล,83010000,สำนักงานที่ดินจังหวัดภูเก็ต สาขาถลาง,5,False,ห้องชุดพักอาศัย/พื้นที่ระเบียง,97500,,official_statutory_assessment_rate_not_market_price
120457,34609,แคสเซีย เรสซิเด้นส์,1,83,ภูเก็ต,3,ถลาง,3,เชิงทะเล,83010000,สำนักงานที่ดินจังหวัดภูเก็ต สาขาถลาง,6,False,ห้องชุดพักอาศัย/พื้นที่ระเบียง,99700,,official_statutory_assessment_rate_not_market_price
120458,34609,แคสเซีย เรสซิเด้นส์,1,83,ภูเก็ต,3,ถลาง,3,เชิงทะเล,83010000,สำนักงานที่ดินจังหวัดภูเก็ต สาขาถลาง,7,False,ห้องชุดพักอาศัย/พื้นที่ระเบียง,101900,,official_statutory_assessment_rate_not_market_price
120459,34609,แคสเซีย เรสซิเด้นส์,2,83,ภูเก็ต,3,ถลาง,3,เชิงทะเล,83010000,สำนักงานที่ดินจังหวัดภูเก็ต สาขาถลาง,1,False,ห้องชุดพักอาศัย/พื้นที่ระเบียง,99000,,official_statutory_assessment_rate_not_market_price
120460,34609,แคสเซีย เรสซิเด้นส์,2,83,ภูเก็ต,3,ถลาง,3,เชิงทะเล,83010000,สำนักงานที่ดินจังหวัดภูเก็ต สาขาถลาง,2,False,ห้องชุดพักอาศัย/พื้นที่ระเบียง,92100,,official_statutory_assessment_rate_not_market_price
120461,34609,แคสเซีย เรสซิเด้นส์,2,83,ภูเก็ต,3,ถลาง,3,เชิงทะเล,83010000,สำนักงานที่ดินจังหวัดภูเก็ต สาขาถลาง,3,False,ห้องชุดพักอาศัย/พื้นที่ระเบียง,93700,,official_statutory_assessment_rate_not_market_price
120462,34609,แคสเซีย เรสซิเด้นส์,2,83,ภูเก็ต,3,ถลาง,3,เชิงทะเล,83010000,สำนักงานที่ดินจังหวัดภูเก็ต สาขาถลาง,4,False,ห้องชุดพักอาศัย/พื้นที่ระเบียง,95500,,official_statutory_assessment_rate_not_market_price
120463,34609,แคสเซีย เรสซิเด้นส์,2,83,ภูเก็ต,3,ถลาง,3,เชิงทะเล,83010000,สำนักงานที่ดินจังหวัดภูเก็ต สาขาถลาง,5,False,ห้องชุดพักอาศัย/พื้นที่ระเบียง,97500,,official_statutory_assessment_rate_not_market_price
120464,34609,แคสเซีย เรสซิเด้นส์,2,83,ภูเก็ต,3,ถลาง,3,เชิงทะเล,83010000,สำนักงานที่ดินจังหวัดภูเก็ต สาขาถลาง,6,False,ห้องชุดพักอาศัย/พื้นที่ระเบียง,99700,,official_statutory_assessment_rate_not_market_price
120465,34609,แคสเซีย เรสซิเด้นส์,2,83,ภูเก็ต,3,ถลาง,3,เชิงทะเล,83010000,สำนักงานที่ดินจังหวัดภูเก็ต สาขาถลาง,7,False,ห้องชุดพักอาศัย/พื้นที่ระเบียง,101900,,official_statutory_assessment_rate_not_market_price
120466,34610,แมนดาลา คอนโดมิเนียม,-,83,ภูเก็ต,3,ถลาง,3,เชิงทะเล,83010000,สำนักงานที่ดินจังหวัดภูเก็ต สาขาถลาง,1,False,ห้องชุดพักอาศัยตากอากาศ,63500,,official_statutory_assessment_rate_not_market_price
120467,34610,แมนดาลา คอนโดมิเนียม,-,83,ภูเก็ต,3,ถลาง,3,เชิงทะเล,83010000,สำนักงานที่ดินจังหวัดภูเก็ต สาขาถลาง,1,False,พื้นที่ระเบียง,31750,,official_statutory_assessment_rate_not_market_price
120468,34610,แมนดาลา คอนโดมิเนียม,-,83,ภูเก็ต,3,ถลาง,3,เชิงทะเล,83010000,สำนักงานที่ดินจังหวัดภูเก็ต สาขาถลาง,1,False,ห้องเก็บของ,31750,,official_statutory_assessment_rate_not_market_price
120469,34610,แมนดาลา คอนโดมิเนียม,-,83,ภูเก็ต,3,ถลาง,3,เชิงทะเล,83010000,สำนักงานที่ดินจังหวัดภูเก็ต สาขาถลาง,1,False,พื้นที่วางแอร์,31750,,official_statutory_assessment_rate_not_market_price
120470,34610,แมนดาลา คอนโดมิเนียม,-,83,ภูเก็ต,3,ถลาง,3,เชิงทะเล,83010000,สำนักงานที่ดินจังหวัดภูเก็ต สาขาถลาง,1,False,พื้นที่สระว่ายน้ำ,31750,,official_statutory_assessment_rate_not_market_price
120471,34610,แมนดาลา คอนโดมิเนียม,-,83,ภูเก็ต,3,ถลาง,3,เชิงทะเล,83010000,สำนักงานที่ดินจังหวัดภูเก็ต สาขาถลาง,1,False,พื้นทีสวน,31750,,official_statutory_assessment_rate_not_market_price
120472,34610,แมนดาลา คอนโดมิเนียม,-,83,ภูเก็ต,3,ถลาง,3,เชิงทะเล,83010000,สำนักงานที่ดินจังหวัดภูเก็ต สาขาถลาง,2,False,ห้องชุดพักอาศัยตากอากาศ,63000,,official_statutory_assessment_rate_not_market_price
120473,34610,แมนดาลา คอนโดมิเนียม,-,83,ภูเก็ต,3,ถลาง,3,เชิงทะเล,83010000,สำนักงานที่ดินจังหวัดภูเก็ต สาขาถลาง,2,False,พื้นที่ระเบียง,31500,,official_statutory_assessment_rate_not_market_price
120474,34610,แมนดาลา คอนโดมิเนียม,-,83,ภูเก็ต,3,ถลาง,3,เชิงทะเล,83010000,สำนักงานที่ดินจังหวัดภูเก็ต สาขาถลาง,2,False,ห้องเก็บของ,31500,,official_statutory_assessment_rate_not_market_price
120475,34610,แมนดาลา คอนโดมิเนียม,-,83,ภูเก็ต,3,ถลาง,3,เชิงทะเล,83010000,สำนักงานที่ดินจังหวัดภูเก็ต สาขาถลาง,2,False,พื้นที่วางแอร์,31500,,official_statutory_assessment_rate_not_market_price
120476,34610,แมนดาลา คอนโดมิเนียม,-,83,ภูเก็ต,3,ถลาง,3,เชิงทะเล,83010000,สำนักงานที่ดินจังหวัดภูเก็ต สาขาถลาง,2,False,พื้นที่สระว่ายน้ำ,31500,,official_statutory_assessment_rate_not_market_price
120477,34610,แมนดาลา คอนโดมิเนียม,-,83,ภูเก็ต,3,ถลาง,3,เชิงทะเล,83010000,สำนักงานที่ดินจังหวัดภูเก็ต สาขาถลาง,3,False,ห้องชุดพักอาศัยแบบเพนท์เฮ้าส์,63500,,official_statutory_assessment_rate_not_market_price
120478,34610,แมนดาลา คอนโดมิเนียม,-,83,ภูเก็ต,3,ถลาง,3,เชิงทะเล,83010000,สำนักงานที่ดินจังหวัดภูเก็ต สาขาถลาง,3,False,พื้นที่ระเบียง,31750,,official_statutory_assessment_rate_not_market_price
120479,34610,แมนดาลา คอนโดมิเนียม,-,83,ภูเก็ต,3,ถลาง,3,เชิงทะเล,83010000,สำนักงานที่ดินจังหวัดภูเก็ต สาขาถลาง,3,False,พื้นที่สระว่ายน้ำ,31750,,official_statutory_assessment_rate_not_market_price
120480,34610,แมนดาลา คอนโดมิเนียม,-,83,ภูเก็ต,3,ถลาง,3,เชิงทะเล,83010000,สำนักงานที่ดินจังหวัดภูเก็ต สาขาถลาง,3,False,ห้องเก็บของ,31750,,official_statutory_assessment_rate_not_market_price
120481,34610,แมนดาลา คอนโดมิเนียม,-,83,ภูเก็ต,3,ถลาง,3,เชิงทะเล,83010000,สำนักงานที่ดินจังหวัดภูเก็ต สาขาถลาง,3,False,ห้องชุดพักอาศัยตากอากาศ,92500,,official_statutory_assessment_rate_not_market_price
120482,34610,แมนดาลา คอนโดมิเนียม,-,83,ภูเก็ต,3,ถลาง,3,เชิงทะเล,83010000,สำนักงานที่ดินจังหวัดภูเก็ต สาขาถลาง,3,False,พื้นที่ระเบียง,31250,,official_statutory_assessment_rate_not_market_price
120483,34610,แมนดาลา คอนโดมิเนียม,-,83,ภูเก็ต,3,ถลาง,3,เชิงทะเล,83010000,สำนักงานที่ดินจังหวัดภูเก็ต สาขาถลาง,3,False,ห้องเก็บของ,31250,,official_statutory_assessment_rate_not_market_price
120484,34610,แมนดาลา คอนโดมิเนียม,-,83,ภูเก็ต,3,ถลาง,3,เชิงทะเล,83010000,สำนักงานที่ดินจังหวัดภูเก็ต สาขาถลาง,3,False,พื้นที่วางแอร์,31250,,official_statutory_assessment_rate_not_market_price
120485,34610,แมนดาลา คอนโดมิเนียม,-,83,ภูเก็ต,3,ถลาง,3,เชิงทะเล,83010000,สำนักงานที่ดินจังหวัดภูเก็ต สาขาถลาง,3,False,พื้นที่สระว่ายน้ำ,31250,,official_statutory_assessment_rate_not_market_price
120486,34610,แมนดาลา คอนโดมิเนียม,-,83,ภูเก็ต,3,ถลาง,3,เชิงทะเล,83010000,สำนักงานที่ดินจังหวัดภูเก็ต สาขาถลาง,3,False,พื้นทีสวน,31250,,official_statutory_assessment_rate_not_market_price
120487,34611,แสนสุรีย์,-,83,ภูเก็ต,3,ถลาง,3,เชิงทะเล,83010000,สำนักงานที่ดินจังหวัดภูเก็ต สาขาถลาง,5,False,ห้องชุดพักอาศัยตากอากาศ,54000,,official_statutory_assessment_rate_not_market_price
120488,34611,แสนสุรีย์,-,83,ภูเก็ต,3,ถลาง,3,เชิงทะเล,83010000,สำนักงานที่ดินจังหวัดภูเก็ต สาขาถลาง,6,False,พื้นที่ระเบียง,27000,,official_statutory_assessment_rate_not_market_price
120489,34611,แสนสุรีย์,-,83,ภูเก็ต,3,ถลาง,3,เชิงทะเล,83010000,สำนักงานที่ดินจังหวัดภูเก็ต สาขาถลาง,1-ก.พ.,True,ห้องชุดพักอาศัยตากอากาศ,53000,,official_statutory_assessment_rate_not_market_price
120490,34611,แสนสุรีย์,-,83,ภูเก็ต,3,ถลาง,3,เชิงทะเล,83010000,สำนักงานที่ดินจังหวัดภูเก็ต สาขาถลาง,1-ก.พ.,True,พื้นที่ระเบียง,26500,,official_statutory_assessment_rate_not_market_price
120491,34611,แสนสุรีย์,-,83,ภูเก็ต,3,ถลาง,3,เชิงทะเล,83010000,สำนักงานที่ดินจังหวัดภูเก็ต สาขาถลาง,3-เม.ย.,True,ห้องชุดพักอาศัยตากอากาศ,53500,,official_statutory_assessment_rate_not_market_price
120492,34611,แสนสุรีย์,-,83,ภูเก็ต,3,ถลาง,3,เชิงทะเล,83010000,สำนักงานที่ดินจังหวัดภูเก็ต สาขาถลาง,3-เม.ย.,True,พื้นที่ระเบียง,26750,,official_statutory_assessment_rate_not_market_price
120493,34613,โลตัส การ์เด้นส์,-,83,ภูเก็ต,3,ถลาง,3,เชิงทะเล,83010000,สำนักงานที่ดินจังหวัดภูเก็ต สาขาถลาง,1,False,ห้องชุดพักอาศัยตากอากาศ,54500,,official_statutory_assessment_rate_not_market_price
120494,34613,โลตัส การ์เด้นส์,-,83,ภูเก็ต,3,ถลาง,3,เชิงทะเล,83010000,สำนักงานที่ดินจังหวัดภูเก็ต สาขาถลาง,1,False,พื้นที่ระเบียง,27250,,official_statutory_assessment_rate_not_market_price
120495,34613,โลตัส การ์เด้นส์,-,83,ภูเก็ต,3,ถลาง,3,เชิงทะเล,83010000,สำนักงานที่ดินจังหวัดภูเก็ต สาขาถลาง,"2,3",False,ห้องชุดพักอาศัยแบบดูเพล็ก,56000,,official_statutory_assessment_rate_not_market_price
120496,34613,โลตัส การ์เด้นส์,-,83,ภูเก็ต,3,ถลาง,3,เชิงทะเล,83010000,สำนักงานที่ดินจังหวัดภูเก็ต สาขาถลาง,"2,3",False,พื้นที่ระเบียง,28000,,official_statutory_assessment_rate_not_market_price
120497,34614,โอเชียนสโตน,-,83,ภูเก็ต,3,ถลาง,3,เชิงทะเล,83010000,สำนักงานที่ดินจังหวัดภูเก็ต สาขาถลาง,1,False,ห้องชุดสำนักงาน/พื้นที่ระเบียง,102400,,official_statutory_assessment_rate_not_market_price
120498,34614,โอเชียนสโตน,-,83,ภูเก็ต,3,ถลาง,3,เชิงทะเล,83010000,สำนักงานที่ดินจังหวัดภูเก็ต สาขาถลาง,2,False,พื้นที่ห้องชุดพักอาศัย/พื้นที่ระเบียง,84900,,official_statutory_assessment_rate_not_market_price
120499,34614,โอเชียนสโตน,-,83,ภูเก็ต,3,ถลาง,3,เชิงทะเล,83010000,สำนักงานที่ดินจังหวัดภูเก็ต สาขาถลาง,3,False,พื้นที่ห้องชุดพักอาศัย/พื้นที่ระเบียง,86000,,official_statutory_assessment_rate_not_market_price
120500,34614,โอเชียนสโตน,-,83,ภูเก็ต,3,ถลาง,3,เชิงทะเล,83010000,สำนักงานที่ดินจังหวัดภูเก็ต สาขาถลาง,4,False,พื้นที่ห้องชุดพักอาศัย/พื้นที่ระเบียง,87500,,official_statutory_assessment_rate_not_market_price
120501,34614,โอเชียนสโตน,-,83,ภูเก็ต,3,ถลาง,3,เชิงทะเล,83010000,สำนักงานที่ดินจังหวัดภูเก็ต สาขาถลาง,5,False,พื้นที่ห้องชุดพักอาศัย/พื้นที่ระเบียง,89200,,official_statutory_assessment_rate_not_market_price
120502,34614,โอเชียนสโตน,-,83,ภูเก็ต,3,ถลาง,3,เชิงทะเล,83010000,สำนักงานที่ดินจังหวัดภูเก็ต สาขาถลาง,6,False,พื้นที่ห้องชุดพักอาศัย/พื้นที่ระเบียง,91100,,official_statutory_assessment_rate_not_market_price
120503,34614,โอเชียนสโตน,-,83,ภูเก็ต,3,ถลาง,3,เชิงทะเล,83010000,สำนักงานที่ดินจังหวัดภูเก็ต สาขาถลาง,7,False,พื้นที่ห้องชุดพักอาศัย/พื้นที่ระเบียง,93100,,official_statutory_assessment_rate_not_market_price
120504,34615,Diamond Condominium,-,83,ภูเก็ต,3,ถลาง,3,เชิงทะเล,83010000,สำนักงานที่ดินจังหวัดภูเก็ต สาขาถลาง,1,False,ที่จอดรถยนต์ส่วนบุคคล,25290,,official_statutory_assessment_rate_not_market_price
120505,34615,Diamond Condominium,-,83,ภูเก็ต,3,ถลาง,3,เชิงทะเล,83010000,สำนักงานที่ดินจังหวัดภูเก็ต สาขาถลาง,1,False,พื้นที่ห้องชุดพักอาศัย/พื้นที่ระเบียง,80200,,official_statutory_assessment_rate_not_market_price
120506,34615,Diamond Condominium,-,83,ภูเก็ต,3,ถลาง,3,เชิงทะเล,83010000,สำนักงานที่ดินจังหวัดภูเก็ต สาขาถลาง,2,False,พื้นที่ห้องชุดพักอาศัย/พื้นที่ระเบียง,81300,,official_statutory_assessment_rate_not_market_price
120507,34615,Diamond Condominium,-,83,ภูเก็ต,3,ถลาง,3,เชิงทะเล,83010000,สำนักงานที่ดินจังหวัดภูเก็ต สาขาถลาง,3,False,พื้นที่ห้องชุดพักอาศัย/พื้นที่ระเบียง,82700,,official_statutory_assessment_rate_not_market_price
120508,34615,Diamond Condominium,-,83,ภูเก็ต,3,ถลาง,3,เชิงทะเล,83010000,สำนักงานที่ดินจังหวัดภูเก็ต สาขาถลาง,4,False,พื้นที่ห้องชุดพักอาศัย/พื้นที่ระเบียง,84300,,official_statutory_assessment_rate_not_market_price
120509,34615,Diamond Condominium,-,83,ภูเก็ต,3,ถลาง,3,เชิงทะเล,83010000,สำนักงานที่ดินจังหวัดภูเก็ต สาขาถลาง,5,False,พื้นที่ห้องชุดพักอาศัย/พื้นที่ระเบียง,86100,,official_statutory_assessment_rate_not_market_price
120510,34615,Diamond Condominium,-,83,ภูเก็ต,3,ถลาง,3,เชิงทะเล,83010000,สำนักงานที่ดินจังหวัดภูเก็ต สาขาถลาง,6,False,พื้นที่ห้องชุดพักอาศัย/พื้นที่ระเบียง,88000,,official_statutory_assessment_rate_not_market_price
120511,34615,Diamond Condominium,-,83,ภูเก็ต,3,ถลาง,3,เชิงทะเล,83010000,สำนักงานที่ดินจังหวัดภูเก็ต สาขาถลาง,7,False,พื้นที่ห้องชุดพักอาศัย/พื้นที่ระเบียง,89900,,official_statutory_assessment_rate_not_market_price
120512,34612,โกร์ฟ การ์เด้นส์,B,83,ภูเก็ต,3,ถลาง,4,ป่าคลอก,83010000,สำนักงานที่ดินจังหวัดภูเก็ต สาขาถลาง,1,False,ห้องชุดพักอาศัย,35900,,official_statutory_assessment_rate_not_market_price
120513,34612,โกร์ฟ การ์เด้นส์,B,83,ภูเก็ต,3,ถลาง,4,ป่าคลอก,83010000,สำนักงานที่ดินจังหวัดภูเก็ต สาขาถลาง,1,False,ระเบียง/สวนหย่อม,17950,,official_statutory_assessment_rate_not_market_price
120514,34612,โกร์ฟ การ์เด้นส์,B,83,ภูเก็ต,3,ถลาง,4,ป่าคลอก,83010000,สำนักงานที่ดินจังหวัดภูเก็ต สาขาถลาง,2,False,ห้องชุดพักอาศัย,35000,,official_statutory_assessment_rate_not_market_price
120515,34612,โกร์ฟ การ์เด้นส์,B,83,ภูเก็ต,3,ถลาง,4,ป่าคลอก,83010000,สำนักงานที่ดินจังหวัดภูเก็ต สาขาถลาง,2,False,ระเบียง,17500,,official_statutory_assessment_rate_not_market_price
120516,34612,โกร์ฟ การ์เด้นส์,C,83,ภูเก็ต,3,ถลาง,4,ป่าคลอก,83010000,สำนักงานที่ดินจังหวัดภูเก็ต สาขาถลาง,1,False,ห้องชุดพักอาศัย,35900,,official_statutory_assessment_rate_not_market_price
120517,34612,โกร์ฟ การ์เด้นส์,C,83,ภูเก็ต,3,ถลาง,4,ป่าคลอก,83010000,สำนักงานที่ดินจังหวัดภูเก็ต สาขาถลาง,1,False,ระเบียง,17950,,official_statutory_assessment_rate_not_market_price
120518,34612,โกร์ฟ การ์เด้นส์,C,83,ภูเก็ต,3,ถลาง,4,ป่าคลอก,83010000,สำนักงานที่ดินจังหวัดภูเก็ต สาขาถลาง,2,False,ห้องชุดพักอาศัย,35000,,official_statutory_assessment_rate_not_market_price
120519,34612,โกร์ฟ การ์เด้นส์,C,83,ภูเก็ต,3,ถลาง,4,ป่าคลอก,83010000,สำนักงานที่ดินจังหวัดภูเก็ต สาขาถลาง,2,False,ระเบียง,17500,,official_statutory_assessment_rate_not_market_price
120520,34629,บ้านยามู คอนโดมิเนียม,-,83,ภูเก็ต,3,ถลาง,4,ป่าคลอก,83010000,สำนักงานที่ดินจังหวัดภูเก็ต สาขาถลาง,3,False,ห้องชุดพักอาศัยแบบเพนท์เฮ้าส์,63000,,official_statutory_assessment_rate_not_market_price
120521,34629,บ้านยามู คอนโดมิเนียม,-,83,ภูเก็ต,3,ถลาง,4,ป่าคลอก,83010000,สำนักงานที่ดินจังหวัดภูเก็ต สาขาถลาง,3,False,พื้นที่ระเบียง,31500,,official_statutory_assessment_rate_not_market_price
120522,34629,บ้านยามู คอนโดมิเนียม,-,83,ภูเก็ต,3,ถลาง,4,ป่าคลอก,83010000,สำนักงานที่ดินจังหวัดภูเก็ต สาขาถลาง,"1,2",False,ห้องชุดพักอาศัยแบบดูเพล็ก,63000,,official_statutory_assessment_rate_not_market_price
120523,34629,บ้านยามู คอนโดมิเนียม,-,83,ภูเก็ต,3,ถลาง,4,ป่าคลอก,83010000,สำนักงานที่ดินจังหวัดภูเก็ต สาขาถลาง,"1,2",False,พื้นที่ระเบียง,31500,,official_statutory_assessment_rate_not_market_price
120524,34629,บ้านยามู คอนโดมิเนียม,-,83,ภูเก็ต,3,ถลาง,4,ป่าคลอก,83010000,สำนักงานที่ดินจังหวัดภูเก็ต สาขาถลาง,"1,2",False,ห้องชุดพักอาศัยแบบดูเพล็ก,62000,,official_statutory_assessment_rate_not_market_price
120525,34629,บ้านยามู คอนโดมิเนียม,-,83,ภูเก็ต,3,ถลาง,4,ป่าคลอก,83010000,สำนักงานที่ดินจังหวัดภูเก็ต สาขาถลาง,"1,2",False,พื้นที่ระเบียง,31000,,official_statutory_assessment_rate_not_market_price
120526,34647,อ่าวปอ เรสซิเดนซ์,-,83,ภูเก็ต,3,ถลาง,4,ป่าคลอก,83010000,สำนักงานที่ดินจังหวัดภูเก็ต สาขาถลาง,1,False,ห้องชุดเพื่อประกอบการค้า(ห้องชุดพาณิชยกรรม),174500,,official_statutory_assessment_rate_not_market_price
120527,34647,อ่าวปอ เรสซิเดนซ์,-,83,ภูเก็ต,3,ถลาง,4,ป่าคลอก,83010000,สำนักงานที่ดินจังหวัดภูเก็ต สาขาถลาง,2,False,ห้องชุดพักอาศัยตากอากาศ,146000,,official_statutory_assessment_rate_not_market_price
120528,34647,อ่าวปอ เรสซิเดนซ์,-,83,ภูเก็ต,3,ถลาง,4,ป่าคลอก,83010000,สำนักงานที่ดินจังหวัดภูเก็ต สาขาถลาง,2,False,พื้นที่ระเบียงและวางกระถางต้นไม้,73000,,official_statutory_assessment_rate_not_market_price
120529,34647,อ่าวปอ เรสซิเดนซ์,-,83,ภูเก็ต,3,ถลาง,4,ป่าคลอก,83010000,สำนักงานที่ดินจังหวัดภูเก็ต สาขาถลาง,2,False,พื้นที่อ่างอาบน้ำ,73000,,official_statutory_assessment_rate_not_market_price
120530,34647,อ่าวปอ เรสซิเดนซ์,-,83,ภูเก็ต,3,ถลาง,4,ป่าคลอก,83010000,สำนักงานที่ดินจังหวัดภูเก็ต สาขาถลาง,3,False,ห้องชุดพักอาศัยตากอากาศ,146500,,official_statutory_assessment_rate_not_market_price
120531,34647,อ่าวปอ เรสซิเดนซ์,-,83,ภูเก็ต,3,ถลาง,4,ป่าคลอก,83010000,สำนักงานที่ดินจังหวัดภูเก็ต สาขาถลาง,3,False,พื้นที่ระเบียงและวางกระถางต้นไม้,73250,,official_statutory_assessment_rate_not_market_price
120532,34647,อ่าวปอ เรสซิเดนซ์,-,83,ภูเก็ต,3,ถลาง,4,ป่าคลอก,83010000,สำนักงานที่ดินจังหวัดภูเก็ต สาขาถลาง,3,False,พื้นที่อ่างอาบน้ำ,73250,,official_statutory_assessment_rate_not_market_price
120533,34647,อ่าวปอ เรสซิเดนซ์,-,83,ภูเก็ต,3,ถลาง,4,ป่าคลอก,83010000,สำนักงานที่ดินจังหวัดภูเก็ต สาขาถลาง,4,False,ห้องชุดพักอาศัยตากอากาศ,147000,,official_statutory_assessment_rate_not_market_price
120534,34647,อ่าวปอ เรสซิเดนซ์,-,83,ภูเก็ต,3,ถลาง,4,ป่าคลอก,83010000,สำนักงานที่ดินจังหวัดภูเก็ต สาขาถลาง,4,False,พื้นที่ระเบียงและวางกระถางต้นไม้,73500,,official_statutory_assessment_rate_not_market_price
120535,34647,อ่าวปอ เรสซิเดนซ์,-,83,ภูเก็ต,3,ถลาง,4,ป่าคลอก,83010000,สำนักงานที่ดินจังหวัดภูเก็ต สาขาถลาง,4,False,พื้นที่อ่างอาบน้ำ,73500,,official_statutory_assessment_rate_not_market_price
120536,34629,บ้านยามู คอนโดมิเนียม,-,83,ภูเก็ต,3,ถลาง,4,ป่าคลอก,83010000,สำนักงานที่ดินจังหวัดภูเก็ต สาขาถลาง,1,False,ห้องชุดเพื่อประกอบการค้า(ห้องชุดพาณิชยกรรม),73200,,official_statutory_assessment_rate_not_market_price
120537,34629,บ้านยามู คอนโดมิเนียม,-,83,ภูเก็ต,3,ถลาง,4,ป่าคลอก,83010000,สำนักงานที่ดินจังหวัดภูเก็ต สาขาถลาง,1,False,พื้นที่ระเบียง,36600,,official_statutory_assessment_rate_not_market_price
120538,34586,เจ เจ แอร์พอร์ตคอนโดมิเนียม เฟส 1,-,83,ภูเก็ต,3,ถลาง,5,ไม้ขาว,83010000,สำนักงานที่ดินจังหวัดภูเก็ต สาขาถลาง,2,False,ห้องชุดพักอาศัย,45000,,official_statutory_assessment_rate_not_market_price
120539,34586,เจ เจ แอร์พอร์ตคอนโดมิเนียม เฟส 1,-,83,ภูเก็ต,3,ถลาง,5,ไม้ขาว,83010000,สำนักงานที่ดินจังหวัดภูเก็ต สาขาถลาง,2,False,พื้นที่ระเบียง,22500,,official_statutory_assessment_rate_not_market_price
120540,34586,เจ เจ แอร์พอร์ตคอนโดมิเนียม เฟส 1,-,83,ภูเก็ต,3,ถลาง,5,ไม้ขาว,83010000,สำนักงานที่ดินจังหวัดภูเก็ต สาขาถลาง,7,False,ห้องชุดพักอาศัย,46500,,official_statutory_assessment_rate_not_market_price
120541,34586,เจ เจ แอร์พอร์ตคอนโดมิเนียม เฟส 1,-,83,ภูเก็ต,3,ถลาง,5,ไม้ขาว,83010000,สำนักงานที่ดินจังหวัดภูเก็ต สาขาถลาง,7,False,พื้นที่ระเบียง,23250,,official_statutory_assessment_rate_not_market_price
120542,34586,เจ เจ แอร์พอร์ตคอนโดมิเนียม เฟส 1,-,83,ภูเก็ต,3,ถลาง,5,ไม้ขาว,83010000,สำนักงานที่ดินจังหวัดภูเก็ต สาขาถลาง,3-เม.ย.,True,ห้องชุดพักอาศัย,45500,,official_statutory_assessment_rate_not_market_price
120543,34586,เจ เจ แอร์พอร์ตคอนโดมิเนียม เฟส 1,-,83,ภูเก็ต,3,ถลาง,5,ไม้ขาว,83010000,สำนักงานที่ดินจังหวัดภูเก็ต สาขาถลาง,3-เม.ย.,True,พื้นที่ระเบียง,22750,,official_statutory_assessment_rate_not_market_price
120544,34586,เจ เจ แอร์พอร์ตคอนโดมิเนียม เฟส 1,-,83,ภูเก็ต,3,ถลาง,5,ไม้ขาว,83010000,สำนักงานที่ดินจังหวัดภูเก็ต สาขาถลาง,5-มิ.ย.,True,ห้องชุดพักอาศัย,46000,,official_statutory_assessment_rate_not_market_price
120545,34586,เจ เจ แอร์พอร์ตคอนโดมิเนียม เฟส 1,-,83,ภูเก็ต,3,ถลาง,5,ไม้ขาว,83010000,สำนักงานที่ดินจังหวัดภูเก็ต สาขาถลาง,5-มิ.ย.,True,พื้นที่ระเบียง,23000,,official_statutory_assessment_rate_not_market_price
120546,34587,เจเจ แอร์พอร์ต คอนโดมิเนี่ยม เฟส 2,-,83,ภูเก็ต,3,ถลาง,5,ไม้ขาว,83010000,สำนักงานที่ดินจังหวัดภูเก็ต สาขาถลาง,2,False,ห้องชุดพักอาศัย,45000,,official_statutory_assessment_rate_not_market_price
120547,34587,เจเจ แอร์พอร์ต คอนโดมิเนี่ยม เฟส 2,-,83,ภูเก็ต,3,ถลาง,5,ไม้ขาว,83010000,สำนักงานที่ดินจังหวัดภูเก็ต สาขาถลาง,2,False,พื้นที่ระเบียง,22500,,official_statutory_assessment_rate_not_market_price
120548,34587,เจเจ แอร์พอร์ต คอนโดมิเนี่ยม เฟส 2,-,83,ภูเก็ต,3,ถลาง,5,ไม้ขาว,83010000,สำนักงานที่ดินจังหวัดภูเก็ต สาขาถลาง,7,False,ห้องชุดพักอาศัย,46500,,official_statutory_assessment_rate_not_market_price
120549,34587,เจเจ แอร์พอร์ต คอนโดมิเนี่ยม เฟส 2,-,83,ภูเก็ต,3,ถลาง,5,ไม้ขาว,83010000,สำนักงานที่ดินจังหวัดภูเก็ต สาขาถลาง,7,False,พื้นที่ระเบียง,23250,,official_statutory_assessment_rate_not_market_price
120550,34587,เจเจ แอร์พอร์ต คอนโดมิเนี่ยม เฟส 2,-,83,ภูเก็ต,3,ถลาง,5,ไม้ขาว,83010000,สำนักงานที่ดินจังหวัดภูเก็ต สาขาถลาง,3-เม.ย.,True,ห้องชุดพักอาศัย,45500,,official_statutory_assessment_rate_not_market_price
120551,34587,เจเจ แอร์พอร์ต คอนโดมิเนี่ยม เฟส 2,-,83,ภูเก็ต,3,ถลาง,5,ไม้ขาว,83010000,สำนักงานที่ดินจังหวัดภูเก็ต สาขาถลาง,3-เม.ย.,True,พื้นที่ระเบียง,22750,,official_statutory_assessment_rate_not_market_price
120552,34587,เจเจ แอร์พอร์ต คอนโดมิเนี่ยม เฟส 2,-,83,ภูเก็ต,3,ถลาง,5,ไม้ขาว,83010000,สำนักงานที่ดินจังหวัดภูเก็ต สาขาถลาง,5-มิ.ย.,True,ห้องชุดพักอาศัย,46000,,official_statutory_assessment_rate_not_market_price
120553,34587,เจเจ แอร์พอร์ต คอนโดมิเนี่ยม เฟส 2,-,83,ภูเก็ต,3,ถลาง,5,ไม้ขาว,83010000,สำนักงานที่ดินจังหวัดภูเก็ต สาขาถลาง,5-มิ.ย.,True,พื้นที่ระเบียง,23000,,official_statutory_assessment_rate_not_market_price
120554,34588,เจเจ แอร์พอร์ต คอนโดมิเนียม เฟส 3,-,83,ภูเก็ต,3,ถลาง,5,ไม้ขาว,83010000,สำนักงานที่ดินจังหวัดภูเก็ต สาขาถลาง,2,False,ห้องชุดพักอาศัย,45000,,official_statutory_assessment_rate_not_market_price
120555,34588,เจเจ แอร์พอร์ต คอนโดมิเนียม เฟส 3,-,83,ภูเก็ต,3,ถลาง,5,ไม้ขาว,83010000,สำนักงานที่ดินจังหวัดภูเก็ต สาขาถลาง,2,False,พื้นที่ระเบียง,22500,,official_statutory_assessment_rate_not_market_price
120556,34588,เจเจ แอร์พอร์ต คอนโดมิเนียม เฟส 3,-,83,ภูเก็ต,3,ถลาง,5,ไม้ขาว,83010000,สำนักงานที่ดินจังหวัดภูเก็ต สาขาถลาง,7,False,ห้องชุดพักอาศัย,46500,,official_statutory_assessment_rate_not_market_price
120557,34588,เจเจ แอร์พอร์ต คอนโดมิเนียม เฟส 3,-,83,ภูเก็ต,3,ถลาง,5,ไม้ขาว,83010000,สำนักงานที่ดินจังหวัดภูเก็ต สาขาถลาง,7,False,พื้นที่ระเบียง,23250,,official_statutory_assessment_rate_not_market_price
120558,34588,เจเจ แอร์พอร์ต คอนโดมิเนียม เฟส 3,-,83,ภูเก็ต,3,ถลาง,5,ไม้ขาว,83010000,สำนักงานที่ดินจังหวัดภูเก็ต สาขาถลาง,3-เม.ย.,True,ห้องชุดพักอาศัย,45500,,official_statutory_assessment_rate_not_market_price
120559,34588,เจเจ แอร์พอร์ต คอนโดมิเนียม เฟส 3,-,83,ภูเก็ต,3,ถลาง,5,ไม้ขาว,83010000,สำนักงานที่ดินจังหวัดภูเก็ต สาขาถลาง,3-เม.ย.,True,พื้นที่ระเบียง,22750,,official_statutory_assessment_rate_not_market_price
120560,34588,เจเจ แอร์พอร์ต คอนโดมิเนียม เฟส 3,-,83,ภูเก็ต,3,ถลาง,5,ไม้ขาว,83010000,สำนักงานที่ดินจังหวัดภูเก็ต สาขาถลาง,5-มิ.ย.,True,ห้องชุดพักอาศัย,46000,,official_statutory_assessment_rate_not_market_price
120561,34588,เจเจ แอร์พอร์ต คอนโดมิเนียม เฟส 3,-,83,ภูเก็ต,3,ถลาง,5,ไม้ขาว,83010000,สำนักงานที่ดินจังหวัดภูเก็ต สาขาถลาง,5-มิ.ย.,True,พื้นที่ระเบียง,23000,,official_statutory_assessment_rate_not_market_price
120562,39132,777 บีช คอนโดเทล,A,83,ภูเก็ต,3,ถลาง,5,ไม้ขาว,83010000,สำนักงานที่ดินจังหวัดภูเก็ต สาขาถลาง,1,False,ห้องชุดเพื่อประกอบการค้า(ห้องชุดพาณิชยกรรม)/พื้นที่ระเบียง,74200,,official_statutory_assessment_rate_not_market_price
120563,39132,777 บีช คอนโดเทล,A,83,ภูเก็ต,3,ถลาง,5,ไม้ขาว,83010000,สำนักงานที่ดินจังหวัดภูเก็ต สาขาถลาง,2,False,ห้องชุดเพื่อประกอบการค้า(ห้องชุดพาณิชยกรรม)/พื้นที่ระเบียง,75100,,official_statutory_assessment_rate_not_market_price
120564,39132,777 บีช คอนโดเทล,A,83,ภูเก็ต,3,ถลาง,5,ไม้ขาว,83010000,สำนักงานที่ดินจังหวัดภูเก็ต สาขาถลาง,3,False,ห้องชุดเพื่อประกอบการค้า(ห้องชุดพาณิชยกรรม)/พื้นที่ระเบียง,76400,,official_statutory_assessment_rate_not_market_price
120565,39132,777 บีช คอนโดเทล,A,83,ภูเก็ต,3,ถลาง,5,ไม้ขาว,83010000,สำนักงานที่ดินจังหวัดภูเก็ต สาขาถลาง,4,False,ห้องชุดเพื่อประกอบการค้า(ห้องชุดพาณิชยกรรม)/พื้นที่ระเบียง,78000,,official_statutory_assessment_rate_not_market_price
120566,39132,777 บีช คอนโดเทล,A,83,ภูเก็ต,3,ถลาง,5,ไม้ขาว,83010000,สำนักงานที่ดินจังหวัดภูเก็ต สาขาถลาง,5,False,ห้องชุดเพื่อประกอบการค้า(ห้องชุดพาณิชยกรรม)/พื้นที่ระเบียง,79600,,official_statutory_assessment_rate_not_market_price
120567,39132,777 บีช คอนโดเทล,A,83,ภูเก็ต,3,ถลาง,5,ไม้ขาว,83010000,สำนักงานที่ดินจังหวัดภูเก็ต สาขาถลาง,6,False,ห้องชุดเพื่อประกอบการค้า(ห้องชุดพาณิชยกรรม)/พื้นที่ระเบียง,81300,,official_statutory_assessment_rate_not_market_price
120568,39132,777 บีช คอนโดเทล,A,83,ภูเก็ต,3,ถลาง,5,ไม้ขาว,83010000,สำนักงานที่ดินจังหวัดภูเก็ต สาขาถลาง,7,False,ห้องชุดเพื่อประกอบการค้า(ห้องชุดพาณิชยกรรม)/พื้นที่ระเบียง,83200,,official_statutory_assessment_rate_not_market_price
120569,39132,777 บีช คอนโดเทล,A,83,ภูเก็ต,3,ถลาง,5,ไม้ขาว,83010000,สำนักงานที่ดินจังหวัดภูเก็ต สาขาถลาง,8,False,ห้องชุดเพื่อประกอบการค้า(ห้องชุดพาณิชยกรรม)/พื้นที่ระเบียง,85000,,official_statutory_assessment_rate_not_market_price
120570,39132,777 บีช คอนโดเทล,B,83,ภูเก็ต,3,ถลาง,5,ไม้ขาว,83010000,สำนักงานที่ดินจังหวัดภูเก็ต สาขาถลาง,1,False,ห้องชุดเพื่อประกอบการค้า(ห้องชุดพาณิชยกรรม)/พื้นที่ระเบียง,74200,,official_statutory_assessment_rate_not_market_price
120571,39132,777 บีช คอนโดเทล,B,83,ภูเก็ต,3,ถลาง,5,ไม้ขาว,83010000,สำนักงานที่ดินจังหวัดภูเก็ต สาขาถลาง,2,False,ห้องชุดเพื่อประกอบการค้า(ห้องชุดพาณิชยกรรม)/พื้นที่ระเบียง,75100,,official_statutory_assessment_rate_not_market_price
120572,39132,777 บีช คอนโดเทล,B,83,ภูเก็ต,3,ถลาง,5,ไม้ขาว,83010000,สำนักงานที่ดินจังหวัดภูเก็ต สาขาถลาง,3,False,ห้องชุดเพื่อประกอบการค้า(ห้องชุดพาณิชยกรรม)/พื้นที่ระเบียง,76400,,official_statutory_assessment_rate_not_market_price
120573,39132,777 บีช คอนโดเทล,B,83,ภูเก็ต,3,ถลาง,5,ไม้ขาว,83010000,สำนักงานที่ดินจังหวัดภูเก็ต สาขาถลาง,4,False,ห้องชุดเพื่อประกอบการค้า(ห้องชุดพาณิชยกรรม)/พื้นที่ระเบียง,78000,,official_statutory_assessment_rate_not_market_price
120574,39132,777 บีช คอนโดเทล,B,83,ภูเก็ต,3,ถลาง,5,ไม้ขาว,83010000,สำนักงานที่ดินจังหวัดภูเก็ต สาขาถลาง,5,False,ห้องชุดเพื่อประกอบการค้า(ห้องชุดพาณิชยกรรม)/พื้นที่ระเบียง,79600,,official_statutory_assessment_rate_not_market_price
120575,39132,777 บีช คอนโดเทล,B,83,ภูเก็ต,3,ถลาง,5,ไม้ขาว,83010000,สำนักงานที่ดินจังหวัดภูเก็ต สาขาถลาง,6,False,ห้องชุดเพื่อประกอบการค้า(ห้องชุดพาณิชยกรรม)/พื้นที่ระเบียง,81300,,official_statutory_assessment_rate_not_market_price
120576,39132,777 บีช คอนโดเทล,B,83,ภูเก็ต,3,ถลาง,5,ไม้ขาว,83010000,สำนักงานที่ดินจังหวัดภูเก็ต สาขาถลาง,7,False,ห้องชุดเพื่อประกอบการค้า(ห้องชุดพาณิชยกรรม)/พื้นที่ระเบียง,83200,,official_statutory_assessment_rate_not_market_price
120577,39132,777 บีช คอนโดเทล,B,83,ภูเก็ต,3,ถลาง,5,ไม้ขาว,83010000,สำนักงานที่ดินจังหวัดภูเก็ต สาขาถลาง,8,False,ห้องชุดเพื่อประกอบการค้า(ห้องชุดพาณิชยกรรม)/พื้นที่ระเบียง,85000,,official_statutory_assessment_rate_not_market_price
120578,39132,777 บีช คอนโดเทล,C,83,ภูเก็ต,3,ถลาง,5,ไม้ขาว,83010000,สำนักงานที่ดินจังหวัดภูเก็ต สาขาถลาง,1,False,ห้องชุดเพื่อประกอบการค้า(ห้องชุดพาณิชยกรรม)/พื้นที่ระเบียง,74200,,official_statutory_assessment_rate_not_market_price
120579,39132,777 บีช คอนโดเทล,C,83,ภูเก็ต,3,ถลาง,5,ไม้ขาว,83010000,สำนักงานที่ดินจังหวัดภูเก็ต สาขาถลาง,2,False,ห้องชุดเพื่อประกอบการค้า(ห้องชุดพาณิชยกรรม)/พื้นที่ระเบียง,75100,,official_statutory_assessment_rate_not_market_price
120580,39132,777 บีช คอนโดเทล,C,83,ภูเก็ต,3,ถลาง,5,ไม้ขาว,83010000,สำนักงานที่ดินจังหวัดภูเก็ต สาขาถลาง,3,False,ห้องชุดเพื่อประกอบการค้า(ห้องชุดพาณิชยกรรม)/พื้นที่ระเบียง,76400,,official_statutory_assessment_rate_not_market_price
120581,39132,777 บีช คอนโดเทล,C,83,ภูเก็ต,3,ถลาง,5,ไม้ขาว,83010000,สำนักงานที่ดินจังหวัดภูเก็ต สาขาถลาง,4,False,ห้องชุดเพื่อประกอบการค้า(ห้องชุดพาณิชยกรรม)/พื้นที่ระเบียง,78000,,official_statutory_assessment_rate_not_market_price
120582,39132,777 บีช คอนโดเทล,C,83,ภูเก็ต,3,ถลาง,5,ไม้ขาว,83010000,สำนักงานที่ดินจังหวัดภูเก็ต สาขาถลาง,5,False,ห้องชุดเพื่อประกอบการค้า(ห้องชุดพาณิชยกรรม)/พื้นที่ระเบียง,79600,,official_statutory_assessment_rate_not_market_price
120583,39132,777 บีช คอนโดเทล,C,83,ภูเก็ต,3,ถลาง,5,ไม้ขาว,83010000,สำนักงานที่ดินจังหวัดภูเก็ต สาขาถลาง,6,False,ห้องชุดเพื่อประกอบการค้า(ห้องชุดพาณิชยกรรม)/พื้นที่ระเบียง,81300,,official_statutory_assessment_rate_not_market_price
120584,39132,777 บีช คอนโดเทล,C,83,ภูเก็ต,3,ถลาง,5,ไม้ขาว,83010000,สำนักงานที่ดินจังหวัดภูเก็ต สาขาถลาง,7,False,ห้องชุดเพื่อประกอบการค้า(ห้องชุดพาณิชยกรรม)/พื้นที่ระเบียง,83200,,official_statutory_assessment_rate_not_market_price
120585,39132,777 บีช คอนโดเทล,C,83,ภูเก็ต,3,ถลาง,5,ไม้ขาว,83010000,สำนักงานที่ดินจังหวัดภูเก็ต สาขาถลาง,8,False,ห้องชุดเพื่อประกอบการค้า(ห้องชุดพาณิชยกรรม)/พื้นที่ระเบียง,85000,,official_statutory_assessment_rate_not_market_price
120586,39132,777 บีช คอนโดเทล,D,83,ภูเก็ต,3,ถลาง,5,ไม้ขาว,83010000,สำนักงานที่ดินจังหวัดภูเก็ต สาขาถลาง,1,False,ห้องชุดเพื่อประกอบการค้า(ห้องชุดพาณิชยกรรม)/พื้นที่ระเบียง,74200,,official_statutory_assessment_rate_not_market_price
120587,39132,777 บีช คอนโดเทล,D,83,ภูเก็ต,3,ถลาง,5,ไม้ขาว,83010000,สำนักงานที่ดินจังหวัดภูเก็ต สาขาถลาง,2,False,ห้องชุดเพื่อประกอบการค้า(ห้องชุดพาณิชยกรรม)/พื้นที่ระเบียง,75100,,official_statutory_assessment_rate_not_market_price
120588,39132,777 บีช คอนโดเทล,D,83,ภูเก็ต,3,ถลาง,5,ไม้ขาว,83010000,สำนักงานที่ดินจังหวัดภูเก็ต สาขาถลาง,3,False,ห้องชุดเพื่อประกอบการค้า(ห้องชุดพาณิชยกรรม)/พื้นที่ระเบียง,76400,,official_statutory_assessment_rate_not_market_price
120589,39132,777 บีช คอนโดเทล,D,83,ภูเก็ต,3,ถลาง,5,ไม้ขาว,83010000,สำนักงานที่ดินจังหวัดภูเก็ต สาขาถลาง,4,False,ห้องชุดเพื่อประกอบการค้า(ห้องชุดพาณิชยกรรม)/พื้นที่ระเบียง,78000,,official_statutory_assessment_rate_not_market_price
120590,39132,777 บีช คอนโดเทล,D,83,ภูเก็ต,3,ถลาง,5,ไม้ขาว,83010000,สำนักงานที่ดินจังหวัดภูเก็ต สาขาถลาง,5,False,ห้องชุดเพื่อประกอบการค้า(ห้องชุดพาณิชยกรรม)/พื้นที่ระเบียง,79600,,official_statutory_assessment_rate_not_market_price
120591,39132,777 บีช คอนโดเทล,D,83,ภูเก็ต,3,ถลาง,5,ไม้ขาว,83010000,สำนักงานที่ดินจังหวัดภูเก็ต สาขาถลาง,6,False,ห้องชุดเพื่อประกอบการค้า(ห้องชุดพาณิชยกรรม)/พื้นที่ระเบียง,81300,,official_statutory_assessment_rate_not_market_price
120592,39132,777 บีช คอนโดเทล,D,83,ภูเก็ต,3,ถลาง,5,ไม้ขาว,83010000,สำนักงานที่ดินจังหวัดภูเก็ต สาขาถลาง,7,False,ห้องชุดเพื่อประกอบการค้า(ห้องชุดพาณิชยกรรม)/พื้นที่ระเบียง,83200,,official_statutory_assessment_rate_not_market_price
120593,39132,777 บีช คอนโดเทล,D,83,ภูเก็ต,3,ถลาง,5,ไม้ขาว,83010000,สำนักงานที่ดินจังหวัดภูเก็ต สาขาถลาง,8,False,ห้องชุดเพื่อประกอบการค้า(ห้องชุดพาณิชยกรรม)/พื้นที่ระเบียง,85000,,official_statutory_assessment_rate_not_market_price
120594,34616,ไม้ขาว บีช คอนโดเทล,A,83,ภูเก็ต,3,ถลาง,5,ไม้ขาว,83010000,สำนักงานที่ดินจังหวัดภูเก็ต สาขาถลาง,1,False,ห้องชุดเพื่อประกอบการค้า(ห้องชุดพาณิชยกรรม)/พื้นที่ระเบียง,56400,,official_statutory_assessment_rate_not_market_price
120595,34616,ไม้ขาว บีช คอนโดเทล,A,83,ภูเก็ต,3,ถลาง,5,ไม้ขาว,83010000,สำนักงานที่ดินจังหวัดภูเก็ต สาขาถลาง,2,False,ห้องชุดเพื่อประกอบการค้า(ห้องชุดพาณิชยกรรม)/พื้นที่ระเบียง,57100,,official_statutory_assessment_rate_not_market_price
120596,34616,ไม้ขาว บีช คอนโดเทล,A,83,ภูเก็ต,3,ถลาง,5,ไม้ขาว,83010000,สำนักงานที่ดินจังหวัดภูเก็ต สาขาถลาง,3,False,ห้องชุดเพื่อประกอบการค้า(ห้องชุดพาณิชยกรรม)/พื้นที่ระเบียง,58100,,official_statutory_assessment_rate_not_market_price
120597,34616,ไม้ขาว บีช คอนโดเทล,A,83,ภูเก็ต,3,ถลาง,5,ไม้ขาว,83010000,สำนักงานที่ดินจังหวัดภูเก็ต สาขาถลาง,4,False,ห้องชุดเพื่อประกอบการค้า(ห้องชุดพาณิชยกรรม)/พื้นที่ระเบียง,59200,,official_statutory_assessment_rate_not_market_price
120598,34616,ไม้ขาว บีช คอนโดเทล,A,83,ภูเก็ต,3,ถลาง,5,ไม้ขาว,83010000,สำนักงานที่ดินจังหวัดภูเก็ต สาขาถลาง,5,False,ห้องชุดเพื่อประกอบการค้า(ห้องชุดพาณิชยกรรม)/พื้นที่ระเบียง,60500,,official_statutory_assessment_rate_not_market_price
120599,34616,ไม้ขาว บีช คอนโดเทล,A,83,ภูเก็ต,3,ถลาง,5,ไม้ขาว,83010000,สำนักงานที่ดินจังหวัดภูเก็ต สาขาถลาง,6,False,ห้องชุดเพื่อประกอบการค้า(ห้องชุดพาณิชยกรรม)/พื้นที่ระเบียง,61800,,official_statutory_assessment_rate_not_market_price
120600,34616,ไม้ขาว บีช คอนโดเทล,A,83,ภูเก็ต,3,ถลาง,5,ไม้ขาว,83010000,สำนักงานที่ดินจังหวัดภูเก็ต สาขาถลาง,7,False,ห้องชุดเพื่อประกอบการค้า(ห้องชุดพาณิชยกรรม)/พื้นที่ระเบียง,63200,,official_statutory_assessment_rate_not_market_price
120601,34616,ไม้ขาว บีช คอนโดเทล,A,83,ภูเก็ต,3,ถลาง,5,ไม้ขาว,83010000,สำนักงานที่ดินจังหวัดภูเก็ต สาขาถลาง,8,False,ห้องชุดเพื่อประกอบการค้า(ห้องชุดพาณิชยกรรม)/พื้นที่ระเบียง,64600,,official_statutory_assessment_rate_not_market_price
120602,34616,ไม้ขาว บีช คอนโดเทล,B,83,ภูเก็ต,3,ถลาง,5,ไม้ขาว,83010000,สำนักงานที่ดินจังหวัดภูเก็ต สาขาถลาง,1,False,ห้องชุดเพื่อประกอบการค้า(ห้องชุดพาณิชยกรรม)/พื้นที่ระเบียง,56400,,official_statutory_assessment_rate_not_market_price
120603,34616,ไม้ขาว บีช คอนโดเทล,B,83,ภูเก็ต,3,ถลาง,5,ไม้ขาว,83010000,สำนักงานที่ดินจังหวัดภูเก็ต สาขาถลาง,2,False,ห้องชุดเพื่อประกอบการค้า(ห้องชุดพาณิชยกรรม)/พื้นที่ระเบียง,57100,,official_statutory_assessment_rate_not_market_price
120604,34616,ไม้ขาว บีช คอนโดเทล,B,83,ภูเก็ต,3,ถลาง,5,ไม้ขาว,83010000,สำนักงานที่ดินจังหวัดภูเก็ต สาขาถลาง,3,False,ห้องชุดเพื่อประกอบการค้า(ห้องชุดพาณิชยกรรม)/พื้นที่ระเบียง,58100,,official_statutory_assessment_rate_not_market_price
120605,34616,ไม้ขาว บีช คอนโดเทล,B,83,ภูเก็ต,3,ถลาง,5,ไม้ขาว,83010000,สำนักงานที่ดินจังหวัดภูเก็ต สาขาถลาง,4,False,ห้องชุดเพื่อประกอบการค้า(ห้องชุดพาณิชยกรรม)/พื้นที่ระเบียง,59200,,official_statutory_assessment_rate_not_market_price
120606,34616,ไม้ขาว บีช คอนโดเทล,B,83,ภูเก็ต,3,ถลาง,5,ไม้ขาว,83010000,สำนักงานที่ดินจังหวัดภูเก็ต สาขาถลาง,5,False,ห้องชุดเพื่อประกอบการค้า(ห้องชุดพาณิชยกรรม)/พื้นที่ระเบียง,60500,,official_statutory_assessment_rate_not_market_price
120607,34616,ไม้ขาว บีช คอนโดเทล,B,83,ภูเก็ต,3,ถลาง,5,ไม้ขาว,83010000,สำนักงานที่ดินจังหวัดภูเก็ต สาขาถลาง,6,False,ห้องชุดเพื่อประกอบการค้า(ห้องชุดพาณิชยกรรม)/พื้นที่ระเบียง,61800,,official_statutory_assessment_rate_not_market_price
120608,34616,ไม้ขาว บีช คอนโดเทล,B,83,ภูเก็ต,3,ถลาง,5,ไม้ขาว,83010000,สำนักงานที่ดินจังหวัดภูเก็ต สาขาถลาง,7,False,ห้องชุดเพื่อประกอบการค้า(ห้องชุดพาณิชยกรรม)/พื้นที่ระเบียง,63200,,official_statutory_assessment_rate_not_market_price
120609,34616,ไม้ขาว บีช คอนโดเทล,B,83,ภูเก็ต,3,ถลาง,5,ไม้ขาว,83010000,สำนักงานที่ดินจังหวัดภูเก็ต สาขาถลาง,8,False,ห้องชุดเพื่อประกอบการค้า(ห้องชุดพาณิชยกรรม)/พื้นที่ระเบียง,64600,,official_statutory_assessment_rate_not_market_price
120610,34620,บลูแคนยอนโฮม 1,1,83,ภูเก็ต,3,ถลาง,5,ไม้ขาว,83010000,สำนักงานที่ดินจังหวัดภูเก็ต สาขาถลาง,1,False,ห้องชุดพักอาศัยแบบเพนท์เฮ้าส์,42000,,official_statutory_assessment_rate_not_market_price
120611,34620,บลูแคนยอนโฮม 1,1,83,ภูเก็ต,3,ถลาง,5,ไม้ขาว,83010000,สำนักงานที่ดินจังหวัดภูเก็ต สาขาถลาง,1,False,พื้นที่วางกระถางต้นไม้ ,21000,,official_statutory_assessment_rate_not_market_price
120612,34620,บลูแคนยอนโฮม 1,1,83,ภูเก็ต,3,ถลาง,5,ไม้ขาว,83010000,สำนักงานที่ดินจังหวัดภูเก็ต สาขาถลาง,2,False,พื้นที่วางกระถางต้นไม้ ,21000,,official_statutory_assessment_rate_not_market_price
120613,34620,บลูแคนยอนโฮม 1,1,83,ภูเก็ต,3,ถลาง,5,ไม้ขาว,83010000,สำนักงานที่ดินจังหวัดภูเก็ต สาขาถลาง,2,False,ห้องชุดพักอาศัยแบบเพนท์เฮ้าส์,42000,,official_statutory_assessment_rate_not_market_price
120614,34620,บลูแคนยอนโฮม 1,1,83,ภูเก็ต,3,ถลาง,5,ไม้ขาว,83010000,สำนักงานที่ดินจังหวัดภูเก็ต สาขาถลาง,3,False,ห้องชุดพักอาศัยแบบเพนท์เฮ้าส์,42000,,official_statutory_assessment_rate_not_market_price
120615,34620,บลูแคนยอนโฮม 1,1,83,ภูเก็ต,3,ถลาง,5,ไม้ขาว,83010000,สำนักงานที่ดินจังหวัดภูเก็ต สาขาถลาง,3,False,พื้นที่ระเบียง,21000,,official_statutory_assessment_rate_not_market_price
120616,34620,บลูแคนยอนโฮม 1,1,83,ภูเก็ต,3,ถลาง,5,ไม้ขาว,83010000,สำนักงานที่ดินจังหวัดภูเก็ต สาขาถลาง,3,False,พื้นที่วางกระถางต้นไม้ ,21000,,official_statutory_assessment_rate_not_market_price
120617,34620,บลูแคนยอนโฮม 1,1,83,ภูเก็ต,3,ถลาง,5,ไม้ขาว,83010000,สำนักงานที่ดินจังหวัดภูเก็ต สาขาถลาง,4,False,พื้นที่ระเบียง,21000,,official_statutory_assessment_rate_not_market_price
120618,34620,บลูแคนยอนโฮม 1,1,83,ภูเก็ต,3,ถลาง,5,ไม้ขาว,83010000,สำนักงานที่ดินจังหวัดภูเก็ต สาขาถลาง,4,False,พื้นที่วางกระถางต้นไม้ ,21000,,official_statutory_assessment_rate_not_market_price
120619,34620,บลูแคนยอนโฮม 1,1,83,ภูเก็ต,3,ถลาง,5,ไม้ขาว,83010000,สำนักงานที่ดินจังหวัดภูเก็ต สาขาถลาง,4,False,ห้องชุดพักอาศัยแบบเพนท์เฮ้าส์,42000,,official_statutory_assessment_rate_not_market_price
120620,34620,บลูแคนยอนโฮม 1,10,83,ภูเก็ต,3,ถลาง,5,ไม้ขาว,83010000,สำนักงานที่ดินจังหวัดภูเก็ต สาขาถลาง,1,False,ห้องชุดพักอาศัยแบบเพนท์เฮ้าส์,42000,,official_statutory_assessment_rate_not_market_price
120621,34620,บลูแคนยอนโฮม 1,10,83,ภูเก็ต,3,ถลาง,5,ไม้ขาว,83010000,สำนักงานที่ดินจังหวัดภูเก็ต สาขาถลาง,2,False,ห้องชุดพักอาศัยแบบเพนท์เฮ้าส์,42000,,official_statutory_assessment_rate_not_market_price
120622,34620,บลูแคนยอนโฮม 1,10,83,ภูเก็ต,3,ถลาง,5,ไม้ขาว,83010000,สำนักงานที่ดินจังหวัดภูเก็ต สาขาถลาง,3,False,ห้องชุดพักอาศัยแบบเพนท์เฮ้าส์,42000,,official_statutory_assessment_rate_not_market_price
120623,34620,บลูแคนยอนโฮม 1,10,83,ภูเก็ต,3,ถลาง,5,ไม้ขาว,83010000,สำนักงานที่ดินจังหวัดภูเก็ต สาขาถลาง,4,False,ห้องชุดพักอาศัยแบบเพนท์เฮ้าส์,42000,,official_statutory_assessment_rate_not_market_price
120624,34620,บลูแคนยอนโฮม 1,2,83,ภูเก็ต,3,ถลาง,5,ไม้ขาว,83010000,สำนักงานที่ดินจังหวัดภูเก็ต สาขาถลาง,1,False,ห้องชุดพักอาศัยแบบเพนท์เฮ้าส์,42000,,official_statutory_assessment_rate_not_market_price
120625,34620,บลูแคนยอนโฮม 1,2,83,ภูเก็ต,3,ถลาง,5,ไม้ขาว,83010000,สำนักงานที่ดินจังหวัดภูเก็ต สาขาถลาง,2,False,ห้องชุดพักอาศัยแบบเพนท์เฮ้าส์,42000,,official_statutory_assessment_rate_not_market_price
120626,34620,บลูแคนยอนโฮม 1,2,83,ภูเก็ต,3,ถลาง,5,ไม้ขาว,83010000,สำนักงานที่ดินจังหวัดภูเก็ต สาขาถลาง,3,False,ห้องชุดพักอาศัยแบบเพนท์เฮ้าส์,42000,,official_statutory_assessment_rate_not_market_price
120627,34620,บลูแคนยอนโฮม 1,2,83,ภูเก็ต,3,ถลาง,5,ไม้ขาว,83010000,สำนักงานที่ดินจังหวัดภูเก็ต สาขาถลาง,4,False,ห้องชุดพักอาศัยแบบเพนท์เฮ้าส์,42000,,official_statutory_assessment_rate_not_market_price
120628,34620,บลูแคนยอนโฮม 1,7,83,ภูเก็ต,3,ถลาง,5,ไม้ขาว,83010000,สำนักงานที่ดินจังหวัดภูเก็ต สาขาถลาง,1,False,ห้องชุดพักอาศัยแบบเพนท์เฮ้าส์,42000,,official_statutory_assessment_rate_not_market_price
120629,34620,บลูแคนยอนโฮม 1,7,83,ภูเก็ต,3,ถลาง,5,ไม้ขาว,83010000,สำนักงานที่ดินจังหวัดภูเก็ต สาขาถลาง,2,False,ห้องชุดพักอาศัยแบบเพนท์เฮ้าส์,42000,,official_statutory_assessment_rate_not_market_price
120630,34620,บลูแคนยอนโฮม 1,7,83,ภูเก็ต,3,ถลาง,5,ไม้ขาว,83010000,สำนักงานที่ดินจังหวัดภูเก็ต สาขาถลาง,3,False,ห้องชุดพักอาศัยแบบเพนท์เฮ้าส์,42000,,official_statutory_assessment_rate_not_market_price
120631,34620,บลูแคนยอนโฮม 1,7,83,ภูเก็ต,3,ถลาง,5,ไม้ขาว,83010000,สำนักงานที่ดินจังหวัดภูเก็ต สาขาถลาง,4,False,ห้องชุดพักอาศัยแบบเพนท์เฮ้าส์,42000,,official_statutory_assessment_rate_not_market_price
120632,34620,บลูแคนยอนโฮม 1,8,83,ภูเก็ต,3,ถลาง,5,ไม้ขาว,83010000,สำนักงานที่ดินจังหวัดภูเก็ต สาขาถลาง,1,False,ห้องชุดพักอาศัยแบบเพนท์เฮ้าส์,42000,,official_statutory_assessment_rate_not_market_price
120633,34620,บลูแคนยอนโฮม 1,8,83,ภูเก็ต,3,ถลาง,5,ไม้ขาว,83010000,สำนักงานที่ดินจังหวัดภูเก็ต สาขาถลาง,2,False,ห้องชุดพักอาศัยแบบเพนท์เฮ้าส์,42000,,official_statutory_assessment_rate_not_market_price
120634,34620,บลูแคนยอนโฮม 1,8,83,ภูเก็ต,3,ถลาง,5,ไม้ขาว,83010000,สำนักงานที่ดินจังหวัดภูเก็ต สาขาถลาง,3,False,ห้องชุดพักอาศัยแบบเพนท์เฮ้าส์,42000,,official_statutory_assessment_rate_not_market_price
120635,34620,บลูแคนยอนโฮม 1,8,83,ภูเก็ต,3,ถลาง,5,ไม้ขาว,83010000,สำนักงานที่ดินจังหวัดภูเก็ต สาขาถลาง,4,False,ห้องชุดพักอาศัยแบบเพนท์เฮ้าส์,42000,,official_statutory_assessment_rate_not_market_price
120636,34620,บลูแคนยอนโฮม 1,9,83,ภูเก็ต,3,ถลาง,5,ไม้ขาว,83010000,สำนักงานที่ดินจังหวัดภูเก็ต สาขาถลาง,1,False,ห้องชุดพักอาศัยแบบเพนท์เฮ้าส์,42000,,official_statutory_assessment_rate_not_market_price
120637,34620,บลูแคนยอนโฮม 1,9,83,ภูเก็ต,3,ถลาง,5,ไม้ขาว,83010000,สำนักงานที่ดินจังหวัดภูเก็ต สาขาถลาง,2,False,ห้องชุดพักอาศัยแบบเพนท์เฮ้าส์,42000,,official_statutory_assessment_rate_not_market_price
120638,34620,บลูแคนยอนโฮม 1,9,83,ภูเก็ต,3,ถลาง,5,ไม้ขาว,83010000,สำนักงานที่ดินจังหวัดภูเก็ต สาขาถลาง,3,False,ห้องชุดพักอาศัยแบบเพนท์เฮ้าส์,42000,,official_statutory_assessment_rate_not_market_price
120639,34620,บลูแคนยอนโฮม 1,9,83,ภูเก็ต,3,ถลาง,5,ไม้ขาว,83010000,สำนักงานที่ดินจังหวัดภูเก็ต สาขาถลาง,4,False,ห้องชุดพักอาศัยแบบเพนท์เฮ้าส์,42000,,official_statutory_assessment_rate_not_market_price
120640,34620,บลูแคนยอนโฮม 1,3,83,ภูเก็ต,3,ถลาง,5,ไม้ขาว,83010000,สำนักงานที่ดินจังหวัดภูเก็ต สาขาถลาง,1,False,ห้องชุดพักอาศัยแบบเพนท์เฮ้าส์,42000,,official_statutory_assessment_rate_not_market_price
120641,34620,บลูแคนยอนโฮม 1,3,83,ภูเก็ต,3,ถลาง,5,ไม้ขาว,83010000,สำนักงานที่ดินจังหวัดภูเก็ต สาขาถลาง,2,False,ห้องชุดพักอาศัยแบบเพนท์เฮ้าส์,42000,,official_statutory_assessment_rate_not_market_price
120642,34620,บลูแคนยอนโฮม 1,3,83,ภูเก็ต,3,ถลาง,5,ไม้ขาว,83010000,สำนักงานที่ดินจังหวัดภูเก็ต สาขาถลาง,3,False,ห้องชุดพักอาศัยแบบเพนท์เฮ้าส์,42000,,official_statutory_assessment_rate_not_market_price
120643,34620,บลูแคนยอนโฮม 1,3,83,ภูเก็ต,3,ถลาง,5,ไม้ขาว,83010000,สำนักงานที่ดินจังหวัดภูเก็ต สาขาถลาง,4,False,ห้องชุดพักอาศัยแบบเพนท์เฮ้าส์,42000,,official_statutory_assessment_rate_not_market_price
120644,34620,บลูแคนยอนโฮม 1,4,83,ภูเก็ต,3,ถลาง,5,ไม้ขาว,83010000,สำนักงานที่ดินจังหวัดภูเก็ต สาขาถลาง,1,False,ห้องชุดพักอาศัยแบบเพนท์เฮ้าส์,42000,,official_statutory_assessment_rate_not_market_price
120645,34620,บลูแคนยอนโฮม 1,4,83,ภูเก็ต,3,ถลาง,5,ไม้ขาว,83010000,สำนักงานที่ดินจังหวัดภูเก็ต สาขาถลาง,2,False,ห้องชุดพักอาศัยแบบเพนท์เฮ้าส์,42000,,official_statutory_assessment_rate_not_market_price
120646,34620,บลูแคนยอนโฮม 1,4,83,ภูเก็ต,3,ถลาง,5,ไม้ขาว,83010000,สำนักงานที่ดินจังหวัดภูเก็ต สาขาถลาง,3,False,ห้องชุดพักอาศัยแบบเพนท์เฮ้าส์,42000,,official_statutory_assessment_rate_not_market_price
120647,34620,บลูแคนยอนโฮม 1,4,83,ภูเก็ต,3,ถลาง,5,ไม้ขาว,83010000,สำนักงานที่ดินจังหวัดภูเก็ต สาขาถลาง,4,False,ห้องชุดพักอาศัยแบบเพนท์เฮ้าส์,42000,,official_statutory_assessment_rate_not_market_price
120648,34620,บลูแคนยอนโฮม 1,5,83,ภูเก็ต,3,ถลาง,5,ไม้ขาว,83010000,สำนักงานที่ดินจังหวัดภูเก็ต สาขาถลาง,1,False,ห้องชุดพักอาศัยแบบเพนท์เฮ้าส์,42000,,official_statutory_assessment_rate_not_market_price
120649,34620,บลูแคนยอนโฮม 1,5,83,ภูเก็ต,3,ถลาง,5,ไม้ขาว,83010000,สำนักงานที่ดินจังหวัดภูเก็ต สาขาถลาง,2,False,ห้องชุดพักอาศัยแบบเพนท์เฮ้าส์,42000,,official_statutory_assessment_rate_not_market_price
120650,34620,บลูแคนยอนโฮม 1,5,83,ภูเก็ต,3,ถลาง,5,ไม้ขาว,83010000,สำนักงานที่ดินจังหวัดภูเก็ต สาขาถลาง,3,False,ห้องชุดพักอาศัยแบบเพนท์เฮ้าส์,42000,,official_statutory_assessment_rate_not_market_price
120651,34620,บลูแคนยอนโฮม 1,5,83,ภูเก็ต,3,ถลาง,5,ไม้ขาว,83010000,สำนักงานที่ดินจังหวัดภูเก็ต สาขาถลาง,4,False,ห้องชุดพักอาศัยแบบเพนท์เฮ้าส์,42000,,official_statutory_assessment_rate_not_market_price
120652,34620,บลูแคนยอนโฮม 1,6,83,ภูเก็ต,3,ถลาง,5,ไม้ขาว,83010000,สำนักงานที่ดินจังหวัดภูเก็ต สาขาถลาง,1,False,ห้องชุดพักอาศัยแบบเพนท์เฮ้าส์,42000,,official_statutory_assessment_rate_not_market_price
120653,34620,บลูแคนยอนโฮม 1,6,83,ภูเก็ต,3,ถลาง,5,ไม้ขาว,83010000,สำนักงานที่ดินจังหวัดภูเก็ต สาขาถลาง,2,False,ห้องชุดพักอาศัยแบบเพนท์เฮ้าส์,42000,,official_statutory_assessment_rate_not_market_price
120654,34620,บลูแคนยอนโฮม 1,6,83,ภูเก็ต,3,ถลาง,5,ไม้ขาว,83010000,สำนักงานที่ดินจังหวัดภูเก็ต สาขาถลาง,3,False,ห้องชุดพักอาศัยแบบเพนท์เฮ้าส์,42000,,official_statutory_assessment_rate_not_market_price
120655,34620,บลูแคนยอนโฮม 1,6,83,ภูเก็ต,3,ถลาง,5,ไม้ขาว,83010000,สำนักงานที่ดินจังหวัดภูเก็ต สาขาถลาง,4,False,ห้องชุดพักอาศัยแบบเพนท์เฮ้าส์,42000,,official_statutory_assessment_rate_not_market_price
120656,34628,บ้านไม้ขาว,A,83,ภูเก็ต,3,ถลาง,5,ไม้ขาว,83010000,สำนักงานที่ดินจังหวัดภูเก็ต สาขาถลาง,1,False,ห้องชุดพักอาศัยตากอากาศ,122500,,official_statutory_assessment_rate_not_market_price
120657,34628,บ้านไม้ขาว,A,83,ภูเก็ต,3,ถลาง,5,ไม้ขาว,83010000,สำนักงานที่ดินจังหวัดภูเก็ต สาขาถลาง,1,False,พักอาศัยตากอากาศเพ้นท์เฮ้าส์,123500,,official_statutory_assessment_rate_not_market_price
120658,34628,บ้านไม้ขาว,A,83,ภูเก็ต,3,ถลาง,5,ไม้ขาว,83010000,สำนักงานที่ดินจังหวัดภูเก็ต สาขาถลาง,1,False,พื้นที่ระเบียง,61250,,official_statutory_assessment_rate_not_market_price
120659,34628,บ้านไม้ขาว,A,83,ภูเก็ต,3,ถลาง,5,ไม้ขาว,83010000,สำนักงานที่ดินจังหวัดภูเก็ต สาขาถลาง,1,False,พื้นที่ระเบียง,61750,,official_statutory_assessment_rate_not_market_price
120660,34628,บ้านไม้ขาว,A,83,ภูเก็ต,3,ถลาง,5,ไม้ขาว,83010000,สำนักงานที่ดินจังหวัดภูเก็ต สาขาถลาง,2,False,ห้องชุดพักอาศัยตากอากาศ,123000,,official_statutory_assessment_rate_not_market_price
120661,34628,บ้านไม้ขาว,A,83,ภูเก็ต,3,ถลาง,5,ไม้ขาว,83010000,สำนักงานที่ดินจังหวัดภูเก็ต สาขาถลาง,2,False,พักอาศัยตากอากาศเพ้นท์เฮ้าส์,124000,,official_statutory_assessment_rate_not_market_price
120662,34628,บ้านไม้ขาว,A,83,ภูเก็ต,3,ถลาง,5,ไม้ขาว,83010000,สำนักงานที่ดินจังหวัดภูเก็ต สาขาถลาง,2,False,พื้นที่ระเบียง,61500,,official_statutory_assessment_rate_not_market_price
120663,34628,บ้านไม้ขาว,A,83,ภูเก็ต,3,ถลาง,5,ไม้ขาว,83010000,สำนักงานที่ดินจังหวัดภูเก็ต สาขาถลาง,2,False,พื้นที่ระเบียง,62000,,official_statutory_assessment_rate_not_market_price
120664,34628,บ้านไม้ขาว,A,83,ภูเก็ต,3,ถลาง,5,ไม้ขาว,83010000,สำนักงานที่ดินจังหวัดภูเก็ต สาขาถลาง,3,False,ห้องชุดพักอาศัยตากอากาศ,123500,,official_statutory_assessment_rate_not_market_price
120665,34628,บ้านไม้ขาว,A,83,ภูเก็ต,3,ถลาง,5,ไม้ขาว,83010000,สำนักงานที่ดินจังหวัดภูเก็ต สาขาถลาง,3,False,พักอาศัยตากอากาศเพ้นท์เฮ้าส์,124500,,official_statutory_assessment_rate_not_market_price
120666,34628,บ้านไม้ขาว,A,83,ภูเก็ต,3,ถลาง,5,ไม้ขาว,83010000,สำนักงานที่ดินจังหวัดภูเก็ต สาขาถลาง,3,False,พื้นที่ระเบียง,61750,,official_statutory_assessment_rate_not_market_price
120667,34628,บ้านไม้ขาว,A,83,ภูเก็ต,3,ถลาง,5,ไม้ขาว,83010000,สำนักงานที่ดินจังหวัดภูเก็ต สาขาถลาง,3,False,พื้นที่ระเบียง,62250,,official_statutory_assessment_rate_not_market_price
120668,34628,บ้านไม้ขาว,B,83,ภูเก็ต,3,ถลาง,5,ไม้ขาว,83010000,สำนักงานที่ดินจังหวัดภูเก็ต สาขาถลาง,1,False,ห้องชุดพักอาศัยตากอากาศ,94000,,official_statutory_assessment_rate_not_market_price
120669,34628,บ้านไม้ขาว,B,83,ภูเก็ต,3,ถลาง,5,ไม้ขาว,83010000,สำนักงานที่ดินจังหวัดภูเก็ต สาขาถลาง,1,False,พื้นที่ระเบียง,47000,,official_statutory_assessment_rate_not_market_price
120670,34628,บ้านไม้ขาว,B,83,ภูเก็ต,3,ถลาง,5,ไม้ขาว,83010000,สำนักงานที่ดินจังหวัดภูเก็ต สาขาถลาง,2,False,ห้องชุดพักอาศัยตากอากาศ,94500,,official_statutory_assessment_rate_not_market_price
120671,34628,บ้านไม้ขาว,B,83,ภูเก็ต,3,ถลาง,5,ไม้ขาว,83010000,สำนักงานที่ดินจังหวัดภูเก็ต สาขาถลาง,2,False,พื้นที่ระเบียง,47250,,official_statutory_assessment_rate_not_market_price
120672,34628,บ้านไม้ขาว,B,83,ภูเก็ต,3,ถลาง,5,ไม้ขาว,83010000,สำนักงานที่ดินจังหวัดภูเก็ต สาขาถลาง,3,False,ห้องชุดพักอาศัยตากอากาศ,95000,,official_statutory_assessment_rate_not_market_price
120673,34628,บ้านไม้ขาว,B,83,ภูเก็ต,3,ถลาง,5,ไม้ขาว,83010000,สำนักงานที่ดินจังหวัดภูเก็ต สาขาถลาง,3,False,พื้นที่ระเบียง,47500,,official_statutory_assessment_rate_not_market_price
120674,34628,บ้านไม้ขาว,B,83,ภูเก็ต,3,ถลาง,5,ไม้ขาว,83010000,สำนักงานที่ดินจังหวัดภูเก็ต สาขาถลาง,"1,2",False,พื้นที่ระเบียง,47500,,official_statutory_assessment_rate_not_market_price
120675,34628,บ้านไม้ขาว,B,83,ภูเก็ต,3,ถลาง,5,ไม้ขาว,83010000,สำนักงานที่ดินจังหวัดภูเก็ต สาขาถลาง,"1,2",False,อาศัยตากอากาศดูเพล็กซ์ควบ2ชั้น,95000,,official_statutory_assessment_rate_not_market_price
120676,34628,บ้านไม้ขาว,B,83,ภูเก็ต,3,ถลาง,5,ไม้ขาว,83010000,สำนักงานที่ดินจังหวัดภูเก็ต สาขาถลาง,"2,3",False,พื้นที่ระเบียง,47750,,official_statutory_assessment_rate_not_market_price
120677,34628,บ้านไม้ขาว,B,83,ภูเก็ต,3,ถลาง,5,ไม้ขาว,83010000,สำนักงานที่ดินจังหวัดภูเก็ต สาขาถลาง,"2,3",False,อาศัยตากอากาศดูเพล็กซ์ควบ2ชั้น,95500,,official_statutory_assessment_rate_not_market_price
120678,34628,บ้านไม้ขาว,C,83,ภูเก็ต,3,ถลาง,5,ไม้ขาว,83010000,สำนักงานที่ดินจังหวัดภูเก็ต สาขาถลาง,1,False,ห้องชุดพักอาศัยตากอากาศ,94000,,official_statutory_assessment_rate_not_market_price
120679,34628,บ้านไม้ขาว,C,83,ภูเก็ต,3,ถลาง,5,ไม้ขาว,83010000,สำนักงานที่ดินจังหวัดภูเก็ต สาขาถลาง,1,False,พื้นที่ระเบียง,47000,,official_statutory_assessment_rate_not_market_price
120680,34628,บ้านไม้ขาว,C,83,ภูเก็ต,3,ถลาง,5,ไม้ขาว,83010000,สำนักงานที่ดินจังหวัดภูเก็ต สาขาถลาง,2,False,ห้องชุดพักอาศัยตากอากาศ,94500,,official_statutory_assessment_rate_not_market_price
120681,34628,บ้านไม้ขาว,C,83,ภูเก็ต,3,ถลาง,5,ไม้ขาว,83010000,สำนักงานที่ดินจังหวัดภูเก็ต สาขาถลาง,2,False,พื้นที่ระเบียง,47250,,official_statutory_assessment_rate_not_market_price
120682,34628,บ้านไม้ขาว,C,83,ภูเก็ต,3,ถลาง,5,ไม้ขาว,83010000,สำนักงานที่ดินจังหวัดภูเก็ต สาขาถลาง,3,False,ห้องชุดพักอาศัยตากอากาศ,95000,,official_statutory_assessment_rate_not_market_price
120683,34628,บ้านไม้ขาว,C,83,ภูเก็ต,3,ถลาง,5,ไม้ขาว,83010000,สำนักงานที่ดินจังหวัดภูเก็ต สาขาถลาง,3,False,พื้นที่ระเบียง,47500,,official_statutory_assessment_rate_not_market_price
120684,34628,บ้านไม้ขาว,C,83,ภูเก็ต,3,ถลาง,5,ไม้ขาว,83010000,สำนักงานที่ดินจังหวัดภูเก็ต สาขาถลาง,"1,2",False,พื้นที่ระเบียง,47500,,official_statutory_assessment_rate_not_market_price
120685,34628,บ้านไม้ขาว,C,83,ภูเก็ต,3,ถลาง,5,ไม้ขาว,83010000,สำนักงานที่ดินจังหวัดภูเก็ต สาขาถลาง,"1,2",False,อาศัยตากอากาศดูเพล็กซ์ควบ2ชั้น,95000,,official_statutory_assessment_rate_not_market_price
120686,34628,บ้านไม้ขาว,C,83,ภูเก็ต,3,ถลาง,5,ไม้ขาว,83010000,สำนักงานที่ดินจังหวัดภูเก็ต สาขาถลาง,"2,3",False,พื้นที่ระเบียง,47750,,official_statutory_assessment_rate_not_market_price
120687,34628,บ้านไม้ขาว,C,83,ภูเก็ต,3,ถลาง,5,ไม้ขาว,83010000,สำนักงานที่ดินจังหวัดภูเก็ต สาขาถลาง,"2,3",False,อาศัยตากอากาศดูเพล็กซ์ควบ2ชั้น,95500,,official_statutory_assessment_rate_not_market_price
120688,34628,บ้านไม้ขาว,D,83,ภูเก็ต,3,ถลาง,5,ไม้ขาว,83010000,สำนักงานที่ดินจังหวัดภูเก็ต สาขาถลาง,1,False,ห้องชุดพักอาศัยตากอากาศ,94000,,official_statutory_assessment_rate_not_market_price
120689,34628,บ้านไม้ขาว,D,83,ภูเก็ต,3,ถลาง,5,ไม้ขาว,83010000,สำนักงานที่ดินจังหวัดภูเก็ต สาขาถลาง,1,False,พื้นที่ระเบียง,47000,,official_statutory_assessment_rate_not_market_price
120690,34628,บ้านไม้ขาว,D,83,ภูเก็ต,3,ถลาง,5,ไม้ขาว,83010000,สำนักงานที่ดินจังหวัดภูเก็ต สาขาถลาง,2,False,ห้องชุดพักอาศัยตากอากาศ,94500,,official_statutory_assessment_rate_not_market_price
120691,34628,บ้านไม้ขาว,F,83,ภูเก็ต,3,ถลาง,5,ไม้ขาว,83010000,สำนักงานที่ดินจังหวัดภูเก็ต สาขาถลาง,5,False,ห้องชุดพักอาศัยตากอากาศ,96000,,official_statutory_assessment_rate_not_market_price
120692,34628,บ้านไม้ขาว,F,83,ภูเก็ต,3,ถลาง,5,ไม้ขาว,83010000,สำนักงานที่ดินจังหวัดภูเก็ต สาขาถลาง,5,False,พื้นที่ระเบียง,48000,,official_statutory_assessment_rate_not_market_price
120693,34628,บ้านไม้ขาว,F,83,ภูเก็ต,3,ถลาง,5,ไม้ขาว,83010000,สำนักงานที่ดินจังหวัดภูเก็ต สาขาถลาง,"4,5",False,พื้นที่ระเบียง,48250,,official_statutory_assessment_rate_not_market_price
120694,34628,บ้านไม้ขาว,F,83,ภูเก็ต,3,ถลาง,5,ไม้ขาว,83010000,สำนักงานที่ดินจังหวัดภูเก็ต สาขาถลาง,"4,5",False,อาศัยตากอากาศดูเพล็กซ์ควบ2ชั้น,96500,,official_statutory_assessment_rate_not_market_price
120695,34628,บ้านไม้ขาว,G,83,ภูเก็ต,3,ถลาง,5,ไม้ขาว,83010000,สำนักงานที่ดินจังหวัดภูเก็ต สาขาถลาง,1,False,ห้องชุดพักอาศัยตากอากาศ,94000,,official_statutory_assessment_rate_not_market_price
120696,34628,บ้านไม้ขาว,G,83,ภูเก็ต,3,ถลาง,5,ไม้ขาว,83010000,สำนักงานที่ดินจังหวัดภูเก็ต สาขาถลาง,1,False,พื้นที่ระเบียง,47000,,official_statutory_assessment_rate_not_market_price
120697,34628,บ้านไม้ขาว,G,83,ภูเก็ต,3,ถลาง,5,ไม้ขาว,83010000,สำนักงานที่ดินจังหวัดภูเก็ต สาขาถลาง,2,False,ห้องชุดพักอาศัยตากอากาศ,94500,,official_statutory_assessment_rate_not_market_price
120698,34628,บ้านไม้ขาว,G,83,ภูเก็ต,3,ถลาง,5,ไม้ขาว,83010000,สำนักงานที่ดินจังหวัดภูเก็ต สาขาถลาง,2,False,พื้นที่ระเบียง,47250,,official_statutory_assessment_rate_not_market_price
120699,34628,บ้านไม้ขาว,G,83,ภูเก็ต,3,ถลาง,5,ไม้ขาว,83010000,สำนักงานที่ดินจังหวัดภูเก็ต สาขาถลาง,3,False,ห้องชุดพักอาศัยตากอากาศ,95000,,official_statutory_assessment_rate_not_market_price
120700,34628,บ้านไม้ขาว,G,83,ภูเก็ต,3,ถลาง,5,ไม้ขาว,83010000,สำนักงานที่ดินจังหวัดภูเก็ต สาขาถลาง,3,False,พื้นที่ระเบียง,47500,,official_statutory_assessment_rate_not_market_price
120701,34628,บ้านไม้ขาว,G,83,ภูเก็ต,3,ถลาง,5,ไม้ขาว,83010000,สำนักงานที่ดินจังหวัดภูเก็ต สาขาถลาง,"1,2",False,พื้นที่ระเบียง,47500,,official_statutory_assessment_rate_not_market_price
120702,34628,บ้านไม้ขาว,G,83,ภูเก็ต,3,ถลาง,5,ไม้ขาว,83010000,สำนักงานที่ดินจังหวัดภูเก็ต สาขาถลาง,"1,2",False,อาศัยตากอากาศดูเพล็กซ์ควบ2ชั้น,95000,,official_statutory_assessment_rate_not_market_price
120703,34628,บ้านไม้ขาว,G,83,ภูเก็ต,3,ถลาง,5,ไม้ขาว,83010000,สำนักงานที่ดินจังหวัดภูเก็ต สาขาถลาง,"2,3",False,พื้นที่ระเบียง,47750,,official_statutory_assessment_rate_not_market_price
120704,34628,บ้านไม้ขาว,G,83,ภูเก็ต,3,ถลาง,5,ไม้ขาว,83010000,สำนักงานที่ดินจังหวัดภูเก็ต สาขาถลาง,"2,3",False,อาศัยตากอากาศดูเพล็กซ์ควบ2ชั้น,95500,,official_statutory_assessment_rate_not_market_price
120705,34628,บ้านไม้ขาว,H,83,ภูเก็ต,3,ถลาง,5,ไม้ขาว,83010000,สำนักงานที่ดินจังหวัดภูเก็ต สาขาถลาง,1,False,ห้องชุดพักอาศัยตากอากาศ,94000,,official_statutory_assessment_rate_not_market_price
120706,34628,บ้านไม้ขาว,H,83,ภูเก็ต,3,ถลาง,5,ไม้ขาว,83010000,สำนักงานที่ดินจังหวัดภูเก็ต สาขาถลาง,1,False,พื้นที่ระเบียง,47000,,official_statutory_assessment_rate_not_market_price
120707,34628,บ้านไม้ขาว,H,83,ภูเก็ต,3,ถลาง,5,ไม้ขาว,83010000,สำนักงานที่ดินจังหวัดภูเก็ต สาขาถลาง,2,False,ห้องชุดพักอาศัยตากอากาศ,94500,,official_statutory_assessment_rate_not_market_price
120708,34628,บ้านไม้ขาว,D,83,ภูเก็ต,3,ถลาง,5,ไม้ขาว,83010000,สำนักงานที่ดินจังหวัดภูเก็ต สาขาถลาง,2,False,พื้นที่ระเบียง,47250,,official_statutory_assessment_rate_not_market_price
120709,34628,บ้านไม้ขาว,D,83,ภูเก็ต,3,ถลาง,5,ไม้ขาว,83010000,สำนักงานที่ดินจังหวัดภูเก็ต สาขาถลาง,3,False,ห้องชุดพักอาศัยตากอากาศ,95000,,official_statutory_assessment_rate_not_market_price
120710,34628,บ้านไม้ขาว,D,83,ภูเก็ต,3,ถลาง,5,ไม้ขาว,83010000,สำนักงานที่ดินจังหวัดภูเก็ต สาขาถลาง,3,False,พื้นที่ระเบียง,47500,,official_statutory_assessment_rate_not_market_price
120711,34628,บ้านไม้ขาว,D,83,ภูเก็ต,3,ถลาง,5,ไม้ขาว,83010000,สำนักงานที่ดินจังหวัดภูเก็ต สาขาถลาง,4,False,ห้องชุดพักอาศัยตากอากาศ,95500,,official_statutory_assessment_rate_not_market_price
120712,34628,บ้านไม้ขาว,D,83,ภูเก็ต,3,ถลาง,5,ไม้ขาว,83010000,สำนักงานที่ดินจังหวัดภูเก็ต สาขาถลาง,4,False,พื้นที่ระเบียง,47750,,official_statutory_assessment_rate_not_market_price
120713,34628,บ้านไม้ขาว,D,83,ภูเก็ต,3,ถลาง,5,ไม้ขาว,83010000,สำนักงานที่ดินจังหวัดภูเก็ต สาขาถลาง,5,False,ห้องชุดพักอาศัยตากอากาศ,96000,,official_statutory_assessment_rate_not_market_price
120714,34628,บ้านไม้ขาว,D,83,ภูเก็ต,3,ถลาง,5,ไม้ขาว,83010000,สำนักงานที่ดินจังหวัดภูเก็ต สาขาถลาง,5,False,พื้นที่ระเบียง,48000,,official_statutory_assessment_rate_not_market_price
120715,34628,บ้านไม้ขาว,D,83,ภูเก็ต,3,ถลาง,5,ไม้ขาว,83010000,สำนักงานที่ดินจังหวัดภูเก็ต สาขาถลาง,"4,5",False,พื้นที่ระเบียง,48250,,official_statutory_assessment_rate_not_market_price
120716,34628,บ้านไม้ขาว,D,83,ภูเก็ต,3,ถลาง,5,ไม้ขาว,83010000,สำนักงานที่ดินจังหวัดภูเก็ต สาขาถลาง,"4,5",False,อาศัยตากอากาศดูเพล็กซ์ควบ2ชั้น,96500,,official_statutory_assessment_rate_not_market_price
120717,34628,บ้านไม้ขาว,F,83,ภูเก็ต,3,ถลาง,5,ไม้ขาว,83010000,สำนักงานที่ดินจังหวัดภูเก็ต สาขาถลาง,1,False,ห้องชุดพักอาศัยตากอากาศ,94000,,official_statutory_assessment_rate_not_market_price
120718,34628,บ้านไม้ขาว,F,83,ภูเก็ต,3,ถลาง,5,ไม้ขาว,83010000,สำนักงานที่ดินจังหวัดภูเก็ต สาขาถลาง,1,False,พื้นที่ระเบียง,47000,,official_statutory_assessment_rate_not_market_price
120719,34628,บ้านไม้ขาว,F,83,ภูเก็ต,3,ถลาง,5,ไม้ขาว,83010000,สำนักงานที่ดินจังหวัดภูเก็ต สาขาถลาง,2,False,ห้องชุดพักอาศัยตากอากาศ,94500,,official_statutory_assessment_rate_not_market_price
120720,34628,บ้านไม้ขาว,F,83,ภูเก็ต,3,ถลาง,5,ไม้ขาว,83010000,สำนักงานที่ดินจังหวัดภูเก็ต สาขาถลาง,2,False,พื้นที่ระเบียง,47250,,official_statutory_assessment_rate_not_market_price
120721,34628,บ้านไม้ขาว,F,83,ภูเก็ต,3,ถลาง,5,ไม้ขาว,83010000,สำนักงานที่ดินจังหวัดภูเก็ต สาขาถลาง,3,False,ห้องชุดพักอาศัยตากอากาศ,95000,,official_statutory_assessment_rate_not_market_price
120722,34628,บ้านไม้ขาว,F,83,ภูเก็ต,3,ถลาง,5,ไม้ขาว,83010000,สำนักงานที่ดินจังหวัดภูเก็ต สาขาถลาง,3,False,พื้นที่ระเบียง,47500,,official_statutory_assessment_rate_not_market_price
120723,34628,บ้านไม้ขาว,F,83,ภูเก็ต,3,ถลาง,5,ไม้ขาว,83010000,สำนักงานที่ดินจังหวัดภูเก็ต สาขาถลาง,4,False,ห้องชุดพักอาศัยตากอากาศ,95500,,official_statutory_assessment_rate_not_market_price
120724,34628,บ้านไม้ขาว,F,83,ภูเก็ต,3,ถลาง,5,ไม้ขาว,83010000,สำนักงานที่ดินจังหวัดภูเก็ต สาขาถลาง,4,False,พื้นที่ระเบียง,47750,,official_statutory_assessment_rate_not_market_price
120725,34628,บ้านไม้ขาว,I,83,ภูเก็ต,3,ถลาง,5,ไม้ขาว,83010000,สำนักงานที่ดินจังหวัดภูเก็ต สาขาถลาง,3,False,พื้นที่ระเบียง,61750,,official_statutory_assessment_rate_not_market_price
120726,34628,บ้านไม้ขาว,I,83,ภูเก็ต,3,ถลาง,5,ไม้ขาว,83010000,สำนักงานที่ดินจังหวัดภูเก็ต สาขาถลาง,3,False,พื้นที่ระเบียง,62250,,official_statutory_assessment_rate_not_market_price
120727,34628,บ้านไม้ขาว,อาคารE,83,ภูเก็ต,3,ถลาง,5,ไม้ขาว,83010000,สำนักงานที่ดินจังหวัดภูเก็ต สาขาถลาง,1,False,ห้องชุดพักอาศัยตากอากาศ,94000,,official_statutory_assessment_rate_not_market_price
120728,34628,บ้านไม้ขาว,อาคารE,83,ภูเก็ต,3,ถลาง,5,ไม้ขาว,83010000,สำนักงานที่ดินจังหวัดภูเก็ต สาขาถลาง,1,False,พื้นที่ระเบียง,47000,,official_statutory_assessment_rate_not_market_price
120729,34628,บ้านไม้ขาว,อาคารE,83,ภูเก็ต,3,ถลาง,5,ไม้ขาว,83010000,สำนักงานที่ดินจังหวัดภูเก็ต สาขาถลาง,2,False,ห้องชุดพักอาศัยตากอากาศ,94500,,official_statutory_assessment_rate_not_market_price
120730,34628,บ้านไม้ขาว,อาคารE,83,ภูเก็ต,3,ถลาง,5,ไม้ขาว,83010000,สำนักงานที่ดินจังหวัดภูเก็ต สาขาถลาง,2,False,พื้นที่ระเบียง,47250,,official_statutory_assessment_rate_not_market_price
120731,34628,บ้านไม้ขาว,อาคารE,83,ภูเก็ต,3,ถลาง,5,ไม้ขาว,83010000,สำนักงานที่ดินจังหวัดภูเก็ต สาขาถลาง,3,False,ห้องชุดพักอาศัยตากอากาศ,95000,,official_statutory_assessment_rate_not_market_price
120732,34628,บ้านไม้ขาว,อาคารE,83,ภูเก็ต,3,ถลาง,5,ไม้ขาว,83010000,สำนักงานที่ดินจังหวัดภูเก็ต สาขาถลาง,3,False,พื้นที่ระเบียง,47500,,official_statutory_assessment_rate_not_market_price
120733,34628,บ้านไม้ขาว,อาคารE,83,ภูเก็ต,3,ถลาง,5,ไม้ขาว,83010000,สำนักงานที่ดินจังหวัดภูเก็ต สาขาถลาง,4,False,ห้องชุดพักอาศัยตากอากาศ,95500,,official_statutory_assessment_rate_not_market_price
120734,34628,บ้านไม้ขาว,อาคารE,83,ภูเก็ต,3,ถลาง,5,ไม้ขาว,83010000,สำนักงานที่ดินจังหวัดภูเก็ต สาขาถลาง,4,False,พื้นที่ระเบียง,47750,,official_statutory_assessment_rate_not_market_price
120735,34628,บ้านไม้ขาว,อาคารE,83,ภูเก็ต,3,ถลาง,5,ไม้ขาว,83010000,สำนักงานที่ดินจังหวัดภูเก็ต สาขาถลาง,5,False,ห้องชุดพักอาศัยตากอากาศ,96000,,official_statutory_assessment_rate_not_market_price
120736,34628,บ้านไม้ขาว,อาคารE,83,ภูเก็ต,3,ถลาง,5,ไม้ขาว,83010000,สำนักงานที่ดินจังหวัดภูเก็ต สาขาถลาง,5,False,พื้นที่ระเบียง,48000,,official_statutory_assessment_rate_not_market_price
120737,34628,บ้านไม้ขาว,อาคารE,83,ภูเก็ต,3,ถลาง,5,ไม้ขาว,83010000,สำนักงานที่ดินจังหวัดภูเก็ต สาขาถลาง,"4,5",False,พื้นที่ระเบียง,48250,,official_statutory_assessment_rate_not_market_price
120738,34628,บ้านไม้ขาว,อาคารE,83,ภูเก็ต,3,ถลาง,5,ไม้ขาว,83010000,สำนักงานที่ดินจังหวัดภูเก็ต สาขาถลาง,"4,5",False,อาศัยตากอากาศดูเพล็กซ์ควบ2ชั้น,96500,,official_statutory_assessment_rate_not_market_price
120739,34628,บ้านไม้ขาว,H,83,ภูเก็ต,3,ถลาง,5,ไม้ขาว,83010000,สำนักงานที่ดินจังหวัดภูเก็ต สาขาถลาง,2,False,พื้นที่ระเบียง,47250,,official_statutory_assessment_rate_not_market_price
120740,34628,บ้านไม้ขาว,H,83,ภูเก็ต,3,ถลาง,5,ไม้ขาว,83010000,สำนักงานที่ดินจังหวัดภูเก็ต สาขาถลาง,3,False,ห้องชุดพักอาศัยตากอากาศ,95000,,official_statutory_assessment_rate_not_market_price
120741,34628,บ้านไม้ขาว,H,83,ภูเก็ต,3,ถลาง,5,ไม้ขาว,83010000,สำนักงานที่ดินจังหวัดภูเก็ต สาขาถลาง,3,False,พื้นที่ระเบียง,47500,,official_statutory_assessment_rate_not_market_price
120742,34628,บ้านไม้ขาว,H,83,ภูเก็ต,3,ถลาง,5,ไม้ขาว,83010000,สำนักงานที่ดินจังหวัดภูเก็ต สาขาถลาง,"1,2",False,พื้นที่ระเบียง,47500,,official_statutory_assessment_rate_not_market_price
120743,34628,บ้านไม้ขาว,H,83,ภูเก็ต,3,ถลาง,5,ไม้ขาว,83010000,สำนักงานที่ดินจังหวัดภูเก็ต สาขาถลาง,"1,2",False,อาศัยตากอากาศดูเพล็กซ์ควบ2ชั้น,95000,,official_statutory_assessment_rate_not_market_price
120744,34628,บ้านไม้ขาว,H,83,ภูเก็ต,3,ถลาง,5,ไม้ขาว,83010000,สำนักงานที่ดินจังหวัดภูเก็ต สาขาถลาง,"2,3",False,พื้นที่ระเบียง,47750,,official_statutory_assessment_rate_not_market_price
120745,34628,บ้านไม้ขาว,H,83,ภูเก็ต,3,ถลาง,5,ไม้ขาว,83010000,สำนักงานที่ดินจังหวัดภูเก็ต สาขาถลาง,"2,3",False,อาศัยตากอากาศดูเพล็กซ์ควบ2ชั้น,95500,,official_statutory_assessment_rate_not_market_price
120746,34628,บ้านไม้ขาว,I,83,ภูเก็ต,3,ถลาง,5,ไม้ขาว,83010000,สำนักงานที่ดินจังหวัดภูเก็ต สาขาถลาง,1,False,ห้องชุดพักอาศัยตากอากาศ,122500,,official_statutory_assessment_rate_not_market_price
120747,34628,บ้านไม้ขาว,I,83,ภูเก็ต,3,ถลาง,5,ไม้ขาว,83010000,สำนักงานที่ดินจังหวัดภูเก็ต สาขาถลาง,1,False,พักอาศัยตากอากาศเพ้นท์เฮ้าส์,123500,,official_statutory_assessment_rate_not_market_price
120748,34628,บ้านไม้ขาว,I,83,ภูเก็ต,3,ถลาง,5,ไม้ขาว,83010000,สำนักงานที่ดินจังหวัดภูเก็ต สาขาถลาง,1,False,พื้นที่ระเบียง,61250,,official_statutory_assessment_rate_not_market_price
120749,34628,บ้านไม้ขาว,I,83,ภูเก็ต,3,ถลาง,5,ไม้ขาว,83010000,สำนักงานที่ดินจังหวัดภูเก็ต สาขาถลาง,1,False,พื้นที่ระเบียง,61750,,official_statutory_assessment_rate_not_market_price
120750,34628,บ้านไม้ขาว,I,83,ภูเก็ต,3,ถลาง,5,ไม้ขาว,83010000,สำนักงานที่ดินจังหวัดภูเก็ต สาขาถลาง,2,False,ห้องชุดพักอาศัยตากอากาศ,123000,,official_statutory_assessment_rate_not_market_price
120751,34628,บ้านไม้ขาว,I,83,ภูเก็ต,3,ถลาง,5,ไม้ขาว,83010000,สำนักงานที่ดินจังหวัดภูเก็ต สาขาถลาง,2,False,พักอาศัยตากอากาศเพ้นท์เฮ้าส์,124000,,official_statutory_assessment_rate_not_market_price
120752,34628,บ้านไม้ขาว,I,83,ภูเก็ต,3,ถลาง,5,ไม้ขาว,83010000,สำนักงานที่ดินจังหวัดภูเก็ต สาขาถลาง,2,False,พื้นที่ระเบียง,61500,,official_statutory_assessment_rate_not_market_price
120753,34628,บ้านไม้ขาว,I,83,ภูเก็ต,3,ถลาง,5,ไม้ขาว,83010000,สำนักงานที่ดินจังหวัดภูเก็ต สาขาถลาง,2,False,พื้นที่ระเบียง,62000,,official_statutory_assessment_rate_not_market_price
120754,34628,บ้านไม้ขาว,I,83,ภูเก็ต,3,ถลาง,5,ไม้ขาว,83010000,สำนักงานที่ดินจังหวัดภูเก็ต สาขาถลาง,3,False,ห้องชุดพักอาศัยตากอากาศ,123500,,official_statutory_assessment_rate_not_market_price
120755,34628,บ้านไม้ขาว,I,83,ภูเก็ต,3,ถลาง,5,ไม้ขาว,83010000,สำนักงานที่ดินจังหวัดภูเก็ต สาขาถลาง,3,False,พักอาศัยตากอากาศเพ้นท์เฮ้าส์,124500,,official_statutory_assessment_rate_not_market_price
120756,34608,เพิร์ล ออฟ ในทอน,-,83,ภูเก็ต,3,ถลาง,6,สาคู,83010000,สำนักงานที่ดินจังหวัดภูเก็ต สาขาถลาง,1,False,ห้องชุดพักอาศัยตากอากาศ,91000,,official_statutory_assessment_rate_not_market_price
120757,34608,เพิร์ล ออฟ ในทอน,-,83,ภูเก็ต,3,ถลาง,6,สาคู,83010000,สำนักงานที่ดินจังหวัดภูเก็ต สาขาถลาง,1,False,พื้นที่ระเบียง,45500,,official_statutory_assessment_rate_not_market_price
120758,34608,เพิร์ล ออฟ ในทอน,-,83,ภูเก็ต,3,ถลาง,6,สาคู,83010000,สำนักงานที่ดินจังหวัดภูเก็ต สาขาถลาง,1,False,พื้นที่สระว่ายน้ำ,45500,,official_statutory_assessment_rate_not_market_price
120759,34608,เพิร์ล ออฟ ในทอน,-,83,ภูเก็ต,3,ถลาง,6,สาคู,83010000,สำนักงานที่ดินจังหวัดภูเก็ต สาขาถลาง,1,False,ห้องชุดเพื่อประกอบการค้า(ห้องชุดพาณิชยกรรม),109000,,official_statutory_assessment_rate_not_market_price
120760,34608,เพิร์ล ออฟ ในทอน,-,83,ภูเก็ต,3,ถลาง,6,สาคู,83010000,สำนักงานที่ดินจังหวัดภูเก็ต สาขาถลาง,1,False,พื้นที่ระเบียง,54500,,official_statutory_assessment_rate_not_market_price
120761,34608,เพิร์ล ออฟ ในทอน,-,83,ภูเก็ต,3,ถลาง,6,สาคู,83010000,สำนักงานที่ดินจังหวัดภูเก็ต สาขาถลาง,2,False,ห้องชุดพักอาศัยตากอากาศ,90500,,official_statutory_assessment_rate_not_market_price
120762,34608,เพิร์ล ออฟ ในทอน,-,83,ภูเก็ต,3,ถลาง,6,สาคู,83010000,สำนักงานที่ดินจังหวัดภูเก็ต สาขาถลาง,2,False,พื้นที่ระเบียง,45250,,official_statutory_assessment_rate_not_market_price
120763,34608,เพิร์ล ออฟ ในทอน,-,83,ภูเก็ต,3,ถลาง,6,สาคู,83010000,สำนักงานที่ดินจังหวัดภูเก็ต สาขาถลาง,3,False,ห้องชุดพักอาศัยตากอากาศ,90000,,official_statutory_assessment_rate_not_market_price
120764,34608,เพิร์ล ออฟ ในทอน,-,83,ภูเก็ต,3,ถลาง,6,สาคู,83010000,สำนักงานที่ดินจังหวัดภูเก็ต สาขาถลาง,3,False,พื้นที่ระเบียง,45000,,official_statutory_assessment_rate_not_market_price
120765,34608,เพิร์ล ออฟ ในทอน,-,83,ภูเก็ต,3,ถลาง,6,สาคู,83010000,สำนักงานที่ดินจังหวัดภูเก็ต สาขาถลาง,3,False,พื้นทีสวน,45000,,official_statutory_assessment_rate_not_market_price
120766,34608,เพิร์ล ออฟ ในทอน,-,83,ภูเก็ต,3,ถลาง,6,สาคู,83010000,สำนักงานที่ดินจังหวัดภูเก็ต สาขาถลาง,4,False,ห้องชุดพักอาศัยตากอากาศ,89500,,official_statutory_assessment_rate_not_market_price
120767,34608,เพิร์ล ออฟ ในทอน,-,83,ภูเก็ต,3,ถลาง,6,สาคู,83010000,สำนักงานที่ดินจังหวัดภูเก็ต สาขาถลาง,4,False,พื้นที่ระเบียง,44750,,official_statutory_assessment_rate_not_market_price
120768,34608,เพิร์ล ออฟ ในทอน,-,83,ภูเก็ต,3,ถลาง,6,สาคู,83010000,สำนักงานที่ดินจังหวัดภูเก็ต สาขาถลาง,"1,2",False,ห้องชุดเพื่อประกอบการค้า(ห้องชุดพาณิชยกรรม),109000,,official_statutory_assessment_rate_not_market_price
120769,34608,เพิร์ล ออฟ ในทอน,-,83,ภูเก็ต,3,ถลาง,6,สาคู,83010000,สำนักงานที่ดินจังหวัดภูเก็ต สาขาถลาง,"1,2",False,พื้นที่ระเบียง,54500,,official_statutory_assessment_rate_not_market_price
120770,34608,เพิร์ล ออฟ ในทอน,-,83,ภูเก็ต,3,ถลาง,6,สาคู,83010000,สำนักงานที่ดินจังหวัดภูเก็ต สาขาถลาง,"1,2",False,พื้นที่สระว่ายน้ำ,54500,,official_statutory_assessment_rate_not_market_price
120771,34608,เพิร์ล ออฟ ในทอน,-,83,ภูเก็ต,3,ถลาง,6,สาคู,83010000,สำนักงานที่ดินจังหวัดภูเก็ต สาขาถลาง,"3,4",False,ห้องชุดพักอาศัยตากอากาศแบบเพนท์เฮ้าส์,91000,,official_statutory_assessment_rate_not_market_price
120772,34608,เพิร์ล ออฟ ในทอน,-,83,ภูเก็ต,3,ถลาง,6,สาคู,83010000,สำนักงานที่ดินจังหวัดภูเก็ต สาขาถลาง,"3,4",False,พื้นที่ระเบียง,45500,,official_statutory_assessment_rate_not_market_price
120773,34608,เพิร์ล ออฟ ในทอน,-,83,ภูเก็ต,3,ถลาง,6,สาคู,83010000,สำนักงานที่ดินจังหวัดภูเก็ต สาขาถลาง,"3,4",False,พื้นทีสวน,45500,,official_statutory_assessment_rate_not_market_price
120774,34592,เดอะ แฮปปี้เพลส คอนโด,-,83,ภูเก็ต,3,ถลาง,6,สาคู,83010000,สำนักงานที่ดินจังหวัดภูเก็ต สาขาถลาง,3-เม.ย.,True,พื้นที่ระเบียง,24750,,official_statutory_assessment_rate_not_market_price
120775,34592,เดอะ แฮปปี้เพลส คอนโด,-,83,ภูเก็ต,3,ถลาง,6,สาคู,83010000,สำนักงานที่ดินจังหวัดภูเก็ต สาขาถลาง,5-มิ.ย.,True,ห้องชุดพักอาศัย,50000,,official_statutory_assessment_rate_not_market_price
120776,34592,เดอะ แฮปปี้เพลส คอนโด,-,83,ภูเก็ต,3,ถลาง,6,สาคู,83010000,สำนักงานที่ดินจังหวัดภูเก็ต สาขาถลาง,5-มิ.ย.,True,พื้นที่ระเบียง,25000,,official_statutory_assessment_rate_not_market_price
120777,34593,เดอะ ในทอน คอนโดมิเนียม 1,-,83,ภูเก็ต,3,ถลาง,6,สาคู,83010000,สำนักงานที่ดินจังหวัดภูเก็ต สาขาถลาง,1,False,ห้องชุดพักอาศัยตากอากาศ,40500,,official_statutory_assessment_rate_not_market_price
120778,34593,เดอะ ในทอน คอนโดมิเนียม 1,-,83,ภูเก็ต,3,ถลาง,6,สาคู,83010000,สำนักงานที่ดินจังหวัดภูเก็ต สาขาถลาง,1,False,พื้นที่ระเบียง,20250,,official_statutory_assessment_rate_not_market_price
120779,34593,เดอะ ในทอน คอนโดมิเนียม 1,-,83,ภูเก็ต,3,ถลาง,6,สาคู,83010000,สำนักงานที่ดินจังหวัดภูเก็ต สาขาถลาง,2,False,ห้องชุดพักอาศัยตากอากาศ,41000,,official_statutory_assessment_rate_not_market_price
120780,34593,เดอะ ในทอน คอนโดมิเนียม 1,-,83,ภูเก็ต,3,ถลาง,6,สาคู,83010000,สำนักงานที่ดินจังหวัดภูเก็ต สาขาถลาง,2,False,พื้นที่ระเบียง,20500,,official_statutory_assessment_rate_not_market_price
120781,34593,เดอะ ในทอน คอนโดมิเนียม 1,-,83,ภูเก็ต,3,ถลาง,6,สาคู,83010000,สำนักงานที่ดินจังหวัดภูเก็ต สาขาถลาง,3,False,ห้องชุดพักอาศัยตากอากาศ,41500,,official_statutory_assessment_rate_not_market_price
120782,34593,เดอะ ในทอน คอนโดมิเนียม 1,-,83,ภูเก็ต,3,ถลาง,6,สาคู,83010000,สำนักงานที่ดินจังหวัดภูเก็ต สาขาถลาง,3,False,พื้นที่ระเบียง,20750,,official_statutory_assessment_rate_not_market_price
120783,34593,เดอะ ในทอน คอนโดมิเนียม 1,-,83,ภูเก็ต,3,ถลาง,6,สาคู,83010000,สำนักงานที่ดินจังหวัดภูเก็ต สาขาถลาง,4,False,ห้องชุดพักอาศัยตากอากาศ,42000,,official_statutory_assessment_rate_not_market_price
120784,34593,เดอะ ในทอน คอนโดมิเนียม 1,-,83,ภูเก็ต,3,ถลาง,6,สาคู,83010000,สำนักงานที่ดินจังหวัดภูเก็ต สาขาถลาง,4,False,พื้นที่ระเบียง,21000,,official_statutory_assessment_rate_not_market_price
120785,34594,เดอะ ในทอน คอนโดมิเนียม 2,B,83,ภูเก็ต,3,ถลาง,6,สาคู,83010000,สำนักงานที่ดินจังหวัดภูเก็ต สาขาถลาง,1,False,ห้องชุดพักอาศัยตากอากาศ/พื้นทีระเบียง,41300,,official_statutory_assessment_rate_not_market_price
120786,34594,เดอะ ในทอน คอนโดมิเนียม 2,B,83,ภูเก็ต,3,ถลาง,6,สาคู,83010000,สำนักงานที่ดินจังหวัดภูเก็ต สาขาถลาง,2,False,ห้องชุดพักอาศัยตากอากาศ/พื้นทีระเบียง,41900,,official_statutory_assessment_rate_not_market_price
120787,39213,เกรท ฮิล คอนโด แอร์พอร์ต,-,83,ภูเก็ต,3,ถลาง,6,สาคู,83010000,สำนักงานที่ดินจังหวัดภูเก็ต สาขาถลาง,2,False,พักอาศัย/พื้นที่ระเบียง ,54700,,official_statutory_assessment_rate_not_market_price
120788,39213,เกรท ฮิล คอนโด แอร์พอร์ต,-,83,ภูเก็ต,3,ถลาง,6,สาคู,83010000,สำนักงานที่ดินจังหวัดภูเก็ต สาขาถลาง,3,False,พักอาศัย/พื้นที่ระเบียง ,55500,,official_statutory_assessment_rate_not_market_price
120789,39213,เกรท ฮิล คอนโด แอร์พอร์ต,-,83,ภูเก็ต,3,ถลาง,6,สาคู,83010000,สำนักงานที่ดินจังหวัดภูเก็ต สาขาถลาง,4,False,พักอาศัย/พื้นที่ระเบียง ,56400,,official_statutory_assessment_rate_not_market_price
120790,39213,เกรท ฮิล คอนโด แอร์พอร์ต,-,83,ภูเก็ต,3,ถลาง,6,สาคู,83010000,สำนักงานที่ดินจังหวัดภูเก็ต สาขาถลาง,5,False,พักอาศัย/พื้นที่ระเบียง ,57500,,official_statutory_assessment_rate_not_market_price
120791,39213,เกรท ฮิล คอนโด แอร์พอร์ต,-,83,ภูเก็ต,3,ถลาง,6,สาคู,83010000,สำนักงานที่ดินจังหวัดภูเก็ต สาขาถลาง,6,False,พักอาศัย/พื้นที่ระเบียง ,58800,,official_statutory_assessment_rate_not_market_price
120792,39213,เกรท ฮิล คอนโด แอร์พอร์ต,-,83,ภูเก็ต,3,ถลาง,6,สาคู,83010000,สำนักงานที่ดินจังหวัดภูเก็ต สาขาถลาง,7,False,พักอาศัย/พื้นที่ระเบียง ,60000,,official_statutory_assessment_rate_not_market_price
120793,34594,เดอะ ในทอน คอนโดมิเนียม 2,B,83,ภูเก็ต,3,ถลาง,6,สาคู,83010000,สำนักงานที่ดินจังหวัดภูเก็ต สาขาถลาง,3,False,ห้องชุดพักอาศัยตากอากาศ/พื้นทีระเบียง,42600,,official_statutory_assessment_rate_not_market_price
120794,34594,เดอะ ในทอน คอนโดมิเนียม 2,B,83,ภูเก็ต,3,ถลาง,6,สาคู,83010000,สำนักงานที่ดินจังหวัดภูเก็ต สาขาถลาง,4,False,ห้องชุดพักอาศัยตากอากาศ/พื้นทีระเบียง,43400,,official_statutory_assessment_rate_not_market_price
120795,34595,เดอะ ในทอน คอนโดมิเนียม 3,C,83,ภูเก็ต,3,ถลาง,6,สาคู,83010000,สำนักงานที่ดินจังหวัดภูเก็ต สาขาถลาง,1,False,ห้องชุดพักอาศัยตากอากาศ/พื้นทีระเบียง,41300,,official_statutory_assessment_rate_not_market_price
120796,34595,เดอะ ในทอน คอนโดมิเนียม 3,C,83,ภูเก็ต,3,ถลาง,6,สาคู,83010000,สำนักงานที่ดินจังหวัดภูเก็ต สาขาถลาง,2,False,ห้องชุดพักอาศัยตากอากาศ/พื้นทีระเบียง,41900,,official_statutory_assessment_rate_not_market_price
120797,34595,เดอะ ในทอน คอนโดมิเนียม 3,C,83,ภูเก็ต,3,ถลาง,6,สาคู,83010000,สำนักงานที่ดินจังหวัดภูเก็ต สาขาถลาง,3,False,ห้องชุดพักอาศัยตากอากาศ/พื้นทีระเบียง,42600,,official_statutory_assessment_rate_not_market_price
120798,34595,เดอะ ในทอน คอนโดมิเนียม 3,C,83,ภูเก็ต,3,ถลาง,6,สาคู,83010000,สำนักงานที่ดินจังหวัดภูเก็ต สาขาถลาง,4,False,ห้องชุดพักอาศัยตากอากาศ/พื้นทีระเบียง,43400,,official_statutory_assessment_rate_not_market_price
120799,34596,เดอะ ในทอน คอนโดมิเนียม 4,D,83,ภูเก็ต,3,ถลาง,6,สาคู,83010000,สำนักงานที่ดินจังหวัดภูเก็ต สาขาถลาง,1,False,ห้องชุดพักอาศัยตากอากาศ/พื้นทีระเบียง,41300,,official_statutory_assessment_rate_not_market_price
120800,34596,เดอะ ในทอน คอนโดมิเนียม 4,D,83,ภูเก็ต,3,ถลาง,6,สาคู,83010000,สำนักงานที่ดินจังหวัดภูเก็ต สาขาถลาง,2,False,ห้องชุดพักอาศัยตากอากาศ/พื้นทีระเบียง,41900,,official_statutory_assessment_rate_not_market_price
120801,34596,เดอะ ในทอน คอนโดมิเนียม 4,D,83,ภูเก็ต,3,ถลาง,6,สาคู,83010000,สำนักงานที่ดินจังหวัดภูเก็ต สาขาถลาง,3,False,ห้องชุดพักอาศัยตากอากาศ/พื้นทีระเบียง,42600,,official_statutory_assessment_rate_not_market_price
120802,34596,เดอะ ในทอน คอนโดมิเนียม 4,D,83,ภูเก็ต,3,ถลาง,6,สาคู,83010000,สำนักงานที่ดินจังหวัดภูเก็ต สาขาถลาง,4,False,ห้องชุดพักอาศัยตากอากาศ/พื้นทีระเบียง,43400,,official_statutory_assessment_rate_not_market_price
120803,34597,เดอะ ไทเทิ้ล เรสซิเดนซีส์ (ในยาง-ภูเก็ต),A,83,ภูเก็ต,3,ถลาง,6,สาคู,83010000,สำนักงานที่ดินจังหวัดภูเก็ต สาขาถลาง,1,False,พื้นที่ห้องชุดพักอาศัย/พื้นที่ระเบียง,74300,,official_statutory_assessment_rate_not_market_price
120804,34597,เดอะ ไทเทิ้ล เรสซิเดนซีส์ (ในยาง-ภูเก็ต),A,83,ภูเก็ต,3,ถลาง,6,สาคู,83010000,สำนักงานที่ดินจังหวัดภูเก็ต สาขาถลาง,2,False,พื้นที่ห้องชุดพักอาศัย/พื้นที่ระเบียง,75300,,official_statutory_assessment_rate_not_market_price
120805,34597,เดอะ ไทเทิ้ล เรสซิเดนซีส์ (ในยาง-ภูเก็ต),A,83,ภูเก็ต,3,ถลาง,6,สาคู,83010000,สำนักงานที่ดินจังหวัดภูเก็ต สาขาถลาง,3,False,พื้นที่ห้องชุดพักอาศัย/พื้นที่ระเบียง,76600,,official_statutory_assessment_rate_not_market_price
120806,34597,เดอะ ไทเทิ้ล เรสซิเดนซีส์ (ในยาง-ภูเก็ต),A,83,ภูเก็ต,3,ถลาง,6,สาคู,83010000,สำนักงานที่ดินจังหวัดภูเก็ต สาขาถลาง,4,False,พื้นที่ห้องชุดพักอาศัย/พื้นที่ระเบียง,78100,,official_statutory_assessment_rate_not_market_price
120807,34597,เดอะ ไทเทิ้ล เรสซิเดนซีส์ (ในยาง-ภูเก็ต),A,83,ภูเก็ต,3,ถลาง,6,สาคู,83010000,สำนักงานที่ดินจังหวัดภูเก็ต สาขาถลาง,5,False,พื้นที่ห้องชุดพักอาศัย/พื้นที่ระเบียง,79700,,official_statutory_assessment_rate_not_market_price
120808,34597,เดอะ ไทเทิ้ล เรสซิเดนซีส์ (ในยาง-ภูเก็ต),A,83,ภูเก็ต,3,ถลาง,6,สาคู,83010000,สำนักงานที่ดินจังหวัดภูเก็ต สาขาถลาง,6,False,พื้นที่ห้องชุดพักอาศัย/พื้นที่ระเบียง,81500,,official_statutory_assessment_rate_not_market_price
120809,34597,เดอะ ไทเทิ้ล เรสซิเดนซีส์ (ในยาง-ภูเก็ต),A,83,ภูเก็ต,3,ถลาง,6,สาคู,83010000,สำนักงานที่ดินจังหวัดภูเก็ต สาขาถลาง,7,False,พื้นที่ห้องชุดพักอาศัย/พื้นที่ระเบียง,83300,,official_statutory_assessment_rate_not_market_price
120810,34597,เดอะ ไทเทิ้ล เรสซิเดนซีส์ (ในยาง-ภูเก็ต),B,83,ภูเก็ต,3,ถลาง,6,สาคู,83010000,สำนักงานที่ดินจังหวัดภูเก็ต สาขาถลาง,1,False,พื้นที่ห้องชุดพักอาศัย/พื้นที่ระเบียง,74300,,official_statutory_assessment_rate_not_market_price
120811,34597,เดอะ ไทเทิ้ล เรสซิเดนซีส์ (ในยาง-ภูเก็ต),B,83,ภูเก็ต,3,ถลาง,6,สาคู,83010000,สำนักงานที่ดินจังหวัดภูเก็ต สาขาถลาง,2,False,พื้นที่ห้องชุดพักอาศัย/พื้นที่ระเบียง,75300,,official_statutory_assessment_rate_not_market_price
120812,34597,เดอะ ไทเทิ้ล เรสซิเดนซีส์ (ในยาง-ภูเก็ต),B,83,ภูเก็ต,3,ถลาง,6,สาคู,83010000,สำนักงานที่ดินจังหวัดภูเก็ต สาขาถลาง,3,False,พื้นที่ห้องชุดพักอาศัย/พื้นที่ระเบียง,76600,,official_statutory_assessment_rate_not_market_price
120813,34597,เดอะ ไทเทิ้ล เรสซิเดนซีส์ (ในยาง-ภูเก็ต),B,83,ภูเก็ต,3,ถลาง,6,สาคู,83010000,สำนักงานที่ดินจังหวัดภูเก็ต สาขาถลาง,4,False,พื้นที่ห้องชุดพักอาศัย/พื้นที่ระเบียง,78100,,official_statutory_assessment_rate_not_market_price
120814,34597,เดอะ ไทเทิ้ล เรสซิเดนซีส์ (ในยาง-ภูเก็ต),B,83,ภูเก็ต,3,ถลาง,6,สาคู,83010000,สำนักงานที่ดินจังหวัดภูเก็ต สาขาถลาง,5,False,พื้นที่ห้องชุดพักอาศัย/พื้นที่ระเบียง,79700,,official_statutory_assessment_rate_not_market_price
120815,34597,เดอะ ไทเทิ้ล เรสซิเดนซีส์ (ในยาง-ภูเก็ต),B,83,ภูเก็ต,3,ถลาง,6,สาคู,83010000,สำนักงานที่ดินจังหวัดภูเก็ต สาขาถลาง,6,False,พื้นที่ห้องชุดพักอาศัย/พื้นที่ระเบียง,81500,,official_statutory_assessment_rate_not_market_price
120816,34597,เดอะ ไทเทิ้ล เรสซิเดนซีส์ (ในยาง-ภูเก็ต),B,83,ภูเก็ต,3,ถลาง,6,สาคู,83010000,สำนักงานที่ดินจังหวัดภูเก็ต สาขาถลาง,7,False,พื้นที่ห้องชุดพักอาศัย/พื้นที่ระเบียง,83300,,official_statutory_assessment_rate_not_market_price
120817,34597,เดอะ ไทเทิ้ล เรสซิเดนซีส์ (ในยาง-ภูเก็ต),C,83,ภูเก็ต,3,ถลาง,6,สาคู,83010000,สำนักงานที่ดินจังหวัดภูเก็ต สาขาถลาง,1,False,พื้นที่ห้องชุดพักอาศัย/พื้นที่ระเบียง,74300,,official_statutory_assessment_rate_not_market_price
120818,34597,เดอะ ไทเทิ้ล เรสซิเดนซีส์ (ในยาง-ภูเก็ต),C,83,ภูเก็ต,3,ถลาง,6,สาคู,83010000,สำนักงานที่ดินจังหวัดภูเก็ต สาขาถลาง,2,False,พื้นที่ห้องชุดพักอาศัย/พื้นที่ระเบียง,75300,,official_statutory_assessment_rate_not_market_price
120819,34597,เดอะ ไทเทิ้ล เรสซิเดนซีส์ (ในยาง-ภูเก็ต),C,83,ภูเก็ต,3,ถลาง,6,สาคู,83010000,สำนักงานที่ดินจังหวัดภูเก็ต สาขาถลาง,3,False,พื้นที่ห้องชุดพักอาศัย/พื้นที่ระเบียง,76600,,official_statutory_assessment_rate_not_market_price
120820,34597,เดอะ ไทเทิ้ล เรสซิเดนซีส์ (ในยาง-ภูเก็ต),C,83,ภูเก็ต,3,ถลาง,6,สาคู,83010000,สำนักงานที่ดินจังหวัดภูเก็ต สาขาถลาง,4,False,พื้นที่ห้องชุดพักอาศัย/พื้นที่ระเบียง,78100,,official_statutory_assessment_rate_not_market_price
120821,34597,เดอะ ไทเทิ้ล เรสซิเดนซีส์ (ในยาง-ภูเก็ต),C,83,ภูเก็ต,3,ถลาง,6,สาคู,83010000,สำนักงานที่ดินจังหวัดภูเก็ต สาขาถลาง,5,False,พื้นที่ห้องชุดพักอาศัย/พื้นที่ระเบียง,79700,,official_statutory_assessment_rate_not_market_price
120822,34597,เดอะ ไทเทิ้ล เรสซิเดนซีส์ (ในยาง-ภูเก็ต),C,83,ภูเก็ต,3,ถลาง,6,สาคู,83010000,สำนักงานที่ดินจังหวัดภูเก็ต สาขาถลาง,6,False,พื้นที่ห้องชุดพักอาศัย/พื้นที่ระเบียง,81500,,official_statutory_assessment_rate_not_market_price
120823,34597,เดอะ ไทเทิ้ล เรสซิเดนซีส์ (ในยาง-ภูเก็ต),C,83,ภูเก็ต,3,ถลาง,6,สาคู,83010000,สำนักงานที่ดินจังหวัดภูเก็ต สาขาถลาง,7,False,พื้นที่ห้องชุดพักอาศัย/พื้นที่ระเบียง,83300,,official_statutory_assessment_rate_not_market_price
120824,34597,เดอะ ไทเทิ้ล เรสซิเดนซีส์ (ในยาง-ภูเก็ต),D,83,ภูเก็ต,3,ถลาง,6,สาคู,83010000,สำนักงานที่ดินจังหวัดภูเก็ต สาขาถลาง,1,False,พื้นที่ห้องชุดพักอาศัย/พื้นที่ระเบียง,74300,,official_statutory_assessment_rate_not_market_price
120825,34597,เดอะ ไทเทิ้ล เรสซิเดนซีส์ (ในยาง-ภูเก็ต),D,83,ภูเก็ต,3,ถลาง,6,สาคู,83010000,สำนักงานที่ดินจังหวัดภูเก็ต สาขาถลาง,2,False,พื้นที่ห้องชุดพักอาศัย/พื้นที่ระเบียง,75300,,official_statutory_assessment_rate_not_market_price
120826,34597,เดอะ ไทเทิ้ล เรสซิเดนซีส์ (ในยาง-ภูเก็ต),D,83,ภูเก็ต,3,ถลาง,6,สาคู,83010000,สำนักงานที่ดินจังหวัดภูเก็ต สาขาถลาง,3,False,พื้นที่ห้องชุดพักอาศัย/พื้นที่ระเบียง,76600,,official_statutory_assessment_rate_not_market_price
120827,34597,เดอะ ไทเทิ้ล เรสซิเดนซีส์ (ในยาง-ภูเก็ต),D,83,ภูเก็ต,3,ถลาง,6,สาคู,83010000,สำนักงานที่ดินจังหวัดภูเก็ต สาขาถลาง,4,False,พื้นที่ห้องชุดพักอาศัย/พื้นที่ระเบียง,78100,,official_statutory_assessment_rate_not_market_price
120828,34597,เดอะ ไทเทิ้ล เรสซิเดนซีส์ (ในยาง-ภูเก็ต),D,83,ภูเก็ต,3,ถลาง,6,สาคู,83010000,สำนักงานที่ดินจังหวัดภูเก็ต สาขาถลาง,5,False,พื้นที่ห้องชุดพักอาศัย/พื้นที่ระเบียง,79700,,official_statutory_assessment_rate_not_market_price
120829,34597,เดอะ ไทเทิ้ล เรสซิเดนซีส์ (ในยาง-ภูเก็ต),E,83,ภูเก็ต,3,ถลาง,6,สาคู,83010000,สำนักงานที่ดินจังหวัดภูเก็ต สาขาถลาง,1,False,พื้นที่ห้องชุดพักอาศัย/พื้นที่ระเบียง,48600,,official_statutory_assessment_rate_not_market_price
120830,34597,เดอะ ไทเทิ้ล เรสซิเดนซีส์ (ในยาง-ภูเก็ต),E,83,ภูเก็ต,3,ถลาง,6,สาคู,83010000,สำนักงานที่ดินจังหวัดภูเก็ต สาขาถลาง,2,False,พื้นที่ห้องชุดพักอาศัย/พื้นที่ระเบียง,49300,,official_statutory_assessment_rate_not_market_price
120831,34597,เดอะ ไทเทิ้ล เรสซิเดนซีส์ (ในยาง-ภูเก็ต),E,83,ภูเก็ต,3,ถลาง,6,สาคู,83010000,สำนักงานที่ดินจังหวัดภูเก็ต สาขาถลาง,3,False,พื้นที่ห้องชุดพักอาศัย/พื้นที่ระเบียง,50100,,official_statutory_assessment_rate_not_market_price
120832,34597,เดอะ ไทเทิ้ล เรสซิเดนซีส์ (ในยาง-ภูเก็ต),E,83,ภูเก็ต,3,ถลาง,6,สาคู,83010000,สำนักงานที่ดินจังหวัดภูเก็ต สาขาถลาง,4,False,พื้นที่ห้องชุดพักอาศัย/พื้นที่ระเบียง,51100,,official_statutory_assessment_rate_not_market_price
120833,34597,เดอะ ไทเทิ้ล เรสซิเดนซีส์ (ในยาง-ภูเก็ต),E,83,ภูเก็ต,3,ถลาง,6,สาคู,83010000,สำนักงานที่ดินจังหวัดภูเก็ต สาขาถลาง,5,False,พื้นที่ห้องชุดพักอาศัย/พื้นที่ระเบียง,52200,,official_statutory_assessment_rate_not_market_price
120834,34597,เดอะ ไทเทิ้ล เรสซิเดนซีส์ (ในยาง-ภูเก็ต),E,83,ภูเก็ต,3,ถลาง,6,สาคู,83010000,สำนักงานที่ดินจังหวัดภูเก็ต สาขาถลาง,6,False,พื้นที่ห้องชุดพักอาศัย/พื้นที่ระเบียง,53300,,official_statutory_assessment_rate_not_market_price
120835,34597,เดอะ ไทเทิ้ล เรสซิเดนซีส์ (ในยาง-ภูเก็ต),E,83,ภูเก็ต,3,ถลาง,6,สาคู,83010000,สำนักงานที่ดินจังหวัดภูเก็ต สาขาถลาง,7,False,พื้นที่ห้องชุดพักอาศัย/พื้นที่ระเบียง,54500,,official_statutory_assessment_rate_not_market_price
120836,34597,เดอะ ไทเทิ้ล เรสซิเดนซีส์ (ในยาง-ภูเก็ต),F,83,ภูเก็ต,3,ถลาง,6,สาคู,83010000,สำนักงานที่ดินจังหวัดภูเก็ต สาขาถลาง,1,False,พื้นที่ห้องชุดพักอาศัย/พื้นที่ระเบียง,48600,,official_statutory_assessment_rate_not_market_price
120837,34597,เดอะ ไทเทิ้ล เรสซิเดนซีส์ (ในยาง-ภูเก็ต),F,83,ภูเก็ต,3,ถลาง,6,สาคู,83010000,สำนักงานที่ดินจังหวัดภูเก็ต สาขาถลาง,2,False,พื้นที่ห้องชุดพักอาศัย/พื้นที่ระเบียง,49300,,official_statutory_assessment_rate_not_market_price
120838,34597,เดอะ ไทเทิ้ล เรสซิเดนซีส์ (ในยาง-ภูเก็ต),F,83,ภูเก็ต,3,ถลาง,6,สาคู,83010000,สำนักงานที่ดินจังหวัดภูเก็ต สาขาถลาง,3,False,พื้นที่ห้องชุดพักอาศัย/พื้นที่ระเบียง,50100,,official_statutory_assessment_rate_not_market_price
120839,34597,เดอะ ไทเทิ้ล เรสซิเดนซีส์ (ในยาง-ภูเก็ต),F,83,ภูเก็ต,3,ถลาง,6,สาคู,83010000,สำนักงานที่ดินจังหวัดภูเก็ต สาขาถลาง,4,False,พื้นที่ห้องชุดพักอาศัย/พื้นที่ระเบียง,51100,,official_statutory_assessment_rate_not_market_price
120840,34597,เดอะ ไทเทิ้ล เรสซิเดนซีส์ (ในยาง-ภูเก็ต),F,83,ภูเก็ต,3,ถลาง,6,สาคู,83010000,สำนักงานที่ดินจังหวัดภูเก็ต สาขาถลาง,5,False,พื้นที่ห้องชุดพักอาศัย/พื้นที่ระเบียง,52200,,official_statutory_assessment_rate_not_market_price
120841,34597,เดอะ ไทเทิ้ล เรสซิเดนซีส์ (ในยาง-ภูเก็ต),F,83,ภูเก็ต,3,ถลาง,6,สาคู,83010000,สำนักงานที่ดินจังหวัดภูเก็ต สาขาถลาง,6,False,พื้นที่ห้องชุดพักอาศัย/พื้นที่ระเบียง,53300,,official_statutory_assessment_rate_not_market_price
120842,34597,เดอะ ไทเทิ้ล เรสซิเดนซีส์ (ในยาง-ภูเก็ต),F,83,ภูเก็ต,3,ถลาง,6,สาคู,83010000,สำนักงานที่ดินจังหวัดภูเก็ต สาขาถลาง,7,False,พื้นที่ห้องชุดพักอาศัย/พื้นที่ระเบียง,54500,,official_statutory_assessment_rate_not_market_price
120843,34597,เดอะ ไทเทิ้ล เรสซิเดนซีส์ (ในยาง-ภูเก็ต),G,83,ภูเก็ต,3,ถลาง,6,สาคู,83010000,สำนักงานที่ดินจังหวัดภูเก็ต สาขาถลาง,1,False,พื้นที่ห้องชุดพักอาศัย/พื้นที่ระเบียง,48600,,official_statutory_assessment_rate_not_market_price
120844,34597,เดอะ ไทเทิ้ล เรสซิเดนซีส์ (ในยาง-ภูเก็ต),G,83,ภูเก็ต,3,ถลาง,6,สาคู,83010000,สำนักงานที่ดินจังหวัดภูเก็ต สาขาถลาง,2,False,พื้นที่ห้องชุดพักอาศัย/พื้นที่ระเบียง,49300,,official_statutory_assessment_rate_not_market_price
120845,34597,เดอะ ไทเทิ้ล เรสซิเดนซีส์ (ในยาง-ภูเก็ต),G,83,ภูเก็ต,3,ถลาง,6,สาคู,83010000,สำนักงานที่ดินจังหวัดภูเก็ต สาขาถลาง,3,False,พื้นที่ห้องชุดพักอาศัย/พื้นที่ระเบียง,50100,,official_statutory_assessment_rate_not_market_price
120846,34597,เดอะ ไทเทิ้ล เรสซิเดนซีส์ (ในยาง-ภูเก็ต),G,83,ภูเก็ต,3,ถลาง,6,สาคู,83010000,สำนักงานที่ดินจังหวัดภูเก็ต สาขาถลาง,4,False,พื้นที่ห้องชุดพักอาศัย/พื้นที่ระเบียง,51100,,official_statutory_assessment_rate_not_market_price
120847,34597,เดอะ ไทเทิ้ล เรสซิเดนซีส์ (ในยาง-ภูเก็ต),G,83,ภูเก็ต,3,ถลาง,6,สาคู,83010000,สำนักงานที่ดินจังหวัดภูเก็ต สาขาถลาง,5,False,พื้นที่ห้องชุดพักอาศัย/พื้นที่ระเบียง,52200,,official_statutory_assessment_rate_not_market_price
120848,34597,เดอะ ไทเทิ้ล เรสซิเดนซีส์ (ในยาง-ภูเก็ต),G,83,ภูเก็ต,3,ถลาง,6,สาคู,83010000,สำนักงานที่ดินจังหวัดภูเก็ต สาขาถลาง,6,False,พื้นที่ห้องชุดพักอาศัย/พื้นที่ระเบียง,53300,,official_statutory_assessment_rate_not_market_price
120849,34597,เดอะ ไทเทิ้ล เรสซิเดนซีส์ (ในยาง-ภูเก็ต),G,83,ภูเก็ต,3,ถลาง,6,สาคู,83010000,สำนักงานที่ดินจังหวัดภูเก็ต สาขาถลาง,7,False,พื้นที่ห้องชุดพักอาศัย/พื้นที่ระเบียง,54500,,official_statutory_assessment_rate_not_market_price
120850,34590,เดวา เรสซิเด้นส์,-,83,ภูเก็ต,3,ถลาง,6,สาคู,83010000,สำนักงานที่ดินจังหวัดภูเก็ต สาขาถลาง,1,False,ห้องชุดพักอาศัยตากอากาศ,67000,,official_statutory_assessment_rate_not_market_price
120851,34590,เดวา เรสซิเด้นส์,-,83,ภูเก็ต,3,ถลาง,6,สาคู,83010000,สำนักงานที่ดินจังหวัดภูเก็ต สาขาถลาง,1,False,พื้นที่ระเบียง,33500,,official_statutory_assessment_rate_not_market_price
120852,34590,เดวา เรสซิเด้นส์,-,83,ภูเก็ต,3,ถลาง,6,สาคู,83010000,สำนักงานที่ดินจังหวัดภูเก็ต สาขาถลาง,2,False,ห้องชุดพักอาศัยตากอากาศ,67500,,official_statutory_assessment_rate_not_market_price
120853,34590,เดวา เรสซิเด้นส์,-,83,ภูเก็ต,3,ถลาง,6,สาคู,83010000,สำนักงานที่ดินจังหวัดภูเก็ต สาขาถลาง,2,False,พื้นที่ระเบียง,33750,,official_statutory_assessment_rate_not_market_price
120854,34590,เดวา เรสซิเด้นส์,-,83,ภูเก็ต,3,ถลาง,6,สาคู,83010000,สำนักงานที่ดินจังหวัดภูเก็ต สาขาถลาง,3,False,ห้องชุดพักอาศัยตากอากาศ,68000,,official_statutory_assessment_rate_not_market_price
120855,34590,เดวา เรสซิเด้นส์,-,83,ภูเก็ต,3,ถลาง,6,สาคู,83010000,สำนักงานที่ดินจังหวัดภูเก็ต สาขาถลาง,3,False,พื้นที่ระเบียง,34000,,official_statutory_assessment_rate_not_market_price
120856,34590,เดวา เรสซิเด้นส์,-,83,ภูเก็ต,3,ถลาง,6,สาคู,83010000,สำนักงานที่ดินจังหวัดภูเก็ต สาขาถลาง,4,False,ห้องชุดพักอาศัยตากอากาศ,68500,,official_statutory_assessment_rate_not_market_price
120857,34590,เดวา เรสซิเด้นส์,-,83,ภูเก็ต,3,ถลาง,6,สาคู,83010000,สำนักงานที่ดินจังหวัดภูเก็ต สาขาถลาง,4,False,พื้นที่ระเบียง,34250,,official_statutory_assessment_rate_not_market_price
120858,34590,เดวา เรสซิเด้นส์,-,83,ภูเก็ต,3,ถลาง,6,สาคู,83010000,สำนักงานที่ดินจังหวัดภูเก็ต สาขาถลาง,5,False,ห้องชุดพักอาศัยตากอากาศ,69000,,official_statutory_assessment_rate_not_market_price
120859,34590,เดวา เรสซิเด้นส์,-,83,ภูเก็ต,3,ถลาง,6,สาคู,83010000,สำนักงานที่ดินจังหวัดภูเก็ต สาขาถลาง,5,False,พื้นที่ระเบียง,34500,,official_statutory_assessment_rate_not_market_price
120860,34592,เดอะ แฮปปี้เพลส คอนโด,-,83,ภูเก็ต,3,ถลาง,6,สาคู,83010000,สำนักงานที่ดินจังหวัดภูเก็ต สาขาถลาง,1,False,ห้องชุดพักอาศัย,49000,,official_statutory_assessment_rate_not_market_price
120861,34592,เดอะ แฮปปี้เพลส คอนโด,-,83,ภูเก็ต,3,ถลาง,6,สาคู,83010000,สำนักงานที่ดินจังหวัดภูเก็ต สาขาถลาง,1,False,ห้องชุดเพื่อประกอบการค้า(ห้องชุดพาณิชยกรรม),59000,,official_statutory_assessment_rate_not_market_price
120862,34592,เดอะ แฮปปี้เพลส คอนโด,-,83,ภูเก็ต,3,ถลาง,6,สาคู,83010000,สำนักงานที่ดินจังหวัดภูเก็ต สาขาถลาง,1,False,พื้นที่ระเบียง,24500,,official_statutory_assessment_rate_not_market_price
120863,34592,เดอะ แฮปปี้เพลส คอนโด,-,83,ภูเก็ต,3,ถลาง,6,สาคู,83010000,สำนักงานที่ดินจังหวัดภูเก็ต สาขาถลาง,1,False,พื้นที่ระเบียง,29500,,official_statutory_assessment_rate_not_market_price
120864,34592,เดอะ แฮปปี้เพลส คอนโด,-,83,ภูเก็ต,3,ถลาง,6,สาคู,83010000,สำนักงานที่ดินจังหวัดภูเก็ต สาขาถลาง,2,False,ห้องชุดพักอาศัย,49000,,official_statutory_assessment_rate_not_market_price
120865,34592,เดอะ แฮปปี้เพลส คอนโด,-,83,ภูเก็ต,3,ถลาง,6,สาคู,83010000,สำนักงานที่ดินจังหวัดภูเก็ต สาขาถลาง,2,False,พื้นที่ระเบียง,24500,,official_statutory_assessment_rate_not_market_price
120866,34592,เดอะ แฮปปี้เพลส คอนโด,-,83,ภูเก็ต,3,ถลาง,6,สาคู,83010000,สำนักงานที่ดินจังหวัดภูเก็ต สาขาถลาง,7,False,ห้องชุดพักอาศัย,50500,,official_statutory_assessment_rate_not_market_price
120867,34592,เดอะ แฮปปี้เพลส คอนโด,-,83,ภูเก็ต,3,ถลาง,6,สาคู,83010000,สำนักงานที่ดินจังหวัดภูเก็ต สาขาถลาง,7,False,พื้นที่ระเบียง,25250,,official_statutory_assessment_rate_not_market_price
120868,34592,เดอะ แฮปปี้เพลส คอนโด,-,83,ภูเก็ต,3,ถลาง,6,สาคู,83010000,สำนักงานที่ดินจังหวัดภูเก็ต สาขาถลาง,3-เม.ย.,True,ห้องชุดพักอาศัย,49500,,official_statutory_assessment_rate_not_market_price
120869,34631,บูกิตตา แอร์พอร์ต คอนโดมิเนียม,-,83,ภูเก็ต,3,ถลาง,6,สาคู,83010000,สำนักงานที่ดินจังหวัดภูเก็ต สาขาถลาง,1,False,ห้องชุดเพื่อประกอบการค้า(ห้องชุดพาณิชยกรรม),64000,,official_statutory_assessment_rate_not_market_price
120870,34631,บูกิตตา แอร์พอร์ต คอนโดมิเนียม,-,83,ภูเก็ต,3,ถลาง,6,สาคู,83010000,สำนักงานที่ดินจังหวัดภูเก็ต สาขาถลาง,2,False,ห้องชุดพักอาศัย,53500,,official_statutory_assessment_rate_not_market_price
120871,34631,บูกิตตา แอร์พอร์ต คอนโดมิเนียม,-,83,ภูเก็ต,3,ถลาง,6,สาคู,83010000,สำนักงานที่ดินจังหวัดภูเก็ต สาขาถลาง,2,False,พื้นที่ระเบียง,26750,,official_statutory_assessment_rate_not_market_price
120872,34631,บูกิตตา แอร์พอร์ต คอนโดมิเนียม,-,83,ภูเก็ต,3,ถลาง,6,สาคู,83010000,สำนักงานที่ดินจังหวัดภูเก็ต สาขาถลาง,3-เม.ย.,True,ห้องชุดพักอาศัย,54000,,official_statutory_assessment_rate_not_market_price
120873,34631,บูกิตตา แอร์พอร์ต คอนโดมิเนียม,-,83,ภูเก็ต,3,ถลาง,6,สาคู,83010000,สำนักงานที่ดินจังหวัดภูเก็ต สาขาถลาง,3-เม.ย.,True,พื้นที่ระเบียง,27000,,official_statutory_assessment_rate_not_market_price
120874,34631,บูกิตตา แอร์พอร์ต คอนโดมิเนียม,-,83,ภูเก็ต,3,ถลาง,6,สาคู,83010000,สำนักงานที่ดินจังหวัดภูเก็ต สาขาถลาง,5-มิ.ย.,True,ห้องชุดพักอาศัย,54500,,official_statutory_assessment_rate_not_market_price
120875,34631,บูกิตตา แอร์พอร์ต คอนโดมิเนียม,-,83,ภูเก็ต,3,ถลาง,6,สาคู,83010000,สำนักงานที่ดินจังหวัดภูเก็ต สาขาถลาง,5-มิ.ย.,True,พื้นที่ระเบียง,27250,,official_statutory_assessment_rate_not_market_price
120876,34631,บูกิตตา แอร์พอร์ต คอนโดมิเนียม,-,83,ภูเก็ต,3,ถลาง,6,สาคู,83010000,สำนักงานที่ดินจังหวัดภูเก็ต สาขาถลาง,7-ส.ค.,True,ห้องชุดพักอาศัย,55000,,official_statutory_assessment_rate_not_market_price
120877,34631,บูกิตตา แอร์พอร์ต คอนโดมิเนียม,-,83,ภูเก็ต,3,ถลาง,6,สาคู,83010000,สำนักงานที่ดินจังหวัดภูเก็ต สาขาถลาง,7-ส.ค.,True,พื้นที่ระเบียง,27500,,official_statutory_assessment_rate_not_market_price
120878,34633,รอยัล ลี เดอะเทอร์มินัล ภูเก็ต,-,83,ภูเก็ต,3,ถลาง,6,สาคู,83010000,สำนักงานที่ดินจังหวัดภูเก็ต สาขาถลาง,1-ก.พ.,True,ห้องชุดพักอาศัย,76500,,official_statutory_assessment_rate_not_market_price
120879,34633,รอยัล ลี เดอะเทอร์มินัล ภูเก็ต,-,83,ภูเก็ต,3,ถลาง,6,สาคู,83010000,สำนักงานที่ดินจังหวัดภูเก็ต สาขาถลาง,1-ก.พ.,True,พื้นที่ระเบียง,38250,,official_statutory_assessment_rate_not_market_price
120880,34633,รอยัล ลี เดอะเทอร์มินัล ภูเก็ต,-,83,ภูเก็ต,3,ถลาง,6,สาคู,83010000,สำนักงานที่ดินจังหวัดภูเก็ต สาขาถลาง,3-เม.ย.,True,ห้องชุดพักอาศัย,77000,,official_statutory_assessment_rate_not_market_price
120881,34633,รอยัล ลี เดอะเทอร์มินัล ภูเก็ต,-,83,ภูเก็ต,3,ถลาง,6,สาคู,83010000,สำนักงานที่ดินจังหวัดภูเก็ต สาขาถลาง,3-เม.ย.,True,พื้นที่ระเบียง,38500,,official_statutory_assessment_rate_not_market_price
120882,34633,รอยัล ลี เดอะเทอร์มินัล ภูเก็ต,-,83,ภูเก็ต,3,ถลาง,6,สาคู,83010000,สำนักงานที่ดินจังหวัดภูเก็ต สาขาถลาง,5-มิ.ย.,True,ห้องชุดพักอาศัย,77500,,official_statutory_assessment_rate_not_market_price
120883,34633,รอยัล ลี เดอะเทอร์มินัล ภูเก็ต,-,83,ภูเก็ต,3,ถลาง,6,สาคู,83010000,สำนักงานที่ดินจังหวัดภูเก็ต สาขาถลาง,5-มิ.ย.,True,พื้นที่ระเบียง,38750,,official_statutory_assessment_rate_not_market_price
120884,34633,รอยัล ลี เดอะเทอร์มินัล ภูเก็ต,-,83,ภูเก็ต,3,ถลาง,6,สาคู,83010000,สำนักงานที่ดินจังหวัดภูเก็ต สาขาถลาง,7-ส.ค.,True,ห้องชุดพักอาศัย,78000,,official_statutory_assessment_rate_not_market_price
120885,34633,รอยัล ลี เดอะเทอร์มินัล ภูเก็ต,-,83,ภูเก็ต,3,ถลาง,6,สาคู,83010000,สำนักงานที่ดินจังหวัดภูเก็ต สาขาถลาง,7-ส.ค.,True,พื้นที่ระเบียง,39000,,official_statutory_assessment_rate_not_market_price
