franchise_slug,subject_id,subject_kind,subject_name,work,type,locator,year,url,claim,confidence
berserk,femto,entry,Femto,Berserk,comic,Episode 76,NA,NA,The Band of the Hawk are offered as the sacrifice and he is reborn out of it.,shown
berserk,femto,entry,Femto,Berserk,comic,Episode 86,NA,NA,Assaults Casca while Guts is pinned and forced to watch.,shown
berserk,femto,entry,Femto,Berserk,comic,Episode 304,NA,NA,"Manipulates the spatial tear from the Skull Knight's sword onto Ganishka, splitting him in two.",shown
berserk,femto,entry,Femto,Berserk,comic,Episode 307,NA,NA,"Raises Gaiseric's sunken capital as Falconia, on the land where Wyndham stood.",shown
berserk,ganishka,entry,Ganishka,Berserk,comic,Episode 231,NA,NA,"Opposes the God Hand, and Griffith in particular, rather than serving them.",shown
berserk,ganishka,entry,Ganishka,Berserk,comic,Episode 292,NA,NA,Reincarnates through the Man-Made Behelit into a form that has lost rational thought.,shown
berserk,ganishka,entry,Ganishka,Berserk,comic,Episode 296,NA,NA,"Tramples Wyndham, the Midland capital he had seized, and his own army beneath it.",shown
berserk,zodd,entry,Nosferatu Zodd,Berserk,comic,Episode 4,NA,NA,Overpowers Guts at their first encounter and moves to finish him.,shown
berserk,zodd,entry,Nosferatu Zodd,Berserk,comic,Episode 5,NA,NA,Stays his hand on seeing Griffith's crimson behelit and departs.,shown
berserk,zodd,entry,Nosferatu Zodd,Berserk,comic,Episode 5,NA,NA,Warns Guts that death will find him when Griffith's ambition collapses.,shown
berserk,zodd,entry,Nosferatu Zodd,Berserk,comic,Episode 3,NA,NA,Described as having fought roughly three hundred years without being killed.,stated
berserk,guts,entry,Guts,Berserk,comic,Episode 86,NA,NA,Severs his own trapped arm at the Eclipse and loses his right eye to the demon pinning him.,shown
berserk,guts,entry,Guts,Berserk,comic,Episode 88,NA,NA,Carried out of the Eclipse alongside Casca by the Skull Knight.,shown
berserk,guts,entry,Guts,Berserk,comic,Episode 114,NA,NA,"Drives the Dragon Slayer through Rosine, the wound she later dies of.",shown
berserk,guts,entry,Guts,Berserk,comic,Episodes 226–227,NA,NA,"Wears the Berserker Armor, which reinforces broken bones and suppresses pain at a cost paid later.",shown
berserk,skull-knight,entry,The Skull Knight,Berserk,comic,Episode 88,NA,NA,"Breaches the Eclipse, strikes at Void, and escapes carrying Guts and Casca.",shown
berserk,skull-knight,entry,The Skull Knight,Berserk,comic,Episodes 303–304,NA,NA,Attacks Femto from behind at Wyndham and has the stroke turned aside into Ganishka.,shown
berserk,skull-knight,entry,The Skull Knight,Berserk,comic,Episode 118,NA,NA,"Ingests behelits to make the Sword of Behelits, which opens dimensional rifts.",shown
berserk,grunbeld,entry,Grunbeld,Berserk,comic,Episode 227,NA,NA,Overwhelmed by Guts in the Berserker Armor and forced to transform.,shown
berserk,grunbeld,entry,Grunbeld,Berserk,comic,Episode 229,NA,NA,"Survives the fight and appears again long afterwards, unscarred.",shown
berserk,irvine,entry,Irvine,Berserk,comic,Episode 192,NA,NA,Captain of the reborn Band of the Hawk's archers.,shown
berserk,irvine,entry,Irvine,Berserk,comic,Episode 280,NA,NA,"Kills almost all the Kushan generals at Vritannis, breaking their command.",shown
berserk,irvine,entry,Irvine,Berserk,comic,Episode 300,NA,NA,Fights Ganishka in apostle form to protect Sonia.,shown
berserk,locus,entry,Locus,Berserk,comic,Episode 194,NA,NA,Described as a living legend with an undefeated record in countless duels.,stated
berserk,locus,entry,Locus,Berserk,comic,Episode 232,NA,NA,Leads the demon lancers in the assault on Wyndham palace.,shown
berserk,locus,entry,Locus,Berserk,comic,Episode 233,NA,NA,"His released form merges rider and horse, leaving both hands free.",shown
berserk,wyald,entry,Wyald,Berserk,comic,Episode 58,NA,NA,Unleashed by the King to hunt the Band of the Hawk after Griffith's escape.,shown
berserk,wyald,entry,Wyald,Berserk,comic,Episode 68,NA,NA,"Returns after being run through the neck, still carrying Guts' broken blade.",shown
berserk,wyald,entry,Wyald,Berserk,comic,Episode 69,NA,NA,"Takes Griffith hostage to summon the God Hand and be restored, and is killed by Zodd.",shown
berserk,rosine,entry,Rosine,Berserk,comic,Episode 115,NA,NA,Sacrifices her own parents to be reborn as an apostle.,shown
berserk,rosine,entry,Rosine,Berserk,comic,Episode 110,NA,NA,Transforms captured children into insect-like elves inside cocoons.,shown
berserk,rosine,entry,Rosine,Berserk,comic,Episode 116,NA,NA,"Mortally wounded by Guts, who is driven off before the killing blow, and dies alone in flight.",shown
berserk,the-count,entry,The Count,Berserk,comic,Episode 0-4,NA,NA,"Uses heresy inquisitions as a pretext to acquire bodies, which he devours.",shown
berserk,the-count,entry,The Count,Berserk,comic,Episode 0-6,NA,NA,"Decapitated by Guts, who shields himself with Theresia to make the opening.",shown
berserk,the-count,entry,The Count,Berserk,comic,Episode 0-8,NA,NA,"Offered his daughter as a sacrifice by the God Hand, he does not take it, and his soul is dragged into the Abyss.",shown
berserk,mozgus,entry,Mozgus,Berserk,comic,Episode 155,NA,NA,"Becomes a pseudo-apostle after being stung by the Egg of the Perfect World, with no behelit and no sacrifice.",shown
berserk,mozgus,entry,Mozgus,Berserk,comic,Episode 167,NA,NA,His stone-hard hide takes a direct strike from the Dragon Slayer without damage.,shown
berserk,mozgus,entry,Mozgus,Berserk,comic,Episode 169,NA,NA,"Beaten when Guts plants explosives in an existing crack, which Mozgus ignites himself.",shown
berserk,schierke,entry,Schierke,Berserk,comic,Episode 228,NA,NA,Astral projects into Guts' mind to pry him loose from the Berserker Armor.,shown
berserk,schierke,entry,Schierke,Berserk,comic,Episode 215,NA,NA,Calls the Lady of the Deep Water and floods Enoch Village.,shown
berserk,schierke,entry,Schierke,Berserk,comic,Episode 268,NA,NA,Works the Wheel of Flame against massed opponents.,shown
berserk,casca,entry,Casca,Berserk,comic,Episode 40,NA,NA,"Leads the Band of the Hawk after Griffith's capture, preventing its annihilation.",shown
berserk,casca,entry,Casca,Berserk,comic,Episode 42,NA,NA,Holds the band together for a year as fugitives.,shown
berserk,casca,entry,Casca,Berserk,comic,Episode 81,NA,NA,Stabs an apostle in the jaw at the Eclipse to free Judeau.,shown
berserk,serpico,entry,Serpico,Berserk,comic,Episode 125,NA,NA,Engages only after securing terrain that offsets an opponent's strength.,shown
berserk,serpico,entry,Serpico,Berserk,comic,Episode 150,NA,NA,Holds Guts in a one-sided duel where Guts can barely see and cannot draw his weapons.,shown
berserk,serpico,entry,Serpico,Berserk,comic,Episode 150,NA,NA,Admits he could never beat Guts in a fight on even terms.,stated
berserk,farnese,entry,Farnese,Berserk,comic,Episode 143,NA,NA,Commands the Holy Iron Chain Knights and takes part in burning heretics.,shown
berserk,farnese,entry,Farnese,Berserk,comic,Episode 260,NA,NA,Studies magic under Schierke and fights alongside her with it.,shown
berserk,isidro,entry,Isidro,Berserk,comic,Episode 197,NA,NA,"Kills birds with thrown rocks, then frees Farnese and Casca by throwing one at a troll.",shown
berserk,isidro,entry,Isidro,Berserk,comic,Episode 203,NA,NA,"Fights with the Salamander Dagger, forged in lava, paired with a cutlass.",shown
berserk,judeau,entry,Judeau,Berserk,comic,Episode 81,NA,NA,Throws himself over Casca and is run through the back by both whip-limbs.,shown
berserk,judeau,entry,Judeau,Berserk,comic,Episode 81,NA,NA,"Blinds the apostle with his last throwing knife, letting Casca finish it.",shown
berserk,judeau,entry,Judeau,Berserk,comic,Episode 81,NA,NA,"Dies in Casca's arms, having never told her the thing he meant to say.",shown
berserk,pippin,entry,Pippin,Berserk,comic,Episode 80,NA,NA,Smashes an apostle's head with his hammer and tells Casca to run.,shown
berserk,pippin,entry,Pippin,Berserk,comic,Episode 80,NA,NA,Dies holding off the apostles so Casca and Judeau can escape.,shown
berserk,corkus,entry,Corkus,Berserk,comic,Episode 35,NA,NA,Admits aiming arrows at Guts' back and threatens to kill him.,shown
berserk,corkus,entry,Corkus,Berserk,comic,Episode 42,NA,NA,"Asked why he did not desert the broken band, he does not answer.",shown
berserk,corkus,entry,Corkus,Berserk,comic,Episode 85,NA,NA,Killed by an apostle at the Eclipse.,shown
berserk,bazuso,entry,Bazuso,Berserk,comic,The Golden Age (4),NA,NA,"The general holding a besieged fort, killed in single combat by Guts, then an unaffiliated sword-for-hire, for a bounty of seven gold.",shown
berserk,adon,entry,Adon Coborlwitz,Berserk,comic,Episodes 26–27,NA,NA,"General of Tudor's Blue Whale Knights, who survives Casca only because Guts intervenes, and dies to her in the rematch.",shown
berserk,silat,entry,Silat,Berserk,comic,Episodes 41–43,NA,NA,"Son of the Bakiraka clan leader, beaten by Guts twice.",shown
berserk,roderick,entry,Roderick,Berserk,comic,Episode 253,NA,NA,"Captain of the Seahorse, which carries the party by sea and serves as its base.",shown
berserk,idea-of-evil,entry,The Idea of Evil,Berserk,comic,Episode 83,NA,NA,Says it exists to produce reasons for human pain and sadness.,shown
berserk,idea-of-evil,entry,The Idea of Evil,Berserk,comic,Episode 83,NA,NA,"Urges Griffith to refashion his body from the feelings in the Abyss, giving rise to Femto.",shown
berserk,idea-of-evil,entry,The Idea of Evil,Berserk,comic,Episode 83,NA,NA,The chapter in which it converses with Griffith was excluded from the collected edition at Miura's request.,stated
berserk,void,entry,Void,Berserk,comic,Episode 78,NA,NA,"Performs the Invocation of Doom, branding the whole band at the Eclipse.",shown
berserk,void,entry,Void,Berserk,comic,Episodes 87–88,NA,NA,Counters the Skull Knight by opening linked portals that redirect the attack back at him.,shown
berserk,void,entry,Void,Berserk,comic,Episode 164,NA,NA,Guts strikes at him and relents on finding the God Hand are not entirely corporeal.,shown
berserk,slan,entry,Slan,Berserk,comic,Episode 219,NA,NA,Manifests through the intestines of slain trolls in the Qliphoth.,shown
berserk,slan,entry,Slan,Berserk,comic,Episode 220,NA,NA,Takes a hole through the abdomen from the arm cannon and is aroused rather than harmed by it.,shown
berserk,slan,entry,Slan,Berserk,comic,"Episodes 306, 386",NA,NA,Reappears later in her own domain and again in Falconia.,shown
berserk,ubik,entry,Ubik,Berserk,comic,Episode 77,NA,NA,Manipulates the emotions of those chosen by the behelit into willing a sacrifice.,shown
berserk,ubik,entry,Ubik,Berserk,comic,Episode 77,NA,NA,Subjects Griffith to a vision of his past while disguised as an old woman.,shown
berserk,conrad,entry,Conrad,Berserk,comic,Episode 126,NA,NA,Manifests through the rats behind a plague epidemic in Midland.,shown
berserk,conrad,entry,Conrad,Berserk,comic,Episode 76,NA,NA,Builds the altar that serves as Griffith's rebirth chamber at the Eclipse.,shown
bleach,yhwach,entry,Yhwach,Bleach,comic,Thousand-Year Blood War arc,2015,NA,Absorbs the Soul King and takes its place.,shown
bleach,yhwach,entry,Yhwach,Bleach,comic,Thousand-Year Blood War arc,2013,NA,Defeats Genryusai Yamamoto in direct combat.,shown
bleach,yhwach,entry,Yhwach,Bleach,comic,Thousand-Year Blood War arc,2016,NA,The Almighty is described as showing and altering all futures.,stated
bleach,ichigo-kurosaki,entry,Ichigo Kurosaki,Bleach,comic,Thousand-Year Blood War arc,2016,NA,Bisects Yhwach with his reforged Bankai.,shown
bleach,ichigo-kurosaki,entry,Ichigo Kurosaki,Bleach,comic,Arrancar arc,2009,NA,Defeats Ulquiorra Cifer in a transformed Hollow state.,shown
bleach,ichibee-hyosube,entry,Ichibee Hyosube,Bleach,comic,Thousand-Year Blood War arc,2015,NA,Fights Yhwach directly and gains the advantage for a period.,shown
bleach,ichibee-hyosube,entry,Ichibee Hyosube,Bleach,comic,Thousand-Year Blood War arc,2015,NA,Renames an opponent's attributes to strip their power.,shown
bleach,senjumaru-shutara,entry,Senjumaru Shutara,Bleach,comic,Thousand-Year Blood War arc,2016,NA,Defeats the entire Schutzstaffel alone using her Bankai.,shown
bleach,senjumaru-shutara,entry,Senjumaru Shutara,Bleach,comic,Thousand-Year Blood War arc,2016,NA,Halted only when Yhwach activates The Almighty.,shown
bleach,jugram-haschwalth,entry,Jugram Haschwalth,Bleach,comic,Thousand-Year Blood War arc,2015,NA,"Holds The Almighty at night, exchanging Schrifts with Yhwach.",shown
bleach,jugram-haschwalth,entry,Jugram Haschwalth,Bleach,comic,Thousand-Year Blood War arc,2015,NA,The Balance transfers his wounds and misfortune onto others.,shown
bleach,genryusai-yamamoto,entry,Genryusai Yamamoto,Bleach,comic,Thousand-Year Blood War arc,2013,NA,"Burns Sternritter Driscoll Berci to a skeleton with his shikai, before Bankai is drawn.",shown
bleach,genryusai-yamamoto,entry,Genryusai Yamamoto,Bleach,comic,Thousand-Year Blood War arc,2013,NA,Defeated and killed by Yhwach.,shown
bleach,sosuke-aizen,entry,Sosuke Aizen,Bleach,comic,Fake Karakura Town arc,2010,NA,Survives bisection and regenerates during the battle.,shown
bleach,sosuke-aizen,entry,Sosuke Aizen,Bleach,comic,Fake Karakura Town arc,2010,NA,Asserts that the Hogyoku has taken him beyond all present opposition.,stated
bleach,sosuke-aizen,entry,Sosuke Aizen,Bleach,comic,Arrancar arc,2007,NA,Assigns and tattoos the Espada numbering personally.,shown
bleach,gerard-valkyrie,entry,Gerard Valkyrie,Bleach,comic,Thousand-Year Blood War arc,2016,NA,Grows in size and power from each injury inflicted on him.,shown
bleach,gerard-valkyrie,entry,Gerard Valkyrie,Bleach,comic,Thousand-Year Blood War arc,2016,NA,Identified as the heart of the Soul King.,stated
bleach,pernida-parnkgjas,entry,Pernida Parnkgjas,Bleach,comic,Thousand-Year Blood War arc,2016,NA,"Alters opponents' nerves at range, turning their limbs against them.",shown
bleach,pernida-parnkgjas,entry,Pernida Parnkgjas,Bleach,comic,Thousand-Year Blood War arc,2016,NA,Identified as the left hand of the Soul King.,stated
bleach,lille-barro,entry,Lille Barro,Bleach,comic,Thousand-Year Blood War arc,2016,NA,Shoots through Oetsu Nimaiya of the Royal Guard.,shown
bleach,lille-barro,entry,Lille Barro,Bleach,comic,Thousand-Year Blood War arc,2016,NA,The first Sternritter to receive a Schrift from Yhwach.,stated
bleach,askin-nakk-le-vaar,entry,Askin Nakk Le Vaar,Bleach,comic,Thousand-Year Blood War arc,2016,NA,Sets a lethal dose for any substance and survives past his own limit.,shown
bleach,retsu-unohana,entry,Retsu Unohana,Bleach,comic,Thousand-Year Blood War arc,2014,NA,"Duels Kenpachi Zaraki, killing and reviving him repeatedly.",shown
bleach,retsu-unohana,entry,Retsu Unohana,Bleach,comic,Thousand-Year Blood War arc,2014,NA,"Named as the first Kenpachi, the strongest in Soul Society's history.",stated
bleach,kenpachi-zaraki,entry,Kenpachi Zaraki,Bleach,comic,Thousand-Year Blood War arc,2014,NA,Cuts through space to reach Gremmy Thoumeaux.,shown
bleach,kenpachi-zaraki,entry,Kenpachi Zaraki,Bleach,comic,Soul Society arc,2003,NA,Holds captaincy without the standard qualifications.,stated
bleach,kisuke-urahara,entry,Kisuke Urahara,Bleach,comic,Thousand-Year Blood War arc,2016,NA,"Reveals his Bankai for the first time, against Askin Nakk Le Vaar.",shown
bleach,kisuke-urahara,entry,Kisuke Urahara,Bleach,comic,Soul Society arc,2004,NA,Created the Hogyoku that drives the following two arcs.,shown
bleach,gremmy-thoumeaux,entry,Gremmy Thoumeaux,Bleach,comic,Thousand-Year Blood War arc,2014,NA,Kills the captains Kensei Muguruma and Rojuro Otoribashi.,shown
bleach,gremmy-thoumeaux,entry,Gremmy Thoumeaux,Bleach,comic,Thousand-Year Blood War arc,2014,NA,Destroyed after imagining a body that cannot hold his own power.,shown
bleach,ulquiorra-cifer,entry,Ulquiorra Cifer,Bleach,comic,Arrancar arc,2009,NA,Reaches a second release stage and kills Ichigo during the fight.,shown
bleach,ulquiorra-cifer,entry,Ulquiorra Cifer,Bleach,comic,Arrancar arc,2007,NA,Ranked fourth of the ten Espada.,shown
bleach,coyote-starrk,entry,Coyote Starrk,Bleach,comic,Fake Karakura Town arc,2010,NA,Fights Shunsui Kyoraku in released form and is killed.,shown
bleach,coyote-starrk,entry,Coyote Starrk,Bleach,comic,Fake Karakura Town arc,2010,NA,States his reiatsu killed those near him before he could control it.,stated
bleach,baraggan-louisenbairn,entry,Baraggan Louisenbairn,Bleach,comic,Fake Karakura Town arc,2010,NA,Decays Yamamoto's arm and robe on contact.,shown
bleach,baraggan-louisenbairn,entry,Baraggan Louisenbairn,Bleach,comic,Fake Karakura Town arc,2010,NA,Destroyed by his own decay after it is redirected.,shown
bleach,byakuya-kuchiki,entry,Byakuya Kuchiki,Bleach,comic,Fake Karakura Town arc,2010,NA,Defeats the Espada Zommari Rureaux with his Bankai.,shown
bleach,tia-halibel,entry,Tia Halibel,Bleach,comic,Fake Karakura Town arc,2010,NA,Overwhelms Toshiro Hitsugaya after releasing.,shown
bleach,tia-halibel,entry,Tia Halibel,Bleach,comic,Fake Karakura Town arc,2010,NA,Struck down mid-battle by Aizen.,shown
bleach,nnoitra-gilga,entry,Nnoitra Gilga,Bleach,comic,Arrancar arc,2008,NA,Fights Kenpachi Zaraki in released form and is defeated.,shown
bleach,grimmjow-jaegerjaquez,entry,Grimmjow Jaegerjaquez,Bleach,comic,Arrancar arc,2007,NA,Loses the Sexta rank to Luppi Antenor after his arm is severed.,shown
bleach,grimmjow-jaegerjaquez,entry,Grimmjow Jaegerjaquez,Bleach,comic,Arrancar arc,2008,NA,Kills Luppi and reclaims the number.,shown
bleach,grimmjow-jaegerjaquez,entry,Grimmjow Jaegerjaquez,Bleach,comic,Arrancar arc,2009,NA,Nearly defeats Ichigo in released form.,shown
bleach,yammy-llargo,entry,Yammy Llargo,Bleach,comic,Arrancar arc,2009,NA,"Revealed to hold the Cero rank on release, having worn Diez sealed.",shown
bleach,yammy-llargo,entry,Yammy Llargo,Bleach,comic,Arrancar arc,2008,NA,Fights in Karakura Town in base form without being subdued.,shown
bleach,toshiro-hitsugaya,entry,Toshiro Hitsugaya,Bleach,comic,Arrancar arc,2010,NA,States that his own Bankai is incomplete.,stated
bleach,toshiro-hitsugaya,entry,Toshiro Hitsugaya,Bleach,comic,Thousand-Year Blood War arc,2015,NA,Completes his Bankai and fights the Sternritter with it.,shown
bleach,uryu-ishida,entry,Uryu Ishida,Bleach,comic,Thousand-Year Blood War arc,2016,NA,Fires the arrow that interferes with Yhwach's ability.,shown
bleach,rukia-kuchiki,entry,Rukia Kuchiki,Bleach,comic,Thousand-Year Blood War arc,2014,NA,Defeats a Sternritter using her Bankai's freezing effect.,shown
bleach,soul-king,entry,The Soul King,Bleach,comic,Thousand-Year Blood War arc,2015,NA,Absorbed by Yhwach without offering resistance on the page.,shown
bleach,soul-king,entry,The Soul King,Bleach,comic,Thousand-Year Blood War arc,2015,NA,Described as the linchpin holding the three worlds in place.,stated
bleach,kyoka-suigetsu,armament,Kyōka Suigetsu,Bleach,comic,Soul Society arc,2004,NA,Complete hypnosis takes hold of everyone who has witnessed its release.,shown
bleach,kyoka-suigetsu,armament,Kyōka Suigetsu,Bleach,comic,Fake Karakura Town arc,2010,NA,Controls all five senses of those affected.,stated
bleach,ryujin-jakka,armament,Ryūjin Jakka,Bleach,comic,Soul Society arc,2005,NA,Its release reduces the surroundings to ash across a wide area.,shown
bleach,ryujin-jakka,armament,Ryūjin Jakka,Bleach,comic,Thousand-Year Blood War arc,2013,NA,"Zanka no Tachi evaporates every drop of water in Soul Society, which Ukitake and Shunsui name as its effect.",shown
bleach,hyorinmaru,armament,Hyōrinmaru,Bleach,comic,Arrancar arc,2010,NA,Its wielder states the Bankai is incomplete.,stated
bleach,hyorinmaru,armament,Hyōrinmaru,Bleach,comic,Thousand-Year Blood War arc,2015,NA,The completed Bankai freezes an opponent's surroundings and body.,shown
bleach,nozarashi,armament,Nozarashi,Bleach,comic,Thousand-Year Blood War arc,2014,NA,Its Shikai cuts through space to reach Gremmy Thoumeaux.,shown
bleach,minazuki,armament,Minazuki,Bleach,comic,Soul Society arc,2004,NA,Its Shikai carries and heals the wounded.,shown
bleach,minazuki,armament,Minazuki,Bleach,comic,Thousand-Year Blood War arc,2014,NA,Used to kill and revive Kenpachi Zaraki repeatedly during their duel.,shown
bleach,senbonzakura,armament,Senbonzakura Kageyoshi,Bleach,comic,Fake Karakura Town arc,2010,NA,Defeats the Espada Zommari Rureaux in its Bankai form.,shown
bleach,zangetsu,armament,Zangetsu,Bleach,comic,Thousand-Year Blood War arc,2016,NA,The reforged Bankai bisects Yhwach.,shown
bleach,benihime,armament,Benihime,Bleach,comic,Thousand-Year Blood War arc,2016,NA,"Its Bankai is drawn for the first time against Askin Nakk Le Vaar, Urahara calling it his first use of it in the Wahrwelt.",shown
bleach,wabisuke,armament,Wabisuke,Bleach,comic,Soul Society arc,2004,NA,"Doubles the weight of any object it successfully cuts, cumulatively.",shown
bleach,sode-no-shirayuki,armament,Sode no Shirayuki,Bleach,comic,Thousand-Year Blood War arc,2014,NA,Its Bankai freezes a Sternritter's body until it ceases functioning.,shown
dark-souls,gwyn,entry,"Gwyn, Lord of Cinder",Dark Souls,game,opening narration,2011,NA,Takes a lord soul and leads the war that ends the Age of Ancients.,stated
dark-souls,gwyn,entry,"Gwyn, Lord of Cinder",Dark Souls,game,Kiln of the First Flame,2011,NA,"Fought as a hollowed Lord of Cinder; his soul is worth 20,000, or 40,000 sold to Frampt.",shown
dark-souls,nito,entry,Gravelord Nito,Dark Souls,game,opening narration,2011,NA,One of the four who took lord souls; commands the dead thereafter.,stated
dark-souls,witch-of-izalith,entry,The Witch of Izalith,Dark Souls,game,Lost Izalith,2011,NA,Her attempt to recreate the First Flame produces chaos and the demons.,stated
dark-souls,manus,entry,"Manus, Father of the Abyss",Dark Souls: Artorias of the Abyss,game,Chasm of the Abyss,2012,NA,His unbound humanity consumes Oolacile and creates the Abyss encountered there.,shown
dark-souls,seath,entry,Seath the Scaleless,Dark Souls,game,Duke's Archives,2011,NA,Betrayed the everlasting dragons over their scales and was granted a dukedom.,stated
dark-souls,four-kings,entry,The Four Kings,Dark Souls,game,Bequeathed Lord Soul Shard,2011,NA,"""Lord Gwyn recognized the foresight of these four great leaders of New Londo, and granted them their ranks and the fragments of a great soul.""",stated
dark-souls,four-kings,entry,The Four Kings,Dark Souls,game,Soul of the Four Kings,2011,NA,"""Soul of one of the Four Kings, who fell to the Dark. A fragment of a Lord Soul discovered at the dawn of the Age of Fire.""",stated
dark-souls,four-kings,entry,The Four Kings,Dark Souls,game,New Londo Ruins,2011,NA,"The city was deliberately flooded to contain them, at the cost of the country and its people.",shown
dark-souls,king-allant,entry,King Allant XII,Demon's Souls,game,Boletarian Palace,2009,NA,"Used the soul arts and woke the Old One, ending Boletaria.",stated
dark-souls,king-allant,entry,King Allant XII,Demon's Souls,game,NA,2009,NA,The true Allant is a near-immobile husk that drains soul level rather than fighting.,shown
dark-souls,nameless-king,entry,The Nameless King,Dark Souls III,game,Archdragon Peak,2016,NA,"Gwyn's firstborn, stripped from the records, fought alongside a stormdrake.",shown
dark-souls,soul-of-cinder,entry,The Soul of Cinder,Dark Souls III,game,Kiln of the First Flame,2016,NA,"Composed of all who linked the fire, cycling their fighting styles and ending with Gwyn's.",shown
dark-souls,gael,entry,Slave Knight Gael,Dark Souls III: The Ringed City,game,Filianore's Rest,2017,NA,Consumes the pygmy lords' blood and is fought as the series' final boss.,shown
dark-souls,abyss-watchers,entry,The Abyss Watchers,Dark Souls III,game,Soul of the Blood of the Wolf,2016,NA,"""The blood was spread amongst the Abyss Watchers, and their souls are one with the soul of the wolf blood master.""",stated
dark-souls,abyss-watchers,entry,The Abyss Watchers,Dark Souls III,game,Farron Keep,2016,NA,Fought as one of the four Lords of Cinder; the legion's own dead rise mid-fight and attack each other.,shown
dark-souls,midir,entry,Darkeater Midir,Dark Souls III: The Ringed City,game,NA,2017,NA,"An everlasting dragon raised by the gods to fight the Dark, continuing long after they are gone.",stated
dark-souls,artorias,entry,Artorias the Abysswalker,Dark Souls: Artorias of the Abyss,game,NA,2012,NA,"Entered the Abyss under a covenant that let him traverse it, and was taken by Manus.",shown
dark-souls,aldrich,entry,"Aldrich, Devourer of Gods",Dark Souls III,game,Anor Londo,2016,NA,Devoured Gwyndolin and fights using his moonlight sorceries.,shown
dark-souls,vendrick,entry,King Vendrick,Dark Souls II,game,Undead Crypt,2014,NA,Invaded the giants' land for their souls and hollowed afterwards.,shown
dark-souls,aldia,entry,"Aldia, Scholar of the First Sin",Dark Souls II,game,Throne of Want,2015,NA,The only boss in any Dark Souls game that does not die when defeated; drops no souls and no items.,shown
dark-souls,aldia,entry,"Aldia, Scholar of the First Sin",Dark Souls II,game,Aldia's dialogue,2015,NA,"Elder brother of King Vendrick, who condemns the Lord of Light for cursing humans into the cycle of light and dark.",stated
dark-souls,maiden-in-black,entry,The Maiden in Black,Demon's Souls,game,the Nexus,2009,NA,Lulls the Old One back into sleep as the game's resolution.,shown
dark-souls,pontiff-sulyvahn,entry,Pontiff Sulyvahn,Dark Souls III,game,Irithyll of the Boreal Valley,2016,NA,"Rules Irithyll, elevated Aldrich, and imprisoned Gwyndolin's sister.",stated
dark-souls,lorian-lothric,entry,Lorian and Lothric,Dark Souls III,game,Grand Archives,2016,NA,Raised to link the First Flame and refuses; fought together with Lorian.,shown
dark-souls,nashandra,entry,Nashandra,Dark Souls II,game,NA,2014,NA,One of the fragments of Manus's soul; manipulates Vendrick and Drangleic.,stated
dark-souls,sister-friede,entry,Sister Friede,Dark Souls III: Ashes of Ariandel,game,NA,2016,NA,"Prevents the burning of the painted world, fought across three successive phases.",shown
dark-souls,gwyndolin,entry,Dark Sun Gwyndolin,Dark Souls,game,Anor Londo,2011,NA,Maintains the illusion of Anor Londo and its sun long after the gods have left.,stated
dark-souls,priscilla,entry,Crossbreed Priscilla,Dark Souls,game,Painted World of Ariamis,2011,NA,"Sealed into the painting; possesses the lifehunt, and is hostile only if attacked.",shown
dark-souls,ornstein-smough,entry,Ornstein and Smough,Dark Souls,game,Anor Londo,2011,NA,Fought as a pair; the survivor absorbs the other's power on its death.,shown
dark-souls,fume-knight,entry,The Fume Knight,Dark Souls II: Crown of the Old Iron King,game,NA,2014,NA,Fought at the foot of Brume Tower; wearing Velstadt's Helm into the arena skips him to his second phase.,shown
dark-souls,flamelurker,entry,Flamelurker,Demon's Souls,game,Stonefang Tunnel,2009,NA,"A demon left in the mines, fought with no gimmick and no exploitable weakness.",shown
dark-souls,old-monk,entry,The Old Monk,Demon's Souls,game,Tower of Latria,2009,NA,"Takes a host to fight in its place, pulling in another player where the connection allows.",shown
dark-souls,sif,entry,"Sif, the Great Grey Wolf",Dark Souls,game,Darkroot Garden,2011,NA,Guards Artorias's grave with his greatsword.,shown
dark-souls,havel,entry,Havel the Rock,Dark Souls,game,NA,2011,NA,One of Gwyn's old battle companions; his hammer is cut from a dragon's tooth and his armour from stone.,stated
dark-souls,gough,entry,Hawkeye Gough,Dark Souls: Artorias of the Abyss,game,NA,2012,NA,"Fires the arrow that brings down Kalameet, blinded and long retired.",shown
dark-souls,kalameet,entry,Black Dragon Kalameet,Dark Souls: Artorias of the Abyss,game,NA,2012,NA,Must be grounded by Gough's arrow before he can be fought at all.,shown
dark-souls,ciaran,entry,Lord's Blade Ciaran,Dark Souls: Artorias of the Abyss,game,NA,2012,NA,"One of Gwyn's four knights, tasked with assassination rather than open battle.",stated
dark-souls,yhorm,entry,Yhorm the Giant,Dark Souls III,game,NA,2016,NA,A Lord of Cinder who ruled Profaned Capital and left a weapon designed to kill him.,stated
dark-souls,champion-gundyr,entry,Champion Gundyr,Dark Souls III,game,NA,2016,NA,Came to link the fire and found the age already over.,stated
dark-souls,dancer,entry,Dancer of the Boreal Valley,Dark Souls III,game,NA,2016,NA,Given to Pontiff Sulyvahn's service and altered by it.,stated
dark-souls,oceiros,entry,"Oceiros, the Consumed King",Dark Souls III,game,NA,2016,NA,Pursued Seath's research into dragonhood until it took his mind.,shown
dark-souls,velstadt,entry,"Velstadt, the Royal Aegis",Dark Souls II,game,NA,2014,NA,Followed Vendrick into the Undead Crypt and never left it.,stated
dark-souls,maiden-astraea,entry,Maiden Astraea,Demon's Souls,game,Valley of Defilement,2009,NA,A demon who protects the outcasts and never attacks; Garl Vinland fights in her place.,stated
dark-souls,storm-king,entry,The Storm King,Demon's Souls,game,Shrine of Storms,2009,NA,"Effectively untouchable until the Stormruler is recovered, and killed with it immediately after.",shown
dark-souls,furtive-pygmy,entry,The Furtive Pygmy,Dark Souls,game,"Darkstalker Kaathe, the Abyss",2011,NA,Named by Kaathe as the finder of the Dark Soul and the origin of humanity — a claim from an interested party.,stated
dark-souls,everlasting-dragons,entry,The Everlasting Dragons,Dark Souls,game,opening narration,2011,NA,"Ruled the Age of Ancients, unkilled until their scales were betrayed.",stated
dark-souls,the-old-one,entry,The Old One,Demon's Souls,game,opening narration,2009,NA,Woken by the soul arts; the colourless fog that follows consumes Boletaria.,stated
digimon,zeedmillenniummon,entry,ZeedMillenniummon,Digimon Reference Book,reference,ZeedMillenniummon entry,NA,NA,Described as possessing power capable of destroying time itself.,stated
digimon,zeedmillenniummon,entry,ZeedMillenniummon,Digimon Reference Book,reference,ZeedMillenniummon entry,NA,NA,"The bands around its body are described as chains restraining its power, by an author the entry does not name.",stated
digimon,lucemon,entry,Lucemon,Digimon Reference Book,reference,Lucemon entry,NA,NA,"Lucemon's level is given as Rookie, and as one of the Seven Great Demon Lords.",stated
digimon,lucemon,entry,Lucemon,Digimon Frontier,episode,NA,2002,NA,Final antagonist; defeated only after the ten Legendary Warriors' spirits combine into Susanoomon.,shown
digimon,apocalymon,entry,Apocalymon,Digimon Adventure,episode,NA,2000,NA,Formed from the accumulated data of Digimon that failed to evolve and were deleted.,shown
digimon,apocalymon,entry,Apocalymon,Digimon Adventure,episode,NA,2000,NA,"Destroys the Chosen Children's Crests, removing their evolution mechanism before the final fight.",shown
digimon,ogudomon,entry,Ogudomon,Digimon Reference Book,reference,Ogudomon entry,NA,NA,Described as the union of the Seven Great Demon Lords in a single body.,stated
digimon,ogudomon,entry,Ogudomon,Digimon Battle Terminal 02,game,final boss,NA,NA,"Appears as a final boss, well above the Mega-level roster.",shown
digimon,alphamon,entry,Alphamon,Digimon Reference Book,reference,Alphamon entry,NA,NA,Named among the Royal Knights and described as appearing only in times of crisis.,stated
digimon,alphamon,entry,Alphamon,Digimon X-Evolution,film,NA,2005,NA,Acts against Yggdrasil's culling programme rather than for it.,shown
digimon,omnimon,entry,Omnimon,Digimon Adventure: Our War Game,film,NA,2000,NA,Formed from WarGreymon and MetalGarurumon and destroys Diaboromon before the missile lands.,shown
digimon,omnimon,entry,Omnimon,Digimon Reference Book,reference,Omnimon entry,NA,NA,Listed among the Royal Knights.,stated
digimon,susanoomon,entry,Susanoomon,Digimon Frontier,episode,NA,2003,NA,"Formed from all ten Legendary Warrior spirits, defeats Lucemon and reformats the Digital World.",shown
digimon,fanglongmon,entry,Fanglongmon,Digimon Reference Book,reference,Fanglongmon entry,NA,NA,Described as the centre of the Four Holy Beasts and their superior.,stated
digimon,fanglongmon,entry,Fanglongmon,Digimon Tamers,episode,NA,2001,NA,The Sovereign system it heads is established as the governing power of the Digital World — though Fanglongmon itself never appears.,scaled
digimon,imperialdramon-pm,entry,Imperialdramon Paladin Mode,Digimon Adventure 02: Revenge of Diaboromon,film,NA,2001,NA,Becomes Paladin Mode using Omnimon's power and destroys Armageddemon.,shown
digimon,daemon,entry,Daemon,Digimon Adventure 02,episode,Dark Ocean,2000,NA,"Cannot be defeated by the Chosen Children, who seal him into the Dark Ocean instead.",shown
digimon,daemon,entry,Daemon,Digimon Reference Book,reference,Daemon entry,NA,NA,Named among the Seven Great Demon Lords.,stated
digimon,diaboromon,entry,Diaboromon,Digimon Adventure: Our War Game,film,NA,2000,NA,"Replicates across the internet beyond any capacity to delete it, and launches a missile at Japan.",shown
digimon,piedmon,entry,Piedmon,Digimon Adventure,episode,NA,2000,NA,Turns most of the Chosen Children and their partners into inanimate keychains rather than fighting them.,shown
digimon,piedmon,entry,Piedmon,Digimon Adventure,episode,Spiral Mountain,2000,NA,"The Dark Masters reform the Digital World into Spiral Mountain, with Piedmon leading them from a castle at its peak.",shown
digimon,piedmon,entry,Piedmon,Digimon Reference Book,reference,Piedmon entry,NA,NA,"Filed at Mega, titled the Clown of Hell.",stated
digimon,beelzemon,entry,Beelzemon,Digimon Tamers,episode,NA,2001,NA,"Kills Leomon, a death the series leaves permanent and builds its final arc around.",shown
digimon,beelzemon,entry,Beelzemon,Digimon Reference Book,reference,Beelzemon entry,NA,NA,Named among the Seven Great Demon Lords.,stated
digimon,belphemon,entry,Belphemon,Digimon Savers,episode,NA,2006,NA,Woken by Kurata and fought as the series' principal Digimon threat in Rage Mode.,shown
digimon,belphemon,entry,Belphemon,Digimon Reference Book,reference,Belphemon entry,NA,NA,"Named among the Seven Great Demon Lords, dormant for a thousand years.",stated
digimon,malomyotismon,entry,MaloMyotismon,Digimon Adventure,episode,NA,1999,NA,"As Myotismon, kills Wizardmon during the assault on the Chosen Children.",shown
digimon,malomyotismon,entry,MaloMyotismon,Digimon Adventure 02,episode,NA,2001,NA,Final form traps opponents inside illusions of their own desires.,shown
digimon,gallantmon-crimson,entry,Gallantmon Crimson Mode,Digimon Tamers,episode,D-Reaper conflict,2002,NA,Reaches Crimson Mode during the D-Reaper conflict and engages it directly.,shown
digimon,azulongmon,entry,Azulongmon,Digimon Adventure 02,episode,NA,2000,NA,Appears as one of the Four Sovereigns and restores the Chosen Children's lost evolutionary power.,shown
digimon,azulongmon,entry,Azulongmon,Digimon Reference Book,reference,Azulongmon entry,NA,NA,Named as one of the Four Holy Beasts governing the Digital World.,stated
digimon,yggdrasil,entry,Yggdrasil,Digimon X-Evolution,film,NA,2005,NA,"Issues the X-Program to cull the Digital World's population, deleting most species.",shown
digimon,yggdrasil,entry,Yggdrasil,Digimon Savers,episode,NA,2007,NA,"Presented as the god of the Digital World, taking the King Drasil form to act directly.",shown
digimon,d-reaper,entry,The D-Reaper,Digimon Tamers,episode,NA,2001,NA,"A program built to delete the Digital World if it exceeded its bounds, which activates and spreads into the real world.",shown
digimon,homeostasis,entry,Homeostasis,Digimon Adventure,episode,NA,1999,NA,"Speaks through Hikari to direct the Chosen Children, identifying itself as a force maintaining balance.",shown
dnd,asmodeus,entry,Asmodeus,Fiendish Codex II: Tyrants of the Nine Hells,reference,NA,2006,NA,The Pact Primeval establishes his authority over the Nine Hells by agreement.,stated
dnd,asmodeus,entry,Asmodeus,Player's Handbook,reference,NA,NA,NA,Listed as a deity available to clerics rather than a fiend.,stated
dnd,vecna,entry,Vecna,Die Vecna Die!,reference,NA,2000,NA,Seals himself inside Sigil against the Lady of Pain and attempts to remake creation.,stated
dnd,vecna,entry,Vecna,Vecna: Eve of Ruin,reference,NA,2024,NA,"Returns as the campaign's central threat, working across multiple settings at once.",stated
dnd,mystra,entry,Mystra,Forgotten Realms Campaign Setting,reference,p. 247,2001,NA,"Provides and tends the Weave, the conduit through which mortal spellcasters safely reach the raw force of magic.",stated
dnd,mystra,entry,Mystra,Forgotten Realms: Avatar Series,novel,NA,1989,NA,"Killed during the Time of Troubles, with catastrophic effects on magic.",shown
dnd,tiamat,entry,Tiamat,The Rise of Tiamat,reference,NA,2014,NA,"Statted at CR 30, the joint-highest challenge rating published for fifth edition.",stated
dnd,tiamat,entry,Tiamat,Monster Manual,reference,NA,NA,NA,An appropriately equipped and well-rested party of four adventurers should be able to defeat a monster that has a challenge rating equal to its level without suffering any deaths.,stated
dnd,cyric,entry,Cyric,Forgotten Realms Campaign Guide,reference,p. 50,2008,NA,"Most scholars hold the Spellplague to be the direct result of Cyric's murder of Mystra, engineered by Shar; when she died, the magic bound in her Weave burst its bonds.",stated
dnd,cyric,entry,Cyric,Dragon #378,reference,NA,2009,NA,It was the Prince of Lies who murdered Mystra and caused the Spellplague.,stated
dnd,bahamut,entry,Bahamut,Fizban's Treasury of Dragons,reference,p. 165,2021,NA,"Bahamut is statted at Challenge Rating 30, and the stat block given is the Aspect of Bahamut — his avatar.",stated
dnd,bahamut,entry,Bahamut,The Rise of Tiamat,reference,pp. 92–93,2014,NA,Tiamat is statted at Challenge Rating 30 in her own true form.,stated
dnd,lolth,entry,Lolth,Forgotten Realms Campaign Setting,reference,p. 245,2001,NA,Her clerics control the noble houses and so the drow cities; she aids those she fancies and destroys worshippers who displease her.,stated
dnd,bane,entry,Bane,Forgotten Realms: Avatar Series,novel,NA,1989,NA,Destroyed during the Time of Troubles and later restored to divinity.,shown
dnd,shar,entry,Shar,Forgotten Realms Campaign Setting,reference,p. 249,2001,NA,"One of the two primordial deities of the Realms, in permanent opposition to Selûne.",stated
dnd,karsus,entry,Karsus,Netheril: Empire of Magic,reference,p. 12,1996,NA,Karsus's avatar was built to steal the power of a deity and transfer it to the archwizard casting it.,stated
dnd,karsus,entry,Karsus,The Grand History of the Realms,reference,p. 47,2007,NA,"Cast in −339 DR against Mystryl, goddess of magic, chosen as the most powerful deity; Karsus gained power over all magic.",stated
dnd,karsus,entry,Karsus,Dangerous Games,novel,NA,1996,NA,Mystryl sacrifices herself to sever Karsus from the Weave; magic fails and the enclaves fall.,shown
dnd,orcus,entry,Orcus,Dead Gods,reference,NA,1997,NA,"Returns from destruction as Tenebrous, hunting the means to restore himself fully.",stated
dnd,demogorgon,entry,Demogorgon,Monster Manual,reference,NA,NA,NA,"Named Prince of Demons, contested constantly and never successfully deposed.",stated
dnd,grazzt,entry,Graz'zt,Dungeon Master's Guide,reference,NA,NA,NA,Ruler of Azzagrat; his binding by Iggwilv and subsequent escape are established history.,stated
dnd,szass-tam,entry,Szass Tam,Forgotten Realms Campaign Guide,reference,p. 180,2008,NA,"Made himself Thay's regent while the Spellplague ended the rebel zulkirs' civil war; the zulkirs under him are all liches, and the wealthy join his new order in undeath.",stated
dnd,iggwilv,entry,Iggwilv,Tasha's Cauldron of Everything,reference,NA,2020,NA,"Identified as Iggwilv, author of the Demonomicon, and one and the same as Tasha.",stated
dnd,elminster,entry,Elminster,Forgotten Realms Campaign Setting,reference,p. 247,2001,NA,"A Chosen of Mystra, invested with part of the goddess's power and effectively unaging.",stated
dnd,mordenkainen,entry,Mordenkainen,Mordenkainen's Tome of Foes,reference,NA,2018,NA,"Presented as the authority on planar conflict, pursuing a balance between the outer planes.",stated
dnd,acererak,entry,Acererak,Tomb of Horrors,reference,NA,1978,NA,The tomb is built specifically to destroy high-level adventurers rather than to be fought.,stated
dnd,acererak,entry,Acererak,Tomb of Annihilation,reference,NA,2017,NA,"Operates the Soulmonger, consuming souls across the Realms.",stated
dnd,halaster,entry,Halaster Blackcloak,Waterdeep: Dungeon of the Mad Mage,reference,NA,2018,NA,"Controls Undermountain, reshaping it at will, and is explicitly deranged.",stated
dnd,strahd,entry,Strahd von Zarovich,Curse of Strahd,reference,NA,2016,NA,"Rules Barovia absolutely, with the land itself responsive to him, and cannot leave it.",stated
dnd,larloch,entry,Larloch,Forgotten Realms Campaign Setting,reference,p. 296,2001,NA,"Master of Warlock's Crypt, ruling a city of liches and lesser undead, and wanting only to be left alone.",stated
dnd,manshoon,entry,Manshoon,Forgotten Realms Campaign Setting,reference,p. 283,2001,NA,Founded the Zhentarim; his stasis clones woke simultaneously on his death and fought each other.,stated
dnd,tarrasque,entry,The Tarrasque,Monster Manual,reference,NA,2014,NA,"Statted at CR 30, level with Tiamat and above every other published creature.",stated
dnd,zariel,entry,Zariel,Baldur's Gate: Descent into Avernus,reference,NA,2019,NA,A fallen angel ruling Avernus and prosecuting the Blood War from it.,stated
dnd,yeenoghu,entry,Yeenoghu,Volo's Guide to Monsters,reference,NA,2016,NA,Gnolls are described as his creations rather than a natural species.,stated
dnd,baphomet,entry,Baphomet,Mordenkainen's Tome of Foes,reference,NA,2018,NA,"Demon lord of minotaurs, ruling the Endless Maze.",stated
dnd,kas,entry,Kas the Bloody-Handed,Vecna: Eve of Ruin,reference,NA,2024,NA,"Betrayed Vecna with the sword Vecna made for him, and survives to oppose him still.",stated
dnd,lord-soth,entry,Lord Soth,Ravenloft Campaign Setting,reference,NA,NA,NA,A death knight drawn into the Domains of Dread as one of its darklords.,stated
dnd,khelben,entry,Khelben Arunsun,Forgotten Realms Campaign Setting,reference,p. 275,2001,NA,Chosen of Mystra and Lord Mage of Waterdeep.,stated
dnd,the-simbul,entry,The Simbul,Forgotten Realms Campaign Setting,reference,p. 201,2001,NA,"Chosen of Mystra and Witch-Queen of Aglarond, in long conflict with Thay.",stated
dnd,jarlaxle,entry,Jarlaxle,Forgotten Realms Campaign Setting,reference,NA,NA,NA,"Leads Bregan D'aerthe, a drow mercenary company operating outside Lolth's structures.",stated
dnd,drizzt,entry,Drizzt Do'Urden,The Crystal Shard,novel,NA,1988,NA,Introduced as a drow ranger who abandoned the Underdark and Lolth's worship.,shown
dnd,artemis-entreri,entry,Artemis Entreri,The Crystal Shard,novel,NA,1988,NA,Introduced as an assassin explicitly framed as Drizzt's equal in skill.,shown
dnd,ao,entry,Ao,Forgotten Realms: Avatar Series,novel,NA,1989,NA,Casts the pantheon down to Toril in mortal form during the Time of Troubles.,shown
dnd,ao,entry,Ao,Forgotten Realms Campaign Setting,reference,p. 258,2001,NA,"Described as the overgod, above the pantheon and beyond mortal or divine reach.",stated
dnd,lady-of-pain,entry,The Lady of Pain,Planescape Campaign Setting,reference,NA,NA,NA,Bars deities from Sigil; those who worship or oppose her are flayed or mazed.,stated
dnd,tharizdun,entry,Tharizdun,Dungeon Master's Guide 4th edition,reference,p. 163,2008,NA,Named the Chained God; created the Abyss and was imprisoned by the gods for the act.,stated
dnd,tharizdun,entry,Tharizdun,Mordenkainen's Tome of Foes,reference,NA,2018,NA,"Still named the Chained God, and still imprisoned, a decade of editions later.",stated
dragon-ball,whis,entry,Whis,Dragon Ball Super (anime),episode,Battle of Gods arc,2015,NA,Knocks Beerus unconscious with a single chop to the neck.,shown
dragon-ball,whis,entry,Whis,Dragon Ball Z: Battle of Gods,film,NA,2013,NA,"Stated to be stronger than Beerus, whom he serves and trains.",stated
dragon-ball,whis,entry,Whis,Dragon Ball Super (anime),episode,Universe 6 arc,2015,NA,"Trains Goku and Vegeta, deflecting their attacks without effort.",shown
dragon-ball,black-frieza,entry,Black Frieza,Dragon Ball Super (manga),comic,Granolah the Survivor arc,2022,NA,Defeats Goku and Vegeta at their peak forms with one blow each.,shown
dragon-ball,beerus,entry,Beerus,Dragon Ball Z: Battle of Gods,film,NA,2013,NA,Fights Goku in a clash whose shockwaves endanger the surroundings.,shown
dragon-ball,beerus,entry,Beerus,Dragon Ball Z: Battle of Gods,film,NA,2013,NA,Described by Whis as capable of destroying the universe.,stated
dragon-ball,gohan-beast,entry,Gohan,Dragon Ball Super (manga),comic,Super Hero arc,2024,NA,Strikes Goku while Goku is in mastered ultra instinct.,shown
dragon-ball,gohan-beast,entry,Gohan,Dragon Ball Super: Super Hero,film,NA,2022,NA,The Beast transformation debuts and defeats Cell Max.,shown
dragon-ball,son-goku,entry,Son Goku,Dragon Ball Super (manga),comic,Universe Survival arc,2018,NA,Fights Jiren in ultra instinct in the tournament's final stage.,shown
dragon-ball,son-goku,entry,Son Goku,Dragon Ball Z,episode,Frieza Saga,1991,NA,Defeats Frieza on Namek as a Super Saiyan.,shown
dragon-ball,vegeta,entry,Vegeta,Dragon Ball Super (manga),comic,Granolah the Survivor arc,2022,NA,"Fights in ultra ego, converting damage sustained into power.",shown
dragon-ball,vegeta,entry,Vegeta,Dragon Ball Z,episode,Buu Saga,1994,NA,Sacrifices himself in an attempt to destroy Majin Buu.,shown
dragon-ball,jiren,entry,Jiren,Dragon Ball Super (anime),episode,Universe Survival arc,2018,NA,Fights Goku in ultra instinct and remains standing.,shown
dragon-ball,jiren,entry,Jiren,Dragon Ball Super (anime),episode,Universe Survival arc,2017,NA,Described as stronger than his universe's god of destruction.,stated
dragon-ball,broly-2018,entry,Broly,Dragon Ball Super: Broly,film,NA,2018,NA,"Fights Goku and Vegeta in divine forms and Frieza, growing stronger throughout.",shown
dragon-ball,moro,entry,Moro,Dragon Ball Super (manga),comic,Galactic Patrol Prisoner arc,2020,NA,Drains the life force of a planet to increase his own power.,shown
dragon-ball,kid-buu,entry,Kid Buu,Dragon Ball Z,episode,Buu Saga,1995,NA,Destroys the Earth outright during the fight.,shown
dragon-ball,cell,entry,Cell,Dragon Ball Z,episode,Cell Games Saga,1993,NA,Defeated by Gohan after overwhelming the assembled fighters.,shown
dragon-ball,gogeta,entry,Gogeta,Dragon Ball Super: Broly,film,NA,2018,NA,Formed by fusion and overpowers Broly.,shown
dragon-ball,vegito,entry,Vegito,Dragon Ball Z,episode,Buu Saga,1995,NA,Dominates Super Buu completely before the fusion lapses.,shown
dragon-ball,goku-ssj4,entry,Son Goku,Dragon Ball GT,episode,Shadow Dragon Saga,1997,NA,Fights Omega Shenron in the Super Saiyan 4 state.,shown
dragon-ball,granolah,entry,Granolah,Dragon Ball Super (manga),comic,Granolah the Survivor arc,2021,NA,"Granted the strength of the universe's strongest by a wish, temporarily.",shown
dragon-ball,android-17,entry,Android 17,Dragon Ball Super (anime),episode,Universe Survival arc,2018,NA,The final surviving fighter in the Tournament of Power.,shown
dragon-ball,piccolo,entry,Piccolo,Dragon Ball Super: Super Hero,film,NA,2022,NA,Takes the Orange form and fights Cell Max.,shown
dragon-ball,raditz,entry,Raditz,Dragon Ball Z,episode,Saiyan Saga,1989,NA,Uses a scouter to read the power levels of Goku and Piccolo aloud.,shown
dragon-ball,raditz,entry,Raditz,Dragon Ball Z,episode,Saiyan Saga,1989,NA,Killed by Piccolo's attack while Goku restrains him.,shown
dragon-ball,zeno,entry,Zeno,Dragon Ball Super (manga),comic,Universe Survival arc,2017,NA,Gods of destruction defer to him and show open fear.,shown
dragon-ball,zeno,entry,Zeno,Dragon Ball Super (manga),comic,Universe Survival arc,2017,NA,Recounted as having erased six universes.,stated
dragon-ball,grand-priest,entry,The Grand Priest,Dragon Ball Super (anime),episode,Universe Survival arc,2017,NA,Reaches Earth from Zeno's palace far faster than Whis could.,shown
dragon-ball,grand-priest,entry,The Grand Priest,Dragon Ball Super (anime),episode,Universe Survival arc,2017,NA,Described as among the strongest beings across all universes.,stated
elden-ring,marika,entry,Queen Marika the Eternal,Elden Ring,game,NA,2022,NA,"Named as the one who shattered the Elden Ring, beginning the war among her descendants.",stated
elden-ring,marika,entry,Queen Marika the Eternal,Elden Ring,game,Erdtree Sanctuary,2022,NA,Marika and Radagon are revealed to be one being.,shown
elden-ring,elden-beast,entry,The Elden Beast,Elden Ring,game,Elden Throne,2022,NA,Fought immediately after Radagon as the incarnation of the Elden Ring itself.,shown
elden-ring,placidusax,entry,Dragonlord Placidusax,Elden Ring,game,Crumbling Farum Azula,2022,NA,"Named as an Elden Lord of a previous age, awaiting a god that no longer exists.",stated
elden-ring,godfrey,entry,"Godfrey, First Elden Lord",Elden Ring,game,Elden Throne,2022,NA,Discards the Elden Lord's armaments mid-fight and continues as Hoarah Loux.,shown
elden-ring,radahn,entry,Starscourge Radahn,Elden Ring,game,NA,2022,NA,"Mastered gravity magic and halted the stars, arresting the fates bound to them.",stated
elden-ring,radahn,entry,Starscourge Radahn,Elden Ring,game,Redmane Castle,2022,NA,"Fought after the Scarlet Rot has destroyed his mind, in a festival staged for the purpose.",shown
elden-ring,malenia,entry,"Malenia, Blade of Miquella",Elden Ring,game,NA,2022,NA,"Her duel with Radahn ends in the release of the Scarlet Rot, devastating Caelid.",stated
elden-ring,miquella,entry,Miquella the Kind,Elden Ring,game,NA,2022,NA,An empyrean whose charm compels devotion; held in a cocoon and contested by several factions.,stated
elden-ring,miquella,entry,Miquella the Kind,Elden Ring: Shadow of the Erdtree,game,NA,2024,NA,"The Land of Shadow is the site of his ascension, pursued deliberately across the DLC.",shown
elden-ring,messmer,entry,Messmer the Impaler,Elden Ring: Shadow of the Erdtree,game,NA,2024,NA,"Led the crusade that burned the Land of Shadow, which was subsequently sealed away.",shown
elden-ring,maliketh,entry,"Maliketh, the Black Blade",Elden Ring,game,Crumbling Farum Azula,2022,NA,Holds Destined Death sealed within the Black Blade; its release restores death to the world.,shown
elden-ring,morgott,entry,"Morgott, the Omen King",Elden Ring,game,Leyndell,2022,NA,Defends the capital as its last king; revealed to have been Margit throughout.,shown
elden-ring,rykard,entry,"Rykard, Lord of Blasphemy",Elden Ring,game,Volcano Manor,2022,NA,"Consumed by the God-Devouring Serpent by his own design, intending to devour the gods.",shown
elden-ring,mohg,entry,"Mohg, Lord of Blood",Elden Ring,game,Mohgwyn Palace,2022,NA,Abducts Miquella and attempts to raise a dynasty around him.,shown
elden-ring,rennala,entry,"Rennala, Queen of the Full Moon",Elden Ring,game,Raya Lucaria,2022,NA,Holds the Great Rune of the Unborn and grants rebirth; abandoned by Radagon.,shown
elden-ring,ranni,entry,Ranni the Witch,Elden Ring,game,NA,2022,NA,Destroyed her own body during the Night of the Black Knives to escape her empyrean role.,stated
elden-ring,bayle,entry,Bayle the Dread,Elden Ring: Shadow of the Erdtree,game,Jagged Peak,2024,NA,Fought Placidusax and wounded him; opposed by Florissax and the remaining dragons.,stated
elden-ring,fire-giant,entry,The Fire Giant,Elden Ring,game,Mountaintops of the Giants,2022,NA,"Last of the giants, bound to guard the Flame of Ruin used to burn the Erdtree.",shown
elden-ring,godwyn,entry,Godwyn the Golden,Elden Ring,game,NA,2022,NA,Slain in soul during the Night of the Black Knives; his body persists and spreads Deathroot.,stated
elden-ring,godrick,entry,Godrick the Grafted,Elden Ring,game,Stormveil Castle,2022,NA,A shardbearer who grafts limbs onto himself; his Great Rune grants +5 to all attributes.,shown
elden-ring,melina,entry,Melina,Elden Ring,game,NA,2022,NA,"Offers herself as kindling and burns the Erdtree, enabling the endgame.",shown
elden-ring,astel,entry,"Astel, Naturalborn of the Void",Elden Ring,game,Lake of Rot,2022,NA,Named as the destroyer of the Eternal City of Nokron.,stated
elden-ring,gideon-ofnir,entry,Gideon Ofnir,Elden Ring,game,Roundtable Hold,2022,NA,Gathers the Tarnished's knowledge and turns on them at the capital.,shown
elden-ring,fortissax,entry,Lichdragon Fortissax,Elden Ring,game,NA,2022,NA,An ancient dragon fighting the Deathblight within Godwyn's remains.,stated
elden-ring,metyr,entry,"Metyr, Mother of Fingers",Elden Ring: Shadow of the Erdtree,game,NA,2024,NA,"The origin of the Two Fingers, long severed from the Greater Will she relayed.",stated
elden-ring,midra,entry,"Midra, Lord of Frenzied Flame",Elden Ring: Shadow of the Erdtree,game,NA,2024,NA,"A sage who reached for the Frenzied Flame, was too weak to become its Lord, and was kept alive in torment.",shown
elden-ring,romina,entry,"Romina, Saint of the Bud",Elden Ring: Shadow of the Erdtree,game,NA,2024,NA,Guards the path to Enir-Ilim as a saint bearing the Scarlet Rot.,shown
elden-ring,rellana,entry,"Rellana, Twin Moon Knight",Elden Ring: Shadow of the Erdtree,game,NA,2024,NA,"Rennala's sister, who followed Messmer and guards Castle Ensis.",stated
elden-ring,blaidd,entry,Blaidd the Half-Wolf,Elden Ring,game,NA,2022,NA,"Bound to Ranni as her shadow, and compelled against her when she defies the Greater Will.",shown
elden-ring,sellen,entry,Sorceress Sellen,Elden Ring,game,NA,2022,NA,"Expelled from Raya Lucaria for pursuing primeval sorcery, and continues it regardless.",stated
elden-ring,commander-niall,entry,Commander Niall,Elden Ring,game,Castle Sol,2022,NA,Holds Castle Sol with two summoned knights and the Haligtree's secret medallion.,shown
elden-ring,loretta,entry,"Loretta, Knight of the Haligtree",Elden Ring,game,NA,2022,NA,Fought twice — at Caria Manor and again inside the Haligtree she never left.,shown
elden-ring,greater-will,entry,The Greater Will,Elden Ring,game,NA,2022,NA,Established the Golden Order through Marika as its vessel and appointed empyrean successors.,stated
elden-ring,frenzied-flame,entry,The Frenzied Flame,Elden Ring,game,Cathedral of the Forsaken,2022,NA,"Sealed beneath Leyndell; grants the Lord of Frenzied Flame ending, which burns the world.",shown
final-fantasy-villains,kefka-palazzo,entry,Kefka Palazzo,Final Fantasy VI,game,Floating Continent,1994,NA,"Misaligns the Warring Triad statues, which cracks the planet and ends the World of Balance.",shown
final-fantasy-villains,kefka-palazzo,entry,Kefka Palazzo,Final Fantasy VI,game,World of Ruin,1994,NA,"Rules the ruined world for a year as the God of Magic, with no faction able to oppose him.",shown
final-fantasy-villains,kefka-palazzo,entry,Kefka Palazzo,Final Fantasy VI,game,Kefka's Tower,1994,NA,"Fires the Light of Judgment on Mobliz, killing the adults who shield the children.",shown
final-fantasy-villains,exdeath,entry,Exdeath,Final Fantasy V,game,Great Forest of Moore,1992,NA,"Tricks the party into breaking the seals on Galuf's world's crystals, and takes their power.",shown
final-fantasy-villains,exdeath,entry,Exdeath,Final Fantasy V,game,Interdimensional Rift,1992,NA,Swallows the Castle of Bal and its surroundings into the Void mid-confrontation.,shown
final-fantasy-villains,exdeath,entry,Exdeath,Final Fantasy V,game,The Rift,1992,NA,"As Neo Exdeath, seeks to return all existence — himself included — to nothing.",shown
final-fantasy-villains,cloud-of-darkness,entry,Cloud of Darkness,Final Fantasy III,game,World of Darkness,1990,NA,"Manifests when light and dark fall out of balance, to reduce the world to nothing.",shown
final-fantasy-villains,cloud-of-darkness,entry,Cloud of Darkness,Final Fantasy III,game,World of Darkness,1990,NA,The Warriors of Darkness spend their own lives weakening her before she can be harmed at all.,shown
final-fantasy-villains,bhunivelze,entry,Bhunivelze,Fabula Nova Crystallis mythology,reference,NA,2011,NA,"Killed his mother Mwynn, the world's original creator, and took the mortal world from her.",stated
final-fantasy-villains,bhunivelze,entry,Bhunivelze,Lightning Returns: Final Fantasy XIII,game,NA,2013,NA,Intends to remake humanity in a new world by harvesting and rewriting every soul.,shown
final-fantasy-villains,bhunivelze,entry,Bhunivelze,Final Fantasy XIII,game,NA,2009,NA,"The fal'Cie of Cocoon and Pulse exist to serve his design, and act on it for centuries.",stated
final-fantasy-villains,yu-yevon,entry,Yu Yevon,Final Fantasy X,game,NA,2001,NA,"Sustained Sin continuously for roughly a thousand years, rebuilding it after every Calm.",stated
final-fantasy-villains,yu-yevon,entry,Yu Yevon,Final Fantasy X,game,Dream Zanarkand,2001,NA,"Maintained an entire inhabited city, and its people, as a summoning for a millennium.",stated
final-fantasy-villains,ultimecia,entry,Ultimecia,Final Fantasy VIII,game,Time Compression,1999,NA,Begins Time Compression; Ellone halts it halfway and it unwinds when she dies.,shown
final-fantasy-villains,ultimecia,entry,Ultimecia,Final Fantasy VIII,game,NA,1999,NA,"Possesses Edea, then Adel, reaching back many generations from her own era.",shown
final-fantasy-villains,sephiroth,entry,Sephiroth,Final Fantasy VII,game,Northern Crater,1997,NA,"Summons Meteor, an extinction-scale impact the Planet cannot stop unaided.",shown
final-fantasy-villains,sephiroth,entry,Sephiroth,Final Fantasy VII,game,NA,1997,NA,Persists in the Lifestream after death and controls Cloud's perception and memory.,shown
final-fantasy-villains,sephiroth,entry,Sephiroth,Final Fantasy VII: Advent Children,film,NA,2005,NA,Reconstitutes himself two years after the Lifestream should have dissolved him.,shown
final-fantasy-villains,necron,entry,Necron,Final Fantasy IX,game,Hill of Despair,2000,NA,Summoned by Kuja's despair at his own mortality; moves to return everything to a zero world.,shown
final-fantasy-villains,emperor-mateus,entry,Emperor Mateus,Final Fantasy II,game,NA,1988,NA,"After death, seizes rule of Hell and returns to the world as its emperor.",shown
final-fantasy-villains,emperor-mateus,entry,Emperor Mateus,Final Fantasy I & II: Dawn of Souls,game,"Arubboth, Soul of Rebirth",2004,NA,"His light half rules Heaven from Arubboth, leaving him holding both afterlives.",shown
final-fantasy-villains,zeromus,entry,Zeromus,Final Fantasy IV,game,Lunar Subterrane,1991,NA,"Persists as pure hatred after Zemus's body is destroyed, and cannot be harmed by ordinary means.",shown
final-fantasy-villains,zeromus,entry,Zeromus,Final Fantasy IV,game,Giant of Babil,1991,NA,"Zemus, whose hatred becomes Zeromus, aims the Giant of Babil at all life on the planet.",shown
final-fantasy-villains,chaos-garland,entry,Chaos,Final Fantasy,game,"Temple of Chaos, 2000 years prior",1987,NA,"Is sent into the past and becomes Chaos, closing a causal loop that sustains him indefinitely.",shown
final-fantasy-villains,chaos-garland,entry,Chaos,Final Fantasy,game,NA,1987,NA,The Four Fiends drain the elemental Crystals across the present-day world at his direction.,shown
final-fantasy-villains,caius-ballad,entry,Caius Ballad,Final Fantasy XIII-2,game,NA,2011,NA,"Cannot be permanently killed while he carries the Heart of Chaos, and knows it.",stated
final-fantasy-villains,caius-ballad,entry,Caius Ballad,Final Fantasy XIII-2,game,NA,2011,NA,His death kills Etro; the chaos of the unseen realm then floods the visible one.,stated
final-fantasy-villains,ardyn-izunia,entry,Ardyn Izunia,Final Fantasy XV,game,Chapter 13,2016,NA,"Absorbed the Starscourge while healing the sick, until he could no longer die by mortal means.",stated
final-fantasy-villains,ardyn-izunia,entry,Ardyn Izunia,Final Fantasy XV,game,Chapter 13 onward,2016,NA,"Delivers Noctis to the Crystal, which takes him for ten years while Eos goes dark.",shown
final-fantasy-villains,kuja,entry,Kuja,Final Fantasy IX,game,Terra,2000,NA,Destroys Terra's surface with a barrage of Ultima on learning his lifespan is fixed.,shown
final-fantasy-villains,kuja,entry,Kuja,Final Fantasy IX,game,Memoria,2000,NA,"In Trance, attempts to unmake existence itself rather than let it outlive him.",shown
final-fantasy-villains,vayne-solidor,entry,Vayne Solidor,Final Fantasy XII,game,NA,2006,NA,Engineers a war and a succession to consolidate the Archadian Empire under himself.,stated
final-fantasy-villains,vayne-solidor,entry,Vayne Solidor,Final Fantasy XII,game,Sky Fortress Bahamut,2006,NA,Merges with the Occurian Venat and assimilates the Sky Fortress to become The Undying.,shown
final-fantasy-villains,seymour-guado,entry,Seymour Guado,Final Fantasy X,game,Macalania Temple,2001,NA,"Continues to act after death as an unsent, returning repeatedly after being defeated.",stated
final-fantasy-villains,seymour-guado,entry,Seymour Guado,Final Fantasy X,game,NA,2001,NA,"Murders his father Jyscal, and intends to become the next Sin and end Spira by killing everyone.",stated
godzilla,godzilla-earth,entry,Godzilla Earth,Godzilla: Planet of the Monsters,film,NA,2017,NA,Drives humanity off Earth entirely; survivors return after twenty millennia.,stated
godzilla,godzilla-earth,entry,Godzilla Earth,Godzilla: Planet of the Monsters,film,NA,2017,NA,"Stated at over 300 metres, the tallest incarnation produced.",stated
godzilla,shin-godzilla,entry,Shin Godzilla,Shin Godzilla,film,NA,2016,NA,Evolves through four distinct forms across the film.,shown
godzilla,shin-godzilla,entry,Shin Godzilla,Shin Godzilla,film,NA,2016,NA,Immobilised with a blood coagulant rather than destroyed.,shown
godzilla,burning-godzilla,entry,Burning Godzilla,Godzilla vs. Destoroyah,film,NA,1995,NA,Enters a meltdown state with elevated temperature and orange dorsal fins.,shown
godzilla,burning-godzilla,entry,Burning Godzilla,Godzilla vs. Destoroyah,film,NA,1995,NA,"Defeats Destoroyah, then melts down entirely.",shown
godzilla,destoroyah,entry,Destoroyah,Godzilla vs. Destoroyah,film,NA,1995,NA,Originates from organisms mutated by the Oxygen Destroyer.,shown
godzilla,destoroyah,entry,Destoroyah,Godzilla vs. Destoroyah,film,NA,1995,NA,Kills Godzilla Junior before being defeated.,shown
godzilla,king-ghidorah,entry,King Ghidorah,Godzilla: King of the Monsters,film,NA,2019,NA,Summons and commands other titans worldwide; generates severe weather.,shown
godzilla,king-ghidorah,entry,King Ghidorah,Godzilla: King of the Monsters,film,NA,2019,NA,Defeated only after Godzilla is empowered by a nuclear detonation.,shown
godzilla,mechagodzilla,entry,Mechagodzilla,Godzilla vs. Mechagodzilla,film,first encounter,1974,NA,Overpowers Godzilla in their first encounter before being destroyed.,shown
godzilla,monsterverse-godzilla,entry,Godzilla,Godzilla: King of the Monsters,film,NA,2019,NA,Defeats King Ghidorah after absorbing a nuclear detonation.,shown
godzilla,monsterverse-godzilla,entry,Godzilla,Godzilla (2014),film,San Francisco,2014,NA,Kills both MUTOs in San Francisco and returns to the ocean.,shown
godzilla,godzilla-minus-one,entry,Godzilla,Godzilla Minus One,film,Ginza attack,2023,NA,"A newscast reports roughly 30,000 casualties from the Ginza attack.",stated
godzilla,godzilla-minus-one,entry,Godzilla,Godzilla Minus One,film,NA,2023,NA,"Defeated by a privately organised civilian operation, without military support.",shown
godzilla,godzilla-1954,entry,Godzilla,Godzilla (1954),film,NA,1954,NA,Conventional military force has no effect on him.,shown
godzilla,godzilla-1954,entry,Godzilla,Godzilla (1954),film,NA,1954,NA,"Listed at 50 metres, the original official height.",stated
godzilla,mothra,entry,Mothra,Godzilla: King of the Monsters,film,NA,2019,NA,Dies shielding Godzilla and transfers her energy to him.,shown
godzilla,rodan,entry,Rodan,Godzilla: King of the Monsters,film,NA,2019,NA,Destroys a town through the shockwave of his flight alone.,shown
godzilla,oxygen-destroyer,entry,The Oxygen Destroyer,Godzilla (1954),film,NA,1954,NA,"Kills Godzilla outright, reducing the body to a skeleton.",shown
godzilla,oxygen-destroyer,entry,The Oxygen Destroyer,Godzilla (1954),film,NA,1954,NA,Serizawa destroys his notes and dies to prevent the weapon being recreated.,shown
jujutsu-kaisen,ryomen-sukuna,entry,Ryomen Sukuna,Jujutsu Kaisen,comic,ch. 8,NA,NA,Takes control of Yuji's body and tears Yuji's own heart out of his chest.,shown
jujutsu-kaisen,ryomen-sukuna,entry,Ryomen Sukuna,Jujutsu Kaisen,comic,ch. 11,NA,NA,"Sets the terms of a binding vow granting him one minute of control, with Yuji left no memory of the agreement.",stated
jujutsu-kaisen,ryomen-sukuna,entry,Ryomen Sukuna,Jujutsu Kaisen,comic,ch. 119,NA,NA,Cuts apart a large area of Shibuya and the people standing in it.,shown
jujutsu-kaisen,ryomen-sukuna,entry,Ryomen Sukuna,Jujutsu Kaisen,comic,ch. 115,NA,NA,Dodges Jogo's Maximum: Meteor.,shown
jujutsu-kaisen,ryomen-sukuna,entry,Ryomen Sukuna,Jujutsu Kaisen,comic,ch. 115,NA,NA,Sukuna says the meteor would have hurt him if it had connected.,stated
jujutsu-kaisen,ryomen-sukuna,entry,Ryomen Sukuna,Jujutsu Kaisen,comic,ch. 116,NA,NA,Burns Jogo to death.,shown
jujutsu-kaisen,ryomen-sukuna,entry,Ryomen Sukuna,Jujutsu Kaisen,comic,ch. 236,NA,NA,Cuts Gojo Satoru in half at Shinjuku.,shown
jujutsu-kaisen,ryomen-sukuna,entry,Ryomen Sukuna,Jujutsu Kaisen,comic,ch. 236,NA,NA,Sukuna buys the strike with a binding vow that lifts the conditions the world-cutting slash normally carries.,stated
jujutsu-kaisen,ryomen-sukuna,entry,Ryomen Sukuna,Jujutsu Kaisen,comic,ch. 119,NA,NA,Malevolent Shrine is described as a domain opened without a barrier around it.,stated
jujutsu-kaisen,satoru-gojo,entry,Satoru Gojo,Jujutsu Kaisen,comic,ch. 68,NA,NA,Limitless and the Six Eyes are inherited within the Gojo family rather than acquired.,stated
jujutsu-kaisen,satoru-gojo,entry,Satoru Gojo,Jujutsu Kaisen,comic,ch. 72,NA,NA,Toji Fushiguro runs Gojo through and leaves him for dead on the Star Plasma Vessel escort.,shown
jujutsu-kaisen,satoru-gojo,entry,Satoru Gojo,Jujutsu Kaisen,comic,ch. 74,NA,NA,Gets up from the wound Toji dealt him with the damage gone and returns to the fight.,shown
jujutsu-kaisen,satoru-gojo,entry,Satoru Gojo,Jujutsu Kaisen,comic,ch. 74,NA,NA,The recovery is explained as reverse cursed technique turned on himself.,stated
jujutsu-kaisen,satoru-gojo,entry,Satoru Gojo,Jujutsu Kaisen 0,comic,ch. 4,NA,NA,Kills Suguru Geto once Yuta's fight with him is over.,shown
jujutsu-kaisen,satoru-gojo,entry,Satoru Gojo,Jujutsu Kaisen,comic,ch. 15,NA,NA,"Opens Unlimited Void on Jogo, who is left standing motionless.",shown
jujutsu-kaisen,satoru-gojo,entry,Satoru Gojo,Jujutsu Kaisen,comic,ch. 89,NA,NA,Kills the transfigured humans filling Shibuya station.,shown
jujutsu-kaisen,satoru-gojo,entry,Satoru Gojo,Jujutsu Kaisen,comic,ch. 84,NA,NA,"Gojo points Hanami out in Shibuya, calls it the third meeting between them, and takes him first.",stated
jujutsu-kaisen,satoru-gojo,entry,Satoru Gojo,Jujutsu Kaisen,comic,ch. 85,NA,NA,Hanami is destroyed in Shibuya station.,shown
jujutsu-kaisen,satoru-gojo,entry,Satoru Gojo,Jujutsu Kaisen,comic,ch. 88–91,NA,NA,"Jogo, Mahito and Choso all come out of the station alive.",shown
jujutsu-kaisen,satoru-gojo,entry,Satoru Gojo,Jujutsu Kaisen,comic,ch. 90,NA,NA,Kenjaku walks up to him in Shibuya station wearing Suguru Geto's face.,shown
jujutsu-kaisen,satoru-gojo,entry,Satoru Gojo,Jujutsu Kaisen,comic,ch. 90,NA,NA,Is drawn into the Prison Realm at Shibuya station.,shown
jujutsu-kaisen,satoru-gojo,entry,Satoru Gojo,Jujutsu Kaisen,comic,ch. 90,NA,NA,"The Six Eyes reject every possibility of an impostor, and the seconds the Prison Realm needs run out while he looks.",stated
jujutsu-kaisen,satoru-gojo,entry,Satoru Gojo,Jujutsu Kaisen,comic,ch. 221,NA,NA,Hana Kurusu's Jacob's Ladder breaks the Prison Realm's Back and Gojo is released from the seal.,shown
jujutsu-kaisen,satoru-gojo,entry,Satoru Gojo,Jujutsu Kaisen,comic,ch. 236,NA,NA,"Sukuna makes a binding vow that bypasses the conditions on the world-cutting slash, and unleashes it on Gojo.",stated
jujutsu-kaisen,satoru-gojo,entry,Satoru Gojo,Jujutsu Kaisen,comic,ch. 236,NA,NA,The slash kills Gojo at Shinjuku.,shown
jujutsu-kaisen,kenjaku,entry,Kenjaku,Jujutsu Kaisen,comic,ch. 136,NA,NA,Kenjaku has moved his own brain from body to body across more than a thousand years.,stated
jujutsu-kaisen,kenjaku,entry,Kenjaku,Jujutsu Kaisen,comic,ch. 90,NA,NA,Wears Suguru Geto's body with a line of stitches running across the forehead.,shown
jujutsu-kaisen,kenjaku,entry,Kenjaku,Jujutsu Kaisen,comic,ch. 90,NA,NA,The stitching is explained as a brain placed inside the opened skull.,stated
jujutsu-kaisen,kenjaku,entry,Kenjaku,Jujutsu Kaisen,comic,ch. 91,NA,NA,Closes the Prison Realm on Gojo Satoru at Shibuya station.,shown
jujutsu-kaisen,kenjaku,entry,Kenjaku,Jujutsu Kaisen,comic,ch. 143,NA,NA,Announces the Culling Game and the rules its enrolled players are bound by.,stated
jujutsu-kaisen,kenjaku,entry,Kenjaku,Jujutsu Kaisen,comic,ch. 243,NA,NA,Yuta Okkotsu severs his head.,shown
jujutsu-kaisen,yuta-okkotsu,entry,Yuta Okkotsu,Jujutsu Kaisen 0,comic,ch. 1,NA,NA,A flashback draws Rika Orimoto killed by a vehicle in front of him.,shown
jujutsu-kaisen,yuta-okkotsu,entry,Yuta Okkotsu,Jujutsu Kaisen 0,comic,ch. 1,NA,NA,Gojo identifies Rika as a special-grade cursed spirit bound to Yuta by the promise between them.,stated
jujutsu-kaisen,yuta-okkotsu,entry,Yuta Okkotsu,Jujutsu Kaisen 0,comic,ch. 4,NA,NA,Unseals Rika completely.,shown
jujutsu-kaisen,yuta-okkotsu,entry,Yuta Okkotsu,Jujutsu Kaisen 0,comic,ch. 4,NA,NA,His katana breaks during the fight with Suguru Geto.,shown
jujutsu-kaisen,yuta-okkotsu,entry,Yuta Okkotsu,Jujutsu Kaisen 0,comic,ch. 4,NA,NA,Rika's cursed-energy beam takes Suguru Geto's arm after the katana has broken.,shown
jujutsu-kaisen,yuta-okkotsu,entry,Yuta Okkotsu,Jujutsu Kaisen,comic,ch. 243,NA,NA,Beheads Kenjaku.,shown
jujutsu-kaisen,yuta-okkotsu,entry,Yuta Okkotsu,Jujutsu Kaisen,comic,ch. 261,NA,NA,Yuta explains that he copied Kenjaku's technique and transplanted his own brain into Gojo's body.,stated
jujutsu-kaisen,yuta-okkotsu,entry,Yuta Okkotsu,Jujutsu Kaisen,comic,ch. 261,NA,NA,Fights Sukuna wearing Gojo Satoru's body.,shown
jujutsu-kaisen,yuji-itadori,entry,Yuji Itadori,Jujutsu Kaisen,comic,ch. 1,NA,NA,Eats one of Sukuna's fingers in front of Megumi.,shown
jujutsu-kaisen,yuji-itadori,entry,Yuji Itadori,Jujutsu Kaisen,comic,ch. 2,NA,NA,Accepts a deferred death sentence as the condition of being allowed to keep living.,stated
jujutsu-kaisen,yuji-itadori,entry,Yuji Itadori,Jujutsu Kaisen,comic,ch. 11,NA,NA,Accepts Sukuna's binding vow in exchange for his heart being restored.,stated
jujutsu-kaisen,yuji-itadori,entry,Yuji Itadori,Jujutsu Kaisen,comic,ch. 50,NA,NA,Lands repeated Black Flash strikes on Hanami at the Goodwill Event.,shown
jujutsu-kaisen,yuji-itadori,entry,Yuji Itadori,Jujutsu Kaisen,comic,ch. 50,NA,NA,The run is counted at four consecutive Black Flashes.,stated
jujutsu-kaisen,yuji-itadori,entry,Yuji Itadori,Jujutsu Kaisen,comic,ch. 267,NA,NA,Lands the final blow on Sukuna at Shinjuku.,shown
jujutsu-kaisen,yuji-itadori,entry,Yuji Itadori,Jujutsu Kaisen,comic,ch. 267,NA,NA,The blows Yuji lands in that exchange are said to reach Sukuna's soul rather than his body.,stated
jujutsu-kaisen,hajime-kashimo,entry,Hajime Kashimo,Jujutsu Kaisen,comic,ch. 187,NA,NA,Kashimo made a binding vow with Kenjaku to be reincarnated four hundred years after his own lifetime.,stated
jujutsu-kaisen,hajime-kashimo,entry,Hajime Kashimo,Jujutsu Kaisen,comic,ch. 187,NA,NA,Kenjaku names the opponent as Sukuna.,stated
jujutsu-kaisen,hajime-kashimo,entry,Hajime Kashimo,Jujutsu Kaisen,comic,ch. 116,NA,NA,"Sukuna is placed a thousand years back, in the Heian era.",stated
jujutsu-kaisen,hajime-kashimo,entry,Hajime Kashimo,Jujutsu Kaisen,comic,ch. 186,NA,NA,Turns his cursed energy into electricity against Hakari.,shown
jujutsu-kaisen,hajime-kashimo,entry,Hajime Kashimo,Jujutsu Kaisen,comic,ch. 188–189,NA,NA,Fails to put Hakari down while Hakari's wounds keep closing.,shown
jujutsu-kaisen,hajime-kashimo,entry,Hajime Kashimo,Jujutsu Kaisen,comic,ch. 237,NA,NA,Fights Sukuna at Shinjuku.,shown
jujutsu-kaisen,hajime-kashimo,entry,Hajime Kashimo,Jujutsu Kaisen,comic,ch. 238,NA,NA,Sukuna kills him.,shown
jujutsu-kaisen,suguru-geto,entry,Suguru Geto,Jujutsu Kaisen,comic,ch. 76,NA,NA,Geto describes the taste of swallowing a cursed spirit.,stated
jujutsu-kaisen,suguru-geto,entry,Suguru Geto,Jujutsu Kaisen,comic,ch. 77,NA,NA,Geto is said to have killed the hundred and twelve residents of a village.,stated
jujutsu-kaisen,suguru-geto,entry,Suguru Geto,Jujutsu Kaisen,comic,ch. 78,NA,NA,Geto is said to have killed his own parents.,stated
jujutsu-kaisen,suguru-geto,entry,Suguru Geto,Jujutsu Kaisen 0,comic,ch. 3,NA,NA,Announces the Night Parade of a Hundred Demons against Shinjuku and Kyoto for 24 December.,stated
jujutsu-kaisen,suguru-geto,entry,Suguru Geto,Jujutsu Kaisen 0,comic,ch. 3,NA,NA,Curses are loosed on Jujutsu High on the announced date.,shown
jujutsu-kaisen,suguru-geto,entry,Suguru Geto,Jujutsu Kaisen 0,comic,ch. 4,NA,NA,Loses his arm to Rika's beam and gets clear of the fight alive.,shown
jujutsu-kaisen,suguru-geto,entry,Suguru Geto,Jujutsu Kaisen 0,comic,ch. 4,NA,NA,Gojo kills him after the fight is over.,shown
jujutsu-kaisen,kinji-hakari,entry,Kinji Hakari,Jujutsu Kaisen,comic,ch. 183,NA,NA,Idle Death Gamble runs a pachinko game the person inside the domain plays.,stated
jujutsu-kaisen,kinji-hakari,entry,Kinji Hakari,Jujutsu Kaisen,comic,"ch. 186, p. 17",NA,NA,A jackpot grants Hakari unlimited cursed energy for four minutes and eleven seconds.,stated
jujutsu-kaisen,kinji-hakari,entry,Kinji Hakari,Jujutsu Kaisen,comic,"ch. 186, p. 17",NA,NA,A jackpot grants him a fully automatic reverse cursed technique for the same four minutes and eleven seconds.,stated
jujutsu-kaisen,kinji-hakari,entry,Kinji Hakari,Jujutsu Kaisen,comic,ch. 157,NA,NA,Yuji Itadori stops defending himself at Hakari's venue and stays on his feet through it.,shown
jujutsu-kaisen,kinji-hakari,entry,Kinji Hakari,Jujutsu Kaisen,comic,ch. 157,NA,NA,Hakari breaks off the fight and tells Megumi and Panda he is willing to cut a deal.,stated
jujutsu-kaisen,kinji-hakari,entry,Kinji Hakari,Jujutsu Kaisen,comic,ch. 158,NA,NA,Hakari agrees to help combat the Culling Game.,stated
jujutsu-kaisen,kinji-hakari,entry,Kinji Hakari,Jujutsu Kaisen,comic,ch. 186,NA,NA,Opens the domain against Hajime Kashimo in the Culling Game.,shown
jujutsu-kaisen,kinji-hakari,entry,Kinji Hakari,Jujutsu Kaisen,comic,"ch. 186, p. 16-17",NA,NA,Regenerates through the wounds Kashimo opens in him and continues the fight.,shown
jujutsu-kaisen,hiromi-higuruma,entry,Hiromi Higuruma,Jujutsu Kaisen,comic,ch. 164,NA,NA,"Deadly Sentencing tries whoever is inside it, and a guilty defendant is given one of several possible sentences.",stated
jujutsu-kaisen,hiromi-higuruma,entry,Hiromi Higuruma,Jujutsu Kaisen,comic,ch. 245,NA,NA,"Where the defendant is wielding a cursed tool, Confiscation takes the tool in preference to disabling a cursed technique.",stated
jujutsu-kaisen,hiromi-higuruma,entry,Hiromi Higuruma,Jujutsu Kaisen,comic,ch. 159,NA,NA,Higuruma entered the Culling Game as a defence lawyer with no jujutsu background.,stated
jujutsu-kaisen,hiromi-higuruma,entry,Hiromi Higuruma,Jujutsu Kaisen,comic,ch. 244,NA,NA,Opens Deadly Sentencing on Sukuna at Shinjuku.,shown
jujutsu-kaisen,hiromi-higuruma,entry,Hiromi Higuruma,Jujutsu Kaisen,comic,ch. 245,NA,NA,"Confiscation takes Sukuna's cursed tool Kamutoke, and his cursed technique is left untouched.",stated
jujutsu-kaisen,hiromi-higuruma,entry,Hiromi Higuruma,Jujutsu Kaisen,comic,ch. 247,NA,NA,Sukuna beats him unconscious at Shinjuku.,shown
jujutsu-kaisen,hiromi-higuruma,entry,Hiromi Higuruma,Jujutsu Kaisen,comic,ch. 269,NA,NA,Appears alive after the Shinjuku Showdown with a broken arm.,shown
jujutsu-kaisen,mahito,entry,Mahito,Jujutsu Kaisen,comic,ch. 22,NA,NA,Mahito states that Idle Transfiguration reshapes the soul and the body follows it.,stated
jujutsu-kaisen,mahito,entry,Mahito,Jujutsu Kaisen,comic,ch. 27,NA,NA,Transfigures Junpei Yoshino's body in front of Yuji.,shown
jujutsu-kaisen,mahito,entry,Mahito,Jujutsu Kaisen,comic,ch. 27,NA,NA,Junpei Yoshino dies of the transfiguration.,shown
jujutsu-kaisen,mahito,entry,Mahito,Jujutsu Kaisen,comic,ch. 120,NA,NA,Kills Nanami Kento in front of Yuji.,shown
jujutsu-kaisen,mahito,entry,Mahito,Jujutsu Kaisen,comic,ch. 29–30,NA,NA,"Opens Self-Embodiment of Perfection against Kento Nanami, well before Shibuya.",shown
jujutsu-kaisen,mahito,entry,Mahito,Jujutsu Kaisen,comic,ch. 81–82,NA,NA,Opens Self-Embodiment of Perfection again against Kokichi Muta in Mode Absolute.,shown
jujutsu-kaisen,mahito,entry,Mahito,Jujutsu Kaisen,comic,"ch. 130, p. 6-7",NA,NA,"Opens Self-Embodiment of Perfection in Shibuya against Yuji Itadori and Aoi Todo, and uses Idle Transfiguration on Todo without touching him.",shown
jujutsu-kaisen,mahito,entry,Mahito,Jujutsu Kaisen,comic,ch. 30,NA,NA,Inside the domain his technique is said to reach a soul without his hand landing on it.,stated
jujutsu-kaisen,mahito,entry,Mahito,Jujutsu Kaisen,comic,ch. 132,NA,NA,Yuji Itadori beats him down to a fragment that cannot hold its shape.,shown
jujutsu-kaisen,mahito,entry,Mahito,Jujutsu Kaisen,comic,ch. 133,NA,NA,Kenjaku absorbs what is left of Mahito before the fight ends.,shown
jujutsu-kaisen,dagon,entry,Dagon,Jujutsu Kaisen,comic,ch. 107,NA,NA,"Opens Horizon of the Captivating Skandha with Nanami, Maki and Naobito Zenin inside it.",shown
jujutsu-kaisen,dagon,entry,Dagon,Jujutsu Kaisen,comic,ch. 108,NA,NA,The three of them are cut apart by the domain's shikigami without breaching the barrier.,shown
jujutsu-kaisen,dagon,entry,Dagon,Jujutsu Kaisen,comic,ch. 109,NA,NA,Toji Fushiguro enters the domain through a hole Megumi Fushiguro had made while trying to escape it.,shown
jujutsu-kaisen,dagon,entry,Dagon,Jujutsu Kaisen,comic,ch. 111,NA,NA,Toji Fushiguro kills Dagon.,shown
jujutsu-kaisen,jogo,entry,Jogo,Jujutsu Kaisen,comic,ch. 15,NA,NA,Opens Coffin of the Iron Mountain around Gojo.,shown
jujutsu-kaisen,jogo,entry,Jogo,Jujutsu Kaisen,comic,ch. 15,NA,NA,Gojo opens Unlimited Void and Jogo's domain gives way.,shown
jujutsu-kaisen,jogo,entry,Jogo,Jujutsu Kaisen,comic,ch. 84,NA,NA,Burns through the people forced down onto the tracks at Shibuya station.,shown
jujutsu-kaisen,jogo,entry,Jogo,Jujutsu Kaisen,comic,ch. 116,NA,NA,Is burned to death by Sukuna.,shown
jujutsu-kaisen,jogo,entry,Jogo,Jujutsu Kaisen,comic,ch. 116,NA,NA,"After Jogo has burned, Sukuna tells him in an afterlife exchange that he was the strongest of the cursed spirits.",stated
jujutsu-kaisen,megumi-fushiguro,entry,Megumi Fushiguro,Jujutsu Kaisen,comic,ch. 171,NA,NA,Megumi states that his Chimera Shadow Garden is incomplete.,stated
jujutsu-kaisen,megumi-fushiguro,entry,Megumi Fushiguro,Jujutsu Kaisen,comic,ch. 170,NA,NA,Opens Chimera Shadow Garden against Reggie Star in the Culling Game.,shown
jujutsu-kaisen,megumi-fushiguro,entry,Megumi Fushiguro,Jujutsu Kaisen,comic,ch. 117,NA,NA,The Ten Shadows Technique is said to kill any user who fails to subdue Mahoraga.,stated
jujutsu-kaisen,megumi-fushiguro,entry,Megumi Fushiguro,Jujutsu Kaisen,comic,ch. 58,NA,NA,Declines to summon Mahoraga against the finger bearer and opens his incomplete domain instead.,shown
jujutsu-kaisen,megumi-fushiguro,entry,Megumi Fushiguro,Jujutsu Kaisen,comic,ch. 117,NA,NA,Summons Mahoraga in Shibuya against Haruta Shigemo.,shown
jujutsu-kaisen,megumi-fushiguro,entry,Megumi Fushiguro,Jujutsu Kaisen,comic,ch. 117,NA,NA,Says he does not expect to survive the summoning.,stated
jujutsu-kaisen,toji-fushiguro,entry,Toji Fushiguro,Jujutsu Kaisen,comic,ch. 77,NA,NA,Toji is born with a Heavenly Restriction leaving him no cursed energy and a body far past human limits.,stated
jujutsu-kaisen,toji-fushiguro,entry,Toji Fushiguro,Jujutsu Kaisen,comic,ch. 73,NA,NA,Toji stores his cursed tools inside a cursed spirit he carries as an inventory.,stated
jujutsu-kaisen,toji-fushiguro,entry,Toji Fushiguro,Jujutsu Kaisen,comic,ch. 72,NA,NA,Puts a blade through Gojo Satoru and leaves him for dead.,shown
jujutsu-kaisen,toji-fushiguro,entry,Toji Fushiguro,Jujutsu Kaisen,comic,ch. 71,NA,NA,"The weapon is named as the Inverted Spear of Heaven, which negates a cursed technique it touches.",stated
jujutsu-kaisen,toji-fushiguro,entry,Toji Fushiguro,Jujutsu Kaisen,comic,ch. 72,NA,NA,Kills Riko Amanai with a single shot.,shown
jujutsu-kaisen,toji-fushiguro,entry,Toji Fushiguro,Jujutsu Kaisen,comic,ch. 75,NA,NA,Gojo Satoru kills him at the end of the Star Plasma Vessel escort.,shown
jujutsu-kaisen,toji-fushiguro,entry,Toji Fushiguro,Jujutsu Kaisen,comic,ch. 75,NA,NA,Tells Gojo as he dies that his son will be sold to the Zenin clan in a couple of years.,stated
jujutsu-kaisen,toji-fushiguro,entry,Toji Fushiguro,Jujutsu Kaisen,comic,ch. 79,NA,NA,"The handover never takes place, because Gojo Satoru reaches Megumi first.",stated
jujutsu-kaisen,toji-fushiguro,entry,Toji Fushiguro,Jujutsu Kaisen,comic,ch. 111,NA,NA,Fights in Shibuya in the body of Granny Ogami's grandson.,shown
jujutsu-kaisen,toji-fushiguro,entry,Toji Fushiguro,Jujutsu Kaisen,comic,ch. 95,NA,NA,Granny Ogami's Séance Technique is what turns her grandson into Toji Fushiguro.,stated
jujutsu-kaisen,toji-fushiguro,entry,Toji Fushiguro,Jujutsu Kaisen,comic,ch. 98,NA,NA,"Ogami cannot control him, because his heavenly gifted body overwrites her grandson's soul.",stated
jujutsu-kaisen,toji-fushiguro,entry,Toji Fushiguro,Jujutsu Kaisen,comic,ch. 113,NA,NA,Comes back to himself and asks Megumi for his surname.,stated
jujutsu-kaisen,toji-fushiguro,entry,Toji Fushiguro,Jujutsu Kaisen,comic,ch. 113,NA,NA,Kills himself where he stands.,shown
jujutsu-kaisen,toji-fushiguro,entry,Toji Fushiguro,Jujutsu Kaisen,comic,ch. 113,NA,NA,The suicide follows Megumi's answer.,stated
jujutsu-kaisen,maki-zenin,entry,Maki Zenin,Jujutsu Kaisen 0,comic,ch. 3,NA,NA,Fights among the school's defenders at Jujutsu High on the night of the parade.,shown
jujutsu-kaisen,maki-zenin,entry,Maki Zenin,Jujutsu Kaisen,comic,ch. 149,NA,NA,"Twins are treated as the same person in jujutsu, and Mai was born with the innate technique and most of the cursed energy.",stated
jujutsu-kaisen,maki-zenin,entry,Maki Zenin,Jujutsu Kaisen,comic,ch. 149,NA,NA,"Maki's Heavenly Restriction is her own, suppressed by the cursed energy she still carried.",stated
jujutsu-kaisen,maki-zenin,entry,Maki Zenin,Jujutsu Kaisen,comic,ch. 149,NA,NA,Mai dies producing a cursed tool for Maki.,shown
jujutsu-kaisen,maki-zenin,entry,Maki Zenin,Jujutsu Kaisen,comic,ch. 149,NA,NA,After Mai's death Maki has no cursed energy at all.,stated
jujutsu-kaisen,maki-zenin,entry,Maki Zenin,Jujutsu Kaisen,comic,ch. 149,NA,NA,Her physical ability is placed level with Toji Fushiguro's.,scaled
jujutsu-kaisen,maki-zenin,entry,Maki Zenin,Jujutsu Kaisen,comic,ch. 150,NA,NA,Kills the Zenin sorcerers who come at her at the family estate.,shown
jujutsu-kaisen,kokichi-muta,entry,Kokichi Muta,Jujutsu Kaisen,comic,ch. 38,NA,NA,Muta's Heavenly Restriction leaves him a body that cannot function.,stated
jujutsu-kaisen,kokichi-muta,entry,Kokichi Muta,Jujutsu Kaisen,comic,ch. 38,NA,NA,The restriction returns him an exceptional cursed energy output.,stated
jujutsu-kaisen,kokichi-muta,entry,Kokichi Muta,Jujutsu Kaisen,comic,"ch. 79, p. 12",NA,NA,It also returns a technique whose range covers the country.,stated
jujutsu-kaisen,kokichi-muta,entry,Kokichi Muta,Jujutsu Kaisen,comic,ch. 38,NA,NA,Is drawn immobile in a bath in a remote cave while the Mechamaru puppet fights at the Goodwill Event.,shown
jujutsu-kaisen,kokichi-muta,entry,Kokichi Muta,Jujutsu Kaisen,comic,ch. 38,NA,NA,Divulged his own Heavenly Restriction to Panda at the Goodwill Event.,stated
jujutsu-kaisen,kokichi-muta,entry,Kokichi Muta,Jujutsu Kaisen,comic,ch. 79,NA,NA,Passed information on Jujutsu High to Mahito in return for a healthy body.,stated
jujutsu-kaisen,kokichi-muta,entry,Kokichi Muta,Jujutsu Kaisen,comic,"ch. 79, p. 15-21",NA,NA,Mahito is warned off breaking the binding vow and instead uses Idle Transfiguration to restore Kokichi Muta's body to perfect condition.,shown
jujutsu-kaisen,kokichi-muta,entry,Kokichi Muta,Jujutsu Kaisen,comic,ch. 80,NA,NA,"Mode Absolute runs on the seventeen years, five months and six days of cursed energy he had collected over his whole lifespan.",stated
jujutsu-kaisen,kokichi-muta,entry,Kokichi Muta,Jujutsu Kaisen,comic,ch. 80–82,NA,NA,Fights Mahito in Ultimate Mechamaru Mode Absolute.,shown
jujutsu-kaisen,kokichi-muta,entry,Kokichi Muta,Jujutsu Kaisen,comic,ch. 82,NA,NA,Mahito kills him.,shown
jujutsu-kaisen,kento-nanami,entry,Kento Nanami,Jujutsu Kaisen,comic,ch. 30,NA,NA,Nanami left jujutsu sorcery for a salaried job before returning to it.,stated
jujutsu-kaisen,kento-nanami,entry,Kento Nanami,Jujutsu Kaisen,comic,ch. 23,NA,NA,The Ratio Technique divides a target seven to three and opens a weak point at the division.,stated
jujutsu-kaisen,kento-nanami,entry,Kento Nanami,Jujutsu Kaisen,comic,ch. 23,NA,NA,"Overtime is a binding vow Nanami makes with himself, raising his cursed energy once his self-imposed working hours are past.",stated
jujutsu-kaisen,kento-nanami,entry,Kento Nanami,Jujutsu Kaisen,comic,ch. 20,NA,NA,Disclosing his technique to an opponent is a separate binding vow of Nanami's.,stated
jujutsu-kaisen,kento-nanami,entry,Kento Nanami,Jujutsu Kaisen,comic,ch. 120,NA,NA,Fights through a crowd of transfigured humans in Shibuya.,shown
jujutsu-kaisen,kento-nanami,entry,Kento Nanami,Jujutsu Kaisen,comic,ch. 120,NA,NA,Is killed by Mahito.,shown
jujutsu-kaisen,aoi-todo,entry,Aoi Todo,Jujutsu Kaisen,comic,ch. 51,NA,NA,Boogie Woogie swaps the positions of two things carrying cursed energy when Todo claps.,stated
jujutsu-kaisen,aoi-todo,entry,Aoi Todo,Jujutsu Kaisen,comic,ch. 50,NA,NA,Uses Boogie Woogie against Hanami at the Goodwill Event.,shown
jujutsu-kaisen,aoi-todo,entry,Aoi Todo,Jujutsu Kaisen,comic,ch. 127–130,NA,NA,"Fights Mahito alongside Yuji, swapping the two of them repeatedly.",shown
jujutsu-kaisen,aoi-todo,entry,Aoi Todo,Jujutsu Kaisen,comic,ch. 130,NA,NA,Triggers Boogie Woogie by clapping Mahito's hand with his own rather than both of his own.,shown
jujutsu-kaisen,aoi-todo,entry,Aoi Todo,Jujutsu Kaisen,comic,ch. 130,NA,NA,Loses a hand in the fight against Mahito.,shown
jujutsu-kaisen,aoi-todo,entry,Aoi Todo,Jujutsu Kaisen,comic,ch. 260,NA,NA,Uses a different trigger for Boogie Woogie at Shinjuku.,shown
jujutsu-kaisen,mei-mei,entry,Mei Mei,Jujutsu Kaisen,comic,ch. 40,NA,NA,Mei Mei says she works only for money.,stated
jujutsu-kaisen,mei-mei,entry,Mei Mei,Jujutsu Kaisen,comic,"ch. 86, p. 2-3",NA,NA,Black Bird Manipulation lets her control crows.,stated
jujutsu-kaisen,mei-mei,entry,Mei Mei,Jujutsu Kaisen,comic,ch. 86,NA,NA,She sees through the crows she controls.,stated
jujutsu-kaisen,mei-mei,entry,Mei Mei,Jujutsu Kaisen,comic,ch. 86,NA,NA,Sends crows through the Shibuya Incident.,shown
jujutsu-kaisen,mei-mei,entry,Mei Mei,Jujutsu Kaisen,comic,ch. 102,NA,NA,Bird Strike sends a crow into a target as a kamikaze impact.,shown
jujutsu-kaisen,toge-inumaki,entry,Toge Inumaki,Jujutsu Kaisen,comic,ch. 41,NA,NA,Cursed Speech compels whoever hears it to do what the word says.,stated
jujutsu-kaisen,toge-inumaki,entry,Toge Inumaki,Jujutsu Kaisen,comic,"ch. 33, p. 5",NA,NA,Using Cursed Speech injures the speaker's own throat.,stated
jujutsu-kaisen,toge-inumaki,entry,Toge Inumaki,Jujutsu Kaisen,comic,ch. 33,NA,NA,Inumaki keeps his everyday vocabulary to rice-ball ingredients to avoid issuing a command by accident.,stated
jujutsu-kaisen,toge-inumaki,entry,Toge Inumaki,Jujutsu Kaisen 0,comic,ch. 3,NA,NA,Fights at Jujutsu High on the night of the parade.,shown
jujutsu-kaisen,toge-inumaki,entry,Toge Inumaki,Jujutsu Kaisen,comic,"ch. 46, p. 16-17",NA,NA,Orders Hanami to blast away at the Goodwill Event.,stated
jujutsu-kaisen,toge-inumaki,entry,Toge Inumaki,Jujutsu Kaisen,comic,ch. 46,NA,NA,Coughs blood immediately afterwards.,shown
jujutsu-kaisen,toge-inumaki,entry,Toge Inumaki,Jujutsu Kaisen,comic,ch. 137,NA,NA,Loses an arm to an attack from Sukuna.,shown
jujutsu-kaisen,choso,entry,Choso,Jujutsu Kaisen,comic,"ch. 60, p. 14-15",NA,NA,"Choso is one of the Death Painting Wombs, made from a human woman and a cursed womb.",stated
jujutsu-kaisen,choso,entry,Choso,Jujutsu Kaisen,comic,ch. 101,NA,NA,Fires his own blood as a piercing projectile at Yuji Itadori.,shown
jujutsu-kaisen,choso,entry,Choso,Jujutsu Kaisen,comic,"ch. 103, p. 14-15",NA,NA,Flowing Red Scale is described as raising his own blood pressure for a limited stretch of time.,stated
jujutsu-kaisen,choso,entry,Choso,Jujutsu Kaisen,comic,ch. 259,NA,NA,Throws a dome of his own blood over Yuji Itadori against a flame filling the whole domain.,shown
jujutsu-kaisen,choso,entry,Choso,Jujutsu Kaisen,comic,ch. 259,NA,NA,Dies holding the blood dome up.,shown
jujutsu-kaisen,uraume,entry,Uraume,Jujutsu Kaisen,comic,ch. 116,NA,NA,Uraume is said to have served Ryomen Sukuna during his own lifetime a thousand years earlier.,stated
jujutsu-kaisen,uraume,entry,Uraume,Jujutsu Kaisen,comic,ch. 135,NA,NA,Ice Formation is named as Uraume's cursed technique.,stated
jujutsu-kaisen,uraume,entry,Uraume,Jujutsu Kaisen,comic,ch. 135,NA,NA,Freezes the ground and the air around Yuji Itadori and Choso in Shibuya.,shown
jujutsu-kaisen,uraume,entry,Uraume,Jujutsu Kaisen,comic,ch. 268,NA,NA,Uraume dies at Shinjuku in the body they had been occupying.,shown
jujutsu-kaisen,hanami,entry,Hanami,Jujutsu Kaisen,comic,ch. 10,NA,NA,"Sits at a table with Jogo, Dagon and Suguru Geto's body planning against the sorcerers.",shown
jujutsu-kaisen,hanami,entry,Hanami,Jujutsu Kaisen,comic,"ch. 49, p. 11-12",NA,NA,Hanami's cursed technique produces cursed plants out of cursed energy.,stated
jujutsu-kaisen,hanami,entry,Hanami,Jujutsu Kaisen,comic,ch. 48–51,NA,NA,Fights Yuji Itadori and Aoi Todo at the Goodwill Event.,shown
jujutsu-kaisen,hanami,entry,Hanami,Jujutsu Kaisen,comic,ch. 53,NA,NA,"Survives Gojo's Hollow Purple at the Goodwill Event, barely clinging to life.",shown
jujutsu-kaisen,hanami,entry,Hanami,Jujutsu Kaisen,comic,ch. 85,NA,NA,Gojo kills Hanami in Shibuya.,shown
jujutsu-kaisen,naoya-zenin,entry,Naoya Zenin,Jujutsu Kaisen,comic,"ch. 111, p. 12-13",NA,NA,Projection Sorcery divides one second into twenty-four frames.,stated
jujutsu-kaisen,naoya-zenin,entry,Naoya Zenin,Jujutsu Kaisen,comic,"ch. 106, p. 11-14",NA,NA,Anyone touched by the technique who cannot match its frame rate is frozen for one second.,stated
jujutsu-kaisen,naoya-zenin,entry,Naoya Zenin,Jujutsu Kaisen,comic,ch. 152,NA,NA,"Maki's mother walks up behind him at the family estate and stabs him in the back, and he dies without fighting back.",shown
jujutsu-kaisen,naoya-zenin,entry,Naoya Zenin,Jujutsu Kaisen,comic,ch. 191,NA,NA,Returns after his death as a cursed spirit.,shown
jujutsu-kaisen,naoya-zenin,entry,Naoya Zenin,Jujutsu Kaisen,comic,ch. 198,NA,NA,Maki Zenin kills the cursed spirit he comes back as.,shown
jujutsu-kaisen,yuki-tsukumo,entry,Yuki Tsukumo,Jujutsu Kaisen,comic,"ch. 136, p. 1-4",NA,NA,Yuki Tsukumo says she is looking for a way to do away with cursed energy altogether.,stated
jujutsu-kaisen,yuki-tsukumo,entry,Yuki Tsukumo,Jujutsu Kaisen,comic,ch. 205,NA,NA,Star Rage is described as adding virtual mass to whatever it is applied to.,stated
jujutsu-kaisen,yuki-tsukumo,entry,Yuki Tsukumo,Jujutsu Kaisen,comic,ch. 203–208,NA,NA,Fights Kenjaku during the Culling Game.,shown
jujutsu-kaisen,nobara-kugisaki,entry,Nobara Kugisaki,Jujutsu Kaisen,comic,"ch. 5, p. 12-13",NA,NA,Resonance transfers damage through a piece of the target placed in a straw doll.,stated
jujutsu-kaisen,nobara-kugisaki,entry,Nobara Kugisaki,Jujutsu Kaisen,comic,ch. 123,NA,NA,Drives a nail into a fragment of a body Mahito had separated from himself.,shown
jujutsu-kaisen,nobara-kugisaki,entry,Nobara Kugisaki,Jujutsu Kaisen,comic,ch. 123,NA,NA,Mahito is visibly injured while she strikes the fragment rather than him.,shown
jujutsu-kaisen,nobara-kugisaki,entry,Nobara Kugisaki,Jujutsu Kaisen,comic,ch. 124,NA,NA,Mahito touches her face and she collapses.,shown
jujutsu-kaisen,nobara-kugisaki,entry,Nobara Kugisaki,Jujutsu Kaisen,comic,ch. 268,NA,NA,Appears alive after the Shinjuku Showdown.,shown
jujutsu-kaisen,hana-kurusu,entry,Hana Kurusu,Jujutsu Kaisen,comic,"ch. 199, p. 12-19",NA,NA,Hana Kurusu shares her body with an incarnated Heian-era human sorcerer known as Angel.,stated
jujutsu-kaisen,hana-kurusu,entry,Hana Kurusu,Jujutsu Kaisen,comic,ch. 213,NA,NA,Jacob's Ladder is said to undo the effect of a cursed technique.,stated
jujutsu-kaisen,hana-kurusu,entry,Hana Kurusu,Jujutsu Kaisen,comic,ch. 221,NA,NA,Uses Jacob's Ladder on the Prison Realm's Back to release Gojo Satoru.,shown
jujutsu-kaisen,reggie-star,entry,Reggie Star,Jujutsu Kaisen,comic,ch. 170,NA,NA,Reggie Star's cursed technique turns a receipt into the object the receipt was written for.,stated
jujutsu-kaisen,reggie-star,entry,Reggie Star,Jujutsu Kaisen,comic,ch. 171,NA,NA,Produces a car out of a receipt during his fight with Megumi Fushiguro.,shown
jujutsu-kaisen,reggie-star,entry,Reggie Star,Jujutsu Kaisen,comic,ch. 172–173,NA,NA,Megumi Fushiguro kills him in the Culling Game.,shown
jujutsu-kaisen,panda,entry,Panda,Jujutsu Kaisen,comic,ch. 38,NA,NA,Panda is a cursed corpse built by Masamichi Yaga.,stated
jujutsu-kaisen,panda,entry,Panda,Jujutsu Kaisen,comic,ch. 39,NA,NA,Panda says he carries three cores rather than the one a cursed corpse normally has.,stated
jujutsu-kaisen,panda,entry,Panda,Jujutsu Kaisen,comic,ch. 39,NA,NA,Switches to the gorilla core against Mechamaru at the Goodwill Event.,shown
jujutsu-kaisen,panda,entry,Panda,Jujutsu Kaisen 0,comic,ch. 3,NA,NA,Fights at Jujutsu High on the night of the parade.,shown
jujutsu-kaisen,naobito-zenin,entry,Naobito Zenin,Jujutsu Kaisen,comic,ch. 106,NA,NA,Naobito Zenin is the head of the Zenin clan.,stated
jujutsu-kaisen,naobito-zenin,entry,Naobito Zenin,Jujutsu Kaisen,comic,ch. 109,NA,NA,Uses Projection Sorcery against Dagon inside its domain.,shown
jujutsu-kaisen,naobito-zenin,entry,Naobito Zenin,Jujutsu Kaisen,comic,ch. 111,NA,NA,Is caught in Jogo's flames in Shibuya.,shown
jujutsu-kaisen,naobito-zenin,entry,Naobito Zenin,Jujutsu Kaisen,comic,ch. 138,NA,NA,Naobito Zenin dies of the burns.,stated
jujutsu-kaisen,atsuya-kusakabe,entry,Atsuya Kusakabe,Jujutsu Kaisen,comic,ch. 88,NA,NA,Mei Mei calls Kusakabe the only sorcerer of his grade to reach it without an innate cursed technique.,stated
jujutsu-kaisen,atsuya-kusakabe,entry,Atsuya Kusakabe,Jujutsu Kaisen,comic,ch. 82,NA,NA,New Shadow Style's Simple Domain is described as a counter to a domain expansion.,stated
jujutsu-kaisen,atsuya-kusakabe,entry,Atsuya Kusakabe,Jujutsu Kaisen,comic,ch. 253–254,NA,NA,Fights Sukuna at Shinjuku alongside the other sorcerers.,shown
jujutsu-kaisen,noritoshi-kamo,entry,Noritoshi Kamo,Jujutsu Kaisen,comic,ch. 43,NA,NA,Blood Manipulation is named as the Kamo clan's inherited technique.,stated
jujutsu-kaisen,noritoshi-kamo,entry,Noritoshi Kamo,Jujutsu Kaisen,comic,ch. 45,NA,NA,Fires his own blood as a projectile at the Goodwill Event.,shown
jujutsu-kaisen,yoshinobu-gakuganji,entry,Yoshinobu Gakuganji,Jujutsu Kaisen,comic,ch. 32,NA,NA,Gakuganji is the principal of Kyoto Jujutsu High.,stated
jujutsu-kaisen,yoshinobu-gakuganji,entry,Yoshinobu Gakuganji,Jujutsu Kaisen,comic,ch. 223,NA,NA,Gakuganji is a member of the jujutsu higher-ups.,stated
jujutsu-kaisen,yoshinobu-gakuganji,entry,Yoshinobu Gakuganji,Jujutsu Kaisen,comic,ch. 33,NA,NA,Instructs the Kyoto students to kill Yuji Itadori during the Goodwill Event.,stated
jujutsu-kaisen,yoshinobu-gakuganji,entry,Yoshinobu Gakuganji,Jujutsu Kaisen,comic,ch. 52,NA,NA,Delivers his cursed technique through an electric guitar.,shown
jujutsu-kaisen,yoshinobu-gakuganji,entry,Yoshinobu Gakuganji,Jujutsu Kaisen,comic,ch. 52,NA,NA,The guitar's sound is said to carry his cursed energy into whatever it is aimed at.,stated
jujutsu-kaisen,miguel-oduol,entry,Miguel,Jujutsu Kaisen 0,comic,ch. 4,NA,NA,Fights Gojo Satoru in Shinjuku on the night of the parade.,shown
jujutsu-kaisen,miguel-oduol,entry,Miguel,Jujutsu Kaisen 0,comic,ch. 4,NA,NA,"The Black Rope is said to interfere with a cursed technique, Limitless included.",stated
jujutsu-kaisen,miguel-oduol,entry,Miguel,Jujutsu Kaisen,comic,ch. 145,NA,NA,Miguel says the Black Rope took years of work to make and cannot easily be replaced.,stated
jujutsu-kaisen,kasumi-miwa,entry,Kasumi Miwa,Jujutsu Kaisen,comic,ch. 38,NA,NA,Miwa fights with the New Shadow Style rather than an innate cursed technique.,stated
jujutsu-kaisen,kasumi-miwa,entry,Kasumi Miwa,Jujutsu Kaisen,comic,ch. 40,NA,NA,Uses Simple Domain at the Goodwill Event.,shown
jujutsu-kaisen,kasumi-miwa,entry,Kasumi Miwa,Jujutsu Kaisen,comic,ch. 40,NA,NA,Loses her sword to Maki Zenin at the Goodwill Event.,shown
jujutsu-kaisen,tengen,entry,Master Tengen,Jujutsu Kaisen,comic,ch. 53,NA,NA,Tengen's barrier techniques shelter the jujutsu schools.,stated
jujutsu-kaisen,tengen,entry,Master Tengen,Jujutsu Kaisen,comic,ch. 66,NA,NA,Merging with a Star Plasma Vessel roughly every five hundred years is what stops Tengen evolving further.,stated
jujutsu-kaisen,tengen,entry,Master Tengen,Jujutsu Kaisen,comic,ch. 145,NA,NA,"Having failed to merge with a Star Plasma Vessel, Tengen evolved into more cursed spirit than human.",stated
jujutsu-kaisen,tengen,entry,Master Tengen,Jujutsu Kaisen,comic,ch. 145,NA,NA,Tengen's terms are information in exchange for at least two of the three special grades present staying at the Tomb as guards; Yuki Tsukumo and Choso are the two who volunteer.,stated
jujutsu-kaisen,tengen,entry,Master Tengen,Jujutsu Kaisen,comic,ch. 145,NA,NA,Tengen states that Kenjaku's plan is to merge Tengen with the people of Japan.,stated
jujutsu-kaisen,tengen,entry,Master Tengen,Jujutsu Kaisen,comic,ch. 145,NA,NA,"Tengen states the barrier route is closed to Kenjaku, because Idle Transfiguration through it would take enormous amounts of cursed energy.",stated
jujutsu-kaisen,riko-amanai,entry,Riko Amanai,Jujutsu Kaisen,comic,ch. 66,NA,NA,"Riko Amanai is designated the Star Plasma Vessel, the person required to merge with Tengen.",stated
jujutsu-kaisen,riko-amanai,entry,Riko Amanai,Jujutsu Kaisen,comic,ch. 66,NA,NA,A group opposed to the merger hires Toji Fushiguro to prevent it.,stated
jujutsu-kaisen,riko-amanai,entry,Riko Amanai,Jujutsu Kaisen,comic,ch. 72,NA,NA,Riko Amanai says she would rather stay and spend more time with everyone than merge with Tengen.,stated
jujutsu-kaisen,riko-amanai,entry,Riko Amanai,Jujutsu Kaisen,comic,ch. 72,NA,NA,Toji Fushiguro shoots Riko Amanai dead moments before she reaches Tengen.,shown
jujutsu-kaisen,higher-ups,entry,The jujutsu higher-ups,Jujutsu Kaisen 0,comic,ch. 2,NA,NA,The higher-ups sentence Yuta Okkotsu to death.,stated
jujutsu-kaisen,higher-ups,entry,The jujutsu higher-ups,Jujutsu Kaisen 0,comic,ch. 1,NA,NA,Gojo proposes enrolling Yuta at the school in place of the execution.,stated
jujutsu-kaisen,higher-ups,entry,The jujutsu higher-ups,Jujutsu Kaisen,comic,ch. 2,NA,NA,Yuji Itadori is sentenced to death for consuming Sukuna's finger.,stated
jujutsu-kaisen,higher-ups,entry,The jujutsu higher-ups,Jujutsu Kaisen,comic,ch. 2,NA,NA,Gojo secures a postponement of Yuji's sentence until Yuji has consumed the remaining fingers.,stated
marvel,the-beyonders,entry,The Beyonders,New Avengers,comic,vol. 3 #29–33,2015,NA,Named as the killers of the Living Tribunal and the cause of the incursions destroying the multiverse.,stated
marvel,the-beyonders,entry,The Beyonders,Secret Wars,comic,NA,2015,NA,"The multiverse ends, leaving one patchwork world assembled from the survivors.",shown
marvel,molecule-man,entry,Molecule Man,New Avengers,comic,vol. 3 #29–33,2015,NA,A Molecule Man exists in every universe as the Beyonders' means of destroying it.,stated
marvel,molecule-man,entry,Molecule Man,Secret Wars,comic,NA,2015,NA,"Cuts Doom off mid-fight, then hands the power to Reed Richards to rebuild with.",shown
marvel,thanos,entry,Thanos,Marvel Universe: The End,comic,NA,2003,NA,"Wields the Heart of the Universe, erases all existence, then restores it whole.",shown
marvel,thanos,entry,Thanos,The Infinity Gauntlet,comic,NA,1991,NA,"Erases half of all living things with a gesture, then defeats Eternity.",shown
marvel,thanos,entry,Thanos,Avengers: Infinity War,film,NA,2018,NA,Completes the Gauntlet and erases half of all life across the universe.,shown
marvel,doctor-doom,entry,Doctor Doom,Secret Wars,comic,NA,2015,NA,"Takes the Beyonders' power, assembles Battleworld from dead universes, and rules it as God Emperor.",shown
marvel,doctor-doom,entry,Doctor Doom,Secret Wars,comic,NA,2015,NA,"Holds it together for eight years, having rewritten what its people remember.",stated
marvel,franklin-richards,entry,Franklin Richards,Heroes Reborn: The Return,comic,NA,1997,NA,The pocket world the apparently dead heroes have been living in is revealed as his creation.,shown
marvel,franklin-richards,entry,Franklin Richards,Fantastic Four,comic,#604–605,2012,NA,"The mature Franklin restores and empowers Galactus, who becomes his herald.",stated
marvel,scarlet-witch,entry,Scarlet Witch,House of M,comic,NA,2005,NA,"Rewrites reality into a world ruled by mutants, with everyone's memories rewritten to match.",shown
marvel,scarlet-witch,entry,Scarlet Witch,House of M,comic,NA,2005,NA,Strips the powers of roughly 98% of the world's mutants with one sentence; the survivors are later counted at 198.,stated
marvel,scarlet-witch,entry,Scarlet Witch,WandaVision,episode,NA,2021,NA,"Holds the town of Westview and its 3,892 residents inside a constructed reality against their will.",shown
marvel,hulk,entry,Hulk,The Immortal Hulk,comic,NA,2019,NA,"In the Ninth Cosmos the One Below All destroys Banner's soul, takes the body, and reshapes it into the Breaker of Worlds.",shown
marvel,hulk,entry,Hulk,Hulk: Future Imperfect,comic,NA,1992,NA,"As Maestro, rules the last city on a post-nuclear Earth, having absorbed the radiation that killed everyone else.",shown
marvel,hulk,entry,Hulk,World War Hulk,comic,NA,2007,NA,Defeats the assembled heroes and occupies Manhattan.,shown
marvel,hulk,entry,Hulk,The Immortal Hulk,comic,NA,2018,NA,"Returns from every death through the Green Door, which opens onto the Below-Place.",shown
marvel,jean-grey,entry,Jean Grey,The Uncanny X-Men,comic,"#135, The Dark Phoenix Saga",1980,NA,"Consumes the D'Bari star, which goes supernova and kills the five billion people in the system.",shown
marvel,jean-grey,entry,Jean Grey,The Uncanny X-Men,comic,#136–137,1980,NA,The Shi'ar respond by treating her as a threat to the galaxy requiring her execution.,shown
marvel,knull,entry,Knull,Venom,comic,NA,2018,NA,Forges All-Black from living darkness and decapitates a Celestial with it.,shown
marvel,knull,entry,Knull,King in Black,comic,NA,2020,NA,Blankets Earth in darkness and takes control of most of its heroes.,shown
marvel,galactus,entry,Galactus,Fantastic Four,comic,#48–50,1966,NA,"Introduced preparing to consume Earth, with the worlds already eaten described rather than seen.",stated
marvel,galactus,entry,Galactus,Thor,comic,#168–169,1969,NA,"Given an origin as Galan of Taa, the sole survivor of a world killed by plague.",stated
marvel,onslaught,entry,Onslaught,X-Men,comic,"vol. 2 #25, Fatal Attractions",1993,NA,"Xavier shuts down Magneto's mind, and Magneto's rage floods into his own.",shown
marvel,onslaught,entry,Onslaught,Onslaught: Marvel Universe,comic,NA,1996,NA,Is stopped only when the assembled heroes throw themselves into him and are apparently killed.,shown
marvel,mad-jim-jaspers,entry,Mad Jim Jaspers,Marvel Super-Heroes,comic,#377–388,1982,NA,"The Earth-238 Jaspers warps that world into a distorted version of itself, and builds the Fury.",shown
marvel,mad-jim-jaspers,entry,Mad Jim Jaspers,The Mighty World of Marvel,comic,vol. 2 #7–13,1984,NA,"His Earth-616 counterpart is killed by the Fury, dragged into un-space where there is nothing left to alter.",shown
marvel,korvac,entry,Michael Korvac,The Avengers,comic,"#177, The Korvac Saga",1978,NA,Kills most of the assembled Avengers and Guardians of the Galaxy in one engagement.,shown
marvel,korvac,entry,Michael Korvac,The Avengers,comic,NA,1978,NA,Obtains his power by accessing Galactus's own systems aboard his ship.,stated
marvel,chaos-king,entry,Chaos King,Chaos War,comic,NA,2010,NA,Overruns the realms of the dead and kills Nightmare; Eternity refuses to face him at all.,shown
marvel,chaos-king,entry,Chaos King,Chaos War,comic,NA,2010,NA,Amadeus Cho calculates that he has by then consumed most of the multiverse.,stated
marvel,thor,entry,Thor,Thor,comic,vol. 2 #80–85,2004,NA,"Gives up his remaining eye and hangs himself on Yggdrasil for the runes, then unmakes the cycle of Ragnarök.",shown
marvel,thor,entry,Thor,Avengers: Infinity War,film,NA,2018,NA,Withstands the full output of a neutron star to forge Stormbreaker.,shown
marvel,silver-surfer,entry,Silver Surfer,Fantastic Four,comic,#48–50,1966,NA,Endowed with the Power Cosmic by Galactus and employed to locate inhabited worlds for consumption.,stated
marvel,silver-surfer,entry,Silver Surfer,Fantastic Four,comic,#50,1966,NA,"Turns on Galactus over Earth, and is stripped of his freedom of space and confined here for it.",shown
marvel,iron-man,entry,Iron Man,Iron Man,comic,NA,2013,NA,The Aspirants' Godkiller rejects Tony as a pilot; his brother Arno was the intended one.,shown
marvel,iron-man,entry,Iron Man,Avengers,comic,vol. 8 #5,2018,NA,"Pilots the Godkiller Mk II, of his own construction, against the Dark Celestials.",shown
marvel,iron-man,entry,Iron Man,Avengers: Endgame,film,NA,2019,NA,"Takes the Infinity Stones into a gauntlet of his own making and uses them, dying of it.",shown
marvel,the-sentry,entry,The Sentry,Siege,comic,NA,2010,NA,Tears Ares apart with his hands in the middle of a battle.,shown
marvel,the-sentry,entry,The Sentry,The Sentry,comic,NA,2000,NA,His power is described as that of a million exploding suns.,stated
marvel,magneto,entry,Magneto,X-Men,comic,"vol. 2 #25, Fatal Attractions",1993,NA,"Extracts the adamantium from Wolverine's skeleton out through his skin, at a distance.",shown
marvel,magneto,entry,Magneto,X-Men,comic,#1,1963,NA,Seizes the Cape Citadel missile base single-handed in his first appearance.,shown
marvel,deadpool,entry,Deadpool,Deadpool,comic,#64,2002,NA,"Thanos, jealous that Death loves him, curses him with life so the two can never meet.",stated
marvel,deadpool,entry,Deadpool,Deadpool Kills the Marvel Universe,comic,NA,2012,NA,"As Dreadpool, kills every hero and villain in his own continuity.",shown
marvel,the-one-above-all,entry,The One Above All,Strange Tales,comic,#157,1967,NA,The Living Tribunal is said to answer to a power above himself.,stated
marvel,the-one-above-all,entry,The One Above All,Fantastic Four,comic,vol. 3 #511,2004,NA,Appears to Reed Richards wearing Jack Kirby's face.,shown
marvel,the-one-below-all,entry,The One Below All,The Immortal Hulk,comic,NA,2018,NA,"Named as the inverse of the One Above All, dwelling at the base of the Below-Place.",stated
marvel,the-one-below-all,entry,The One Below All,The Immortal Hulk,comic,#25,2019,NA,"In the far future it kills Franklin Richards, Galactus and Mister Immortal, until nothing else is left alive.",shown
marvel,the-one-below-all,entry,The One Below All,The Immortal Hulk,comic,NA,2021,NA,"Possesses the Leader, who has stolen Banner's body, and is fought directly when it manifests.",shown
marvel,the-living-tribunal,entry,The Living Tribunal,Strange Tales,comic,#157,1967,NA,Introduced as the arbiter who maintains balance across the multiverse.,stated
marvel,the-living-tribunal,entry,The Living Tribunal,New Avengers,comic,#8,2013,NA,"His body is discovered dead on the Moon, with no explanation for two years.",shown
marvel,eternity,entry,Eternity,Strange Tales,comic,#138,1965,NA,Introduced as the personification of the universe itself.,stated
marvel,eternity,entry,Eternity,The Infinity Gauntlet,comic,NA,1991,NA,"Is defeated by Thanos wielding the completed Gauntlet, who then takes his place.",shown
monster-hunter,safi-jiiva,entry,Safi'jiiva,Monster Hunter World — Iceborne,game,"Safi'jiiva Siege, Secluded Valley",NA,NA,"Injured, it absorbs ambient bioenergy to heal and harden itself.",shown
monster-hunter,safi-jiiva,entry,Safi'jiiva,Monster Hunter World — Iceborne,game,"Safi'jiiva Siege, Secluded Valley",NA,NA,Draining an area of bioenergy forces it to relocate in search of more.,shown
monster-hunter,safi-jiiva,entry,Safi'jiiva,Monster Hunter World — Iceborne,game,"Hunter's Notes, Safi'jiiva",NA,NA,It absorbs energy from its environment to heal itself and change the ecosystem.,stated
monster-hunter,shara-ishvalda,entry,Shara Ishvalda,Monster Hunter World — Iceborne,game,"Assigned Quest, Paean of Guidance",NA,NA,It forms quicksand to trap hunters and tunnels through land as though it were water.,shown
monster-hunter,shara-ishvalda,entry,Shara Ishvalda,Monster Hunter World — Iceborne,game,"Hunter's Notes, Shara Ishvalda",NA,NA,Vibrations from its wingtips reshape the earth and deny hunters their footing.,stated
monster-hunter,shara-ishvalda,entry,Shara Ishvalda,Monster Hunter World — Iceborne,game,"Hunter's Notes size record, Shara Ishvalda",NA,NA,"It measures 2,910.91 centimetres.",shown
monster-hunter,xeno-jiiva,entry,Xeno'jiiva,Monster Hunter: World,game,"Assigned Quest, Land of Convergence",NA,NA,Its body erupts and its overflowing energy causes explosions in the surrounding area.,shown
monster-hunter,xeno-jiiva,entry,Xeno'jiiva,Monster Hunter: World,game,"Hunter's Notes, Xeno'jiiva",NA,NA,"Its relationship to the other elder dragons is unclear, as is its ecology.",stated
monster-hunter,xeno-jiiva,entry,Xeno'jiiva,Monster Hunter: World,game,"Assigned Quest, Land of Convergence",NA,NA,The quest names it as the point the New World's energy flow leads to.,stated
monster-hunter,alatreon,entry,Alatreon,Monster Hunter World — Iceborne,game,"Assigned Quest, Dawn's Triumph",NA,NA,Escaton Judgment releases an all-element shockwave across the locale.,shown
monster-hunter,alatreon,entry,Alatreon,Monster Hunter 3,game,"monster list, Alatreon",NA,NA,"Its actions can affect the weather, and the entry calls the species a living natural disaster.",stated
monster-hunter,alatreon,entry,Alatreon,Monster Hunter World — Iceborne,game,"Hunter's Notes, Alatreon",NA,NA,"It is rumoured to control all of the elements, and most records of its existence have been burned.",stated
monster-hunter,rajang,entry,Rajang,Monster Hunter World — Iceborne,game,"turf war, Guiding Lands",NA,NA,"Rajang defeats Kirin, an elder dragon, in a recorded turf war.",shown
monster-hunter,rajang,entry,Rajang,Monster Hunter World — Iceborne,game,"turf war list, Rajang",NA,NA,"Its matches against Kushala Daora, Lunastra, Teostra and Velkhana are each scored a draw with both damaged.",shown
monster-hunter,rajang,entry,Rajang,Monster Hunter Rise,game,"Hunter's Notes ecology tab, Rajang",NA,NA,"Rise rates it eight stars, the same rating it gives Teostra and Kushala Daora.",stated
monster-hunter,deviljho,entry,Deviljho,Monster Hunter World — Iceborne,game,"turf war list, Deviljho",NA,NA,"It defeats Diablos, Legiana and Rathalos, and draws with Bazelgeuse.",shown
monster-hunter,deviljho,entry,Deviljho,Monster Hunter: World,game,"field behaviour, all main locales",NA,NA,"It uses a carried monster as a weapon against another, damaging both.",shown
monster-hunter,deviljho,entry,Deviljho,Monster Hunter: World,game,"Hunter's Notes, Deviljho",NA,NA,"Its metabolism forces it to seek prey constantly, and it snatches large monsters in its maw.",stated
monster-hunter,vaal-hazak,entry,Vaal Hazak,Monster Hunter World — Iceborne,game,"turf war, Rotten Vale",NA,NA,It defeats Odogaron in a recorded turf war.,shown
monster-hunter,vaal-hazak,entry,Vaal Hazak,Monster Hunter World — Iceborne,game,"Rotten Vale, effluvium-drain behaviour",NA,NA,"Deprived of its effluvium it inhales the surrounding vapour, killing nearby small monsters to restock.",shown
monster-hunter,vaal-hazak,entry,Vaal Hazak,Monster Hunter: World,game,"Hunter's Notes, Vaal Hazak",NA,NA,It uses the vale's fatal vapour in what appears to be a symbiotic relationship.,stated
monster-hunter,black-diablos,entry,Black Diablos,Monster Hunter World — Iceborne,game,"turf war list, Black Diablos",NA,NA,"It defeats Barroth, Rathian and Pink Rathian, and loses to Savage Deviljho.",shown
monster-hunter,black-diablos,entry,Black Diablos,Monster Hunter World — Iceborne,game,"turf war, Wildspire Waste",NA,NA,Its match against an ordinary Diablos resolves randomly rather than to a fixed winner.,shown
monster-hunter,black-diablos,entry,Black Diablos,Monster Hunter: World,game,"Hunter's Notes, Black Diablos",NA,NA,"The black shell marks a female in heat, signalling heightened hostility to others in her habitat.",stated
monster-hunter,odogaron,entry,Odogaron,Monster Hunter World — Iceborne,game,"turf war list, Odogaron",NA,NA,"It defeats five monsters including Uragaan and Radobaan, and loses to Vaal Hazak.",shown
monster-hunter,odogaron,entry,Odogaron,Monster Hunter World — Iceborne,game,"Observable Ecology, Rotten Vale",NA,NA,It drags a Legiana carcass to its nest and adds it to a stockpile of meat.,shown
monster-hunter,odogaron,entry,Odogaron,Monster Hunter: World,game,"Hunter's Notes, Odogaron",NA,NA,"It scours the Rotten Vale for carrion and treats anything, monster or man, as a potential meal.",stated
monster-hunter,nergigante,entry,Nergigante,Monster Hunter: World,game,"Assignment, One for the History Books",NA,NA,It lands on Zorah Magdaros during the capture attempt and dislodges the binders restraining it.,shown
monster-hunter,nergigante,entry,Nergigante,Monster Hunter World — Iceborne,game,"turf war list, Nergigante",NA,NA,"Each of its matches against Kushala Daora, Teostra and Lunastra is scored a draw with both damaged.",shown
monster-hunter,nergigante,entry,Nergigante,Monster Hunter World — Iceborne,game,"Chief Ecologist dialogue, Astera",NA,NA,The ecologist says the only way to classify a monster that cannot be classified is to put it in the elder dragon pile.,stated
monster-hunter,teostra,entry,Teostra,Monster Hunter World — Iceborne,game,"Elder's Recess, Teostra",NA,NA,At maximum aura it flies up and releases a supernova that consumes the aura.,shown
monster-hunter,teostra,entry,Teostra,Monster Hunter World — Iceborne,game,"turf war list, Teostra",NA,NA,Its matches against Nergigante and Kushala Daora are each scored a draw with both damaged.,shown
monster-hunter,teostra,entry,Teostra,Monster Hunter: World,game,"Hunter's Notes, Teostra",NA,NA,The Guild closely monitors their movements because of how dangerous they are.,stated
monster-hunter,kushala-daora,entry,Kushala Daora,Monster Hunter World — Iceborne,game,"Elder's Recess, Kushala Daora",NA,NA,Its wind barrier deflects gunner shots and is strengthened by a second roar mid-hunt.,shown
monster-hunter,kushala-daora,entry,Kushala Daora,Monster Hunter World — Iceborne,game,"turf war, Elder's Recess",NA,NA,Its match against Nergigante is scored a draw with both damaged.,shown
monster-hunter,kushala-daora,entry,Kushala Daora,Monster Hunter: World,game,"Hunter's Notes, Kushala Daora",NA,NA,"It shields itself with fierce winds that prevent anyone approaching, and its skin is hard metallic scales.",stated
monster-hunter,lunastra,entry,Lunastra,Monster Hunter World — Iceborne,game,"Elder's Recess, Lunastra",NA,NA,Her attacks leave blue fire that ignites and spreads when struck by her own fire.,shown
monster-hunter,lunastra,entry,Lunastra,Monster Hunter: World,game,The Blazing Sun,NA,NA,With Teostra present and both enraged the two merge their supernovas into one wide attack.,shown
monster-hunter,lunastra,entry,Lunastra,Monster Hunter: World,game,"Hunter's Notes, Lunastra",NA,NA,Reports that she travels with her mate Teostra are still unconfirmed.,stated
monster-hunter,fatalis,entry,Fatalis,Monster Hunter World — Iceborne,game,"Hunter's Notes, Fatalis",NA,NA,It is rumoured to have destroyed a kingdom in a single night and taken its castle for a roost.,stated
monster-hunter,fatalis,entry,Fatalis,Monster Hunter World — Iceborne,game,"Assigned Quest, The Black Dragon",NA,NA,The commander's briefing calls it a fabled scourge while committing every nation to killing it.,stated
monster-hunter,fatalis,entry,Fatalis,Monster Hunter World — Iceborne,game,Castle Schrade,NA,NA,"The hunt takes place inside the ruined castle, which is shown already destroyed.",shown
monster-hunter,velkhana,entry,Velkhana,Monster Hunter World — Iceborne,game,"turf war list, Velkhana",NA,NA,All eleven of its turf wars are scored a draw with both monsters damaged.,shown
monster-hunter,velkhana,entry,Velkhana,Monster Hunter World — Iceborne,game,"Hunter's Notes, Velkhana",NA,NA,"It is said to freeze all in its path and, according to legend, conjures spires of ice.",stated
monster-hunter,kirin,entry,Kirin,Monster Hunter World — Iceborne,game,"turf war, Guiding Lands",NA,NA,Rajang defeats it in a recorded turf war.,shown
monster-hunter,kirin,entry,Kirin,Monster Hunter: World,game,"Hunter's Notes size record, Kirin",NA,NA,"It measures 536.26 centimetres, against 1,848.12 for Nergigante.",shown
monster-hunter,kirin,entry,Kirin,Monster Hunter: World,game,"Hunter's Notes, Kirin",NA,NA,Kirin are so rarely sighted that little is known of their ecology.,stated
monster-hunter,kirin,entry,Kirin,Monster Hunter: World,game,"Optional Quest, Gone in a Flash",NA,NA,An ordinary Kirin is the target of a five-star low-rank optional quest.,stated
monster-hunter,zorah-magdaros,entry,Zorah Magdaros,Monster Hunter: World,game,"Hunter's Notes, Zorah Magdaros",NA,NA,The Research Commission has not determined where it is travelling or why.,stated
monster-hunter,zorah-magdaros,entry,Zorah Magdaros,Monster Hunter: World,game,"Assigned Quest, A Colossal Task",NA,NA,The operation repels it toward open ocean rather than killing it.,shown
monster-hunter,zorah-magdaros,entry,Zorah Magdaros,Monster Hunter: World,game,"Assigned Quest, A Kestodon Kerfuffle",NA,NA,"Its arrival drives a Kestodon herd into new territory, which becomes the hunt.",stated
monster-hunter,dalamadur,entry,Dalamadur,Monster Hunter 4 Ultimate,game,"Hunter's Notes, Dalamadur",NA,NA,"Its only documented mention is in fairy tales, which claim it warps the surface of the world.",stated
monster-hunter,dalamadur,entry,Dalamadur,Monster Hunter 4 Ultimate,game,"Gathering Hall quest, Advanced — Speartip Menace",NA,NA,The Guildmaster issues the hunt while calling the monster a fairy tale.,stated
monster-hunter,dalamadur,entry,Dalamadur,Monster Hunter 4 Ultimate,game,Speartip Crag,NA,NA,Its tail digs a channel through the arena and it later destroys half the battlefield.,shown
naruto,isshiki-otsutsuki,entry,Isshiki Otsutsuki,Boruto: Naruto Next Generations,comic,Isshiki arc,2021,NA,Overwhelms Naruto and Sasuke together before Baryon Mode is used.,shown
naruto,isshiki-otsutsuki,entry,Isshiki Otsutsuki,Boruto: Naruto Next Generations,comic,Isshiki arc,2021,NA,"Outfought by Baryon Mode, then ends it by stomping Naruto out of the form rather than by outlasting it.",shown
naruto,kaguya-otsutsuki,entry,Kaguya Otsutsuki,Naruto,comic,Kaguya arc,2014,NA,"Fights Naruto, Sasuke, Sakura and Kakashi together to a standstill.",shown
naruto,kaguya-otsutsuki,entry,Kaguya Otsutsuki,Naruto,comic,Kaguya arc,2014,NA,Shifts between separate dimensions during combat.,shown
naruto,momoshiki-otsutsuki,entry,Momoshiki Otsutsuki,Boruto: Naruto Next Generations,comic,Momoshiki arc,2016,NA,Fights Six Paths Naruto and Rinnegan Sasuke together and nearly wins.,shown
naruto,madara-uchiha,entry,Madara Uchiha,Naruto,comic,Fourth Shinobi World War arc,2013,NA,Fights the assembled Five Kage simultaneously and defeats them.,shown
naruto,madara-uchiha,entry,Madara Uchiha,Naruto,comic,Fourth Shinobi World War arc,2014,NA,Becomes the Ten-Tails jinchuriki and engages the allied forces.,shown
naruto,naruto-uzumaki,entry,Naruto Uzumaki,Boruto: Naruto Next Generations,comic,Isshiki arc,2021,NA,Enters Baryon Mode and outfights Isshiki at the cost of his own lifespan.,shown
naruto,naruto-uzumaki,entry,Naruto Uzumaki,Naruto,comic,Konoha Crush arc,2002,NA,His promotion ceremony is interrupted and never rescheduled.,stated
naruto,naruto-uzumaki,entry,Naruto Uzumaki,Naruto,comic,Kaguya arc,2014,NA,Fights Kaguya alongside Sasuke in Six Paths Sage Mode.,shown
naruto,sasuke-uchiha,entry,Sasuke Uchiha,Naruto,comic,Fourth Shinobi World War arc,2014,NA,Fights Madara with the Rinnegan and a complete Susanoo.,shown
naruto,sasuke-uchiha,entry,Sasuke Uchiha,Boruto: Naruto Next Generations,comic,Momoshiki arc,2016,NA,Fights Momoshiki alongside Naruto.,shown
naruto,obito-uchiha,entry,Obito Uchiha,Naruto,comic,Fourth Shinobi World War arc,2013,NA,Becomes the Ten-Tails jinchuriki and fights the allied forces.,shown
naruto,obito-uchiha,entry,Obito Uchiha,Naruto,comic,Fourth Shinobi World War arc,2013,NA,Passes attacks through his body using Kamui.,shown
naruto,itachi-uchiha,entry,Itachi Uchiha,Naruto Databook 3,reference,NA,2008,NA,"Rated 35.5 of a possible 40, the joint highest total published.",stated
naruto,itachi-uchiha,entry,Itachi Uchiha,Naruto,comic,Sasuke and Itachi arc,2008,NA,Fights Sasuke using Susanoo and dies at the end of the encounter.,shown
naruto,jiraiya,entry,Jiraiya,Naruto Databook 3,reference,NA,2008,NA,"Rated 35.5 of a possible 40, joint highest with Itachi.",stated
naruto,jiraiya,entry,Jiraiya,Naruto,comic,Pain's Assault arc,2008,NA,Fights all six Paths of Pain alone and transmits intelligence before dying.,shown
naruto,orochimaru,entry,Orochimaru,Naruto Databook 3,reference,NA,2008,NA,Rated 35 of a possible 40.,stated
naruto,orochimaru,entry,Orochimaru,Naruto,comic,Konoha Crush arc,2001,NA,Fights Hiruzen Sarutobi and survives at the cost of his arms.,shown
naruto,tsunade-senju,entry,Tsunade Senju,Naruto Databook 3,reference,NA,2008,NA,"Rated 35 of a possible 40, level with Orochimaru.",stated
naruto,tsunade-senju,entry,Tsunade Senju,Naruto,comic,Pain's Assault arc,2009,NA,Sustains a village-wide barrier and healing effort until collapse.,shown
naruto,minato-namikaze,entry,Minato Namikaze,Naruto,comic,Nine-Tails Attack flashback,2009,NA,Defeats the masked attacker and seals half the Nine-Tails into himself.,shown
naruto,hashirama-senju,entry,Hashirama Senju,Naruto,comic,Fourth Shinobi World War arc,2013,NA,Fights the reanimated Madara using large-scale Wood Release.,shown
naruto,hashirama-senju,entry,Hashirama Senju,Naruto,comic,Fourth Shinobi World War arc,2013,NA,Referred to as the God of Shinobi.,stated
naruto,kakashi-hatake,entry,Kakashi Hatake,Naruto,comic,Kakashi Gaiden,2005,NA,"Holds jonin rank as a child, years ahead of his contemporaries.",stated
naruto,kakashi-hatake,entry,Kakashi Hatake,Naruto,comic,Kaguya arc,2014,NA,"Fights Kaguya alongside Naruto, Sasuke and Sakura.",shown
naruto,gaara,entry,Gaara,Naruto,comic,Chunin Exam arc,2001,NA,"His sand intercepts attacks automatically, without conscious effort.",shown
naruto,gaara,entry,Gaara,Naruto,comic,Fourth Shinobi World War arc,2013,NA,Commands and shields allied divisions with large-scale sand.,shown
naruto,sakura-haruno,entry,Sakura Haruno,Naruto,comic,Fourth Shinobi World War arc,2014,NA,Releases the Hundred Healings seal and strikes with enough force to break terrain.,shown
naruto,sakura-haruno,entry,Sakura Haruno,Naruto,comic,Kaguya arc,2014,NA,Present and fighting through the Kaguya encounter.,shown
naruto,rock-lee,entry,Rock Lee,Naruto,comic,Chunin Exam arc,2001,NA,Opens multiple inner gates against Gaara and overwhelms his defence.,shown
naruto,hagoromo-otsutsuki,entry,Hagoromo Otsutsuki,Naruto,comic,Fourth Shinobi World War arc,2014,NA,Appears to Naruto and Sasuke and grants them his power directly.,shown
naruto,hagoromo-otsutsuki,entry,Hagoromo Otsutsuki,Naruto,comic,Fourth Shinobi World War arc,2014,NA,Recounted as having sealed Kaguya and created the moon around her.,stated
one-piece,gol-d-roger,entry,Gol D. Roger,One Piece,comic,ch. 957,2019,NA,"Bounty of ฿5,564,800,000, the highest on record.",stated
one-piece,gol-d-roger,entry,Gol D. Roger,One Piece,comic,ch. 1,1997,NA,Executed publicly at Loguetown having reached the last island.,shown
one-piece,edward-newgate,entry,Edward Newgate,One Piece,comic,ch. 957,2019,NA,"Bounty of ฿5,046,000,000, second only to Roger's.",stated
one-piece,edward-newgate,entry,Edward Newgate,One Piece,comic,Marineford,2010,NA,"Dies standing, with every wound on the front of his body.",shown
one-piece,kaido,entry,Kaido,One Piece,comic,ch. 957,2019,NA,"Bounty of ฿4,611,100,000.",stated
one-piece,kaido,entry,Kaido,One Piece,comic,Wano,2022,NA,Defeated and dropped into the magma beneath the country.,shown
one-piece,shanks,entry,Shanks,One Piece,comic,ch. 957,2019,NA,"Bounty of ฿4,048,900,000.",stated
one-piece,shanks,entry,Shanks,One Piece,comic,ch. 1079,2023,NA,Defeats Eustass Kid and his crew with a single attack at Elbaf.,shown
one-piece,shanks,entry,Shanks,One Piece,comic,Marineford,2010,NA,His arrival ends the war without a further exchange.,shown
one-piece,charlotte-linlin,entry,Charlotte Linlin,One Piece,comic,ch. 957,2019,NA,"Bounty of ฿4,388,000,000.",stated
one-piece,charlotte-linlin,entry,Charlotte Linlin,One Piece,comic,Wano,2022,NA,Defeated by Eustass Kid and Trafalgar Law acting together.,shown
one-piece,marshall-d-teach,entry,Marshall D. Teach,One Piece,comic,ch. 1059,2022,NA,"Bounty raised to ฿3,996,000,000 after Wano.",stated
one-piece,marshall-d-teach,entry,Marshall D. Teach,One Piece,comic,ch. 957,2019,NA,"Priced at ฿2,247,600,000, the lowest of the four Emperors at that point.",shown
one-piece,marshall-d-teach,entry,Marshall D. Teach,One Piece,comic,Marineford,2010,NA,Takes Whitebeard's quake power from his body after the battle.,shown
one-piece,monkey-d-garp,entry,Monkey D. Garp,One Piece,comic,ch. 957,2019,NA,Broke the Rocks Pirates at God Valley together with Roger.,shown
one-piece,monkey-d-garp,entry,Monkey D. Garp,One Piece,comic,ch. 1087,2023,NA,Overpowers the former admiral Kuzan in open combat while elderly.,shown
one-piece,monkey-d-garp,entry,Monkey D. Garp,One Piece,comic,ch. 1087,2023,NA,"The Cross Guild prices him at three crowns, its rate for an admiral.",shown
one-piece,dracule-mihawk,entry,Dracule Mihawk,One Piece,comic,ch. 1058,2022,NA,"Bounty of ฿3,590,000,000, issued as part of the Cross Guild.",stated
one-piece,dracule-mihawk,entry,Dracule Mihawk,One Piece,comic,Baratie,1998,NA,Defeats Zoro in a single exchange and calls him too weak to kill.,shown
one-piece,dracule-mihawk,entry,Dracule Mihawk,One Piece,comic,Baratie,1998,NA,Named the world's strongest swordsman.,stated
one-piece,sakazuki,entry,Sakazuki,One Piece,comic,Punk Hazard,2012,NA,"Fought Kuzan for ten days for the post of Fleet Admiral, and won.",shown
one-piece,sakazuki,entry,Sakazuki,One Piece,comic,Marineford,2010,NA,Kills Portgas D. Ace during the war.,shown
one-piece,monkey-d-luffy,entry,Monkey D. Luffy,One Piece,comic,ch. 1053,2022,NA,"Bounty raised to ฿3,000,000,000 and declared one of the Emperors.",stated
one-piece,monkey-d-luffy,entry,Monkey D. Luffy,One Piece,comic,Wano,2022,NA,Defeats Kaido on the roof of Onigashima at the third attempt.,shown
one-piece,kuzan,entry,Kuzan,One Piece,comic,Punk Hazard,2012,NA,"Fought Sakazuki for ten days and lost, leaving both maimed.",shown
one-piece,kuzan,entry,Kuzan,One Piece,comic,ch. 1087,2023,NA,Overpowered by an elderly Garp.,shown
one-piece,sengoku,entry,Sengoku,One Piece,comic,Marineford,2010,NA,Transforms into an enormous golden form and strikes Blackbeard's crew.,shown
one-piece,trafalgar-law,entry,Trafalgar Law,One Piece,comic,ch. 1053,2022,NA,"Bounty raised to ฿3,000,000,000, without being named an Emperor.",stated
one-piece,trafalgar-law,entry,Trafalgar Law,One Piece,comic,Wano,2022,NA,Defeats Big Mom alongside Eustass Kid.,shown
one-piece,eustass-kid,entry,Eustass Kid,One Piece,comic,ch. 1053,2022,NA,"Bounty raised to ฿3,000,000,000 after Wano.",stated
one-piece,eustass-kid,entry,Eustass Kid,One Piece,comic,ch. 1079,2023,NA,Defeated by Shanks in one attack and his ship sunk.,shown
one-piece,buggy,entry,Buggy,One Piece,comic,ch. 1058,2022,NA,"Bounty of ฿3,189,000,000 and named one of the Four Emperors.",stated
one-piece,buggy,entry,Buggy,One Piece,comic,ch. 1058,2022,NA,The government mistakes him for the leader of Mihawk and Crocodile.,shown
one-piece,buggy,entry,Buggy,One Piece,comic,Loguetown,2000,NA,Served on Roger's crew as a cabin boy alongside Shanks.,shown
one-piece,sir-crocodile,entry,Sir Crocodile,One Piece,comic,Alabasta,2002,NA,Runs a war against the crown of Alabasta from inside it.,shown
one-piece,sir-crocodile,entry,Sir Crocodile,One Piece,comic,ch. 1058,2022,NA,Listed in the Cross Guild beneath Buggy.,shown
one-piece,boa-hancock,entry,Boa Hancock,One Piece,comic,Marineford,2010,NA,Petrifies the Pacifistas' armour and destroys several of them.,shown
one-piece,boa-hancock,entry,Boa Hancock,One Piece,comic,Amazon Lily,2009,NA,Turns a crowd to stone with a gesture.,shown
one-piece,marco,entry,Marco,One Piece,comic,Marineford,2010,NA,Engages Kizaru and later Aokiji in separate exchanges during the war.,shown
one-piece,marco,entry,Marco,One Piece,comic,Onigashima,2021,NA,Holds off two of Kaido's senior officers at once.,shown
one-piece,im,entry,Im,One Piece,comic,ch. 1060,2022,NA,An island kingdom is destroyed from above and erased in seconds.,shown
one-piece,im,entry,Im,One Piece,comic,Reverie,2018,NA,"Seated above the Five Elders, who kneel to it.",shown
one-punch-man,saitama,entry,Saitama,One Punch Man,comic,"ch. 16, pp. 1-8",NA,NA,The certification exam awards him 71 points against a pass mark of 70 and a C-class designation.,stated
one-punch-man,saitama,entry,Saitama,One Punch Man,comic,"ch. 16, pp. 1-8",NA,NA,Takes the physical tests at the exam centre in front of examiners and rival candidates.,shown
one-punch-man,saitama,entry,Saitama,One Punch Man,comic,ch. 17,NA,NA,"Genos, reading the registry, says the two of them have been placed at the lowest rank of S-class and of C-class respectively.",stated
one-punch-man,saitama,entry,Saitama,One Punch Man,comic,"ch. 21, pp. 1-4",NA,NA,Genos tells him he has been moved from C-class rank 388 to rank 342.,stated
one-punch-man,saitama,entry,Saitama,One Punch Man,comic,ch. 21,NA,NA,Punches through the meteor falling on Z-City and walks away.,shown
one-punch-man,saitama,entry,Saitama,One Punch Man,comic,ch. 28,NA,NA,Kills the Deep Sea King with a single blow.,shown
one-punch-man,saitama,entry,Saitama,One Punch Man,comic,ch. 36,NA,NA,Repels Boros's Collapsing Star Roaring Cannon with a Serious Punch.,shown
one-punch-man,saitama,entry,Saitama,One Punch Man,comic,"ch. 36, pp. 54-57 & 62-63",NA,NA,The shockwave off that punch parts the cloud cover across the whole planet.,shown
one-punch-man,saitama,entry,Saitama,One Punch Man,comic,"ch. 36, pp. 68-69",NA,NA,Boros tells him he had strength to spare and was still holding back.,stated
one-punch-man,saitama,entry,Saitama,One Punch Man,comic,"ch. 177, p. 37",NA,NA,Is promoted to A-class rank 39 after the Monster Association incident.,stated
one-punch-man,saitama,entry,Saitama,One Punch Man,comic,"webcomic ch. 96, p. 16",NA,NA,The webcomic gives the same A-class rank 39 placement.,stated
one-punch-man,garou,entry,Garou,One Punch Man,comic,"ch. 47, pp. 11-14",NA,NA,Beats the S-class hero Tanktop Master after a barrage of punches.,shown
one-punch-man,garou,entry,Garou,One Punch Man,comic,"ch. 58, pp. 32-40",NA,NA,"Dodges and deflects everything the S-class hero Metal Bat throws, moving faster than Metal Bat can follow.",shown
one-punch-man,garou,entry,Garou,One Punch Man,comic,"ch. 30, p. 5",NA,NA,Bang says he beat Garou and expelled him from the dojo after Garou disabled the other students.,stated
one-punch-man,garou,entry,Garou,One Punch Man,comic,"ch. 81, p. 17",NA,NA,Tells the heroes ambushing him that he has beaten close to a hundred of them.,stated
one-punch-man,garou,entry,Garou,One Punch Man,comic,"ch. 77, pp. 17-20",NA,NA,Watchdog Man beats him and drives him out of Q-City.,shown
one-punch-man,garou,entry,Garou,One Punch Man,comic,"ch. 169, pp. 53-55",NA,NA,"Takes on Cosmic Fear Mode after contact with ""God"".",shown
one-punch-man,garou,entry,Garou,One Punch Man,comic,ch. 173,NA,NA,Withstands repeated Serious Punches and keeps fighting until Saitama's output outgrows him.,shown
one-punch-man,garou,entry,Garou,One Punch Man,comic,"ch. 172, pp. 3-10",NA,NA,"His Serious Punch collides with Saitama's, and Blast and three others divert the released energy away from Earth.",shown
one-punch-man,garou,entry,Garou,One Punch Man,comic,ch. 171,NA,NA,"Blast warns him that in this state anything he does could end life on Earth, and he is unbothered.",stated
one-punch-man,garou,entry,Garou,One Punch Man,comic,"webcomic ch. 55, p. 1",NA,NA,The webcomic also rates him a Dragon-level threat.,stated
one-punch-man,boros,entry,Lord Boros,One Punch Man,comic,"ch. 34, pp. 12-13",NA,NA,"Survives Saitama's first punch, to Saitama's visible surprise, and his sealing armour breaks apart.",shown
one-punch-man,boros,entry,Lord Boros,One Punch Man,comic,"ch. 36, pp. 7-25",NA,NA,"Knees Saitama off the ship to the Moon, and Saitama jumps back and lands on the ship again.",shown
one-punch-man,boros,entry,Lord Boros,One Punch Man,comic,ch. 36,NA,NA,Is torn apart by Consecutive Normal Punches and re-forms almost at once.,shown
one-punch-man,boros,entry,Lord Boros,One Punch Man,comic,"ch. 36, p. 29",NA,NA,Says the Collapsing Star Roaring Cannon releases the whole of his latent energy and can scour the Earth's surface.,stated
one-punch-man,boros,entry,Lord Boros,One Punch Man,comic,"ch. 36, pp. 54-57 & 62-63",NA,NA,"Fires that beam and is critically damaged when the Serious Punch repels it, unable to regenerate any further.",shown
one-punch-man,boros,entry,Lord Boros,One Punch Man,comic,"ch. 36, pp. 67-69",NA,NA,Dies on the wreck of his own ship after congratulating Saitama on the fight.,shown
one-punch-man,boros,entry,Lord Boros,One Punch Man,comic,"webcomic ch. 150, p. 18",NA,NA,In the webcomic he is found unconscious but alive in a recovery chamber in one of Metal Knight's laboratories.,shown
one-punch-man,blast,entry,Blast,One Punch Man,comic,"ch. 86, pp. 4-5",NA,NA,Named as the S-class rank 1 hero while the Association's staff discuss whether to call him in.,stated
one-punch-man,blast,entry,Blast,One Punch Man,comic,"ch. 86, pp. 4-5",NA,NA,Sitch tells the staff that Blast acts on his own.,stated
one-punch-man,blast,entry,Blast,One Punch Man,comic,"ch. 123, p. 20",NA,NA,Only a few selected Hero Association staff hold the means to communicate with him.,stated
one-punch-man,blast,entry,Blast,One Punch Man,comic,"ch. 171, pp. 31-32",NA,NA,"Teleports into Z-City and trades blows with Garou in Cosmic Fear Mode, who dismisses him as not worth the attention.",shown
one-punch-man,blast,entry,Blast,One Punch Man,comic,"ch. 172, pp. 2-5",NA,NA,Opens a portal fast enough to move Saitama and Garou off the planet in the instant before their fists meet.,shown
one-punch-man,blast,entry,Blast,One Punch Man,comic,"ch. 144, pp. 12-13",NA,NA,Dodges Flashy Flash's fastest kicks at close range and appears behind him before Flash can react.,shown
one-punch-man,blast,entry,Blast,One Punch Man,comic,"ch. 178, p. 23",NA,NA,"Sitch says he is the one hero able to oppose ""God"", on account of his space-time manipulation.",stated
one-punch-man,blast,entry,Blast,One Punch Man,comic,"ch. 144, p. 8",NA,NA,"Says the mysterious cubes exist in numbers and in several places, and that collecting them is a hobby.",stated
one-punch-man,tatsumaki,entry,Tatsumaki,One Punch Man,comic,ch. 134,NA,NA,Raises the whole Monster Association headquarters out of the earth while shielding several heroes inside the facility.,shown
one-punch-man,tatsumaki,entry,Tatsumaki,One Punch Man,comic,"ch. 137, pp. 6-8",NA,NA,Pulls meteor-sized rock formations out of the ocean and throws them at the fusion.,shown
one-punch-man,tatsumaki,entry,Tatsumaki,One Punch Man,comic,"ch. 138, pp. 11-13",NA,NA,Stops one of the fusion's energy attacks dead in the air and tosses it aside.,shown
one-punch-man,tatsumaki,entry,Tatsumaki,One Punch Man,comic,ch. 143,NA,NA,Psykos splits away from Orochi and escapes before the killing blow lands.,shown
one-punch-man,tatsumaki,entry,Tatsumaki,One Punch Man,comic,ch. 144,NA,NA,"Shreds Orochi's body and destroys his heart, which is what ends him.",shown
one-punch-man,tatsumaki,entry,Tatsumaki,One Punch Man,comic,"ch. 34, pp. 21-25",NA,NA,Halts the bombardment from Boros's ship and sends it back at the ship.,shown
one-punch-man,tatsumaki,entry,Tatsumaki,One Punch Man,comic,ch. 126,NA,NA,Locates Psykos fifteen hundred metres underground and drags her up out of it.,shown
one-punch-man,tatsumaki,entry,Tatsumaki,One Punch Man,comic,"webcomic ch. 102, p. 12",NA,NA,"Tries to throw Saitama into space in the webcomic, gets him a few feet off the ground, and says he is heavy.",shown
one-punch-man,bang,entry,Bang,One Punch Man,comic,"ch. 149, pp. 8-9",NA,NA,Kicks a hole through the Dragon-level monster Gums to get Tanktop Master clear.,shown
one-punch-man,bang,entry,Bang,One Punch Man,comic,"ch. 149, pp. 20-21",NA,NA,"Knocks down the Dragon-level monster Fuhrer Ugly in moments, doing heavy damage.",shown
one-punch-man,bang,entry,Bang,One Punch Man,comic,ch. 34,NA,NA,Takes a direct hit from Melzargard without apparent injury — a blow of the kind that took an A-class hero's arm off earlier in the fight.,shown
one-punch-man,bang,entry,Bang,One Punch Man,comic,"ch. 30, p. 5",NA,NA,"Explains that his dojo emptied because his best student disabled the others, and that he expelled him.",stated
one-punch-man,bang,entry,Bang,One Punch Man,comic,"ch. 155, pp. 19-25",NA,NA,"Fights the monsterised Garou and refuses to fall back on the offensive style he abandoned, even when cornered.",shown
one-punch-man,bang,entry,Bang,One Punch Man,comic,"ch. 158, pp. 22-23",NA,NA,"Is beaten by Garou — a punch that only grazes his chest is enough to put him on the ground, unable to move.",shown
one-punch-man,bang,entry,Bang,One Punch Man,comic,"ch. 175, pp. 16-17",NA,NA,"Is registered retired from the Hero Association after the Monster Association incident, with Garou back under him as a student.",stated
one-punch-man,bang,entry,Bang,One Punch Man,comic,NA,NA,NA,Held S-class rank 3 before retiring — a placement the source carries with no chapter attached to it.,stated
one-punch-man,watchdog-man,entry,Watchdog Man,One Punch Man,comic,"ch. 67, pp. 25-28",NA,NA,Tears apart thirty Monster Association monsters that surround him and finishes without a scratch.,shown
one-punch-man,watchdog-man,entry,Watchdog Man,One Punch Man,comic,"ch. 77, pp. 17-20",NA,NA,"Blocks everything Garou throws, wounds him severely while holding back, and drives him out of the city.",shown
one-punch-man,watchdog-man,entry,Watchdog Man,One Punch Man,comic,"ch. 77, pp. 17-20",NA,NA,Garou says the speed far exceeded what he had expected.,stated
one-punch-man,watchdog-man,entry,Watchdog Man,One Punch Man,comic,"ch. 122 (Online), pp. 17-18",NA,NA,Was C-class rank 301 until he was moved up when the S-class was formed.,stated
one-punch-man,watchdog-man,entry,Watchdog Man,One Punch Man,comic,"ch. 122 (Online), p. 17",NA,NA,A flashback to his early career draws him ripping the head off an enormous monster and taking no injury.,shown
one-punch-man,watchdog-man,entry,Watchdog Man,One Punch Man,comic,"ch. 20, p. 7",NA,NA,Q-City is described as the most dangerous city by the number and average disaster level of its monsters.,stated
one-punch-man,genos,entry,Genos,One Punch Man,comic,"ch. 16, pp. 14-16",NA,NA,Scores a hundred points at the certification exam and is designated S-class.,stated
one-punch-man,genos,entry,Genos,One Punch Man,comic,ch. 17,NA,NA,Reads the registry aloud and reports that he has been given the lowest position in S-class.,stated
one-punch-man,genos,entry,Genos,One Punch Man,comic,"ch. 21, pp. 1-4",NA,NA,"Tells Saitama he has not been moved off S-class rank 17, but is now sixth in popularity.",stated
one-punch-man,genos,entry,Genos,One-Punch Man Hero Encyclopedia,reference,p. 37,NA,NA,Described as the first new S-class hero in two years.,stated
one-punch-man,genos,entry,Genos,One Punch Man,comic,ch. 26-27,NA,NA,"The Deep Sea King rips his arm off, then puts him through a wall after he blocks acid aimed at a child.",shown
one-punch-man,genos,entry,Genos,One Punch Man,comic,"ch. 10, p. 14",NA,NA,Carnage Kabuto breaks apart the left side of his face with one punch.,shown
one-punch-man,genos,entry,Genos,One Punch Man,comic,"ch. 138, pp. 3-8",NA,NA,Neutralises one of the fusion's largest beams and melts the armour over his own core doing it.,shown
one-punch-man,genos,entry,Genos,One Punch Man,comic,ch. 83,NA,NA,Garou detaches his arm during their fight; the arm keeps working and slams Garou into a tree.,shown
one-punch-man,genos,entry,Genos,One Punch Man,comic,"webcomic ch. 108, p. 7",NA,NA,"Destroys the Forest King on his own, along with its army.",shown
one-punch-man,genos,entry,Genos,One Punch Man,comic,ch. 190,NA,NA,The manga sets the Forest King at Dragon level; the webcomic never assigns him a disaster level.,stated
one-punch-man,orochi,entry,Monster King Orochi,One Punch Man,comic,"ch. 74, p. 10",NA,NA,Gouketsu calls him the strongest monster on Earth.,stated
one-punch-man,orochi,entry,Monster King Orochi,One Punch Man,comic,"ch. 114, p. 13",NA,NA,Psykos says she cannot gauge his power and calls him a real monster.,stated
one-punch-man,orochi,entry,Monster King Orochi,One Punch Man,comic,"ch. 115, p. 7",NA,NA,"Already knowing Saitama beat Overgrown Rover, and sensing the pressure off him, works out that he also beat Gouketsu and Elder Centipede.",stated
one-punch-man,orochi,entry,Monster King Orochi,One Punch Man,comic,ch. 131,NA,NA,Survives being blown apart by Saitama and regenerates by absorbing the blood of other monsters.,shown
one-punch-man,orochi,entry,Monster King Orochi,One Punch Man,comic,"ch. 132, pp. 9-12",NA,NA,Attempts to absorb Psykos and the two end up sharing one mutated body.,shown
one-punch-man,orochi,entry,Monster King Orochi,One Punch Man,comic,"ch. 136, pp. 16-20",NA,NA,"""God"" appears during the merger and adds power to the fusion.",stated
one-punch-man,orochi,entry,Monster King Orochi,One Punch Man,comic,"ch. 136, pp. 7-13",NA,NA,"The fusion's attack cuts through the Earth's surface and lifts a severed disk of oceanic crust, seawater and the sky above it.",shown
one-punch-man,orochi,entry,Monster King Orochi,One Punch Man,comic,"ch. 160, pp. 44-45",NA,NA,What is left of the body is used as a sacrifice to resurrect Sage Centipede.,shown
one-punch-man,gouketsu,entry,Gouketsu,One Punch Man,comic,"ch. 72, pp. 8-12",NA,NA,"Won the first Super Fight tournament as a human, lost to Orochi, and accepted a monster cell in exchange for his life.",stated
one-punch-man,gouketsu,entry,Gouketsu,One Punch Man,comic,"ch. 66, p. 24",NA,NA,Smashes Genos into the pavement with a single blow on his way to the stadium.,shown
one-punch-man,gouketsu,entry,Gouketsu,One Punch Man,comic,"ch. 71, pp. 40-42",NA,NA,Orders every martial artist in the stadium to eat a monster cell and become a Mysterious Being.,shown
one-punch-man,gouketsu,entry,Gouketsu,One Punch Man,comic,"ch. 72, pp. 2-23",NA,NA,"Rosie, Choze, Benpatsu, Volten and Hamukichi take the cells and transform in front of him.",shown
one-punch-man,gouketsu,entry,Gouketsu,One Punch Man,comic,"ch. 74, p. 10",NA,NA,"Says he is far weaker than Orochi, whom he calls the strongest Mysterious Being in the world.",stated
one-punch-man,gouketsu,entry,Gouketsu,One Punch Man,comic,"ch. 75, pp. 30-36",NA,NA,"Lands at least two blows on Saitama to no effect, and his head is removed and lands in the stadium.",shown
one-punch-man,gouketsu,entry,Gouketsu,One Punch Man,comic,ch. 69,NA,NA,Monster cells first appear here; they are a manga addition with no webcomic counterpart.,stated
one-punch-man,deep-sea-king,entry,Deep Sea King,One Punch Man,comic,ch. 23,NA,NA,Comes out of the sea and downs the hero Stinger with one punch.,shown
one-punch-man,deep-sea-king,entry,Deep Sea King,One Punch Man,comic,ch. 24,NA,NA,Punches the A-class hero Lightning Max out of a building and into the street.,shown
one-punch-man,deep-sea-king,entry,Deep Sea King,One Punch Man,comic,ch. 25,NA,NA,Beats the S-class hero Puri-Puri Prisoner with a combination ending in a kick that sends him through a building.,shown
one-punch-man,deep-sea-king,entry,Deep Sea King,One Punch Man,comic,ch. 25,NA,NA,"Returns to full form in the rain and chases Sonic off the rooftops, leaving him only his clothes.",shown
one-punch-man,deep-sea-king,entry,Deep Sea King,One Punch Man,comic,ch. 26,NA,NA,"Puts down Jet Nice Guy, Bunbun Man, All Back-Man and Sneck at the evacuation shelter.",shown
one-punch-man,deep-sea-king,entry,Deep Sea King,One Punch Man,comic,ch. 26-27,NA,NA,"Tears Genos's arm off, spits acid at an evacuating child, and puts the cyborg through a wall.",shown
one-punch-man,deep-sea-king,entry,Deep Sea King,One Punch Man,comic,ch. 27,NA,NA,Beats Mumen Rider down twice in front of the shelter and throws him into Saitama's arms.,shown
one-punch-man,deep-sea-king,entry,Deep Sea King,One Punch Man,comic,"ch. 28, p. 3",NA,NA,Calls himself the pinnacle of a pyramid containing every organism on Earth.,stated
one-punch-man,carnage-kabuto,entry,Carnage Kabuto,One Punch Man,comic,"ch. 10, p. 14",NA,NA,"Puts Genos into the tunnel wall, then breaks apart the left side of his face with a single punch.",shown
one-punch-man,carnage-kabuto,entry,Carnage Kabuto,One Punch Man,comic,"ch. 10, pp. 9-20",NA,NA,"Blows Genos's own fire blast back into him with his breath, ending the cyborg's part in the fight.",shown
one-punch-man,carnage-kabuto,entry,Carnage Kabuto,One Punch Man,comic,"ch. 10, pp. 25-31",NA,NA,"Senses Saitama's strength mid-charge, leaps back across the room, and says he would have died attacking.",shown
one-punch-man,carnage-kabuto,entry,Carnage Kabuto,One Punch Man,comic,ch. 11,NA,NA,Announces he will stay in Carnage Mode and rampage until the following Saturday.,stated
one-punch-man,carnage-kabuto,entry,Carnage Kabuto,One Punch Man,comic,"ch. 11, pp. 16-19",NA,NA,Wrecks a great deal of the combat experimentation room in Carnage Mode.,shown
one-punch-man,carnage-kabuto,entry,Carnage Kabuto,One Punch Man,comic,"ch. 11, p. 21",NA,NA,"Saitama's punch disintegrates his chest, neck and head.",shown
one-punch-man,carnage-kabuto,entry,Carnage Kabuto,One Punch Man,comic,webcomic ch. 10-11,NA,NA,The webcomic runs the same fight in the House of Evolution's combat chamber.,shown
one-punch-man,fubuki,entry,Fubuki,One Punch Man,comic,"ch. 29, p. 10",NA,NA,A hero ranked first in a class may stay there or move up and restart at the bottom of the class above.,stated
one-punch-man,fubuki,entry,Fubuki,One Punch Man,comic,"ch. 45, p. 5",NA,NA,Says she is capable of reaching an upper rank of A-class.,stated
one-punch-man,fubuki,entry,Fubuki,One Punch Man,comic,"ch. 45, pp. 4-7",NA,NA,Says she can never reach the top of A-class or S-class while Sweet Mask holds A-class rank 1 and blocks advancement.,stated
one-punch-man,fubuki,entry,Fubuki,One Punch Man,comic,"webcomic ch. 153, p. 27",NA,NA,By the webcomic's Robot Invasion arc she is A-class rank 5 rather than top of B-class.,stated
one-punch-man,fubuki,entry,Fubuki,One Punch Man,comic,"ch. 42, pp. 15-16",NA,NA,"Invites Saitama into the Blizzard Group and attacks him when he refuses, in the practice known as newbie crushing.",shown
one-punch-man,fubuki,entry,Fubuki,One Punch Man,comic,"ch. 64, pp. 33-34",NA,NA,Pins her own brainwashed group and the other heroes in place with Psychic Binding.,shown
one-punch-man,fubuki,entry,Fubuki,One Punch Man,comic,"ch. 148, p. 11",NA,NA,"Tries the same hold on Tatsumaki, who breaks it without effort.",shown
one-punch-man,mumen-rider,entry,Mumen Rider,One Punch Man,comic,"ch. 27, p. 20",NA,NA,"Says mid-fight that he is too weak to be a B-class hero, and does not back down.",stated
one-punch-man,mumen-rider,entry,Mumen Rider,One Punch Man,comic,"ch. 23, p. 16",NA,NA,Has kept the top position in C-class for more than half a year.,stated
one-punch-man,mumen-rider,entry,Mumen Rider,One Punch Man,comic,"ch. 27, pp. 22-25",NA,NA,Tells the Deep Sea King that whether or not he stands a chance is beside the point.,stated
one-punch-man,mumen-rider,entry,Mumen Rider,One Punch Man,comic,"ch. 27, pp. 13-21",NA,NA,"Attacks the Deep Sea King alone after Genos has been beaten, and is thrown around and swatted away.",shown
one-punch-man,mumen-rider,entry,Mumen Rider,One Punch Man,comic,"ch. 27, pp. 22-25",NA,NA,Gets back on his feet after being thrown aside and attacks again.,shown
one-punch-man,mumen-rider,entry,Mumen Rider,One Punch Man,comic,"ch. 29, pp. 16-18",NA,NA,Buys Saitama a drink at an oden shop to mark Saitama's promotion to B-class.,shown
one-punch-man,mumen-rider,entry,Mumen Rider,One Punch Man,comic,"ch. 70, pp. 43-44",NA,NA,Fights monsters invading the hospital while still injured from Garou.,shown
one-punch-man,king,entry,King,One Punch Man,comic,"ch. 38, p. 20",NA,NA,Introduces himself to G4 as the strongest man on earth and the S-class rank 7 hero.,stated
one-punch-man,king,entry,King,One Punch Man,comic,"ch. 38, p. 27",NA,NA,Admits he has never fought anybody in his life and is a coward and a weak person.,stated
one-punch-man,king,entry,King,One Punch Man,comic,"ch. 38, p. 27",NA,NA,The Association's impression of his strength came from finding him standing beside monsters somebody else had beaten.,stated
one-punch-man,king,entry,King,One Punch Man,comic,ch. 38,NA,NA,"The King Engine is explained as his own heartbeat, loud with fear and mistaken for bloodlust.",stated
one-punch-man,king,entry,King,One Punch Man,comic,"ch. 39, p. 15",NA,NA,"A flashback draws Octopus Claw Man, a Tiger-level threat, giving him the three scars over his left eye.",shown
one-punch-man,king,entry,King,One Punch Man,comic,"ch. 128 (Online), pp. 19-21",NA,NA,"Climbs a long flight of stairs with Tareo and finds an elevator at the top, much to his relief.",shown
one-punch-man,king,entry,King,One Punch Man,comic,"ch. 79, p. 45",NA,NA,Beats Saitama at a fighting game on low health using two fingers.,shown
one-punch-man,god,entry,God,One Punch Man,comic,"ch. 178, pp. 20-21",NA,NA,"Blast is said to have met ""God"" during his fight with Elder Centipede, refused the offer of power, and survived, with the encounter itself left off the page.",stated
one-punch-man,god,entry,God,One Punch Man,comic,"ch. 178, pp. 20-21",NA,NA,Blast is drawn afterwards with heavy bleeding and a scar across his face he did not have beforehand.,shown
one-punch-man,god,entry,God,One Punch Man,comic,ch. 178,NA,NA,"Sitch convenes an emergency briefing whose subject is ""God"", and the heroes present are instructed to keep it secret.",stated
one-punch-man,god,entry,God,One Punch Man,comic,"ch. 178, p. 23",NA,NA,"Sitch says opposing ""God"" requires the ability to manipulate space-time.",stated
one-punch-man,god,entry,God,One Punch Man,comic,"ch. 109, p. 70",NA,NA,"Tells Homeless Emperor that humans are foolish but that he has no need to die, and grants him power.",stated
one-punch-man,god,entry,God,One Punch Man,comic,"ch. 158, pp. 34-37",NA,NA,"Appears on the Moon, strips Homeless Emperor of the granted power and of his life, and his body disintegrates.",shown
one-punch-man,god,entry,God,One Punch Man,comic,"ch. 173, pp. 53-59",NA,NA,Turns Garou into a statue of salt and reclaims the power it had granted him.,shown
one-punch-man,god,entry,God,One Punch Man,comic,"ch. 161, pp. 26-27",NA,NA,"Takes Blast's shape to persuade Tatsumaki to accept its power, and she refuses.",shown
overlord,ainz-ooal-gown,entry,Ainz Ooal Gown,Overlord: The Bloody Valkyrie,novel,"vol. 3, ch. 4",NA,NA,Opens the fight against Shalltear with the super-tier spell [Fallen Down].,shown
overlord,ainz-ooal-gown,entry,Ainz Ooal Gown,Overlord: The Bloody Valkyrie,novel,"vol. 3, ch. 5",NA,NA,"Fights the last stretch in Touch Me's armour, wearable through [Perfect Warrior].",shown
overlord,ainz-ooal-gown,entry,Ainz Ooal Gown,Overlord: The Bloody Valkyrie,novel,"vol. 3, ch. 5",NA,NA,Casts off [Perfect Warrior] and kills Shalltear with the super-tier spell [Fallen Down].,shown
overlord,ainz-ooal-gown,entry,Ainz Ooal Gown,Overlord: The Bloody Valkyrie,novel,"vol. 3, ch. 5",NA,NA,"Reckons himself, as a level-100 magic caster, about the equal of a level-33 warrior; [Perfect Warrior] makes him a level-100 warrior whose stats far outstrip Shalltear's, since she is not a pure warrior.",stated
overlord,ainz-ooal-gown,entry,Ainz Ooal Gown,Overlord (anime),episode,S01E13,NA,NA,Appears in Touch Me's silver armour and cuts Shalltear across the chest.,shown
overlord,ainz-ooal-gown,entry,Ainz Ooal Gown,Overlord: The Dwarven Crafter,novel,"vol. 11, ch. 5",NA,NA,Kills the Frost Dragon Lord Olasird'arc Haylilyal with one [Grasp Heart].,shown
overlord,ainz-ooal-gown,entry,Ainz Ooal Gown,Overlord: The Caster of Destruction,novel,"vol. 9, ch. 4",NA,NA,Casts Iä Shub-Niggurath on the Royal Army's left wing and sets five Dark Young on the rest.,shown
overlord,ainz-ooal-gown,entry,Ainz Ooal Gown,Overlord: The Half-Elf Demigod Part II,novel,"vol. 16, ch. 5",NA,NA,Lowers his walls of skeletons and destroys the Elf King's Behemot with [Cacophosus Burst].,shown
overlord,shalltear-bloodfallen,entry,Shalltear Bloodfallen,Overlord Wiki: Shalltear Bloodfallen/Abilities and Powers,reference,NA,NA,https://overlordmaruyama.fandom.com/wiki/Shalltear_Bloodfallen/Abilities_and_Powers,"Gives her total level as 100 in a status block transcribed from a character sheet, without saying which volume prints it.",stated
overlord,shalltear-bloodfallen,entry,Shalltear Bloodfallen,Overlord: The Bloody Valkyrie,novel,"vol. 3, ch. 3",NA,NA,"Shalltear is the strongest of the Floor Guardians, Gargantua excepted.",stated
overlord,shalltear-bloodfallen,entry,Shalltear Bloodfallen,Overlord: The Bloody Valkyrie,novel,"vol. 3, ch. 2",NA,NA,Catches Brain Unglaus's God Flash with her fingertips.,shown
overlord,shalltear-bloodfallen,entry,Shalltear Bloodfallen,Overlord: The Bloody Valkyrie,novel,"vol. 3, ch. 2",NA,NA,"With her Vampire Brides, kills the Death Spreading Brigade's mercenaries in their cave.",shown
overlord,shalltear-bloodfallen,entry,Shalltear Bloodfallen,Overlord: The Bloody Valkyrie,novel,"vol. 3, ch. 5",NA,NA,"Boasts, with Ainz's mana nearly spent, that her own health is still full.",stated
overlord,shalltear-bloodfallen,entry,Shalltear Bloodfallen,Overlord (anime),episode,S01E10,NA,NA,Faces Brain Unglaus in the Death Spreading Brigade's hideout.,shown
overlord,mare-bello-fiore,entry,Mare Bello Fiore,Overlord: The Half-Elf Demigod Part II,novel,"vol. 16, ch. 5",NA,NA,"Casts [Phoenix Flame], and Antilene's [Death] seemingly has no effect when its countdown ends.",shown
overlord,mare-bello-fiore,entry,Mare Bello Fiore,Overlord: The Half-Elf Demigod Part II,novel,"vol. 16, ch. 5",NA,NA,Knocks Antilene unconscious with [Petit-Catastrophe] and carries her away.,shown
overlord,mare-bello-fiore,entry,Mare Bello Fiore,Overlord: The Witch of the Doomed Kingdom,novel,"vol. 14, ch. 4",NA,NA,Casts [Earthquake] on the Royal Capital repeatedly from the castle's second-highest tower until everything but the palace is rubble.,shown
overlord,mare-bello-fiore,entry,Mare Bello Fiore,Overlord: The Bloody Valkyrie,novel,"vol. 3, ch. 3",NA,NA,Restrains the adventurer Igvarge and kills him with his staff.,shown
overlord,albedo,entry,Albedo,Overlord: The Witch of the Doomed Kingdom,novel,"vol. 14, ch. 4",NA,NA,Lands a punch on Azuth Aindra's powered suit in the air.,shown
overlord,albedo,entry,Albedo,Overlord: The Witch of the Doomed Kingdom,novel,"vol. 14, ch. 4",NA,NA,Recognises the chase as a decoy and stops rather than follow it.,shown
overlord,albedo,entry,Albedo,Overlord: The Witch of the Doomed Kingdom,novel,"vol. 14, ch. 4",NA,NA,"Arrives at the barrier and overwhelms ""Riku"", who withdraws.",shown
overlord,albedo,entry,Albedo,Overlord: The Witch of the Doomed Kingdom,novel,"vol. 14, ch. 4",NA,NA,"Reads Riku at around level 80, below the readings of Pandora's Actor and Shalltear.",stated
overlord,albedo,entry,Albedo,Overlord (anime),episode,S04E11,NA,NA,Pursues Azuth and lands a punch on the armoured suit.,shown
overlord,cocytus,entry,Cocytus,Overlord: The Lizardman Heroes,novel,"vol. 4, ch. 5",NA,NA,Fights the lizardman chieftains alone and kills them.,shown
overlord,cocytus,entry,Cocytus,Overlord (anime),episode,S02E05,NA,NA,Shasryu and Zaryusu are the last two left facing him.,shown
overlord,cocytus,entry,Cocytus,Overlord: The Witch of the Doomed Kingdom,novel,"vol. 14, ch. 4",NA,NA,"Plants his halberd, draws the God Slaying Emperor Blade and kills Brain with a single slash.",shown
overlord,cocytus,entry,Cocytus,Overlord (anime),episode,S04E12,NA,NA,Exchanges names with Brain before their duel at the capital.,shown
overlord,demiurge,entry,Demiurge,Overlord: The Men of the Kingdom Part II,novel,"vol. 6, ch. 9",NA,NA,"As Jaldabaoth, arrives to save Entoma from Blue Roses.",shown
overlord,demiurge,entry,Demiurge,Overlord: The Men of the Kingdom Part II,novel,"vol. 6, ch. 9",NA,NA,Kills Gagaran and Tia with a Hellfire Wall before they can escape.,shown
overlord,demiurge,entry,Demiurge,Overlord: The Men of the Kingdom Part II,novel,"vol. 6, ch. 11",NA,NA,Is instructed by Ainz to damage Momon's armour before their fight resumes.,stated
overlord,demiurge,entry,Demiurge,Overlord: The Paladin of the Sacred Kingdom Part I,novel,vol. 12,NA,NA,Summons an Evil Lord Wrath to act as Jaldabaoth's demon form in the Holy Kingdom.,stated
overlord,sebas-tian,entry,Sebas Tian,Overlord: The Men of the Kingdom Part II,novel,"vol. 6, ch. 8",NA,NA,"Lets Zero land his strongest attack, then kills him with a heel drop.",shown
overlord,sebas-tian,entry,Sebas Tian,Overlord: The Men of the Kingdom Part II,novel,"vol. 6, ch. 8",NA,NA,Tells Zero he has killed the four Six Arms members waiting in the arena.,stated
overlord,sebas-tian,entry,Sebas Tian,Overlord (anime),episode,S02E11,NA,NA,Kills Malmvist of the Six Arms in the arena.,shown
overlord,sebas-tian,entry,Sebas Tian,Overlord: The Men of the Kingdom Part I,novel,"vol. 5, ch. 5",NA,NA,Kills Staffan Heivish inside the Eight Fingers brothel.,shown
overlord,pandoras-actor,entry,Pandora's Actor,Overlord: The Witch of the Doomed Kingdom,novel,"vol. 14, ch. 4",NA,NA,"Takes Ainz's form as bait, without a World Item to protect him.",stated
overlord,pandoras-actor,entry,Pandora's Actor,Overlord: The Witch of the Doomed Kingdom,novel,"vol. 14, ch. 4",NA,NA,Is under orders to prolong the fight and gather information rather than win.,stated
overlord,pandoras-actor,entry,Pandora's Actor,Overlord: The Witch of the Doomed Kingdom,novel,"vol. 14, ch. 4",NA,NA,"Reports kneeling and begging before Riku in Ainz's form, to Albedo's displeasure.",stated
overlord,pandoras-actor,entry,Pandora's Actor,Overlord: The Witch of the Doomed Kingdom,novel,"vol. 14, ch. 4",NA,NA,In Ainz's form he reproduces only about 80% of Ainz's abilities.,stated
overlord,pandoras-actor,entry,Pandora's Actor,Overlord (anime),episode,S04E11,NA,NA,Summons a Doom Lord to hold back Riku's flying weapons.,shown
overlord,aura-bella-fiora,entry,Aura Bella Fiora,Overlord: The Dark Warrior,novel,"vol. 2, ch. 3",NA,NA,Ranks second from the bottom of the Floor Guardians in single combat.,stated
overlord,aura-bella-fiora,entry,Aura Bella Fiora,Overlord: The Dwarven Crafter,novel,"vol. 11, ch. 5",NA,NA,Activates her World Item to stop the Quagoa escaping.,shown
overlord,aura-bella-fiora,entry,Aura Bella Fiora,Overlord: The Witch of the Doomed Kingdom,novel,"vol. 14, ch. 4",NA,NA,Snipes Vesture Kloff Di Laufen and orders her beasts to kill his disciples.,shown
overlord,aura-bella-fiora,entry,Aura Bella Fiora,Overlord (anime),episode,S04E13,NA,NA,Vesture and his disciples block her path at the Magician's Guild.,shown
overlord,antilene-heran-fouche,entry,Antilene Heran Fouche,Overlord: The Half-Elf Demigod Part II,novel,"vol. 16, ch. 5",NA,NA,"Kills the Elf King, her father, after he flees from Ainz.",shown
overlord,antilene-heran-fouche,entry,Antilene Heran Fouche,Overlord: The Half-Elf Demigod Part II,novel,"vol. 16, ch. 5",NA,NA,The Elf King reaches her with his mana already spent against Ainz.,stated
overlord,antilene-heran-fouche,entry,Antilene Heran Fouche,Overlord: The Half-Elf Demigod Part II,novel,"vol. 16, ch. 5",NA,NA,Uses a copied [The Goal of All Life Is Death] and an Einherjar against Mare.,shown
overlord,antilene-heran-fouche,entry,Antilene Heran Fouche,Overlord: The Half-Elf Demigod Part II,novel,"vol. 16, ch. 5",NA,NA,Loses consciousness to Mare and is taken prisoner.,shown
overlord,decem-hougan,entry,Decem Hougan,Overlord: The Half-Elf Demigod Part I,novel,"vol. 15, ch. 2",NA,NA,Kills the Holocaust Scripture's vice captain Schoen by summoning Behemot.,shown
overlord,decem-hougan,entry,Decem Hougan,Overlord: The Half-Elf Demigod Part II,novel,"vol. 16, ch. 5",NA,NA,Summons Behemot against Ainz in the palace.,shown
overlord,decem-hougan,entry,Decem Hougan,Overlord: The Half-Elf Demigod Part II,novel,"vol. 16, ch. 5",NA,NA,"Ainz takes Behemot for a Primal Earth Elemental, which he believed could not be summoned normally.",stated
overlord,decem-hougan,entry,Decem Hougan,Overlord: The Half-Elf Demigod Part II,novel,"vol. 16, ch. 5",NA,NA,Ainz judges his health comparable to that of a level-70 player.,stated
overlord,decem-hougan,entry,Decem Hougan,Overlord: The Half-Elf Demigod Part II,novel,"vol. 16, ch. 5",NA,NA,"Lacking the mana for another attack, runs for the exit behind Ainz.",shown
overlord,narberal-gamma,entry,Narberal Gamma,Overlord: The Dark Warrior,novel,"vol. 2, ch. 4",NA,NA,Destroys both Skeletal Dragons and kills Khajiit with seventh-tier magic.,shown
overlord,narberal-gamma,entry,Narberal Gamma,Overlord: The Dark Warrior,novel,"vol. 2, ch. 4",NA,NA,The Skeletal Dragons resist magic of the first to sixth tiers only.,stated
overlord,narberal-gamma,entry,Narberal Gamma,Overlord (anime),episode,S01E09,NA,NA,Nabe kills Khajiit and destroys his two Skeletal Dragons.,shown
overlord,entoma-vasilissa-zeta,entry,Entoma Vasilissa Zeta,Overlord: The Men of the Kingdom Part II,novel,"vol. 6, ch. 9",NA,NA,"Overwhelms Gagaran until Tia and Evileye join, then is defeated by the three.",shown
overlord,entoma-vasilissa-zeta,entry,Entoma Vasilissa Zeta,Overlord: The Men of the Kingdom Part II,novel,"vol. 6, ch. 9",NA,NA,Is saved from being finished off by Jaldabaoth's arrival.,shown
overlord,entoma-vasilissa-zeta,entry,Entoma Vasilissa Zeta,Overlord (anime),episode,S02E11,NA,NA,Evileye's [Vermin Bane] poisons Entoma during the fight.,shown
overlord,entoma-vasilissa-zeta,entry,Entoma Vasilissa Zeta,Overlord: The Invaders of the Great Tomb,novel,"vol. 7, prologue",NA,NA,Asks Ainz for permission to kill Evileye if she appears again.,stated
overlord,evileye,entry,Evileye,Overlord: The Men of the Kingdom Part II,novel,"vol. 6, ch. 9",NA,NA,Joins Gagaran and Tia against Entoma and defeats her.,shown
overlord,evileye,entry,Evileye,Overlord: The Men of the Kingdom Part II,novel,"vol. 6, ch. 9",NA,NA,Is saved from Jaldabaoth by Momon's arrival after Gagaran and Tia die.,shown
overlord,evileye,entry,Evileye,Overlord (anime),episode,S02E11,NA,NA,Casts [Vermin Bane] against Entoma's swarm.,shown
overlord,olasirdarc-haylilyal,entry,Olasird'arc Haylilyal,Overlord: The Dwarven Crafter,novel,"vol. 11, ch. 3",NA,NA,"Feo Teiwaz was destroyed in his battle with Munuinia Ilyslym, who then became his concubine.",stated
overlord,olasirdarc-haylilyal,entry,Olasird'arc Haylilyal,Overlord: The Dwarven Crafter,novel,"vol. 11, ch. 5",NA,NA,Is killed instantly by Ainz's [Grasp Heart] in the royal palace.,shown
overlord,olasirdarc-haylilyal,entry,Olasird'arc Haylilyal,Overlord (anime),episode,S04E07,NA,NA,Dies to [Grasp Heart] while his three wives look on.,shown
overlord,brain-unglaus,entry,Brain Unglaus,Overlord: The Bloody Valkyrie,novel,"vol. 3, ch. 2",NA,NA,Flees in tears after his strongest technique fails to injure Shalltear.,shown
overlord,brain-unglaus,entry,Brain Unglaus,Overlord: The Men of the Kingdom Part II,novel,"vol. 6, ch. 11",NA,NA,Uses Nail Clipper on Shalltear and cuts through her fingernail.,shown
overlord,brain-unglaus,entry,Brain Unglaus,Overlord: The Witch of the Doomed Kingdom,novel,"vol. 14, ch. 4",NA,NA,Blocks the Sorcerer Kingdom's march and challenges Cocytus to a duel.,shown
overlord,brain-unglaus,entry,Brain Unglaus,Overlord (anime),episode,S04E12,NA,NA,Bows to Cocytus in a warrior's respect before their duel.,shown
overlord,gazef-stronoff,entry,Gazef Stronoff,Overlord: The Undead King,novel,"vol. 1, ch. 4",NA,NA,Fights the Sunlight Scripture's angels and is overwhelmed by their magic.,shown
overlord,gazef-stronoff,entry,Gazef Stronoff,Overlord: The Caster of Destruction,novel,"vol. 9, ch. 4",NA,NA,Refuses Ainz's offer of service and challenges him to a duel.,stated
overlord,gazef-stronoff,entry,Gazef Stronoff,Overlord: The Caster of Destruction,novel,"vol. 9, ch. 4",NA,NA,Is killed by [Time Stop] and an instant-death spell before he can act.,shown
overlord,gazef-stronoff,entry,Gazef Stronoff,Overlord (anime),episode,S03E13,NA,NA,Cannot react to a Dark Young's missed tentacle strike before the duel.,shown
overlord,zero,entry,Zero,Overlord: The Men of the Kingdom Part II,novel,"vol. 6, ch. 8",NA,NA,"Downs Lockmeier with a punch and traps Brain, Climb and Lockmeier.",shown
overlord,zero,entry,Zero,Overlord: The Men of the Kingdom Part II,novel,"vol. 6, ch. 8",NA,NA,His strongest attack lands on Sebas without harming him.,shown
overlord,zero,entry,Zero,Overlord (anime),episode,S02E12,NA,NA,Offers Brain mercy if he will kneel and serve the Six Arms.,stated
overlord,clementine,entry,Clementine,Overlord: The Dark Warrior,novel,"vol. 2, ch. 4",NA,NA,Kills the four members of the Swords of Darkness while kidnapping Nfirea.,shown
overlord,clementine,entry,Clementine,Overlord: The Dark Warrior,novel,"vol. 2, ch. 4",NA,NA,Lands a strike to Momon's head that leaves him unhurt.,shown
overlord,clementine,entry,Clementine,Overlord: The Dark Warrior,novel,"vol. 2, ch. 4",NA,NA,Ainz has a skill that invalidates attacks from opponents far below his level.,stated
overlord,clementine,entry,Clementine,Overlord (anime),episode,S01E09,NA,NA,Ainz crushes her body with both arms.,shown
overlord,hamsuke,entry,Hamsuke,Overlord: The Dark Warrior,novel,"vol. 2, ch. 3",NA,NA,"Is driven toward Momon by Aura, fights him, and submits.",shown
overlord,hamsuke,entry,Hamsuke,Overlord: The Dark Warrior,novel,"vol. 2, ch. 4",NA,NA,Is registered at the Adventurer's Guild as Momon's mount.,shown
overlord,hamsuke,entry,Hamsuke,Overlord: The Invaders of the Great Tomb,novel,"vol. 7, ch. 3",NA,NA,Duels Erya Uzruth and kills him with newly learned martial arts.,shown
overlord,khajiit-dale-badantel,entry,Khajiit Dale Badantel,Overlord: The Dark Warrior,novel,"vol. 2, ch. 4",NA,NA,Sets two Skeletal Dragons on Nabe in the cemetery.,shown
overlord,zaryusu-shasha,entry,Zaryusu Shasha,Overlord: The Lizardman Heroes,novel,"vol. 4, ch. 3",NA,NA,"Finishes Iguva=41, the elder lich commanding Ainz's undead army.",shown
overlord,zaryusu-shasha,entry,Zaryusu Shasha,Overlord: The Lizardman Heroes,novel,"vol. 4, ch. 5",NA,NA,"Is among the last two lizardmen fighting Cocytus, beside his brother Shasryu.",shown
overlord,zaryusu-shasha,entry,Zaryusu Shasha,Overlord: The Lizardman Heroes,novel,"vol. 4, epilogue",NA,NA,Is revived by Ainz and swears fealty to him.,shown
overlord,nigun-grid-luin,entry,Nigun Grid Luin,Overlord: The Undead King,novel,"vol. 1, ch. 5",NA,NA,"Summons a Dominion Authority from a sealing crystal, which Ainz destroys.",shown
overlord,nigun-grid-luin,entry,Nigun Grid Luin,Overlord (anime),episode,S01E04,NA,NA,The Dominion Authority's attack does Ainz only the slightest damage.,shown
overlord,climb,entry,Climb,Overlord: The Men of the Kingdom Part I,novel,"vol. 5, ch. 5",NA,NA,First uses the martial art Limit Breaker Mind in his fight with Succulent.,shown
overlord,climb,entry,Climb,Overlord: The Men of the Kingdom Part II,novel,"vol. 6, ch. 8",NA,NA,"Defeats Succulent, disguised as the captive, together with Lockmeier.",shown
overlord,climb,entry,Climb,Overlord: The Witch of the Doomed Kingdom,novel,"vol. 14, ch. 4",NA,NA,"Attacks Ainz with Razor Edge and is killed by [Grasp Heart], then revived.",shown
overlord,climb,entry,Climb,Overlord (anime),episode,S04E13,NA,NA,Is killed by Ainz's [Grasp Heart] and wakes later at Renner's bedside.,shown
overlord,tsaindorcus-vaision,entry,Tsaindorcus Vaision,Overlord: The Invaders of the Great Tomb,novel,"vol. 7, intermission",NA,NA,"Tells Rigrit of fighting an unknown, very powerful vampire.",stated
overlord,tsaindorcus-vaision,entry,Tsaindorcus Vaision,Overlord: The Witch of the Doomed Kingdom,novel,"vol. 14, ch. 4",NA,NA,"Traps ""Ainz"" — Pandora's Actor in disguise — inside a World-Isolating Barrier.",shown
overlord,tsaindorcus-vaision,entry,Tsaindorcus Vaision,Overlord: The Witch of the Doomed Kingdom,novel,"vol. 14, ch. 4",NA,NA,"A [Grasp Heart] cast at the armour by Pandora's Actor, in Ainz's form, has no effect.",shown
overlord,tsaindorcus-vaision,entry,Tsaindorcus Vaision,Overlord: The Witch of the Doomed Kingdom,novel,"vol. 14, ch. 4",NA,NA,Withdraws once Albedo arrives and overwhelms the armour.,shown
overlord,tsaindorcus-vaision,entry,Tsaindorcus Vaision,Overlord: The Witch of the Doomed Kingdom,novel,"vol. 14, ch. 4",NA,NA,"Pandora's Actor, Shalltear and Albedo read the armour at about level 90, 85 and 80 respectively.",stated
overlord,tsaindorcus-vaision,entry,Tsaindorcus Vaision,Overlord: The Witch of the Doomed Kingdom,novel,"vol. 14, ch. 4",NA,NA,Ainz cannot account for the barrier through the YGGDRASIL rules his own powers follow.,stated
overlord,tsaindorcus-vaision,entry,Tsaindorcus Vaision,Overlord (anime),episode,S04E11,NA,NA,"The [Grasp Heart] that Pandora's Actor, disguised as Ainz, casts at Riku fails.",shown
overlord,downfall-of-castle-and-country,entry,Downfall of Castle and Country,Overlord: The Bloody Valkyrie,novel,"vol. 3, ch. 2",NA,NA,Kaire activates the item and Shalltear feels her mind being taken despite her immunity.,shown
overlord,downfall-of-castle-and-country,entry,Downfall of Castle and Country,Overlord: The Bloody Valkyrie,novel,"vol. 3, ch. 2",NA,NA,Shalltear's Purifying Javelin pierces the shield-bearer Cedran and wounds Kaire.,shown
overlord,downfall-of-castle-and-country,entry,Downfall of Castle and Country,Overlord: The Half-Elf Demigod Part II,novel,"vol. 16, epilogue",NA,NA,Ainz learns that it was the Theocracy that used it on Shalltear.,stated
overlord,victim,entry,Victim,Overlord: The Men of the Kingdom Part II,novel,"vol. 6, character sheet",NA,NA,"Victim's sheet gives a total level of 35, the lowest of the Floor Guardians.",stated
overlord,victim,entry,Victim,Overlord: The Lizardman Heroes,novel,"vol. 4, ch. 4",NA,NA,"Ainz tells Victim he may have to be killed to trap intruders, and Victim accepts.",stated
overlord,victim,entry,Victim,Overlord: The Lizardman Heroes,novel,vol. 4,NA,NA,Ainz posts Victim to guard the first floor while the others go to the Great Lake.,stated
overlord,victim,entry,Victim,Overlord (anime),episode,S02E04,NA,NA,Ainz introduces Victim to the other Floor Guardians at a meeting in the tomb.,shown
pokemon,arceus,entry,Arceus,Pokémon Diamond,game,Canalave,2006,NA,Canalave's myth describes it shaping the world and creating the beings that govern time and space.,stated
pokemon,arceus,entry,Arceus,Pokémon Platinum,game,NA,2008,NA,The Distortion World and the creation trio are presented as its work.,stated
pokemon,arceus,entry,Arceus,Pokémon Legends: Arceus,game,NA,2022,NA,Appears directly at the end of the game as an encounter.,shown
pokemon,giratina,entry,Giratina,Pokémon Platinum,game,Distortion World,2008,NA,"Pulls Cyrus into the Distortion World, which does not obey ordinary gravity or geometry.",shown
pokemon,giratina,entry,Giratina,Pokémon Diamond,game,"Pokédex entry, Giratina",2006,NA,Said to have been banished for its violence into a world on the reverse side.,stated
pokemon,dialga,entry,Dialga,Pokémon Pearl,game,"Pokédex entry, Dialga",2006,NA,Time is said to have begun moving when Dialga was born.,stated
pokemon,dialga,entry,Dialga,Pokémon Platinum,game,Spear Pillar,2008,NA,Summoned by the Red Chain at Spear Pillar as one of the two forces Cyrus intends to rebuild reality with.,shown
pokemon,palkia,entry,Palkia,Pokémon Pearl,game,"Pokédex entry, Palkia",2006,NA,"Said to dwell in a gap between dimensions, with space distorting where it goes.",stated
pokemon,palkia,entry,Palkia,Pokémon Platinum,game,Spear Pillar,2008,NA,Summoned alongside Dialga at Spear Pillar by the Red Chain.,shown
pokemon,eternatus,entry,Eternatus,Pokémon Sword,game,NA,2019,NA,Its energy is the source of the Dynamax phenomenon across the whole region.,shown
pokemon,eternatus,entry,Eternatus,Pokémon Shield,game,NA,2019,NA,"The Eternamax form cannot be caught; the fight needs Zacian and Zamazenta, summoned by the player and Hop.",shown
pokemon,necrozma,entry,Necrozma,Pokémon Ultra Sun,game,Ultra Megalopolis,2017,NA,Ultra Megalopolis is permanently dark because Necrozma drained its light.,stated
pokemon,necrozma,entry,Necrozma,Pokémon Ultra Moon,game,NA,2017,NA,Takes Solgaleo or Lunala as a host and transforms into Ultra Necrozma.,shown
pokemon,rayquaza,entry,Rayquaza,Pokémon Emerald,game,NA,2004,NA,Ends the confrontation between Kyogre and Groudon that neither side could resolve.,shown
pokemon,rayquaza,entry,Rayquaza,Pokémon Omega Ruby,game,Delta Episode,2014,NA,Mega Evolves and destroys an incoming meteoid above the atmosphere in the Delta Episode.,shown
pokemon,kyogre,entry,Kyogre,Pokémon Sapphire,game,"Pokédex entry, Kyogre",2002,NA,Said to have widened the sea by bringing down heavy rain.,stated
pokemon,kyogre,entry,Kyogre,Pokémon Alpha Sapphire,game,NA,2014,NA,"Primal Reversion produces heavy rain that other weather moves cannot lift, reported in battle as ""There is no relief from this heavy rain!""",stated
pokemon,groudon,entry,Groudon,Pokémon Ruby,game,"Pokédex entry, Groudon",2002,NA,Said to have expanded the continents through drought and volcanic activity.,stated
pokemon,groudon,entry,Groudon,Pokémon Omega Ruby,game,NA,2014,NA,"Primal Reversion produces harsh sunlight that other weather moves cannot lessen, reported in battle as ""The extremely harsh sunlight was not lessened at all!""",stated
pokemon,mewtwo,entry,Mewtwo,Pokémon: The First Movie,film,NA,1998,NA,"Destroys the laboratory and its staff on waking, then clones a set of Pokémon and erases the witnesses' memories.",shown
pokemon,mewtwo,entry,Mewtwo,Pokémon Red,game,Cinnabar mansion journals,1996,NA,"Described as created by gene-splicing research, with the Cinnabar mansion journals as the record.",stated
pokemon,terapagos,entry,Terapagos,Pokémon Scarlet,game,"Pokédex entry, Terapagos",2022,NA,"""Terapagos protects itself using its power to transform energy into hard crystals. This Pokémon is the source of the Terastal phenomenon.""",stated
pokemon,terapagos,entry,Terapagos,Pokémon Violet,game,"Pokédex entry, Terapagos",2022,NA,"""It's thought that this Pokémon lived in ancient Paldea until it got caught in seismic shifts and went extinct.""",stated
pokemon,terapagos,entry,Terapagos,Pokémon Scarlet and Violet: The Indigo Disk,game,NA,2023,NA,"Its three forms carry base stat totals of 450, 600 and 700.",stated
pokemon,reshiram-zekrom,entry,Reshiram and Zekrom,Pokémon Black 2,game,"Pokédex entry, Reshiram",2012,NA,"""This legendary Pokémon can scorch the world with fire. It helps those who want to build a world of truth."" — Reshiram",stated
pokemon,reshiram-zekrom,entry,Reshiram and Zekrom,Pokémon Black 2,game,"Pokédex entry, Zekrom",2012,NA,"""This legendary Pokémon can scorch the world with lightning. It assists those who want to build an ideal world."" — Zekrom",stated
pokemon,reshiram-zekrom,entry,Reshiram and Zekrom,Pokémon Black,game,NA,2010,NA,"Both are assigned a base stat total of 680; Kyurem, which absorbs either of them, is assigned 660.",stated
pokemon,ho-oh,entry,Ho-Oh,Pokémon Gold,game,Brass Tower,1999,NA,"Revived the three Pokémon that died in the Brass Tower fire, producing Raikou, Entei and Suicune.",stated
pokemon,lugia,entry,Lugia,Pokémon Diamond,game,"Pokédex entry, Lugia",2006,NA,A storm lasting forty days is attributed to a single movement of its wings.,stated
pokemon,lugia,entry,Lugia,Pokémon: The Movie 2000,film,NA,1999,NA,The global weather disruption is resolved only by Lugia's intervention.,shown
pokemon,kyurem,entry,Kyurem,Pokémon Black 2,game,NA,2012,NA,Absorbs Zekrom or Reshiram to form Black or White Kyurem.,shown
pokemon,kyurem,entry,Kyurem,Pokémon Black,game,"Pokédex entry, Kyurem",2010,NA,Described as the remainder of an original dragon that split in two.,stated
pokemon,yveltal,entry,Yveltal,Pokémon Y,game,"Pokédex entry, Yveltal",2013,NA,When its life ends it absorbs the life energy of every living thing and returns to a cocoon.,stated
pokemon,yveltal,entry,Yveltal,Pokémon Y,game,NA,2013,NA,Fought and caught as the box legendary without the absorption ever occurring.,shown
pokemon,xerneas,entry,Xerneas,Pokémon X,game,"Pokédex entry, Xerneas",2013,NA,Said to be able to share eternal life.,stated
pokemon,xerneas,entry,Xerneas,Pokémon X,game,Geosenge,2013,NA,"Drained of its life force beneath Geosenge to power Lysandre's ultimate weapon, which the player watches fire.",shown
pokemon,zygarde,entry,Zygarde,Pokémon Sun,game,NA,2016,NA,"Assembles from distributed cells into Complete Forme, described as a response to ecological crisis.",shown
pokemon,regigigas,entry,Regigigas,Pokémon Diamond,game,"Pokédex entry, Regigigas",2006,NA,Said to have towed continents into place using ropes.,stated
pokemon,regigigas,entry,Regigigas,Pokémon Platinum,game,Snowpoint Temple,2008,NA,Encountered at Snowpoint Temple with the Slow Start ability halving its attack and speed for five turns.,shown
pokemon,darkrai,entry,Darkrai,Pokémon Platinum,game,"Pokédex entry, Darkrai",2008,NA,"Afflicts those around it with nightmares to protect itself, and is said to mean no harm by it.",stated
pokemon,darkrai,entry,Darkrai,Pokémon Platinum,game,Newmoon Island,2008,NA,Encountered on Newmoon Island as the cause of the Canalave sleeper's nightmares.,shown
pokemon,deoxys,entry,Deoxys,Pokémon Ruby,game,"Pokédex entry, Deoxys",2002,NA,"Described as a space virus mutated by exposure to a laser, arriving via meteorite.",stated
pokemon,deoxys,entry,Deoxys,Pokémon Platinum,game,Veilstone meteorites,2008,NA,"Changes Forme at the Veilstone meteorites, redistributing the same stat budget.",shown
pokemon,mew,entry,Mew,Pokémon Red,game,Cinnabar mansion journals,1996,NA,The Cinnabar journals record Mew as the source organism from which Mewtwo was produced.,stated
pokemon,mew,entry,Mew,Pokémon Ruby,game,"Pokédex entry, Mew",2002,NA,Said to hold the genetic composition of all Pokémon.,stated
pokemon,mew,entry,Mew,Pokémon: The First Movie,film,NA,1998,NA,Fights Mewtwo directly and matches it.,shown
pokemon,magcargo,entry,Magcargo,Pokémon Sapphire,game,"Pokédex entry, Magcargo",2002,NA,"Its body temperature is given as about 18,000 degrees Fahrenheit.",stated
pokemon,magcargo,entry,Magcargo,Pokémon Diamond,game,"Pokédex entry, Magcargo",2006,NA,The temperature claim is repeated in a later generation rather than corrected.,stated
pokemon,gengar,entry,Gengar,Pokémon Silver,game,"Pokédex entry, Gengar",1999,NA,Described as slipping into its prey's shadow and waiting for a chance to take their life.,stated
pokemon,drifloon,entry,Drifloon,Pokémon HeartGold,game,"Pokédex entry, Drifloon",2009,NA,Children who mistake it for a balloon and hold on to it are said to go missing.,stated
solo-leveling,sung-jinwoo,entry,Sung Jinwoo,Solo Leveling (webtoon),comic,ch. 1,NA,NA,The Association's register lists Sung Jinwoo at the weakest hunter grade.,stated
solo-leveling,sung-jinwoo,entry,Sung Jinwoo,Solo Leveling (webtoon),comic,ch. 147,NA,NA,Beats Thomas Andre to the brink of death with his bare hands.,shown
solo-leveling,sung-jinwoo,entry,Sung Jinwoo,Solo Leveling (webtoon),comic,ch. 138,NA,NA,Decapitates Legia with a single strike.,shown
solo-leveling,sung-jinwoo,entry,Sung Jinwoo,Solo Leveling (webtoon),comic,ch. 160,NA,NA,Cuts Querehsha in half and then reduces her to pieces.,shown
solo-leveling,sung-jinwoo,entry,Sung Jinwoo,Solo Leveling (webtoon),comic,ch. 160,NA,NA,Rakan drives his claws through Sung Jinwoo's chest from behind.,shown
solo-leveling,sung-jinwoo,entry,Sung Jinwoo,Solo Leveling (webtoon),comic,ch. 162,NA,NA,Sung Jinwoo's heart begins beating again after the wound that killed him.,shown
solo-leveling,sung-jinwoo,entry,Sung Jinwoo,Solo Leveling (webtoon),comic,ch. 173,NA,NA,Antares' army is frozen in place where it stands.,shown
solo-leveling,sung-jinwoo,entry,Sung Jinwoo,Solo Leveling (webtoon),comic,ch. 173,NA,NA,The skill that immobilises Antares' army is named Dragon's Fear.,stated
solo-leveling,sung-jinwoo,entry,Sung Jinwoo,Solo Leveling (webtoon),comic,ch. 104,NA,NA,The Ant King is defeated by Sung Jinwoo on Jeju Island.,shown
solo-leveling,sung-jinwoo,entry,Sung Jinwoo,Solo Leveling (webtoon),comic,ch. 160–165,NA,NA,The three Monarchs who invaded Seoul to kill him are all killed by him instead.,shown
solo-leveling,sung-jinwoo,entry,Sung Jinwoo,Solo Leveling (webtoon),comic,ch. 178,NA,NA,Every Monarch but Baran is brought back from the dead with their memories intact after the Cup of Reincarnation is used.,stated
solo-leveling,sung-jinwoo,entry,Sung Jinwoo,Solo Leveling (webtoon),comic,ch. 179,NA,NA,He spends twenty-seven years killing the returned Monarchs one at a time.,stated
solo-leveling,sung-jinwoo,entry,Sung Jinwoo,Solo Leveling (web novel),novel,ch. 1,NA,NA,Sung Jinwoo is introduced as the weakest hunter of all mankind.,stated
solo-leveling,antares,entry,Antares,Solo Leveling (webtoon),comic,ch. 169,NA,NA,Burns the Canadian S-Rank hunter Jay Mills to cinders with his breath.,shown
solo-leveling,antares,entry,Antares,Solo Leveling (webtoon),comic,ch. 171,NA,NA,His army cuts a path of destruction across Canada.,shown
solo-leveling,antares,entry,Antares,Solo Leveling (webtoon),comic,ch. 176,NA,NA,Sung Jinwoo's attacks bounce off his skin without effect.,shown
solo-leveling,antares,entry,Antares,Solo Leveling (webtoon),comic,ch. 176,NA,NA,Offers to withdraw his forces and spare mankind if Sung Jinwoo fights the Rulers alongside him.,stated
solo-leveling,antares,entry,Antares,Solo Leveling (webtoon),comic,ch. 176,NA,NA,Sung Jinwoo slices him almost completely in half with his father's dagger.,shown
solo-leveling,antares,entry,Antares,Solo Leveling (webtoon),comic,ch. 177,NA,NA,He realises Sung Jinwoo had been aiming from the start to distort space enough to let the Rulers through.,stated
solo-leveling,antares,entry,Antares,Solo Leveling (webtoon),comic,ch. 177,NA,NA,The Rulers appear in their raw forms and run him through with their spears.,shown
solo-leveling,antares,entry,Antares,Solo Leveling (webtoon),comic,ch. 178,NA,NA,Sung Jinwoo kills him in his palace twenty-seven years into the timeline the Cup of Reincarnation produced.,shown
solo-leveling,antares,entry,Antares,Solo Leveling (webtoon),comic,ch. 163,NA,NA,Antares ordered Rakan and Baran to take out Ashborn during the first war.,stated
solo-leveling,antares,entry,Antares,Solo Leveling (webtoon),comic,NA,NA,NA,Antares could find no human vessel able to withstand his power.,stated
solo-leveling,antares,entry,Antares,Solo Leveling (web novel),novel,ch. 228,NA,NA,Antares is named King of Dragons and Monarch of Destruction.,stated
solo-leveling,rakan,entry,Rakan,Solo Leveling (webtoon),comic,ch. 156,NA,NA,"Rampages across Seoul, killing people in the street as he goes.",shown
solo-leveling,rakan,entry,Rakan,Solo Leveling (webtoon),comic,ch. 157,NA,NA,Defeats Thomas Andre after manifesting his spiritual body.,shown
solo-leveling,rakan,entry,Rakan,Solo Leveling (webtoon),comic,ch. 158,NA,NA,Sung Jinwoo axe-kicks him into the ground.,shown
solo-leveling,rakan,entry,Rakan,Solo Leveling (webtoon),comic,ch. 160,NA,NA,Stabs Sung Jinwoo through the chest with his claws.,shown
solo-leveling,rakan,entry,Rakan,Solo Leveling (webtoon),comic,ch. 129,NA,NA,"Ashborn defeats him and Baran together, and he flees the battlefield.",shown
solo-leveling,rakan,entry,Rakan,Solo Leveling (web novel),novel,ch. 213,NA,NA,Rakan is named King of Beasts and Monarch of Fangs.,stated
solo-leveling,sillad,entry,Sillad,Solo Leveling (webtoon),comic,ch. 150,NA,NA,Kills Go Gunhee in his own office.,shown
solo-leveling,sillad,entry,Sillad,Solo Leveling (webtoon),comic,ch. 151,NA,NA,Forces Sung Jinwoo back with a wall of ice and escapes through a portal.,shown
solo-leveling,sillad,entry,Sillad,Solo Leveling (webtoon),comic,ch. 111,NA,NA,"Sung Il-Hwan ambushes him and Yogumunt in America, and both walk away from it.",shown
solo-leveling,sillad,entry,Sillad,Solo Leveling (webtoon),comic,ch. 160,NA,NA,Manifests his spiritual body against Sung Jinwoo in Seoul.,shown
solo-leveling,sillad,entry,Sillad,Solo Leveling (webtoon),comic,ch. 160,NA,NA,Sillad pushes Sung Jinwoo to his limit.,shown
solo-leveling,sillad,entry,Sillad,Solo Leveling (webtoon),comic,ch. 165,NA,NA,Sillad says the restored Igris is a greater threat than Beru.,stated
solo-leveling,sillad,entry,Sillad,Solo Leveling (web novel),novel,ch. 200,NA,NA,Sillad is named King of Snow Folk and Monarch of Frost.,stated
solo-leveling,querehsha,entry,Querehsha,Solo Leveling (webtoon),comic,ch. 140,NA,NA,"Christopher Reed is killed in his own home by Querehsha, Rakan and Tarnak together.",shown
solo-leveling,querehsha,entry,Querehsha,Solo Leveling (webtoon),comic,ch. 160,NA,NA,Regenerates her whole body seconds after Sung Jinwoo cuts her in half.,shown
solo-leveling,querehsha,entry,Querehsha,Solo Leveling (webtoon),comic,ch. 160,NA,NA,Her venom has no effect on Sung Jinwoo.,stated
solo-leveling,querehsha,entry,Querehsha,Solo Leveling (webtoon),comic,ch. 160,NA,NA,Sung Jinwoo reduces her to pieces with Mutilation.,shown
solo-leveling,querehsha,entry,Querehsha,Solo Leveling (webtoon),comic,ch. 159,NA,NA,Restrains Beru with her bare hands in the middle of the fight.,shown
solo-leveling,querehsha,entry,Querehsha,Solo Leveling (webtoon),comic,ch. 159,NA,NA,Querehsha calls Beru hers and tells him he is being punished for fighting back.,stated
solo-leveling,querehsha,entry,Querehsha,Solo Leveling (webtoon),comic,NA,NA,NA,Querehsha can reanimate and control the dead using parasites.,stated
solo-leveling,querehsha,entry,Querehsha,Solo Leveling (web novel),novel,ch. 215,NA,NA,Querehsha is named Queen of Insects and Monarch of Plagues.,stated
solo-leveling,baran,entry,Baran,Solo Leveling (webtoon),comic,ch. 177,NA,NA,Antares ordered Baran and Rakan to take out Ashborn.,stated
solo-leveling,baran,entry,Baran,Solo Leveling (webtoon),comic,ch. 129,NA,NA,Ashborn crushes Baran's skull in one hand.,shown
solo-leveling,baran,entry,Baran,Solo Leveling (webtoon),comic,ch. 85,NA,NA,The Baran in the Demon Castle was recreated by Kandiaru as its final boss.,stated
solo-leveling,baran,entry,Baran,Solo Leveling (webtoon),comic,ch. 87,NA,NA,Gains the upper hand over Sung Jinwoo on the Demon Castle's final floor.,shown
solo-leveling,baran,entry,Baran,Solo Leveling (webtoon),comic,ch. 87,NA,NA,Esil Radiru distracts him at the decisive moment of the fight.,shown
solo-leveling,baran,entry,Baran,Solo Leveling (webtoon),comic,ch. 87,NA,NA,Sung Jinwoo tears off his left arm and blows his head off with a punch.,shown
solo-leveling,baran,entry,Baran,Solo Leveling (webtoon),comic,ch. 178,NA,NA,Every Monarch except Baran is returned to life by the Cup of Reincarnation.,stated
solo-leveling,baran,entry,Baran,Solo Leveling (web novel),novel,ch. 107,NA,NA,Baran is named King of Demons and Monarch of White Flames.,stated
solo-leveling,tarnak,entry,Tarnak,Solo Leveling (webtoon),comic,ch. 178,NA,NA,Tarnak is among the Monarchs the Cup of Reincarnation brings back from the dead.,stated
solo-leveling,tarnak,entry,Tarnak,Solo Leveling (webtoon),comic,ch. 152,NA,NA,"Refuses to join the attack on Sung Jinwoo, calling it suicide without Antares.",stated
solo-leveling,tarnak,entry,Tarnak,Solo Leveling (webtoon),comic,ch. 140,NA,NA,Appears in front of Christopher Reed while Rakan and Querehsha come in behind him.,shown
solo-leveling,tarnak,entry,Tarnak,Solo Leveling (webtoon),comic,ch. 172,NA,NA,Bellion and Beru rise out of Thomas Andre's shadow in front of him.,shown
solo-leveling,tarnak,entry,Tarnak,Solo Leveling (webtoon),comic,ch. 172,NA,NA,Tusk has cut his telepathic link to Antares.,stated
solo-leveling,tarnak,entry,Tarnak,Solo Leveling (webtoon),comic,ch. 173,NA,NA,"Thomas Andre, Bellion and Beru overpower and kill him.",shown
solo-leveling,tarnak,entry,Tarnak,Solo Leveling (web novel),novel,ch. 182,NA,NA,Iron Body Reinforcement strengthens his soul against life-draining effects.,stated
solo-leveling,yogumunt,entry,Yogumunt,Solo Leveling (webtoon),comic,ch. 111,NA,NA,"Sung Il-Hwan ambushes him and Sillad in America, and both walk away from it.",shown
solo-leveling,yogumunt,entry,Yogumunt,Solo Leveling (webtoon),comic,ch. 152,NA,NA,"Refuses to help kill Sung Jinwoo, saying he does not want to suffer Baran's fate.",stated
solo-leveling,yogumunt,entry,Yogumunt,Solo Leveling (webtoon),comic,ch. 173,NA,NA,Creates numerous portals to summon out the rest of the dragon army.,shown
solo-leveling,yogumunt,entry,Yogumunt,Solo Leveling (webtoon),comic,ch. 173,NA,NA,Is immobilised along with the rest of Antares' minions.,shown
solo-leveling,yogumunt,entry,Yogumunt,Solo Leveling (webtoon),comic,ch. 178,NA,NA,Sung Jinwoo kills Yogumunt in the timeline the Cup of Reincarnation produced.,shown
solo-leveling,yogumunt,entry,Yogumunt,Solo Leveling (webtoon),comic,ch. 178,NA,NA,Every Monarch but Antares was already dead when Sung Jinwoo came for Yogumunt.,stated
solo-leveling,yogumunt,entry,Yogumunt,Solo Leveling (web novel),novel,ch. 239,NA,NA,Yogumunt is named King of Demonic Spectres and Monarch of Transfiguration.,stated
solo-leveling,legia,entry,Legia,Solo Leveling (webtoon),comic,ch. 163,NA,NA,Legia is taken alive by the Rulers and shown in chains.,shown
solo-leveling,legia,entry,Legia,Solo Leveling (webtoon),comic,ch. 163,NA,NA,The chains holding Legia absorb his mana.,stated
solo-leveling,legia,entry,Legia,Solo Leveling (webtoon),comic,ch. 163,NA,NA,Capturing Legia turned the tide of the first war in the Rulers' favour.,stated
solo-leveling,legia,entry,Legia,Solo Leveling (webtoon),comic,ch. 137,NA,NA,Casts a spell preventing him and Sung Jinwoo from lying to each other.,stated
solo-leveling,legia,entry,Legia,Solo Leveling (webtoon),comic,ch. 137,NA,NA,"Tells Sung Jinwoo he cannot be raised as a shadow soldier, lacking an organic body.",stated
solo-leveling,legia,entry,Legia,Solo Leveling (webtoon),comic,ch. 138,NA,NA,Sung Jinwoo finds the essence stone implanted in the back of his neck.,shown
solo-leveling,legia,entry,Legia,Solo Leveling (webtoon),comic,ch. 138,NA,NA,"Decapitated in one strike, and his body dissolves into shards of light.",shown
solo-leveling,legia,entry,Legia,Solo Leveling (web novel),novel,ch. 174,NA,NA,Legia is named King of Giants and Monarch of the Beginning.,stated
solo-leveling,sung-il-hwan,entry,Sung Il-Hwan,Solo Leveling (webtoon),comic,ch. 56,NA,NA,Swats aside a squad of hunters who attack him inside a dungeon and knocks them all out.,shown
solo-leveling,sung-il-hwan,entry,Sung Il-Hwan,Solo Leveling (webtoon),comic,NA,NA,NA,His fight with Hwang Dongsoo demolishes the Bureau's headquarters.,shown
solo-leveling,sung-il-hwan,entry,Sung Il-Hwan,Solo Leveling (webtoon),comic,ch. 111,NA,NA,Attacks Sillad and Yogumunt in America and is driven back.,shown
solo-leveling,sung-il-hwan,entry,Sung Il-Hwan,Solo Leveling (webtoon),comic,ch. 162,NA,NA,"Kicks Rakan into Sillad, sending both crashing through several buildings.",shown
solo-leveling,sung-il-hwan,entry,Sung Il-Hwan,Solo Leveling (webtoon),comic,ch. 166,NA,NA,"The Rulers found him in a dungeon, granted him their power, and set him to kill the new Shadow Monarch.",stated
solo-leveling,sung-il-hwan,entry,Sung Il-Hwan,Solo Leveling (webtoon),comic,ch. 60,NA,NA,"His S-Rank strength was never officially recognised, the ranking system not existing when he awakened.",stated
solo-leveling,sung-il-hwan,entry,Sung Il-Hwan,Solo Leveling (web novel),novel,ch. 68,NA,NA,Sung Il-Hwan is introduced as Sung Jinwoo's missing father.,stated
solo-leveling,thomas-andre,entry,Thomas Andre,Solo Leveling (webtoon),comic,ch. 149,NA,NA,Described as the strongest hunter in America and first in the world among the National Level Hunters.,stated
solo-leveling,thomas-andre,entry,Thomas Andre,Solo Leveling (webtoon),comic,ch. 147,NA,NA,Uses Reinforcement against Sung Jinwoo and is beaten to the brink of death.,shown
solo-leveling,thomas-andre,entry,Thomas Andre,Solo Leveling (webtoon),comic,ch. 153,NA,NA,Kamish's fang was too short for a longsword and was crafted into daggers instead.,stated
solo-leveling,thomas-andre,entry,Thomas Andre,Solo Leveling (webtoon),comic,ch. 157,NA,NA,Trades blows with Rakan in the street until Rakan manifests his spiritual body.,shown
solo-leveling,thomas-andre,entry,Thomas Andre,Solo Leveling (webtoon),comic,ch. 145,NA,NA,The Rulers granted Thomas Andre power after magic beasts were discovered.,stated
solo-leveling,thomas-andre,entry,Thomas Andre,Solo Leveling (webtoon),comic,ch. 173,NA,NA,Summons Bellion and Beru out of his own shadow and helps kill Tarnak.,shown
solo-leveling,thomas-andre,entry,Thomas Andre,Solo Leveling (web novel),novel,ch. 125,NA,NA,Thomas Andre is introduced under the epithet the Goliath.,stated
solo-leveling,bellion,entry,Bellion,Solo Leveling (webtoon),comic,ch. 168,NA,NA,Bellion was born from the fruit of the World Tree.,stated
solo-leveling,bellion,entry,Bellion,Solo Leveling (webtoon),comic,ch. 168,NA,NA,Bellion was the first shadow soldier created from Ashborn's power.,stated
solo-leveling,bellion,entry,Bellion,Solo Leveling (webtoon),comic,ch. 167,NA,NA,Arrives in Seoul with Ashborn's original army through a gate over the city.,shown
solo-leveling,bellion,entry,Bellion,Solo Leveling (webtoon),comic,ch. 167,NA,NA,The Korean Hunters Association took the gate for a threat requiring all the world's S-Rank hunters.,stated
solo-leveling,bellion,entry,Bellion,Solo Leveling (webtoon),comic,ch. 167,NA,NA,Swats Beru's attacks aside and smashes him into the ground in a sparring match.,shown
solo-leveling,bellion,entry,Bellion,Solo Leveling (web novel),novel,ch. 226,NA,NA,Bellion is recorded at Grand Marshal grade.,stated
solo-leveling,beru,entry,Beru,Solo Leveling (webtoon),comic,ch. 97,NA,NA,Beheads five Japanese hunters with one attack each.,shown
solo-leveling,beru,entry,Beru,Solo Leveling (webtoon),comic,ch. 99,NA,NA,Devours Min Byung-Gyu's head.,shown
solo-leveling,beru,entry,Beru,Solo Leveling (webtoon),comic,ch. 99,NA,NA,Gluttony takes the healer's language and healing technique along with him.,stated
solo-leveling,beru,entry,Beru,Solo Leveling (webtoon),comic,ch. 100,NA,NA,"Kills Goto Ryuji, who lasts one hit longer than the hunters before him.",shown
solo-leveling,beru,entry,Beru,Solo Leveling (webtoon),comic,ch. 85,NA,NA,Goto Ryuji is the strongest hunter in Japan.,stated
solo-leveling,beru,entry,Beru,Solo Leveling (webtoon),comic,ch. 105,NA,NA,Sung Jinwoo extracts the Ant King's shadow.,shown
solo-leveling,beru,entry,Beru,Solo Leveling (webtoon),comic,ch. 164,NA,NA,Recorded at Marshal grade after Sung Jinwoo's ascension.,stated
solo-leveling,beru,entry,Beru,Solo Leveling (web novel),novel,ch. 124,NA,NA,The name Beru is taken from the author of The Ants.,stated
solo-leveling,igris,entry,Igris,Solo Leveling (webtoon),comic,ch. 39–40,NA,NA,Throws Sung Jinwoo around the boss room and prepares to kill him with his sword.,shown
solo-leveling,igris,entry,Igris,Solo Leveling (webtoon),comic,ch. 40,NA,NA,Sung Jinwoo drives a dagger into his left eye.,shown
solo-leveling,igris,entry,Igris,Solo Leveling (webtoon),comic,ch. 39,NA,NA,Tosses his sword aside once Sung Jinwoo chooses to fight bare-handed.,shown
solo-leveling,igris,entry,Igris,Solo Leveling (webtoon),comic,ch. 165,NA,NA,Named as one of the two wings of Ashborn's shadow army.,stated
solo-leveling,igris,entry,Igris,Solo Leveling (webtoon),comic,NA,NA,NA,Ashborn tasked him with testing his successor in battle.,stated
solo-leveling,igris,entry,Igris,Solo Leveling (web novel),novel,ch. 49,NA,NA,The Blood-Red Commander is the boss of the Job Change Quest dungeon.,stated
solo-leveling,igris,entry,Igris,Solo Leveling (web novel),novel,ch. 221,NA,NA,Igris is recorded at Marshal grade.,stated
solo-leveling,kamish,entry,Kamish,Solo Leveling (webtoon),comic,ch. 115,NA,NA,Devastates the American west coast after emerging from the first S-Rank gate.,stated
solo-leveling,kamish,entry,Kamish,Solo Leveling (webtoon),comic,ch. 115,NA,NA,The last five surviving S-Rank hunters band together and kill him.,stated
solo-leveling,kamish,entry,Kamish,Solo Leveling (webtoon),comic,ch. 142,NA,NA,Sung Jinwoo raises him from the preserved corpse at the second attempt.,shown
solo-leveling,kamish,entry,Kamish,Solo Leveling (webtoon),comic,ch. 143,NA,NA,Attempts a breath attack on the humans standing behind Sung Jinwoo.,shown
solo-leveling,kamish,entry,Kamish,Solo Leveling (webtoon),comic,ch. 143,NA,NA,Tells Sung Jinwoo he served Antares while he was alive.,stated
solo-leveling,kamish,entry,Kamish,Solo Leveling (webtoon),comic,ch. 143,NA,NA,His body crumbles apart from having been dead too long.,shown
solo-leveling,kamish,entry,Kamish,Solo Leveling (web novel),novel,ch. 135,NA,NA,Kamish is called humanity's greatest calamity.,stated
solo-leveling,tusk,entry,Tusk,Solo Leveling (webtoon),comic,ch. 74–75,NA,NA,Sung Jinwoo defeats Kargalgan and extracts the shadow from his body afterwards.,shown
solo-leveling,tusk,entry,Tusk,Solo Leveling (webtoon),comic,ch. 71,NA,NA,Kargalgan is the boss of the Hunters Guild gate.,stated
solo-leveling,tusk,entry,Tusk,Solo Leveling (webtoon),comic,ch. 71,NA,NA,Puts his spells on Son Kihoon in front of the rest of the strike team.,shown
solo-leveling,tusk,entry,Tusk,Solo Leveling (webtoon),comic,ch. 71,NA,NA,Kargalgan invited the strike team into his castle for his own entertainment.,stated
solo-leveling,tusk,entry,Tusk,Solo Leveling (webtoon),comic,ch. 68,NA,NA,Sung Jinwoo entered the gate as an equipment carrier for the raid team.,stated
solo-leveling,tusk,entry,Tusk,Solo Leveling (webtoon),comic,NA,NA,NA,Kargalgan's hymns are named for the signs of the zodiac.,stated
solo-leveling,tusk,entry,Tusk,Solo Leveling (webtoon),comic,ch. 75,NA,NA,The extraction fails several times before it succeeds.,stated
solo-leveling,tusk,entry,Tusk,Solo Leveling (webtoon),comic,NA,NA,NA,Clears ant hordes on Jeju Island with area-effect spells.,shown
solo-leveling,tusk,entry,Tusk,Solo Leveling (web novel),novel,ch. 88,NA,NA,Kargalgan is a high orc shaman rated S-Rank.,stated
solo-leveling,greed,entry,Greed,Solo Leveling (webtoon),comic,NA,NA,NA,His interrogation of Sung Il-Hwan ends in a fight that destroys the Bureau's headquarters.,shown
solo-leveling,greed,entry,Greed,Solo Leveling (webtoon),comic,ch. 143–144,NA,NA,Tortures Yoo Jinho.,shown
solo-leveling,greed,entry,Greed,Solo Leveling (webtoon),comic,ch. 143,NA,NA,Hwang Dongsoo went after Yoo Jinho to get revenge on Sung Jinwoo for his brother's death.,stated
solo-leveling,greed,entry,Greed,Solo Leveling (webtoon),comic,ch. 147,NA,NA,Sung Jinwoo kills him and extracts the shadow from his corpse.,shown
solo-leveling,greed,entry,Greed,Solo Leveling (webtoon),comic,ch. 147,NA,NA,Ordered to bow his head to the ground on his first day as a shadow.,shown
solo-leveling,greed,entry,Greed,Solo Leveling (webtoon),comic,NA,NA,NA,Breaks out of Sillad's ice prison by flexing.,shown
solo-leveling,greed,entry,Greed,Solo Leveling (web novel),novel,ch. 193,NA,NA,Greed is recorded at General grade.,stated
solo-leveling,iron,entry,Iron,Solo Leveling (webtoon),comic,ch. 52,NA,NA,Baruka's warriors kill every member of Kim Chul's raid party except Kim Chul.,shown
solo-leveling,iron,entry,Iron,Solo Leveling (webtoon),comic,ch. 53,NA,NA,Igris kills a crazed Kim Chul as he attacks Sung Jinwoo.,shown
solo-leveling,iron,entry,Iron,Solo Leveling (webtoon),comic,ch. 54,NA,NA,Sung Jinwoo extracts the shadow from Kim Chul's corpse.,shown
solo-leveling,iron,entry,Iron,Solo Leveling (webtoon),comic,ch. 54,NA,NA,Kills Baruka by smashing him into the ground with his battle axe.,shown
solo-leveling,iron,entry,Iron,Solo Leveling (webtoon),comic,ch. 54,NA,NA,Iron can restrain Baruka and open craters in the ground.,shown
solo-leveling,iron,entry,Iron,Solo Leveling (web novel),novel,ch. 64,NA,NA,Sung Jinwoo names Kim Chul's shadow Iron.,stated
solo-leveling,kaisel,entry,Kaisel,Solo Leveling (webtoon),comic,ch. 85,NA,NA,Baran used Kaisellin as his battle mount.,stated
solo-leveling,kaisel,entry,Kaisel,Solo Leveling (webtoon),comic,ch. 88,NA,NA,Sung Jinwoo extracts the shadow from Kaisellin's corpse.,shown
solo-leveling,kaisel,entry,Kaisel,Solo Leveling (webtoon),comic,ch. 88,NA,NA,Flies Sung Jinwoo to the hospital where his mother is a patient.,shown
solo-leveling,kaisel,entry,Kaisel,Solo Leveling (webtoon),comic,ch. 90,NA,NA,Photographs of the wyvern in the night sky reach social media and the public asks what the Association is doing.,stated
solo-leveling,kaisel,entry,Kaisel,Solo Leveling (webtoon),comic,ch. 136,NA,NA,Cut down while carrying Sung Jinwoo into the giant at the Tokyo gate.,shown
solo-leveling,kaisel,entry,Kaisel,Solo Leveling (web novel),novel,ch. 108,NA,NA,Sung Jinwoo names the wyvern's shadow Kaisel.,stated
solo-leveling,jima,entry,Jima,Solo Leveling (webtoon),comic,ch. 122,NA,NA,Sung Jinwoo names the shadow of the boss naga Jima.,stated
solo-leveling,jima,entry,Jima,Solo Leveling (webtoon),comic,ch. 122,NA,NA,Jima carries a pair of large tridents.,shown
solo-leveling,jima,entry,Jima,Solo Leveling (webtoon),comic,NA,NA,NA,Jima is described as striking down a giant in a single hit.,stated
solo-leveling,jima,entry,Jima,Solo Leveling (webtoon),comic,NA,NA,NA,Jima is described as able to grow drastically in size using mana.,stated
solo-leveling,jima,entry,Jima,Solo Leveling (webtoon),comic,NA,NA,NA,"Shadows grow stronger by defeating opponents in battle, but moving up a grade needs the Shadow Monarch's authorisation.",stated
solo-leveling,jima,entry,Jima,Solo Leveling (web novel),novel,ch. 148,NA,NA,Jima is the shadow of the boss naga.,stated
solo-leveling,liu-zhigang,entry,Liu Zhigang,Solo Leveling (webtoon),comic,ch. 149,NA,NA,Described as the strongest hunter in China and second in the world among the National Level Hunters.,stated
solo-leveling,liu-zhigang,entry,Liu Zhigang,Solo Leveling (webtoon),comic,ch. 139,NA,NA,Intercepts and kills a giant crossing the ocean toward China before it makes landfall.,shown
solo-leveling,liu-zhigang,entry,Liu Zhigang,Solo Leveling (webtoon),comic,ch. 107,NA,NA,Wipes out a horde of ants flying at him with a single energy slash.,shown
solo-leveling,liu-zhigang,entry,Liu Zhigang,Solo Leveling (webtoon),comic,ch. 173,NA,NA,Slices a giant into several pieces.,shown
solo-leveling,liu-zhigang,entry,Liu Zhigang,Solo Leveling (webtoon),comic,ch. 100,NA,NA,A Chinese navy captain who has seen both in action says he is vastly superior to Goto Ryuji in raw power.,stated
solo-leveling,christopher-reed,entry,Christopher Reed,Solo Leveling (webtoon),comic,ch. 149,NA,NA,Described as one of the two strongest hunters in America and third in the world among the National Level Hunters.,stated
solo-leveling,christopher-reed,entry,Christopher Reed,Solo Leveling (webtoon),comic,ch. 139,NA,NA,Norma warns him of his own death from a vision and gives him a number that reaches Sung Jinwoo.,stated
solo-leveling,christopher-reed,entry,Christopher Reed,Solo Leveling (webtoon),comic,ch. 140,NA,NA,Tarnak appears in front of him in his own home while Rakan and Querehsha come in from behind.,shown
solo-leveling,christopher-reed,entry,Christopher Reed,Solo Leveling (webtoon),comic,ch. 140,NA,NA,He had been trapped inside a dimensional gap without knowing it.,stated
solo-leveling,christopher-reed,entry,Christopher Reed,Solo Leveling (webtoon),comic,ch. 140,NA,NA,"Putting out his flames took 1,800 firefighters and 14 top-tier mage hunters.",stated
solo-leveling,christopher-reed,entry,Christopher Reed,Solo Leveling (webtoon),comic,ch. 148,NA,NA,Sung Il-Hwan is named the primary suspect in his murder.,stated
solo-leveling,christopher-reed,entry,Christopher Reed,Solo Leveling: Ragnarok,novel,ch. 211,NA,NA,In the revised timeline the Itarim possess him and Thomas Andre kills him in battle.,stated
solo-leveling,goto-ryuji,entry,Goto Ryuji,Solo Leveling (webtoon),comic,ch. 85,NA,NA,Flies to Korea and offers Go Gunhee a plan to retake Jeju Island using Japanese hunters as bait.,stated
solo-leveling,goto-ryuji,entry,Goto Ryuji,Solo Leveling (webtoon),comic,ch. 92,NA,NA,Challenges Sung Jinwoo to a sparring match and finds he cannot land a hit on him.,shown
solo-leveling,goto-ryuji,entry,Goto Ryuji,Solo Leveling (webtoon),comic,ch. 93,NA,NA,Unleashes his full power with intent to kill and manages a small cut on Sung Jinwoo's cheek.,shown
solo-leveling,goto-ryuji,entry,Goto Ryuji,Solo Leveling (webtoon),comic,ch. 100,NA,NA,A Chinese navy captain says he is completely outclassed by Liu Zhigang in raw power.,stated
solo-leveling,goto-ryuji,entry,Goto Ryuji,Solo Leveling (webtoon),comic,ch. 100,NA,NA,Killed by the Ant King on Jeju Island in two hits.,shown
solo-leveling,baruka,entry,Baruka,Solo Leveling (webtoon),comic,ch. 52,NA,NA,Leader of the ice elves and boss of the Red Gate dungeon.,stated
solo-leveling,baruka,entry,Baruka,Solo Leveling (webtoon),comic,ch. 52,NA,NA,He and his warriors kill every member of Kim Chul's raid party except Kim Chul.,shown
solo-leveling,baruka,entry,Baruka,Solo Leveling (webtoon),comic,ch. 53,NA,NA,Offers to spare Sung Jinwoo's life in exchange for the lives of his squad.,stated
solo-leveling,baruka,entry,Baruka,Solo Leveling (webtoon),comic,ch. 54,NA,NA,Iron smashes him into the ground with his battle axe.,shown
solo-leveling,baruka,entry,Baruka,Solo Leveling (webtoon),comic,ch. 54,NA,NA,Sung Jinwoo's three attempts to extract his shadow all fail.,stated
solo-leveling,baruka,entry,Baruka,Solo Leveling (web novel),novel,ch. 63,NA,NA,Baruka is one of the few magic beasts able to hold a spoken conversation.,stated
solo-leveling,cha-hae-in,entry,Cha Hae-In,Solo Leveling (webtoon),comic,ch. 92,NA,NA,Punches Atsushi Kumamoto fourteen times in a mock battle and draws blood.,shown
solo-leveling,cha-hae-in,entry,Cha Hae-In,Solo Leveling (webtoon),comic,ch. 98,NA,NA,Holds off the Ant Queen's royal guards while the rest of the raid party engages the queen.,shown
solo-leveling,cha-hae-in,entry,Cha Hae-In,Solo Leveling (webtoon),comic,ch. 98,NA,NA,Beheads the Ant Queen.,shown
solo-leveling,cha-hae-in,entry,Cha Hae-In,Solo Leveling (webtoon),comic,ch. 99,NA,NA,The Ant King punches her through a cave wall and knocks her unconscious.,shown
solo-leveling,cha-hae-in,entry,Cha Hae-In,Solo Leveling (webtoon),comic,ch. 104,NA,NA,Sung Jinwoo raises Min Byung-Gyu as a shadow to heal her when the potions cannot.,shown
solo-leveling,baek-yoonho,entry,Baek Yoonho,Solo Leveling (webtoon),comic,ch. 47,NA,NA,Guild Master of the White Tiger Guild.,stated
solo-leveling,baek-yoonho,entry,Baek Yoonho,Solo Leveling (webtoon),comic,ch. 65,NA,NA,Enters an Enlightened State that lets him read the power level of a monster or hunter by eye.,stated
solo-leveling,baek-yoonho,entry,Baek Yoonho,Solo Leveling (webtoon),comic,ch. 97,NA,NA,Transforms into his beast form during the fight with the Ant Queen's guards.,shown
solo-leveling,baek-yoonho,entry,Baek Yoonho,Solo Leveling (webtoon),comic,ch. 105,NA,NA,Asks Sung Jinwoo to release Min Byung-Gyu's shadow so the man's soul can rest.,stated
solo-leveling,baek-yoonho,entry,Baek Yoonho,Solo Leveling (webtoon),comic,ch. 108,NA,NA,Tells Sung Jinwoo he no longer believes a single hero cannot end a war alone.,stated
solo-leveling,choi-jong-in,entry,Choi Jong-In,Solo Leveling (webtoon),comic,ch. 95,NA,NA,Clears the drop site of ants with fire so the raid party can land on Jeju Island.,shown
solo-leveling,choi-jong-in,entry,Choi Jong-In,Solo Leveling (webtoon),comic,ch. 95,NA,NA,Creates several spears of fire and launches them at his enemies.,shown
solo-leveling,choi-jong-in,entry,Choi Jong-In,Solo Leveling (webtoon),comic,ch. 96,NA,NA,Casts a fire barrier across the nest entrance to keep the ants off the raid party.,shown
solo-leveling,choi-jong-in,entry,Choi Jong-In,Solo Leveling (webtoon),comic,ch. 97,NA,NA,Choi Jong-In is able to mold a mass of fire into a small dragon that burns nearby enemies to cinders.,shown
solo-leveling,choi-jong-in,entry,Choi Jong-In,Solo Leveling (web novel),novel,ch. 66,NA,NA,Choi Jong-In is a mage-type hunter and Guild Master of the Hunters Guild.,stated
solo-leveling,lennart-niermann,entry,Lennart Niermann,Solo Leveling (webtoon),comic,ch. 153,NA,NA,"Described as the strongest hunter in Germany, ranking twelfth in the world.",stated
solo-leveling,lennart-niermann,entry,Lennart Niermann,Solo Leveling (webtoon),comic,ch. 157,NA,NA,Attacks Rakan with his Charge skill after Rakan puts Thomas Andre down.,shown
solo-leveling,lennart-niermann,entry,Lennart Niermann,Solo Leveling (webtoon),comic,ch. 158,NA,NA,"Rakan turns on him, and Kaisel knocks the Monarch away before the blow lands.",shown
solo-leveling,lennart-niermann,entry,Lennart Niermann,Solo Leveling (webtoon),comic,ch. 162,NA,NA,Watches from a distance as Rakan apparently kills Sung Jinwoo.,shown
solo-leveling,lennart-niermann,entry,Lennart Niermann,Solo Leveling (webtoon),comic,ch. 167,NA,NA,Is stunned to find that what comes out of the Seoul gate is more shadow soldiers.,shown
solo-leveling,esil-radiru,entry,Esil Radiru,Solo Leveling (webtoon),comic,ch. 81,NA,NA,Eldest princess of the Radiru demon clan.,stated
solo-leveling,esil-radiru,entry,Esil Radiru,Solo Leveling (webtoon),comic,ch. 82,NA,NA,"Begs for her life after Sung Jinwoo kills her knights, then tries to stab him in the back.",shown
solo-leveling,esil-radiru,entry,Esil Radiru,Solo Leveling (webtoon),comic,ch. 87,NA,NA,Throws a dagger at Baran's face at the decisive moment of the fight.,shown
solo-leveling,esil-radiru,entry,Esil Radiru,Solo Leveling: Ragnarok,novel,ch. 249,NA,NA,Her Bloodstone skill becomes Blood Crystal once she is Demon King.,stated
solo-leveling,esil-radiru,entry,Esil Radiru,Solo Leveling: Ragnarok,novel,ch. 251,NA,NA,As Demon King she can open hundreds of gates to summon the demons sworn to her.,stated
solo-leveling,the-ant-queen,entry,The Ant Queen,Solo Leveling (webtoon),comic,ch. 94,NA,NA,"Took Jeju Island after the Korean S-Rank hunters failed to remove her, and repelled three attempts to retake it.",stated
solo-leveling,the-ant-queen,entry,The Ant Queen,Solo Leveling (webtoon),comic,ch. 94,NA,NA,Gives birth to the Ant King and orders him to lead the colony once food runs short.,stated
solo-leveling,the-ant-queen,entry,The Ant Queen,Solo Leveling (webtoon),comic,ch. 98,NA,NA,Her poison severely injures Baek Yoonho and Ma Dongwook through their battle armour.,stated
solo-leveling,the-ant-queen,entry,The Ant Queen,Solo Leveling (webtoon),comic,ch. 98,NA,NA,Beheaded by Cha Hae-In.,shown
solo-leveling,the-ant-queen,entry,The Ant Queen,Solo Leveling (webtoon),comic,ch. 106,NA,NA,Her shadow comes out much weaker than expected and Sung Jinwoo terminates the extraction.,shown
solo-leveling,the-ant-queen,entry,The Ant Queen,Solo Leveling (webtoon),comic,ch. 106,NA,NA,"Beru says she had very little combat prowess, her main power being reproduction, which a shadow with no physical body cannot do.",stated
solo-leveling,go-gunhee,entry,Go Gunhee,Solo Leveling (webtoon),comic,ch. 85,NA,NA,Accepts Goto Ryuji's plan to retake Jeju Island with Japanese hunters as bait.,stated
solo-leveling,go-gunhee,entry,Go Gunhee,Solo Leveling (webtoon),comic,ch. 149,NA,NA,Detects a barrier closing around his office and finds Sillad sitting on the couch across the room.,shown
solo-leveling,go-gunhee,entry,Go Gunhee,Solo Leveling (webtoon),comic,ch. 150,NA,NA,Sillad stabs him through the chest.,shown
solo-leveling,go-gunhee,entry,Go Gunhee,Solo Leveling (webtoon),comic,ch. 150,NA,NA,"He is able to fight Sillad evenly at the start, until his body hits its limit.",stated
solo-leveling,go-gunhee,entry,Go Gunhee,Solo Leveling (webtoon),comic,ch. 150,NA,NA,"Blasts a hole in the barrier around him, and the ant in his shadow jumps through it.",shown
solo-leveling,go-gunhee,entry,Go Gunhee,Solo Leveling (webtoon),comic,ch. 150,NA,NA,"The hole was the plan he had been buying time for, so that Sung Jinwoo would be alerted.",stated
solo-leveling,go-gunhee,entry,Go Gunhee,Solo Leveling (webtoon),comic,ch. 151,NA,NA,Refuses the Holy Water of Life and bleeds out in his own office.,shown
solo-leveling,go-gunhee,entry,Go Gunhee,Solo Leveling (webtoon),comic,ch. 179,NA,NA,"In the timeline the Cup of Reincarnation produced he never became a hunter, and Sillad never killed him.",stated
solo-leveling,woo-jinchul,entry,Woo Jinchul,Solo Leveling (webtoon),comic,ch. 52,NA,NA,Single-handedly stops a confrontation between Baek Yoonho and Hwang Dongsoo.,shown
solo-leveling,woo-jinchul,entry,Woo Jinchul,Solo Leveling (webtoon),comic,ch. 65,NA,NA,Reports to Go Gunhee that Sung Jinwoo has joined a mining team under the Hunters Guild.,stated
solo-leveling,woo-jinchul,entry,Woo Jinchul,Solo Leveling (webtoon),comic,ch. 11,NA,NA,"Chief Inspector of the Korean Hunters Association's Surveillance Team, and Chairman after Go Gunhee.",stated
solo-leveling,woo-jinchul,entry,Woo Jinchul,Solo Leveling: Ragnarok,novel,ch. 300,NA,NA,He is dying because too many skills were crammed into a vessel with a fixed capacity.,stated
solo-leveling,woo-jinchul,entry,Woo Jinchul,Solo Leveling: Ragnarok,novel,ch. 302,NA,NA,Sung Jinwoo had built Reconstruction into Xavier's Soulstone against exactly this outcome.,stated
solo-leveling,min-byung-gyu,entry,Min Byung-Gyu,Solo Leveling (webtoon),comic,ch. 57,NA,NA,Retired from hunting after taking part in all three failed Jeju Island raids.,stated
solo-leveling,min-byung-gyu,entry,Min Byung-Gyu,Solo Leveling (webtoon),comic,ch. 97,NA,NA,Refreshes the raid party with a healing spell inside the Ant Queen's nest.,shown
solo-leveling,min-byung-gyu,entry,Min Byung-Gyu,Solo Leveling (webtoon),comic,ch. 99,NA,NA,The Ant King devours his head.,shown
solo-leveling,min-byung-gyu,entry,Min Byung-Gyu,Solo Leveling (webtoon),comic,ch. 104,NA,NA,Sung Jinwoo raises him as a shadow so that his healing can save Cha Hae-In.,shown
solo-leveling,min-byung-gyu,entry,Min Byung-Gyu,Solo Leveling (webtoon),comic,ch. 105,NA,NA,Sung Jinwoo terminates the contract at Baek Yoonho's request so the soul can rest.,stated
solo-leveling,min-byung-gyu,entry,Min Byung-Gyu,Solo Leveling (webtoon),comic,ch. 115,NA,NA,Cha Hae-In remembers his shadow holding her hand while her soul floated in an abyss.,shown
solo-leveling,min-byung-gyu,entry,Min Byung-Gyu,Solo Leveling (webtoon),comic,ch. 115,NA,NA,His shadow asks her to tell Sung Jinwoo to be careful with the power inside him.,stated
solo-leveling,kang-taeshik,entry,Kang Taeshik,Solo Leveling (webtoon),comic,ch. 27,NA,NA,"An inspector on the Association's Surveillance Team, paid three billion won the night before the raid to eliminate the probational prisoners.",stated
solo-leveling,kang-taeshik,entry,Kang Taeshik,Solo Leveling (webtoon),comic,ch. 29,NA,NA,Murders two of the prisoners and is interrupted while torturing a third.,shown
solo-leveling,kang-taeshik,entry,Kang Taeshik,Solo Leveling (webtoon),comic,ch. 29,NA,NA,Kills Kang Jeongho as a witness and cuts Kim Sangshik down beside him.,shown
solo-leveling,kang-taeshik,entry,Kang Taeshik,Solo Leveling (webtoon),comic,ch. 30,NA,NA,Says he plans to blame the prisoners for the hunters' deaths.,stated
solo-leveling,kang-taeshik,entry,Kang Taeshik,Solo Leveling (webtoon),comic,ch. 30,NA,NA,Kim Sangshik dies of the wounds Kang Taeshik gave him.,shown
solo-leveling,kang-taeshik,entry,Kang Taeshik,Solo Leveling (webtoon),comic,ch. 33,NA,NA,Falls to Sung Jinwoo's Bloodlust and is fatally stabbed in the chest.,shown
solo-leveling,kang-taeshik,entry,Kang Taeshik,Solo Leveling (webtoon),comic,ch. 34,NA,NA,Warns Sung Jinwoo that he is walking the same dark path in pursuit of strength.,stated
solo-leveling,hwang-dongsuk,entry,Hwang Dongsuk,Solo Leveling (webtoon),comic,ch. 20–21,NA,NA,Led a raid team of Lizards — hunters who abuse their powers to commit crimes inside dungeons.,stated
solo-leveling,hwang-dongsuk,entry,Hwang Dongsuk,Solo Leveling (webtoon),comic,ch. 20,NA,NA,"Leaves Sung Jinwoo and Yoo Jinho alone in the boss chamber on a pretext, with the boss asleep overhead.",shown
solo-leveling,hwang-dongsuk,entry,Hwang Dongsuk,Solo Leveling (webtoon),comic,ch. 20,NA,NA,"Collapses the exit behind him while fleeing, sealing the two of them in with the boss.",shown
solo-leveling,hwang-dongsuk,entry,Hwang Dongsuk,Solo Leveling (webtoon),comic,ch. 24,NA,NA,Begs for his life after Sung Jinwoo smashes him into the ground.,shown
solo-leveling,hwang-dongsuk,entry,Hwang Dongsuk,Solo Leveling (webtoon),comic,ch. 24,NA,NA,"The System issues Sung Jinwoo a quest to eliminate the rogue hunters, and he is executed with the rest.",stated
solo-leveling,hwang-dongsuk,entry,Hwang Dongsuk,Solo Leveling (webtoon),comic,ch. 47,NA,NA,His death is what sends his younger brother to Korea after Sung Jinwoo.,stated
solo-leveling,the-architect,entry,The Architect,Solo Leveling (web novel),novel,ch. 2,NA,NA,The statues in the Cartenon Temple animate and kill members of Sung Jinwoo's party.,shown
solo-leveling,the-architect,entry,The Architect,Solo Leveling (webtoon),comic,ch. 3,NA,NA,The temple wall carries commandments the party is told to obey to survive the room.,stated
solo-leveling,the-architect,entry,The Architect,Solo Leveling (webtoon),comic,ch. 10,NA,NA,A notification offers Sung Jinwoo the role of Player.,stated
solo-leveling,the-architect,entry,The Architect,Solo Leveling (webtoon),comic,ch. 163,NA,NA,The System was created by Kandiaru to help Ashborn develop a human vessel able to absorb his powers.,stated
solo-leveling,the-architect,entry,The Architect,Solo Leveling (webtoon),comic,ch. 163,NA,NA,Kandiaru offered Ashborn help finding a vessel in exchange for a chance at immortality.,stated
solo-leveling,the-architect,entry,The Architect,Solo Leveling (webtoon),comic,ch. 130,NA,NA,Sung Jinwoo slices the Architect's statue to pieces on the Cartenon Temple floor.,shown
solo-leveling,the-architect,entry,The Architect,Solo Leveling (webtoon),comic,ch. 131,NA,NA,"Sung Jinwoo works out afterwards that the statue was not the Architect's body, and that the Architect is alive elsewhere.",stated
solo-leveling,the-rulers,entry,The Rulers,Solo Leveling (webtoon),comic,ch. 163,NA,NA,The Rulers and the Monarchs are described as opposed sides of a war predating humanity.,stated
solo-leveling,the-rulers,entry,The Rulers,Solo Leveling (webtoon),comic,ch. 145,NA,NA,Thomas Andre's power is identified as a fragment of the Rulers' authority.,stated
solo-leveling,the-rulers,entry,The Rulers,Solo Leveling (webtoon),comic,ch. 147,NA,NA,Thomas Andre attacks Sung Jinwoo and the two of them fight.,shown
solo-leveling,the-rulers,entry,The Rulers,Solo Leveling (webtoon),comic,ch. 147,NA,NA,"Thomas Andre asks Sung Jinwoo to let Hwang Dongsoo go, and Sung Jinwoo refuses.",stated
solo-leveling,the-rulers,entry,The Rulers,Solo Leveling (webtoon),comic,NA,NA,NA,The Monarchs and the Rulers were not aware of the System's existence or its capabilities.,stated
solo-leveling,the-rulers,entry,The Rulers,Solo Leveling (webtoon),comic,ch. 166,NA,NA,A Ruler's fragment acts through Sung Il-Hwan.,stated
solo-leveling,the-rulers,entry,The Rulers,Solo Leveling (webtoon),comic,ch. 177,NA,NA,"The Rulers spend the last of the Cup of Reincarnation at Sung Jinwoo's request, turning time back ten years.",stated
solo-leveling,the-rulers,entry,The Rulers,Solo Leveling (webtoon),comic,ch. 178,NA,NA,Every Monarch but Baran is brought back from the dead with their memories intact.,stated
solo-leveling,ashborn,entry,Ashborn,Solo Leveling (webtoon),comic,ch. 161–162,NA,NA,Ashborn identifies himself to Sung Jinwoo as the Shadow Monarch.,stated
solo-leveling,ashborn,entry,Ashborn,Solo Leveling (webtoon),comic,ch. 164,NA,NA,Ashborn transfers his power to Sung Jinwoo.,shown
solo-leveling,ashborn,entry,Ashborn,Solo Leveling (webtoon),comic,ch. 163,NA,NA,Ashborn says the System was built to prepare a vessel able to inherit his power.,stated
solo-leveling,ashborn,entry,Ashborn,Solo Leveling (webtoon),comic,ch. 168,NA,NA,Bellion is named as the first of Ashborn's shadow soldiers.,stated
star-wars,vitiate,entry,Vitiate,Revan,novel,NA,2011,NA,The Nathema ritual consumed every living thing on the planet and left it dead in the Force.,stated
star-wars,vitiate,entry,Vitiate,The Old Republic,game,Knights of the Fallen Empire,2015,NA,Persists as Valkorion after his body's destruction by inhabiting others.,shown
star-wars,vitiate,entry,Vitiate,The Old Republic,game,The Foundry,2011,NA,Held Revan in stasis for roughly three centuries before the Foundry strike team reached him.,stated
star-wars,darth-nihilus,entry,Darth Nihilus,Knights of the Old Republic II: The Sith Lords,game,Visas Marr's account,2004,NA,"Drains all life from Katarr during a Jedi conclave, leaving Visas Marr as the only survivor.",stated
star-wars,darth-nihilus,entry,Darth Nihilus,Knights of the Old Republic II: The Sith Lords,game,Ravager,2004,NA,"Dies aboard the Ravager, his hunger having hollowed him out past the point of sustaining itself.",shown
star-wars,luke-skywalker-legends,entry,Luke Skywalker,Fate of the Jedi: Abyss,novel,NA,2009,NA,Mind-walks beyond shadows into the realm of the dead and comes back.,shown
star-wars,luke-skywalker-legends,entry,Luke Skywalker,Fate of the Jedi: Apocalypse,novel,NA,2012,NA,"Vanquishes Abeloth in the Beyond Shadows, one of three simultaneous fronts against her.",shown
star-wars,luke-skywalker-legends,entry,Luke Skywalker,Dark Empire,comic,NA,1992,NA,"Turns a Force storm back on Palpatine, with Leia lending her strength.",shown
star-wars,darth-sidious-legends,entry,Darth Sidious,Dark Empire,comic,NA,1992,NA,Summons Force storms that destroy capital ships and tear at a planet's surface.,shown
star-wars,darth-sidious-legends,entry,Darth Sidious,Empire's End,comic,NA,1995,NA,"His supply of prepared clone bodies runs out, and the last transfer attempt fails.",shown
star-wars,anakin-skywalker,entry,Anakin Skywalker,The Phantom Menace,film,NA,1999,NA,Obi-Wan reads a midi-chlorian count over twenty thousand — higher than Yoda's.,stated
star-wars,anakin-skywalker,entry,Anakin Skywalker,The Clone Wars,episode,S03E15 “Overlords”,2011,NA,Compels the Son and the Daughter to kneel simultaneously in the Father's test.,shown
star-wars,anakin-skywalker,entry,Anakin Skywalker,Revenge of the Sith (film),film,NA,2005,NA,Is fitted with a full-body life-support suit and respirator after Mustafar.,shown
star-wars,darth-plagueis,entry,Darth Plagueis,Darth Plagueis,novel,NA,2012,NA,Experiments directly on midi-chlorians and sustains life past the point of death.,shown
star-wars,darth-plagueis,entry,Darth Plagueis,Revenge of the Sith (film),film,NA,2005,NA,Palpatine tells Anakin he could save others from dying — a story told by a liar to recruit.,stated
star-wars,darth-revan,entry,Darth Revan,Knights of the Old Republic,game,NA,2003,NA,"Conquered the Republic as a Sith Lord, was captured and mind-wiped, then defeated Malak.",shown
star-wars,darth-revan,entry,Darth Revan,The Old Republic,game,The Foundry,2011,NA,Survives roughly three hundred years in stasis still resisting the Emperor's domination.,stated
star-wars,yoda,entry,Yoda,Revenge of the Sith (film),film,NA,2005,NA,Duels Sidious in the Senate chamber to an inconclusive stalemate and withdraws.,shown
star-wars,yoda,entry,Yoda,Revenge of the Sith (novelisation),novel,"novelisation, Matthew Stover",2005,NA,Qui-Gon's retained consciousness is the technique Yoda then learns and passes on.,shown
star-wars,exar-kun,entry,Exar Kun,Tales of the Jedi: The Sith War,comic,issue 6,1996,NA,Drains the Massassi of Yavin 4 to tear his spirit free of his body and bind it to the moon.,shown
star-wars,exar-kun,entry,Exar Kun,Jedi Academy Trilogy: Dark Apprentice,novel,NA,1994,NA,Four thousand years later he burns Gantoris alive and turns Kyp Durron against Luke.,shown
star-wars,galen-marek,entry,Galen Marek,The Force Unleashed (game),game,Raxus Prime,2008,NA,Drags a falling Star Destroyer off its course and down onto the ore facility.,shown
star-wars,galen-marek,entry,Galen Marek,The Force Unleashed (novel),novel,NA,2008,NA,"The novelisation has him steering an already-crashing ship, a materially smaller feat than the game's.",shown
star-wars,darth-vader,entry,Darth Vader,Return of the Jedi,film,NA,1983,NA,Lifts Palpatine mid-lightning and throws him down the Death Star II reactor shaft.,shown
star-wars,darth-vader,entry,Darth Vader,Rogue One,film,NA,2016,NA,Boards the Profundity and cuts down a corridor of Rebel troopers to reach the plans.,shown
star-wars,kreia,entry,Kreia,Knights of the Old Republic II: The Sith Lords,game,Trayus Academy,2004,NA,Articulates a critique of the Force itself that neither Jedi nor Sith doctrine answers.,shown
star-wars,kreia,entry,Kreia,Knights of the Old Republic II: The Sith Lords,game,NA,2004,NA,"Steers the Exile and Sion to her own ends, and baits Nihilus to Telos, from a position of weakness.",shown
star-wars,darth-bane,entry,Darth Bane,Darth Bane: Path of Destruction,novel,NA,2006,NA,"Engineers the thought bomb at Ruusan that annihilates the Brotherhood of Darkness, and survives it.",shown
star-wars,darth-bane,entry,Darth Bane,Darth Bane: Rule of Two,novel,NA,2007,NA,"Trains Zannah under the two-Sith rule, and survives her first attempt to replace him.",shown
star-wars,jacen-solo,entry,Jacen Solo,Dark Nest Trilogy: The Joiner King,novel,NA,2005,NA,"Learns flow-walking, moving his consciousness through past events.",shown
star-wars,jacen-solo,entry,Jacen Solo,Legacy of the Force: Sacrifice,novel,NA,2007,NA,Murders Mara Jade Skywalker and takes the name Darth Caedus.,shown
star-wars,mace-windu,entry,Mace Windu,Revenge of the Sith (film),film,NA,2005,NA,Disarms Sidious and has him beaten before Anakin intervenes.,shown
star-wars,mace-windu,entry,Mace Windu,Shatterpoint,novel,NA,2003,NA,"Vaapad channels the user's own darkness rather than suppressing it, and few can survive using it.",stated
star-wars,the-ones,entry,The Ones,The Clone Wars,episode,S03E15 “Overlords”,2011,NA,"The Father lures the Jedi shuttle to Mortis with an ancient distress beacon, takes it in, and reshapes the realm at will.",shown
star-wars,the-ones,entry,The Ones,The Clone Wars,episode,S03E16 “Altar of Mortis”,2011,NA,The Daughter's life force revives Ahsoka after the Son kills her.,shown
star-wars,the-ones,entry,The Ones,The Clone Wars,episode,S03E15 “Overlords”,2011,NA,"Anakin brings the Son and the Daughter to their knees at once, passing the Father's test.",shown
star-wars,abeloth,entry,Abeloth,Fate of the Jedi: Outcast,novel,NA,2009,NA,"Valin Horn breaks down believing everyone around him is an impostor, the first case of a madness the Order cannot explain.",shown
star-wars,abeloth,entry,Abeloth,Fate of the Jedi: Apocalypse,novel,NA,2012,NA,She originates as a mortal servant who drank from the Font of Power.,shown
star-wars,abeloth,entry,Abeloth,Fate of the Jedi: Apocalypse,novel,NA,2012,NA,Putting her down at all takes Jedi and Sith attacking on three fronts at once.,shown
star-wars,the-celestials,entry,The Celestials,The Essential Atlas,reference,NA,2009,NA,"The Corellian system's five habitable worlds were moved there artificially, and Centerpoint Station is theirs.",stated
star-wars,the-celestials,entry,The Celestials,Corellian Trilogy: Showdown at Centerpoint,novel,NA,1995,NA,"Centerpoint Station fires across interstellar distance at Bovo Yagen, and is thrown off aim only by Anakin firing Drall's repulsor.",shown
star-wars,the-celestials,entry,The Celestials,The Essential Guide to Warfare,reference,NA,2012,NA,"The Maw's black-hole cluster is named as a Celestial construct, built to contain Abeloth.",stated
star-wars,the-bendu,entry,The Bendu,Star Wars Rebels,episode,S03E01 “Steps Into Shadow”,2016,NA,Describes himself as the centre between the light and the dark side.,stated
star-wars,the-bendu,entry,The Bendu,Star Wars Rebels,episode,"S03E22 “Zero Hour, Part Two”",2017,NA,"Becomes a storm across the sky, is shelled by Imperial walkers, and departs with a prophecy for Thrawn.",shown
star-wars,waru,entry,Waru,The Crystal Star,novel,NA,1994,NA,"Nearly consumes Luke, who has to be dragged out of it by Han and Leia.",shown
star-wars,no-midichlorians-required,entry,No midi-chlorians required,Heir to the Empire,novel,NA,1991,NA,"Thrawn reads a species' art to predict its tactics and destroys an Elomin task force, with no Force ability.",shown
star-wars,no-midichlorians-required,entry,No midi-chlorians required,Knights of the Old Republic,game,NA,2003,NA,Bastila's battle meditation decides fleet engagements outright on either side.,shown
star-wars,no-midichlorians-required,entry,No midi-chlorians required,Revenge of the Sith (film),film,NA,2005,NA,Grievous carries the lightsabers of the Jedi he has killed as trophies.,shown
warhammer-40k,the-emperor,entry,The Emperor of Mankind,The Master of Mankind (RU ed.),novel,"ch. 2, and the cost in ch. 19 and ch. 24",2016,NA,"He cannot rise from the Golden Throne without the paths between the Imperial Dungeon and the webway collapsing, and the Throne is fed with the lives of a thousand psykers to hold them open.",shown
warhammer-40k,the-emperor,entry,The Emperor of Mankind,Horus Rising (RU ed.),novel,preamble,2006,NA,Established as the creator of the Primarchs and the architect of the Great Crusade.,stated
warhammer-40k,the-emperor,entry,The Emperor of Mankind,A Thousand Sons (RU ed.),novel,ch. 22,2010,NA,"Made the primarchs with technology recovered during the long wars and the help of geneticists defecting from the Martian Hegemony, as generals for the army he intended to raise.",stated
warhammer-40k,horus-ascendant,entry,Horus Ascendant,False Gods (RU ed.),novel,ch. 17,2006,NA,"Turned on Davin in the temple of the Serpent Lodge, and given power by the gods of the warp.",shown
warhammer-40k,horus-ascendant,entry,Horus Ascendant,The End and the Death: Volume II,novel,NA,2023,NA,Kills Sanguinius aboard the Vengeful Spirit and mortally wounds the Emperor.,shown
warhammer-40k,horus-ascendant,entry,Horus Ascendant,The End and the Death: Volume III,novel,NA,2024,NA,"Destroyed utterly by the Emperor, soul included, so that nothing can return.",shown
warhammer-40k,the-nightbringer,entry,The Nightbringer,"Codex: Necrons (8th ed., RU)",reference,NA,NA,NA,A C'tan said to have imprinted the fear of death across the galaxy's species.,stated
warhammer-40k,the-nightbringer,entry,The Nightbringer,"Codex: Necrons (8th ed., RU)",reference,NA,NA,NA,The C'tan were shattered into shards by the Necrons and bound.,stated
warhammer-40k,the-void-dragon,entry,The Void Dragon,Mechanicum (RU ed.),novel,3.03,2008,NA,"The Emperor's imprisonment of the Dragon beneath Mars, and the Mechanicum's unknowing worship of it.",stated
warhammer-40k,the-void-dragon,entry,The Void Dragon,"Codex: Necrons (8th ed., RU)",reference,NA,NA,NA,"Not named among the C'tan the codex lists, which allows there may be four of them or four thousand; it records only that some sources claim a star god sleeps beneath the canyons of the Red Planet.",stated
warhammer-40k,sanguinius,entry,Sanguinius,Fear to Tread,novel,ch. 18,2012,NA,Fights the Greater Daemon Ka'Bandha in single combat on Signus Prime and drives his sword into the daemon's chest.,shown
warhammer-40k,sanguinius,entry,Sanguinius,The End and the Death: Volume II,novel,7:xliii,2023,NA,Faces Horus aboard the Vengeful Spirit during the Siege of Terra and is killed there.,shown
warhammer-40k,sanguinius,entry,Sanguinius,"Codex: Blood Angels (7th ed., RU)",reference,«РЕШАЮЩАЯ СХВАТКА» (The Decisive Duel),NA,NA,The one point every version of the duel agrees on: the Emperor could never have beaten Horus had Sanguinius's blade not broken a breach in the Warmaster's armour first.,stated
warhammer-40k,magnus,entry,Magnus the Red,A Thousand Sons (RU ed.),novel,ch. 25,2010,NA,"Breaches the Emperor's webway defences delivering a warning, wrecking the project.",shown
warhammer-40k,magnus,entry,Magnus the Red,The Master of Mankind (RU ed.),novel,Prologue and ch. 24,2016,NA,The webway breach is what commits the Emperor permanently to the Throne.,stated
warhammer-40k,leman-russ,entry,Leman Russ,A Thousand Sons,novel,ch. 20,2010,NA,Russ blinds Magnus and breaks his back over his knee at the Burning of Prospero; Magnus escapes by sorcery before the final blow.,shown
warhammer-40k,leman-russ,entry,Leman Russ,Index Astartes II,reference,NA,NA,NA,"Named among the greatest of the primarchs in single combat, alongside Angron and Vulkan.",stated
warhammer-40k,the-silent-king,entry,The Silent King,"Codex: Necrons (8th ed., RU)",reference,NA,NA,NA,"Led the revolt that broke the C'tan into shards. The Triarchy he headed assented to biotransference rather than ordering it, and the codex credits Szeras with organising the work.",stated
warhammer-40k,angron,entry,Angron,Betrayer,novel,NA,2013,NA,"The Butcher's Nails are destroying him, and his elevation on Nuceria is what stops it.",shown
warhammer-40k,fulgrim,entry,Fulgrim,Fulgrim (RU ed.),novel,ch. 24,2007,NA,Beheads Ferrus Manus at Isstvan V while under the blade's influence.,shown
warhammer-40k,mortarion,entry,Mortarion,Dark Imperium,novel,NA,2017,NA,Leads the Death Guard against Ultramar in the Plague Wars.,shown
warhammer-40k,guilliman,entry,Roboute Guilliman,Dark Imperium,novel,NA,2017,NA,Returned from stasis to command the Imperium and prosecute the Plague Wars.,shown
warhammer-40k,guilliman,entry,Roboute Guilliman,Know No Fear,novel,NA,2012,NA,Holds Ultramar together through the Word Bearers' surprise attack at Calth.,shown
warhammer-40k,lion-eljonson,entry,Lion El'Jonson,The Lion: Son of the Forest,novel,NA,2023,NA,Returns in M42 after ten thousand years unaccounted for.,stated
warhammer-40k,kairos,entry,Kairos Fateweaver,"Codex: Chaos Daemons (6th ed., RU)",reference,«КАЙРОС СУДЬБОПЛЁТ» (Kairos Fateweaver),NA,NA,"Tzeentch's vizier and oracle, seated at his right hand with eighty-one Lords of Change transcribing every word he says. His right head sees all possible futures and his left everything past; the present is hidden from him, which is where he is vulnerable.",stated
warhammer-40k,belakor,entry,Be'lakor,Codex: Chaos Daemons,reference,p. 71,2017,NA,"The first mortal blessed by all four Ruinous Powers, and the first Daemon Prince.",stated
warhammer-40k,belakor,entry,Be'lakor,Codex: Chaos Daemons,reference,p. 71,2017,NA,The gods gave up on controlling him and invested their will in other mortals; he remained the strongest Daemon Prince but his power was greatly diminished.,stated
warhammer-40k,belakor,entry,Be'lakor,War Zone: Charadon Act II — The Book of Fire,reference,pp. 14–18,2021,NA,"Still acting in the present, moving behind the Charadon campaign to seize a domain of his own.",stated
warhammer-40k,abaddon,entry,Abaddon the Despoiler,"Codex: Chaos Space Marines (8th ed., RU)",reference,NA,NA,NA,"Leads the 13th Black Crusade, destroying Cadia and opening the Great Rift.",stated
warhammer-40k,ghazghkull,entry,Ghazghkull Mag Uruk Thraka,"Codex: Orks (10th ed., RU)",reference,«ГАЗГКУЛЛ»,NA,NA,"Led the first invasion of Armageddon, and returned fifty-seven years later at the head of a still greater Waaagh!",stated
warhammer-40k,eldrad,entry,Eldrad Ulthran,"Codex: Eldar Craftworlds (7th ed., RU)",reference,«ВЕРХОВНЫЙ ЯСНОВИДЕЦ УЛЬТВЕ»,NA,NA,"High farseer of Ulthwé and past ten thousand years old. The codex records one warning carried to the Imperium — to Fulgrim, that Chaos was closing on the Legions — and it went unheard. Ulthwé's seers grieve for no part of the Imperium; they fear what its fall takes with it.",stated
warhammer-40k,celestine,entry,Saint Celestine,"Codex: Adepta Sororitas (8th ed., RU)",reference,«ЖИВАЯ СВЯТАЯ»,NA,NA,"Has repeatedly seemed to fall in battle and risen again each time; Lord Ansgar's conclave of Thorians declared her a living saint, and the Adepta Sororitas venerate her as one.",stated
warhammer-40k,trazyn,entry,Trazyn the Infinite,"Codex: Necrons (8th ed., RU)",reference,Trazyn the Infinite entry,NA,NA,Maintains a stasis collection of specimens taken from across history; survives destruction by body-transfer.,stated
warhammer-40k,yarrick,entry,Commissar Yarrick,"Codex: Orks (10th ed., RU)",reference,NA,NA,NA,"Commanded the defence of Hades Hive, where the defenders fought like men possessed; Ghazghkull led that siege in person and found in him an enemy worth fighting.",stated
warhammer-40k,dante,entry,Commander Dante,"Codex: Blood Angels (7th ed., RU)",reference,NA,NA,NA,"Believed to be the oldest living Space Marine, at least eleven hundred years old and fighting for more than a thousand of them.",stated
warhammer-40k,mephiston,entry,Mephiston,"Codex: Blood Angels (7th ed., RU)",reference,NA,NA,NA,"Emerged from the Black Rage transformed rather than destroyed, becoming the Chief Librarian.",stated
warhammer-40k,kharn,entry,Kharn the Betrayer,Khârn: Eater of Worlds,novel,NA,2015,NA,"Turns on his own Legion at Skalathrax, earning the name.",shown
warhammer-40k,ahriman,entry,Ahriman,Ahriman: Exile (RU ed.),novel,ch. II,2013,NA,"Meant the Rubric as a cure for the mutation consuming the Legion and killed his brothers with it instead; some survived, the rest became spirits and handfuls of dust sealed in armour, no more than automata.",stated
warhammer-40k,typhus,entry,Typhus,"Codex: Death Guard (10th ed., RU)",reference,«Тифус»,NA,NA,"Host of the Destroyer Hive, which he has carried across the galaxy for millennia, spreading Nurgle's Rot and killing billions.",stated
warhammer-40k,lucius,entry,Lucius the Eternal,"Codex: Chaos Space Marines (8th ed., RU)",reference,NA,NA,NA,"Returns in the body of whoever kills him, and it is the killer's own pride in the victory that triggers it — the codex's example is a necron whose living metal could not save it.",stated
warhammer-40k,asdrubael-vect,entry,Asdrubael Vect,"Codex: Drukhari (8th ed., RU)",reference,"«СКАЗАНИЕ О ВЕЧНОМ ГРЕХЕ» timeline, M32",NA,NA,"Rose from the lowest caste to rule Commorragh, and has held it for millennia.",stated
warhammer-40k,lelith,entry,Lelith Hesperax,"Codex: Drukhari (8th ed., RU)",reference,«КУЛЬТ РАСПРИ»,NA,NA,"The undisputed champion of Commorragh's gladiatorial arenas, whose flawless victories the Cult of Strife bask in.",stated
warhammer-40k,yvraine,entry,Yvraine,Codex: Craftworlds,reference,NA,NA,NA,"Emissary of Ynnead, the Aeldari god of the dead, and the reason the Ynnari exist.",stated
warhammer-40k,shadowsun,entry,Commander Shadowsun,Codex: T'au Empire,reference,NA,NA,NA,Supreme commander of the T'au Empire's expansion forces.,stated
warhammer-40k,farsight,entry,Commander Farsight,Codex: T'au Empire,reference,NA,NA,NA,"Broke from the T'au Empire to found the Enclaves, and has not visibly aged since.",stated
warhammer-40k,logan-grimnar,entry,Logan Grimnar,"Codex: Space Wolves (10th ed., RU)",reference,«Логан Гримнар»,NA,NA,"Great Wolf, an office the codex equates with a Chapter Master's; first among the Wolf Lords, rules Fenris as High King, and has led the Chapter more than five hundred years.",stated
warhammer-40k,marneus-calgar,entry,Marneus Calgar,"Codex: Tyranids (10th ed., RU)",reference,«Первая Тираническая»,NA,NA,"Led the Ultramarines on Macragge, where the First Tyrannic War was decided, and was gravely wounded there by the Swarmlord at Cold Steel Ridge.",stated
warhammer-40k,swarmlord,entry,The Swarmlord,"Codex: Tyranids (10th ed., RU)",reference,«Повелитель Роя»,NA,NA,"Herald of the Hive Mind, perhaps as old as the Tyranid race. Killed, it is always reabsorbed through the synaptic link and born again, and grows more deadly with every incarnation.",stated
warhammer-40k,khorne,entry,Khorne,"Codex: Chaos Space Marines (8th ed., RU)",reference,NA,NA,NA,Sustained by bloodshed and battle regardless of which side commits it.,stated
warhammer-40k,tzeentch,entry,Tzeentch,A Thousand Sons (RU ed.),novel,ch. 22,2010,NA,The Thousand Sons' fate is bound to his patronage.,shown
warhammer-40k,tzeentch,entry,Tzeentch,Ahriman: Exile (RU ed.),novel,ch. II,2013,NA,"The Rubric, cast to save the Legion from the flesh-change, is what fixed most of it as dust in empty armour.",stated
warhammer-40k,nurgle,entry,Nurgle,Dark Imperium,novel,NA,2017,NA,The Plague Wars are fought against Mortarion's Death Guard as his instrument in realspace.,shown
warhammer-40k,slaanesh,entry,Slaanesh,"Codex: Eldar Craftworlds (7th ed., RU)",reference,"«ЭЛЬДАР ИСКУССТВЕННЫХ МИРОВ», and the «РОК ЭЛЬДАР» timeline at M31",NA,NA,"The race's own filth and lust merged in the Empyrean into one consciousness; when it woke, a psychic explosion killed a million-year-old civilisation in a single heartbeat and left the warp rift called the Eye of Terror where its heart had been.",stated
westeros,the-night-king,entry,The Night King,Game of Thrones,episode,S04E04 “Oathkeeper”,NA,NA,"Lifts the last of Craster's sons off an ice altar and touches a finger to the child's cheek, and the baby's eyes turn blue.",shown
westeros,the-night-king,entry,The Night King,Game of Thrones,episode,S05E08 “Hardhome”,NA,NA,Raises both arms on the dock and the wildlings killed in the massacre stand up as wights while Jon Snow watches from the departing boat.,shown
westeros,the-night-king,entry,The Night King,Game of Thrones,episode,S06E05 “The Door”,NA,NA,Passes through the fire the Children of the Forest have set at the cave mouth and kills the three-eyed raven inside.,shown
westeros,the-night-king,entry,The Night King,Game of Thrones,episode,S07E06 “Beyond the Wall”,NA,NA,Throws an ice spear that goes through Viserion's neck and drops the dragon through the ice of the lake.,shown
westeros,the-night-king,entry,The Night King,Game of Thrones,episode,S07E06 “Beyond the Wall”,NA,NA,"Kneels at the dragon's snout after the corpse is dragged from the water, lays a hand on it, and its eyes open blue.",shown
westeros,the-night-king,entry,The Night King,Game of Thrones,episode,S07E07 “The Dragon and the Wolf”,NA,NA,Rides the reanimated Viserion along the Wall at Eastwatch until that stretch of the ice collapses and the dead can cross.,shown
westeros,the-night-king,entry,The Night King,Game of Thrones,episode,S08E03 “The Long Night”,NA,NA,Stands inside Drogon's fire at Daenerys Targaryen's command and walks out of it unmarked.,shown
westeros,the-night-king,entry,The Night King,Game of Thrones,episode,S08E03 “The Long Night”,NA,NA,"Raises his arms in front of Jon Snow and every corpse at Winterfell rises, including the dead sealed in the crypts.",shown
westeros,the-night-king,entry,The Night King,Game of Thrones,episode,S08E03 “The Long Night”,NA,NA,Breaks Theon Greyjoy's spear as he charges and drives the broken half through him.,shown
westeros,the-night-king,entry,The Night King,Game of Thrones,episode,S08E03 “The Long Night”,NA,NA,"Catches Arya Stark's knife hand and her throat; she lets the dagger drop to her free hand and puts it into his chest, and he comes apart into ice.",shown
westeros,gregor-clegane,entry,Gregor Clegane,A Game of Thrones,novel,ch. 30 (Eddard VII),NA,NA,"Stands well over seven feet, closer to eight, with arms as thick as the trunks of small trees.",shown
westeros,gregor-clegane,entry,Gregor Clegane,A Storm of Swords,novel,ch. 21 (Jaime III),NA,NA,"Jaime, thinking of the few men stronger than himself, settles on both Cleganes, and reckons the Mountain's strength like nothing human.",stated
westeros,gregor-clegane,entry,Gregor Clegane,A Game of Thrones,novel,ch. 62 (Tyrion VIII),NA,NA,"Wields a two-handed greatsword in a single hand while carrying a shield, and commands the van and left of Tywin's line on the Green Fork.",shown
westeros,gregor-clegane,entry,Gregor Clegane,A Game of Thrones,novel,ch. 62 (Tyrion VIII),NA,NA,Karstark spearmen kill his stallion under him in the first charge and he fights on unhurt.,shown
westeros,gregor-clegane,entry,Gregor Clegane,A Game of Thrones,novel,ch. 29 (Sansa II),NA,NA,His lance rides up in his second joust of the Hand's tourney and goes through Ser Hugh of the Vale's throat.,shown
westeros,gregor-clegane,entry,Gregor Clegane,A Game of Thrones,novel,ch. 30 (Eddard VII),NA,NA,"Unhorsed by Loras Tyrell, he kills his own stallion with one blow of his sword and goes for the unprepared Loras until Sandor Clegane blocks him.",shown
westeros,gregor-clegane,entry,Gregor Clegane,A Storm of Swords,novel,ch. 70 (Tyrion X),NA,NA,"Fights Oberyn Martell as Cersei's champion in Tyrion's trial by combat, in heavy plate behind an oaken shield.",shown
westeros,gregor-clegane,entry,Gregor Clegane,A Storm of Swords,novel,ch. 70 (Tyrion X),NA,NA,"Wounded repeatedly at the joints of his armour and brought down, he takes hold of Oberyn on the ground, smashes in his face, and shouts that he killed Elia Martell and her son.",shown
westeros,gregor-clegane,entry,Gregor Clegane,A Storm of Swords,novel,ch. 72 (Jaime IX),NA,NA,Pycelle judges the spear to have been poisoned; the wounds mortify and Tywin's order to save him fails.,stated
westeros,gregor-clegane,entry,Gregor Clegane,A Feast for Crows,novel,ch. 7 (Cersei II),NA,NA,Qyburn concludes the venom was manticore poison thickened with sorcery so that the dying would be drawn out rather than quick.,stated
westeros,gregor-clegane,entry,Gregor Clegane,A Dance with Dragons,novel,ch. 65 (Cersei II),NA,NA,"Qyburn presents a knight eight feet tall in white enamelled plate as Cersei's champion, and the man carries her into the Red Keep.",shown
westeros,gregor-clegane,entry,Gregor Clegane,Game of Thrones,episode,S04E08 “The Mountain and the Viper”,NA,NA,Puts his thumbs into Oberyn Martell's eyes and crushes the head between his hands.,shown
westeros,gregor-clegane,entry,Gregor Clegane,Game of Thrones,episode,S08E05 “The Bells”,NA,NA,"Fights Sandor Clegane on the stairs of the burning Red Keep, keeps coming with a sword through the chest and a blade through the eye, and goes over the broken wall with him.",shown
westeros,daemon-targaryen,entry,Daemon Targaryen,Fire & Blood,reference,Heirs of the Dragon — A Question of Succession,NA,NA,"Knighted at sixteen, and given the Valyrian steel sword Dark Sister by King Jaehaerys I.",stated
westeros,daemon-targaryen,entry,Daemon Targaryen,Fire & Blood,reference,Heirs of the Dragon — A Question of Succession,NA,NA,"Ser Criston Cole beats him twice at the tourney for Viserys I's accession, first in the melee and then in the joust.",stated
westeros,daemon-targaryen,entry,Daemon Targaryen,Fire & Blood,reference,Heirs of the Dragon — A Question of Succession,NA,NA,Slays Craghas Drahar in 108 AC and is crowned King of the Stepstones and the Narrow Sea by Corlys Velaryon.,stated
westeros,daemon-targaryen,entry,Daemon Targaryen,Fire & Blood,reference,The Dying of the Dragons — A Son for a Son,NA,NA,"Takes Harrenhal off its castellan Ser Simon Strong without a fight, by landing Caraxes on top of Kingspyre Tower.",stated
westeros,daemon-targaryen,entry,Daemon Targaryen,Fire & Blood,reference,The Dying of the Dragons — Rhaenyra Triumphant,NA,NA,At the Battle Above the Gods Eye he leaves Caraxes's saddle while the dragons grapple and drives Dark Sister into Aemond Targaryen's blind eye.,stated
westeros,daemon-targaryen,entry,Daemon Targaryen,Fire & Blood,reference,The Dying of the Dragons — Rhaenyra Triumphant,NA,NA,"Asked whether six men would be enough to subdue him in his sleep, Manfryd Mooton's brother answers that six men or sixty, he is still Daemon Targaryen.",stated
westeros,daemon-targaryen,entry,Daemon Targaryen,Fire & Blood,reference,The Dying of the Dragons — Rhaenyra Triumphant,NA,NA,"His body was never recovered from the lake, and singers hold that he lived out his days in secret with Nettles.",stated
westeros,daemon-targaryen,entry,Daemon Targaryen,House of the Dragon,episode,S01E01 “The Heirs of the Dragon”,NA,NA,Beheads a condemned man with Dark Sister during the City Watch's night sweep of King's Landing.,shown
westeros,daemon-targaryen,entry,Daemon Targaryen,House of the Dragon,episode,S01E01 “The Heirs of the Dragon”,NA,NA,"Beats Gwayne Hightower in the lists, loses the joust to Criston Cole, calls for Dark Sister to settle it on foot, and loses that too.",shown
westeros,daemon-targaryen,entry,Daemon Targaryen,House of the Dragon,episode,S01E03 “Second of His Name”,NA,NA,"Rows alone to Bloodstone under a white flag, cuts down the men sent to accept his surrender, takes three arrows, and is saved by Laenor Velaryon on Seasmoke before walking out of the cave with Craghas Drahar in two pieces.",shown
westeros,daemon-targaryen,entry,Daemon Targaryen,House of the Dragon,episode,S01E08 “The Lord of the Tides”,NA,NA,"Takes Vaemond Velaryon's head from behind with Dark Sister in the throne room, leaving the lower jaw.",shown
westeros,jaime-lannister,entry,Jaime Lannister,A Storm of Swords,novel,ch. 67 (Jaime VIII),NA,NA,"The White Book records him knighted in his fifteenth year by Ser Arthur Dayne for valour in the field, and chosen for the Kingsguard in the same year.",stated
westeros,jaime-lannister,entry,Jaime Lannister,A Storm of Swords,novel,ch. 44 (Jaime VI),NA,NA,"Raised to the Kingsguard by Gerold Hightower at Harrenhal in 281 AC, the youngest knight ever taken into the order.",stated
westeros,jaime-lannister,entry,Jaime Lannister,A Storm of Swords,novel,ch. 11 (Jaime II),NA,NA,"Won his first tourney melee at thirteen, while still a squire to Lord Sumner Crakehall.",stated
westeros,jaime-lannister,entry,Jaime Lannister,A Storm of Swords,novel,ch. 11 (Jaime II),NA,NA,"Reckons only a handful of men in the Seven Kingdoms stronger than he is, and that his speed and skill answer them.",stated
westeros,jaime-lannister,entry,Jaime Lannister,A Feast for Crows,novel,ch. 8 (Jaime I),NA,NA,"At the knighting, Arthur Dayne's light tap with Dawn cut through to the shoulder, and he told the boy that all knights must bleed.",stated
westeros,jaime-lannister,entry,Jaime Lannister,A Game of Thrones,novel,ch. 29 (Sansa II),NA,NA,"Puts down Andar Royce, Bryce Caron and then Barristan Selmy in the Hand's tourney.",shown
westeros,jaime-lannister,entry,Jaime Lannister,A Game of Thrones,novel,ch. 30 (Eddard VII),NA,NA,Unhorsed by Sandor Clegane later in the same tourney.,shown
westeros,jaime-lannister,entry,Jaime Lannister,A Game of Thrones,novel,ch. 35 (Eddard IX),NA,NA,"Leads Lannister men against Eddard Stark and his guard in the street outside Chataya's brothel; Jory Cassel, Heward and Wyl are killed there.",shown
westeros,jaime-lannister,entry,Jaime Lannister,A Game of Thrones,novel,ch. 63 (Catelyn X),NA,NA,Killed Daryn Hornwood and both of Rickard Karstark's sons cutting toward Robb Stark in the Whispering Wood before he was taken alive.,stated
westeros,jaime-lannister,entry,Jaime Lannister,A Storm of Swords,novel,ch. 21 (Jaime III),NA,NA,"Takes the dead Cleos Frey's sword on the road and fights Brienne of Tarth, months in irons and half starved, until the Brave Companions ride up on the pair of them.",shown
westeros,jaime-lannister,entry,Jaime Lannister,A Storm of Swords,novel,ch. 21 (Jaime III),NA,NA,Vargo Hoat has Zollo take off his sword hand to put the blame for it on Roose Bolton.,shown
westeros,jaime-lannister,entry,Jaime Lannister,A Storm of Swords,novel,ch. 72 (Jaime IX),NA,NA,"Beaten easily by Ser Addam Marbrand in a left-handed sparring session, he settles on the tongueless Ilyn Payne for practice instead.",stated
westeros,jaime-lannister,entry,Jaime Lannister,A Feast for Crows,novel,ch. 27 (Jaime III),NA,NA,"Has an armourer make a hand of gold with mother-of-pearl nails to strap to the stump, sturdy enough to buckle a shield to.",shown
westeros,jaime-lannister,entry,Jaime Lannister,Game of Thrones,episode,"S03E02 “Dark Wings, Dark Words”",NA,NA,"Fights Brienne of Tarth on a bridge with his wrists still manacled after a year in a cell, comes close several times, and is worn down.",shown
westeros,jaime-lannister,entry,Jaime Lannister,Game of Thrones,episode,S03E03 “Walk of Punishment”,NA,NA,Held over a tree stump by Locke's men and relieved of his sword hand with a carving knife.,shown
westeros,barristan-selmy,entry,Barristan Selmy,A Storm of Swords,novel,ch. 67 (Jaime VIII),NA,NA,Cut his way through the Golden Company to reach Maelys the Monstrous and slew him in single combat during the War of the Ninepenny Kings.,stated
westeros,barristan-selmy,entry,Barristan Selmy,A Dance with Dragons,novel,ch. 5 (Tyrion II),NA,NA,The killing of Maelys made his name known across the Seven Kingdoms.,stated
westeros,barristan-selmy,entry,Barristan Selmy,A Storm of Swords,novel,ch. 67 (Jaime VIII),NA,NA,"Climbed the walls of Duskendale and the Dun Fort disguised as a beggar, killed a sentry, freed Aerys II from the dungeon, and cut down Ser Symon Hollard and two guards getting him out.",stated
westeros,barristan-selmy,entry,Barristan Selmy,A Storm of Swords,novel,ch. 42 (Daenerys IV),NA,NA,Took an arrow in the chest during that rescue.,stated
westeros,barristan-selmy,entry,Barristan Selmy,A Storm of Swords,novel,ch. 67 (Jaime VIII),NA,NA,"Won his knighthood at sixteen from Aegon V, riding as a mystery knight and unhorsing Prince Duncan and Ser Duncan the Tall.",stated
westeros,barristan-selmy,entry,Barristan Selmy,A Storm of Swords,novel,ch. 67 (Jaime VIII),NA,NA,"Rescued Lady Jeyne Swann and her septa from the Kingswood Brotherhood, and killed its leader Ser Simon Toyne in single combat.",stated
westeros,barristan-selmy,entry,Barristan Selmy,A Storm of Swords,novel,ch. 67 (Jaime VIII),NA,NA,"The White Book records him wounded by arrow, spear and sword at the Battle of the Trident, fighting beside his Sworn Brothers and Rhaegar.",stated
westeros,barristan-selmy,entry,Barristan Selmy,A Game of Thrones,novel,ch. 33 (Eddard VIII),NA,NA,"Killed a dozen friends of Robert Baratheon and Eddard Stark on the Trident, and Robert sent his own maester rather than let Roose Bolton cut his throat.",stated
westeros,barristan-selmy,entry,Barristan Selmy,A Game of Thrones,novel,ch. 25 (Eddard V),NA,NA,"Won the championship of a tourney at King's Landing at fifty-seven, and unhorsed Sandor Clegane in a tilt at a tourney in 297 AC.",stated
westeros,barristan-selmy,entry,Barristan Selmy,A Game of Thrones,novel,ch. 29 (Sansa II),NA,NA,"Beats two men thirty and forty years his junior in his first two contests of the Hand's tourney, then loses to Jaime Lannister on the third tilt.",shown
westeros,barristan-selmy,entry,Barristan Selmy,A Game of Thrones,novel,ch. 57 (Sansa V),NA,NA,"Dismissed from the Kingsguard by Joffrey's council for being old, he throws down his sword in the throne room and walks out.",shown
westeros,barristan-selmy,entry,Barristan Selmy,A Dance with Dragons,novel,ch. 11 (Daenerys II),NA,NA,"Recalls killing two of the gold cloaks sent to seize him in the stables, unarmed, and getting clear of the Red Keep.",stated
westeros,barristan-selmy,entry,Barristan Selmy,A Dance with Dragons,novel,ch. 67 (The Kingbreaker),NA,NA,"Kills Khrazz, a pit fighter of great speed with an arakh, taking several wounds before he opens the man's belly and finishes him through the heart.",shown
westeros,barristan-selmy,entry,Barristan Selmy,Game of Thrones,episode,S01E08 “The Pointy End”,NA,NA,"Publicly dismissed by Joffrey, he strips off cloak and breastplate in front of the laughing court and says he will die a knight.",shown
westeros,barristan-selmy,entry,Barristan Selmy,Game of Thrones,episode,S05E04 “Sons of the Harpy”,NA,NA,"Draws several of the ambushers off a wounded Grey Worm in a Meereenese alley, cuts down a number of them, and dies of the stab wounds.",shown
westeros,arthur-dayne,entry,Arthur Dayne,A Game of Thrones,novel,ch. 6 (Catelyn II),NA,NA,"Winterfell whispered of him as the deadliest of the seven knights of Aerys II's Kingsguard, slain by their young lord in single combat.",stated
westeros,arthur-dayne,entry,Arthur Dayne,A Clash of Kings,novel,ch. 21 (Bran III),NA,NA,"Eddard Stark told Bran he was the finest knight he ever saw, fought with a blade forged from a fallen star, and would have killed him but for Howland Reed.",stated
westeros,arthur-dayne,entry,Arthur Dayne,A Storm of Swords,novel,ch. 67 (Jaime VIII),NA,NA,Jaime tells Loras Tyrell and four other Kingsguard that Arthur could have slain all five of them with his left hand while pissing with the right.,stated
westeros,arthur-dayne,entry,Arthur Dayne,A Storm of Swords,novel,ch. 21 (Jaime III),NA,NA,Jaime recalls that Arthur was the stronger of the two of them.,stated
westeros,arthur-dayne,entry,Arthur Dayne,A Storm of Swords,novel,ch. 67 (Jaime VIII),NA,NA,"Killed the Smiling Knight in single combat to finish the Kingswood campaign, and knighted Jaime Lannister for valour in the field afterwards.",stated
westeros,arthur-dayne,entry,Arthur Dayne,The World of Ice & Fire,reference,Dorne: The Andals Arrive,NA,NA,"Held the title Sword of the Morning, and the recorded history has him killed by Eddard Stark in single combat at the tower of joy.",stated
westeros,arthur-dayne,entry,Arthur Dayne,The World of Ice & Fire,reference,The Targaryen Kings: Aerys II,NA,NA,Many held him to have been the most chivalrous warrior in the Seven Kingdoms.,stated
westeros,arthur-dayne,entry,Arthur Dayne,A Game of Thrones,novel,ch. 39 (Eddard X),NA,NA,"Eddard's fever dream puts him in front of the tower of joy with Dawn slung across his back, and the dream breaks off as the fighting starts.",shown
westeros,arthur-dayne,entry,Arthur Dayne,A Game of Thrones,novel,ch. 58 (Eddard XV),NA,NA,"Remembered as splendid, and beaten by Rhaegar Targaryen at the tourney at Harrenhal.",stated
westeros,arthur-dayne,entry,Arthur Dayne,A Storm of Swords,novel,ch. 42 (Daenerys IV),NA,NA,Broke twelve lances against Rhaegar at another tourney and still lost the tilt.,stated
westeros,arthur-dayne,entry,Arthur Dayne,Game of Thrones,episode,S04E01 “Two Swords”,NA,NA,"Joffrey goes through his page in the Book of Brothers — the kingswood campaign, the Smiling Knight killed in single combat, and a spell in temporary command of the Kingsguard.",stated
westeros,arthur-dayne,entry,Arthur Dayne,Game of Thrones,episode,S06E03 “Oathbreaker”,NA,NA,"In the vision Bran Stark is shown he fights with a sword in each hand, cuts down most of Eddard Stark's companions, disarms Eddard, and is stabbed in the back of the neck by Howland Reed.",shown
westeros,the-wight-host,entry,The Wight Host,A Game of Thrones,novel,Prologue,NA,NA,"Waymar Royce, killed by the Others in the haunted forest, gets to his feet with blue eyes and kills Will.",shown
westeros,the-wight-host,entry,The Wight Host,A Game of Thrones,novel,ch. 52 (Jon VII),NA,NA,Othor's corpse rises inside Castle Black and goes for Jeor Mormont in his own chamber; Jon Snow sets it alight and the fire ends it.,shown
westeros,the-wight-host,entry,The Wight Host,A Game of Thrones,novel,ch. 60 (Jon VIII),NA,NA,"The second corpse brought in from beyond the Wall killed five men, among them Ser Jaremy Rykker, whose own dagger did it.",stated
westeros,the-wight-host,entry,The Wight Host,A Clash of Kings,novel,ch. 25 (Tyrion VI),NA,NA,Alliser Thorne tells the court the severed hand he carried from Castle Black was still moving when he set out.,stated
westeros,the-wight-host,entry,The Wight Host,A Clash of Kings,novel,ch. 25 (Tyrion VI),NA,NA,Tyrion keeps him waiting long enough that what he finally produces is a jar of bones.,shown
westeros,the-wight-host,entry,The Wight Host,A Storm of Swords,novel,ch. 18 (Samwell I),NA,NA,"Samwell Tarly, recalling the horde that broke the great ranging on the Fist, saw a dead bear among them.",stated
westeros,the-wight-host,entry,The Wight Host,A Storm of Swords,novel,ch. 46 (Samwell III),NA,NA,"Samwell's dragonglass dagger shatters on Small Paul's mail, and he destroys the thing with a burning brand instead.",shown
westeros,the-wight-host,entry,The Wight Host,A Storm of Swords,novel,ch. 78 (Samwell V),NA,NA,"Melisandre tells Samwell that necromancy animates them but they remain dead flesh, and that steel and fire will serve.",stated
westeros,the-wight-host,entry,The Wight Host,A Dance with Dragons,novel,ch. 34 (Bran III),NA,NA,"Summer eats the flesh from a severed arm that is still grasping, and it stops moving once the direwolf cracks the bone open.",shown
westeros,the-wight-host,entry,The Wight Host,A Dance with Dragons,novel,ch. 53 (Jon XI),NA,NA,"Tormund's son Torwynd dies of the cold days after the battle beneath the Wall, rises, and his father has to put him down.",stated
westeros,the-wight-host,entry,The Wight Host,Game of Thrones,episode,S05E08 “Hardhome”,NA,NA,"Everyone killed in the massacre stands up together as the ships pull away; some five thousand wildlings get out on the ships, and at least as many are left on the shore to rise.",shown
westeros,the-wight-host,entry,The Wight Host,Game of Thrones,episode,S07E07 “The Dragon and the Wolf”,NA,NA,"The captured one charges Cersei Lannister and is hauled up short by its chain; Sandor Clegane cuts it in two when it turns on him, the upper half crawls at him, and he severs a hand, which Jon Snow burns with a torch before finishing the wight with dragonglass.",shown
westeros,the-wight-host,entry,The Wight Host,Game of Thrones,episode,S08E03 “The Long Night”,NA,NA,They throw themselves into the burning trench around Winterfell until their bodies smother it and the rest of the column crosses.,shown
westeros,the-wight-host,entry,The Wight Host,Game of Thrones,episode,S08E03 “The Long Night”,NA,NA,The dead sealed in Winterfell's crypts break out through the walls and attack the people sheltering there.,shown
westeros,sandor-clegane,entry,Sandor Clegane,A Game of Thrones,novel,ch. 29 (Sansa II),NA,NA,"Tells Sansa that Gregor shoved the side of his face into the coals of a brazier — ""I was younger than you, six, maybe seven"" — and held him there until three grown men pulled him off.",stated
westeros,sandor-clegane,entry,Sandor Clegane,A Game of Thrones,novel,ch. 29 (Sansa II),NA,NA,Unhorses Renly Baratheon on the first day of the Hand's tourney.,shown
westeros,sandor-clegane,entry,Sandor Clegane,A Game of Thrones,novel,ch. 30 (Eddard VII),NA,NA,"Beats Jaime Lannister on the second pass after nearly losing the first, and Jaime is led off the field unable to see through his mangled helm.",shown
westeros,sandor-clegane,entry,Sandor Clegane,A Game of Thrones,novel,ch. 30 (Eddard VII),NA,NA,"Steps between Gregor and the downed Loras Tyrell, stops the savage blows Gregor then aims at Sandor's hound's-head helm without once cutting at his brother's unprotected face, kneels when King Robert shouts, and is given the championship by Loras without a final tilt.",shown
westeros,sandor-clegane,entry,Sandor Clegane,A Storm of Swords,novel,ch. 21 (Jaime III),NA,NA,"Jaime rates him among the strongest men alive in Westeros, and believes his own speed and skill would be the answer to it.",stated
westeros,sandor-clegane,entry,Sandor Clegane,A Game of Thrones,novel,ch. 49 (Eddard XIV),NA,NA,Kills Cayn among Eddard Stark's household guard during the arrest in the Red Keep.,shown
westeros,sandor-clegane,entry,Sandor Clegane,A Clash of Kings,novel,ch. 41 (Tyrion IX),NA,NA,"Cuts the rioting crowd away from Sansa Stark when she is nearly pulled from the saddle, and gets her back inside the walls.",shown
westeros,sandor-clegane,entry,Sandor Clegane,A Storm of Swords,novel,ch. 34 (Arya VI),NA,NA,"Fights Beric Dondarrion's burning sword in the hollow hill with his own shield alight and strapped to his arm, and cuts through blade, mail and shoulder.",shown
westeros,sandor-clegane,entry,Sandor Clegane,A Storm of Swords,novel,ch. 52 (Arya XI),NA,NA,"Kills several mounted Frey men outside the castle during the Red Wedding, in the mud and floodwater among the burning pavilions, and knocks Arya Stark senseless to stop her running back into it.",shown
westeros,sandor-clegane,entry,Sandor Clegane,A Storm of Swords,novel,ch. 74 (Arya XIII),NA,NA,"Kills Polliver at the inn at the crossroads and holds off the Tickler until Arya finishes him, coming out of it wounded in the thigh, ribs, neck and face, with the stump of his burned ear sliced off.",shown
westeros,sandor-clegane,entry,Sandor Clegane,A Storm of Swords,novel,ch. 74 (Arya XIII),NA,NA,"Begs Arya for the gift of mercy as the wounds go bad, and she leaves him under a tree beside the Trident.",shown
westeros,sandor-clegane,entry,Sandor Clegane,A Feast for Crows,novel,ch. 31 (Brienne VI),NA,NA,"The Elder Brother of the Quiet Isle tells Brienne he buried the man himself, and that at the end he wept from the pain and asked for a quick death.",stated
westeros,sandor-clegane,entry,Sandor Clegane,Game of Thrones,episode,S01E05 “The Wolf and the Lion”,NA,NA,"Steps between Gregor and the unhorsed Loras Tyrell, trades blows with his brother, and stops the moment Robert orders it.",shown
westeros,sandor-clegane,entry,Sandor Clegane,Game of Thrones,episode,S03E05 “Kissed by Fire”,NA,NA,"With his shield on fire he cuts through Beric Dondarrion's flaming sword, armour and shoulder, and Thoros of Myr prays the man back afterwards.",shown
westeros,sandor-clegane,entry,Sandor Clegane,Game of Thrones,episode,S04E01 “Two Swords”,NA,NA,"Takes on five of Gregor's men alone in a taproom and, put on the floor with a dagger at his own throat, forces the hand aside and drives the man's head onto his own blade over and over.",shown
westeros,sandor-clegane,entry,Sandor Clegane,Game of Thrones,episode,S04E10 “The Children”,NA,NA,"Loses a hand-to-hand fight to Brienne of Tarth, who bites off part of his ear, batters him with a rock and puts him over a cliff edge.",shown
westeros,oberyn-martell,entry,Oberyn Martell,A Storm of Swords,novel,ch. 38 (Tyrion V),NA,NA,"At sixteen he fought Lord Edgar Yronwood over the man's paramour; the duel was to first blood, both took cuts, and Yronwood's festered and killed him.",stated
westeros,oberyn-martell,entry,Oberyn Martell,A Storm of Swords,novel,ch. 38 (Tyrion V),NA,NA,"Rumour that he fought that duel with a poisoned blade is where the name Red Viper comes from, among friends and enemies alike.",stated
westeros,oberyn-martell,entry,Oberyn Martell,A Feast for Crows,novel,ch. 2 (The Captain of Guards),NA,NA,"Doran recalls him toppling much larger boys at the shoulder-riding game in the Water Gardens, and Oberyn promising on leaving Sunspear to do it again.",stated
westeros,oberyn-martell,entry,Oberyn Martell,A Storm of Swords,novel,ch. 70 (Tyrion X),NA,NA,"Chooses light armour and a turned ash spear eight feet long for the trial by battle, and warns Tyrion the night before not to touch the weapon.",shown
westeros,oberyn-martell,entry,Oberyn Martell,A Storm of Swords,novel,ch. 70 (Tyrion X),NA,NA,"Wounds Gregor Clegane repeatedly at the chinks of his plate, severs his hamstring after the bigger man tires of the chase, and breaks the spear off in his belly.",shown
westeros,oberyn-martell,entry,Oberyn Martell,A Storm of Swords,novel,ch. 70 (Tyrion X),NA,NA,"With Gregor down, he refuses to finish him and demands a confession instead; Gregor trips him, smashes out his teeth and eyes and caves in his skull.",shown
westeros,oberyn-martell,entry,Oberyn Martell,A Feast for Crows,novel,ch. 17 (Cersei IV),NA,NA,"Cersei reports to her own small council that Gregor Clegane has died of the poison, months after the trial, and the cleaned skull is boxed for Sunspear.",stated
westeros,oberyn-martell,entry,Oberyn Martell,A Dance with Dragons,novel,ch. 38 (The Watcher),NA,NA,"Tyene Sand tells her sisters she knows the poison her father used, without ever naming it, and that if his spear so much as broke the Mountain's skin then Clegane is dead however big he was.",stated
westeros,oberyn-martell,entry,Oberyn Martell,A Feast for Crows,novel,ch. 7 (Cersei II),NA,NA,"Qyburn identifies it as manticore venom thickened by a spell to draw out the dying, over Pycelle's objection that manticore venom kills on the instant.",stated
westeros,oberyn-martell,entry,Oberyn Martell,A Storm of Swords,novel,ch. 38 (Tyrion V),NA,NA,"Struck Willas Tyrell's breastplate clean in a tourney; the boy's foot caught in a stirrup and his horse came down on him, crippling him for life.",stated
westeros,oberyn-martell,entry,Oberyn Martell,A Dance with Dragons,novel,ch. 38 (The Watcher),NA,NA,"Doran tells the Sand Snakes that Oberyn was ever the viper — deadly, dangerous, unpredictable — and that no man dared tread on him, while he himself was only the grass that hid him.",stated
westeros,oberyn-martell,entry,Oberyn Martell,Game of Thrones,episode,S04E08 “The Mountain and the Viper”,NA,NA,"Circles the Mountain with a spear for the length of the duel, opens him repeatedly, brings him down, and is caught by the leg while standing over him demanding the confession.",shown
westeros,brienne-of-tarth,entry,Brienne of Tarth,A Feast for Crows,novel,ch. 9 (Brienne II),NA,NA,"Warned at sixteen by Ser Humfrey Wagstaff that he would expect a proper woman, she said she would accept it from a man who could beat her, and broke three of his bones trying.",stated
westeros,brienne-of-tarth,entry,Brienne of Tarth,A Clash of Kings,novel,ch. 22 (Catelyn II),NA,NA,"Wins the melee at Bitterbridge with a morningstar, beating Loras Tyrell and many of the knights who had been wagering on her maidenhead, and asks for the rainbow cloak as her prize.",shown
westeros,brienne-of-tarth,entry,Brienne of Tarth,A Clash of Kings,novel,ch. 33 (Catelyn IV),NA,NA,"Accused of Renly's murder with her own sword out of reach, she fends off Ser Emmon Cuy with the dead king's blade.",shown
westeros,brienne-of-tarth,entry,Brienne of Tarth,A Storm of Swords,novel,ch. 1 (Jaime I),NA,NA,Scales a cliff above the Red Fork and rolls a boulder onto Ser Robin Ryger's galley to throw off the pursuit from Riverrun.,shown
westeros,brienne-of-tarth,entry,Brienne of Tarth,A Storm of Swords,novel,ch. 21 (Jaime III),NA,NA,"Fighting the manacled and long-starved Jaime Lannister on the Duskendale road, she proves the stronger of the two and holds his head under the water.",shown
westeros,brienne-of-tarth,entry,Brienne of Tarth,A Storm of Swords,novel,ch. 44 (Jaime VI),NA,NA,"Thrown into the bear pit at Harrenhal in a gown with nothing but a tourney sword, she keeps the animal off until Jaime Lannister comes back for her.",shown
westeros,brienne-of-tarth,entry,Brienne of Tarth,A Feast for Crows,novel,ch. 20 (Brienne IV),NA,NA,"Kills Pyg and Timeon of the Brave Companions with Oathkeeper at the Whispers, then kills Shagwell after making him dig a grave.",shown
westeros,brienne-of-tarth,entry,Brienne of Tarth,A Feast for Crows,novel,ch. 37 (Brienne VII),NA,NA,"Outnumbered at the inn at the crossroads and defending the orphans there, she kills Rorge, and Biter chews the flesh from her cheek.",shown
westeros,brienne-of-tarth,entry,Brienne of Tarth,A Feast for Crows,novel,ch. 42 (Brienne VIII),NA,NA,"Gendry kills Biter with a spear before she bleeds out, and she is taken prisoner by the brotherhood without banners while delirious.",shown
westeros,brienne-of-tarth,entry,Brienne of Tarth,Game of Thrones,episode,S02E03 “What Is Dead May Never Die”,NA,NA,Beats Loras Tyrell in the tourney at Renly Baratheon's camp and claims a place in his Kingsguard in front of Catelyn Stark.,shown
westeros,brienne-of-tarth,entry,Brienne of Tarth,Game of Thrones,episode,S04E10 “The Children”,NA,NA,"Loses her sword and keeps going, biting a piece out of Sandor Clegane's ear and beating him with a rock until he goes over the cliffside.",shown
westeros,brienne-of-tarth,entry,Brienne of Tarth,Game of Thrones,episode,S03E07 “The Bear and the Maiden Fair”,NA,NA,"Put into the bear pit at Harrenhal with a wooden sword and nothing else, she keeps the animal off her while Locke's men sing at her.",shown
westeros,criston-cole,entry,Criston Cole,Fire & Blood,reference,Heirs of the Dragon — A Question of Succession,NA,NA,"A steward's son from the Dornish marches, he wins the melee at the tourney for Viserys I's accession in 104 AC by knocking Dark Sister out of Daemon Targaryen's grip with his morningstar.",stated
westeros,criston-cole,entry,Criston Cole,Fire & Blood,reference,Heirs of the Dragon — A Question of Succession,NA,NA,"Wearing Rhaenyra's favour at the same tourney, he unhorses Daemon in the joust, then Ser Arryk and Ser Erryk Cargyll, before Lord Lymond Mallister unhorses him.",stated
westeros,criston-cole,entry,Criston Cole,Fire & Blood,reference,Heirs of the Dragon — A Question of Succession,NA,NA,"Taken into the Kingsguard at twenty-three in Ser Ryam Redwyne's place, and made Lord Commander in 112 AC.",stated
westeros,criston-cole,entry,Criston Cole,Fire & Blood,reference,Heirs of the Dragon — A Question of Succession,NA,NA,"Unhorses Ser Gwayne Hightower, the queen's champion, at the tourney of 111 AC.",stated
westeros,criston-cole,entry,Criston Cole,Fire & Blood,reference,Heirs of the Dragon — A Question of Succession,NA,NA,"In the melee at Rhaenyra's wedding he leaves Ser Harwin Strong with a broken collarbone and a shattered elbow, after which Mushroom calls Breakbones ""Brokenbones"".",stated
westeros,criston-cole,entry,Criston Cole,Fire & Blood,reference,Heirs of the Dragon — A Question of Succession,NA,NA,"His morningstar cracks the helm of Ser Joffrey Lonmouth at the same tourney, and the Knight of Kisses dies of it six days later.",stated
westeros,criston-cole,entry,Criston Cole,Fire & Blood,reference,Heirs of the Dragon — A Question of Succession,NA,NA,Trains the one-eyed Prince Aemond Targaryen into a skilled swordsman.,stated
westeros,criston-cole,entry,Criston Cole,Fire & Blood,reference,The Dying of the Dragons — The Blacks and the Greens,NA,NA,Septon Eustace has him cut Lord Lyman Beesbury's throat at the council table and Mushroom has him fling the old man from a window; neither writer was in the room.,stated
westeros,criston-cole,entry,Criston Cole,Fire & Blood,reference,The Dying of the Dragons — The Red Dragon and the Gold,NA,NA,"Sets the ambush at Rook's Rest that kills Princess Rhaenys and Meleys, and carries Lord Staunton's head back to King's Landing with Aemond.",stated
westeros,criston-cole,entry,Criston Cole,Fire & Blood,reference,The Dying of the Dragons — Rhaenyra Triumphant,NA,NA,"Offers to yield at the Butcher's Ball if his men are spared, is refused, challenges all three enemy commanders to single combat, and is put down by Red Robb Rivers and two of his longbowmen with one arrow each before he can fight any of them.",stated
westeros,criston-cole,entry,Criston Cole,House of the Dragon,episode,S01E01 “The Heirs of the Dragon”,NA,NA,"Unhorses Daemon Targaryen in the lists at Viserys I's tourney, then beats him a second time on foot when the prince sends for Dark Sister.",shown
westeros,criston-cole,entry,Criston Cole,House of the Dragon,episode,S01E05 “We Light the Way”,NA,NA,"Beats Ser Joffrey Lonmouth to death with bare fists in the middle of the wedding feast, snapping the man's arm when he draws a dagger, and stops only when he can no longer lift his own.",shown
westeros,criston-cole,entry,Criston Cole,House of the Dragon,episode,S01E09 “The Green Council”,NA,NA,"Forces Lord Lyman Beesbury back into his chair hard enough to crack the old man's skull on the council table, then draws on the Lord Commander of the Kingsguard.",shown
westeros,criston-cole,entry,Criston Cole,House of the Dragon,episode,S01E09 “The Green Council”,NA,NA,"Disarms Ser Arryk Cargyll in a duel outside the Grand Sept while Aemond runs his brother down and pins him, the king-to-be pleading to be let go throughout.",shown
westeros,khal-drogo,entry,Khal Drogo,A Game of Thrones,novel,ch. 3 (Daenerys I),NA,NA,"His oiled braid, hung with tiny silver bells, falls past his waist to his thighs, and marks him among the Dothraki as an undefeated warlord.",shown
westeros,khal-drogo,entry,Khal Drogo,A Game of Thrones,novel,ch. 3 (Daenerys I),NA,NA,Viserys tells Daenerys that the length of that braid means the man has never been defeated in combat.,stated
westeros,khal-drogo,entry,Khal Drogo,A Game of Thrones,novel,ch. 3 (Daenerys I),NA,NA,"Thirty years old, moving like a panther, and younger than Daenerys had expected.",stated
westeros,khal-drogo,entry,Khal Drogo,A Game of Thrones,novel,ch. 11 (Daenerys II),NA,NA,"Leads a khalasar of forty thousand warriors, the largest on the Dothraki sea.",stated
westeros,khal-drogo,entry,Khal Drogo,A Game of Thrones,novel,ch. 46 (Daenerys V),NA,NA,"Melts his belt of gold medallions and pours the pot over Viserys Targaryen's head, killing him without spilling blood in Vaes Dothrak.",shown
westeros,khal-drogo,entry,Khal Drogo,A Game of Thrones,novel,ch. 54 (Daenerys VI),NA,NA,Returns to Vaes Dothrak with a hrakkar's carcass across a packhorse and the scar it left down his leg.,shown
westeros,khal-drogo,entry,Khal Drogo,A Game of Thrones,novel,ch. 61 (Daenerys VII),NA,NA,"Jorah Mormont brings word that he has killed Khal Ogo and Ogo's son Fogo with only minor wounds, and Drogo repeats the boast himself.",stated
westeros,khal-drogo,entry,Khal Drogo,A Game of Thrones,novel,ch. 61 (Daenerys VII),NA,NA,"Daenerys finds him with an arrow through the arm and an arakh cut that has taken off one of his nipples, and he calls them scratches.",shown
westeros,khal-drogo,entry,Khal Drogo,A Game of Thrones,novel,ch. 64 (Daenerys VIII),NA,NA,"The wound festers after he tears away the maegi's poultice, and he falls from his horse in front of the khalasar.",shown
westeros,khal-drogo,entry,Khal Drogo,A Game of Thrones,novel,ch. 68 (Daenerys IX),NA,NA,"Left breathing and vacant by the blood magic, he is smothered with a pillow by Daenerys.",shown
westeros,khal-drogo,entry,Khal Drogo,Game of Thrones,episode,S01E08 “The Pointy End”,NA,NA,"Throws his arakh down before answering Mago's challenge, takes the cut across the chest without guarding, opens the man's throat with his own blade and pulls his tongue out through the wound.",shown
westeros,khal-drogo,entry,Khal Drogo,Game of Thrones,episode,S01E09 “Baelor”,NA,NA,The cut Mago gave him festers under Mirri Maz Duur's care until he can no longer keep his seat.,shown
westeros,jon-snow,entry,Jon Snow,A Storm of Swords,novel,ch. 79 (Jon XII),NA,NA,Catelyn Stark was particularly annoyed on the occasions when he bested Robb at their training.,stated
westeros,jon-snow,entry,Jon Snow,A Game of Thrones,novel,ch. 52 (Jon VII),NA,NA,Sets fire to the corpse standing over Jeor Mormont in the Lord Commander's chamber and burns himself badly doing it.,shown
westeros,jon-snow,entry,Jon Snow,A Game of Thrones,novel,ch. 60 (Jon VIII),NA,NA,His right hand is swathed in silk halfway to the elbow afterwards and carries the burn scars from that night.,shown
westeros,jon-snow,entry,Jon Snow,A Clash of Kings,novel,ch. 68 (Jon VIII),NA,NA,"Kills Qhorin Halfhand with Longclaw in front of Rattleshirt's hunters, but only after Ghost bites the ranger's calf and gives him the opening.",shown
westeros,jon-snow,entry,Jon Snow,A Storm of Swords,novel,ch. 55 (Jon VII),NA,NA,Pours boiling oil down on the Thenns coming up into the King's Tower and blocks the trap door with the iron kettle.,shown
westeros,jon-snow,entry,Jon Snow,A Storm of Swords,novel,ch. 64 (Jon VIII),NA,NA,"Takes over the defence of the Wall after Donal Noye is killed at the gate, and holds it for days against Mance Rayder's host.",shown
westeros,jon-snow,entry,Jon Snow,A Dance with Dragons,novel,ch. 7 (Jon II),NA,NA,"Beheads Janos Slynt himself with Longclaw for refusing an order, rather than hanging him as first commanded.",shown
westeros,jon-snow,entry,Jon Snow,A Dance with Dragons,novel,ch. 28 (Jon VI),NA,NA,"Asks three of Iron Emmett's best to come at him together, and is beaten instead by Rattleshirt, who is fighting with a greatsword and no shield and ends the bout on top of him.",shown
westeros,jon-snow,entry,Jon Snow,A Dance with Dragons,novel,ch. 69 (Jon XIII),NA,NA,"Stabbed in turn by Bowen Marsh, Wick Wittlestick and others in the Castle Black yard, each of them saying ""For the Watch.""",shown
westeros,jon-snow,entry,Jon Snow,Game of Thrones,episode,S05E08 “Hardhome”,NA,NA,"Both he and the White Walker see Longclaw hold against a crystal blade, and he strikes before it can recover, breaking the thing into ice.",shown
westeros,jon-snow,entry,Jon Snow,Game of Thrones,episode,S06E09 “Battle of the Bastards”,NA,NA,"Rides out alone after Rickon is shot, loses his horse to Bolton archers, and stands on foot to meet the cavalry charge.",shown
westeros,jon-snow,entry,Jon Snow,Game of Thrones,episode,S06E09 “Battle of the Bastards”,NA,NA,Trampled by his own retreating infantry and nearly suffocated under the press before he can force his way back up.,shown
westeros,jon-snow,entry,Jon Snow,Game of Thrones,episode,S06E09 “Battle of the Bastards”,NA,NA,"Blocks three of Ramsay Bolton's arrows with a Mormont shield, knocks the bow aside and beats him senseless, stopping only when he sees Sansa.",shown
westeros,jon-snow,entry,Jon Snow,Game of Thrones,episode,S05E10 “Mother's Mercy”,NA,NA,"Lured out to a false message and stabbed one at a time by his own brothers of the Night's Watch in the courtyard at Castle Black, the boy Olly last.",shown
westeros,aemond-targaryen,entry,Aemond Targaryen,Fire & Blood,reference,Heirs of the Dragon — A Question of Succession,NA,NA,"At ten and still dragonless, he goes to Vhagar in secret on Driftmark; she breaks her chains, and he flies two circles before setting down.",stated
westeros,aemond-targaryen,entry,Aemond Targaryen,Fire & Blood,reference,Heirs of the Dragon — A Question of Succession,NA,NA,"In the fight that follows he beats Jacaerys Velaryon savagely, and Lucerys draws a dagger and slashes out his right eye.",stated
westeros,aemond-targaryen,entry,Aemond Targaryen,Fire & Blood,reference,Heirs of the Dragon — A Question of Succession,NA,NA,Said later that he considered an eye a fair price for Vhagar.,stated
westeros,aemond-targaryen,entry,Aemond Targaryen,Fire & Blood,reference,Heirs of the Dragon — A Question of Succession,NA,NA,"Grew into a proficient and dangerous swordsman under Ser Criston Cole, one eye notwithstanding.",stated
westeros,aemond-targaryen,entry,Aemond Targaryen,Fire & Blood,reference,The Dying of the Dragons — The Blacks and the Greens,NA,NA,Wears a sapphire in the empty socket.,stated
westeros,aemond-targaryen,entry,Aemond Targaryen,Fire & Blood,reference,The Dying of the Dragons — A Son for a Son,NA,NA,Pursues Lucerys Velaryon from Storm's End on Vhagar and kills boy and dragon both; Mushroom claims he cut the eyes from the corpse to present to Maris Baratheon.,stated
westeros,aemond-targaryen,entry,Aemond Targaryen,Fire & Blood,reference,The Dying of the Dragons — The Red Dragon and the Gold,NA,NA,"At Rook's Rest he and Aegon II kill Princess Rhaenys and Meleys; Aemond comes out unhurt and his brother is crippled, after which he rules as Prince Regent for a year.",stated
westeros,aemond-targaryen,entry,Aemond Targaryen,Fire & Blood,reference,The Dying of the Dragons — Rhaenyra Triumphant,NA,NA,Fastens his saddle chains carefully before the Battle Above the Gods Eye while Daemon Targaryen leaves his hanging loose.,stated
westeros,aemond-targaryen,entry,Aemond Targaryen,Fire & Blood,reference,The Dying of the Dragons — Rhaenyra Triumphant,NA,NA,"His armoured bones were raised from the lake years afterwards, still chained to Vhagar's saddle, with Dark Sister driven hilt-deep through the eye socket.",stated
westeros,aemond-targaryen,entry,Aemond Targaryen,House of the Dragon,episode,S01E07 “Driftmark”,NA,NA,"Shouts Vhagar down in High Valyrian as she draws breath to burn him, climbs to the saddle and takes her up over High Tide.",shown
westeros,aemond-targaryen,entry,Aemond Targaryen,House of the Dragon,episode,S01E07 “Driftmark”,NA,NA,"Breaks Lucerys Velaryon's nose, shrugs off all four of the children who pin him, has Luke by the throat with a rock in his free hand, then turns on Jacaerys instead — and it is Jacaerys, rock raised over him, who flings sand in his face and gives the loose Lucerys time to take up the dropped knife and open his eye.",shown
westeros,aemond-targaryen,entry,Aemond Targaryen,House of the Dragon,episode,S01E10 “The Black Queen”,NA,NA,Draws a blade on Lucerys and charges him under Borros Baratheon's roof until the lord stops it; in the storm afterwards Vhagar stops obeying him and takes boy and dragon in one bite.,shown
westeros,aemond-targaryen,entry,Aemond Targaryen,House of the Dragon,episode,S02E04 “The Red Dragon and the Gold”,NA,NA,"Burns his own brother out of the sky at Rook's Rest, then crushes Meleys's neck in Vhagar's jaws and drops Rhaenys onto the castle walls.",shown
westeros,robert-baratheon,entry,Robert Baratheon,A Storm of Swords,novel,ch. 54 (Davos V),NA,NA,"Warned by an informer, he rode at once with all his knights and squires, reached Summerhall ahead of the loyalist lords, and beat the hosts of Cafferen, Fell and Grandison in three battles in one day before they could join up, killing Lord Fell in single combat.",stated
westeros,robert-baratheon,entry,Robert Baratheon,A Dance with Dragons,novel,ch. 9 (Davos I),NA,NA,Slew Marq Grafton at the taking of Gulltown at the start of the rebellion.,stated
westeros,robert-baratheon,entry,Robert Baratheon,A Storm of Swords,novel,ch. 29 (Arya V),NA,NA,"Harwin tells Arya that when the bells rang at Stoney Sept, Robert came out of hiding and ""slew six men that day, they say"", Ser Myles Mooton among them — hearsay, and marked as such by the teller.",stated
westeros,robert-baratheon,entry,Robert Baratheon,A Dance with Dragons,novel,ch. 61 (The Griffin Reborn),NA,NA,Jon Connington remembers being very nearly killed by him on the steps of the town's sept that day.,stated
westeros,robert-baratheon,entry,Robert Baratheon,A Game of Thrones,novel,ch. 19 (Jon III),NA,NA,The spiked warhammer was forged for him at Storm's End by Donal Noye.,stated
westeros,robert-baratheon,entry,Robert Baratheon,A Game of Thrones,novel,ch. 4 (Eddard I),NA,NA,"Eddard remembers the two of them circling in the shallows until a crushing blow of the hammer stove in the ruby dragon and the chest beneath, and men of both armies scrabbling for the stones afterwards.",stated
westeros,robert-baratheon,entry,Robert Baratheon,A Storm of Swords,novel,ch. 21 (Jaime III),NA,NA,Jaime Lannister reckons him the stronger of the two of them.,stated
westeros,robert-baratheon,entry,Robert Baratheon,A Feast for Crows,novel,ch. 24 (Cersei V),NA,NA,"Preferred the melee to the lists, where he could hit men with a blunted axe or hammer.",stated
westeros,robert-baratheon,entry,Robert Baratheon,A Game of Thrones,novel,ch. 4 (Eddard I),NA,NA,"Six and a half feet tall by Eddard's reckoning, and grown at least eight stone in the nine years since Greyjoy's Rebellion.",stated
westeros,robert-baratheon,entry,Robert Baratheon,A Game of Thrones,novel,ch. 30 (Eddard VII),NA,NA,"Too fat for his own armour at the Hand's tourney, he sends Lancel and Tyrek Lannister to Ser Aron Santagar for a breastplate stretcher, and Eddard and Barristan Selmy argue him out of the melee.",shown
westeros,robert-baratheon,entry,Robert Baratheon,A Game of Thrones,novel,ch. 30 (Eddard VII),NA,NA,Varys tells Eddard afterwards that the queen had arranged for the king to die in that melee.,stated
westeros,robert-baratheon,entry,Robert Baratheon,A Game of Thrones,novel,ch. 47 (Eddard XIII),NA,NA,"Brought back to the Red Keep gored open by the boar, he dictates the will and asks for the order on Daenerys Targaryen to be called off.",shown
westeros,robert-baratheon,entry,Robert Baratheon,A Game of Thrones,novel,ch. 58 (Eddard XV),NA,NA,Varys points out that Lancel Lannister kept the king's wineskin full for the whole of the hunt.,stated
westeros,robert-baratheon,entry,Robert Baratheon,Game of Thrones,episode,S01E05 “The Wolf and the Lion”,NA,NA,"Set on riding in the joust, he torments Lancel Lannister over the armour that will not close and sends him off on an invented errand, and Eddard Stark tells him he is too fat for it and that no knight would dare unhorse him.",shown
westeros,robert-baratheon,entry,Robert Baratheon,Game of Thrones,episode,S01E07 “You Win or You Die”,NA,NA,Barristan Selmy says the king made everyone stand aside so that he could take the boar by himself.,stated
westeros,rhaegar-targaryen,entry,Rhaegar Targaryen,A Game of Thrones,novel,ch. 58 (Eddard XV),NA,NA,"Eddard's memory of the tourney at Harrenhal has him unhorse Yohn Royce, Brandon Stark and Arthur Dayne, then take the final tilt from Barristan Selmy.",stated
westeros,rhaegar-targaryen,entry,Rhaegar Targaryen,A Game of Thrones,novel,ch. 58 (Eddard XV),NA,NA,"Passed over Elia Martell to set a crown of blue winter roses in Lyanna Stark's lap, which Eddard remembers as the moment all the smiles died.",stated
westeros,rhaegar-targaryen,entry,Rhaegar Targaryen,A Feast for Crows,novel,ch. 24 (Cersei V),NA,NA,"Cersei, ten years old in the stands at the Lannisport tourney of 276 AC, watched two of her uncles fall before his lance along with a dozen of her father's finest jousters, the flower of the west.",stated
westeros,rhaegar-targaryen,entry,Rhaegar Targaryen,The World of Ice & Fire,reference,The Targaryen Kings: Aerys II,NA,NA,"Unhorsed Ser Barristan Selmy at the same tourney, and lost the champion's tilt to Arthur Dayne.",stated
westeros,rhaegar-targaryen,entry,Rhaegar Targaryen,A Storm of Swords,novel,ch. 42 (Daenerys IV),NA,NA,"Barristan Selmy tells Daenerys that men said her brother loved his silver-stringed harp better than his lance, and that he never much cared for fighting.",stated
westeros,rhaegar-targaryen,entry,Rhaegar Targaryen,A Storm of Swords,novel,ch. 8 (Daenerys I),NA,NA,"Barristan tells Daenerys her brother was bookish as a child until he read something in a scroll that made him want to be a warrior, after which he trained fiercely.",stated
westeros,rhaegar-targaryen,entry,Rhaegar Targaryen,A Storm of Swords,novel,ch. 8 (Daenerys I),NA,NA,"Told her brother must have been a peerless warrior, Barristan calls him a most puissant one and then answers that ""a warrior without peer"" are fine words, but words win no battles.",stated
westeros,rhaegar-targaryen,entry,Rhaegar Targaryen,A Storm of Swords,novel,ch. 37 (Jaime V),NA,NA,"Took command of the royal army after Jon Connington lost at the Bells, leaving Jaime Lannister behind at the Red Keep.",stated
westeros,rhaegar-targaryen,entry,Rhaegar Targaryen,A Game of Thrones,novel,ch. 4 (Eddard I),NA,NA,"Lay dead in the stream at the ford with his breastplate stove in, while both armies searched the water for the rubies.",stated
westeros,rhaegar-targaryen,entry,Rhaegar Targaryen,A Storm of Swords,novel,ch. 23 (Daenerys II),NA,NA,"Jorah Mormont tells Daenerys that Rhaegar fought valiantly, nobly and honourably on the Trident, and that Rhaegar died.",stated
westeros,rhaegar-targaryen,entry,Rhaegar Targaryen,A Game of Thrones,novel,ch. 35 (Eddard IX),NA,NA,"Eddard, who has cause enough to hate him, will allow only that he did not think Rhaegar frequented brothels.",stated
westeros,rhaegar-targaryen,entry,Rhaegar Targaryen,Game of Thrones,episode,S07E07 “The Dragon and the Wolf”,NA,NA,"Appears in one episode of the series and no other, in a vision shown to Bran Stark, marrying Lyanna Stark before a heart tree.",shown
westeros,arya-stark,entry,Arya Stark,A Game of Thrones,novel,ch. 22 (Arya II),NA,NA,"Eddard Stark gives her the sword back and hires Syrio Forel, who throws her a lead-weighted wooden blade she cannot catch and spends four hours letting her fail to strike him.",shown
westeros,arya-stark,entry,Arya Stark,A Game of Thrones,novel,ch. 50 (Arya IV),NA,NA,"Kills a stableboy who grabs her arm in the stables during the purge of House Stark, putting Needle through his belly.",shown
westeros,arya-stark,entry,Arya Stark,A Storm of Swords,novel,ch. 74 (Arya XIII),NA,NA,"At the crossroads inn she stabs the squire in the belly, kills the Tickler from behind with his own dagger while repeating his questions back at him, then recovers Needle from Polliver and finishes the squire.",shown
westeros,arya-stark,entry,Arya Stark,A Feast for Crows,novel,ch. 34 (Cat of the Canals),NA,NA,"Asked by the kindly man who killed the deserter Dareon, whose throat was cut and whose body went into a canal, she answers with her own name and is blind by morning.",stated
westeros,arya-stark,entry,Arya Stark,A Dance with Dragons,novel,ch. 64 (The Ugly Little Girl),NA,NA,"Kills her first assigned target by slipping a poisoned coin into a shipowner's purse, knowing the old man tests every coin with his teeth.",shown
westeros,arya-stark,entry,Arya Stark,Game of Thrones,episode,S04E01 “Two Swords”,NA,NA,"The series gives her Polliver — she cuts his leg from behind, takes Needle off him and drives it into his throat the way he had killed Lommy.",shown
westeros,arya-stark,entry,Arya Stark,Game of Thrones,episode,S07E04 “The Spoils of War”,NA,NA,"Spars Brienne of Tarth to a stalemate at Winterfell, switching to a Valyrian steel dagger when Needle is knocked away, and ends with each of them holding a blade at the other's throat.",shown
westeros,arya-stark,entry,Arya Stark,Game of Thrones,episode,S06E10 “The Winds of Winter”,NA,NA,Cuts Walder Frey's throat at his own table after showing him what she has done with his sons.,shown
westeros,arya-stark,entry,Arya Stark,Game of Thrones,episode,S08E03 “The Long Night”,NA,NA,"Caught by the throat and the left wrist in the godswood, she drops the dagger from one grip into the other and drives it into the Night King, who shatters.",shown
westeros,loras-tyrell,entry,Loras Tyrell,A Game of Thrones,novel,ch. 18 (Catelyn IV),NA,NA,"Petyr Baelish says he lost a Valyrian steel dagger to Tyrion Lannister by betting on Jaime at the tourney on Prince Joffrey's name day, because Loras Tyrell unhorsed him.",stated
westeros,loras-tyrell,entry,Loras Tyrell,A Game of Thrones,novel,ch. 30 (Eddard VII),NA,NA,"Robert Baratheon retells the story of the Knight of Flowers unhorsing Jaime Lannister at that earlier tourney, and calls him a son any man would be proud of.",stated
westeros,loras-tyrell,entry,Loras Tyrell,A Game of Thrones,novel,ch. 29 (Sansa II),NA,NA,"One of the four still standing at the end of the first day of the Hand's tourney, alongside both Cleganes and Jaime Lannister.",shown
westeros,loras-tyrell,entry,Loras Tyrell,A Game of Thrones,novel,ch. 30 (Eddard VII),NA,NA,"Rides a mare in heat against Gregor Clegane's struggling stallion, puts man and mount down with a lance that does not even break, and raises his visor to the crowd.",shown
westeros,loras-tyrell,entry,Loras Tyrell,A Game of Thrones,novel,ch. 30 (Eddard VII),NA,NA,"Gregor Clegane kills his own horse with a single blow that half severs its neck and comes at Loras with a sword, and Sandor Clegane stands over him until the king stops it.",shown
westeros,loras-tyrell,entry,Loras Tyrell,A Clash of Kings,novel,ch. 22 (Catelyn II),NA,NA,Fights with a longaxe at Renly Baratheon's melee at Bitterbridge and is one of the last two left in it.,shown
westeros,loras-tyrell,entry,Loras Tyrell,A Storm of Swords,novel,ch. 67 (Jaime VIII),NA,NA,"Nearly breaks down in the White Sword Tower over Robar Royce and Emmon Cuy, and Jaime Lannister absolves him of having killed the two Rainbow Guard in a rage.",stated
westeros,loras-tyrell,entry,Loras Tyrell,A Feast for Crows,novel,ch. 32 (Cersei VII),NA,NA,"Asks Cersei for the command at Dragonstone and promises her the castle inside a fortnight, and she grants it hoping the walls will kill him.",shown
westeros,loras-tyrell,entry,Loras Tyrell,A Feast for Crows,novel,ch. 36 (Cersei VIII),NA,NA,"Aurane Waters reports that Loras took Dragonstone, that boiling oil was poured on him from the walls, that he lay dying, and that he had turned the storming of the keep into a massacre.",stated
westeros,loras-tyrell,entry,Loras Tyrell,Game of Thrones,episode,S01E05 “The Wolf and the Lion”,NA,NA,"Throws Gregor Clegane by riding a mare in heat, and afterwards declares Sandor Clegane the winner of the match rather than himself.",shown
westeros,loras-tyrell,entry,Loras Tyrell,Game of Thrones,episode,S06E10 “The Winds of Winter”,NA,NA,"Renounces his name and his claim before the High Sparrow, and the Faith Militant carve a seven-pointed star into his forehead in front of his father and sister.",shown
westeros,bronn,entry,Bronn,A Game of Thrones,novel,ch. 31 (Tyrion IV),NA,NA,"Arms Tyrion Lannister with a double-bladed axe when the mountain clans come down on the party, telling him to pretend he is splitting logs.",shown
westeros,bronn,entry,Bronn,A Game of Thrones,novel,ch. 40 (Catelyn VII),NA,NA,"Refuses a shield and fights Ser Vardis Egen in ringmail over boiled leather against full plate, being fifteen years younger, half a hand taller and longer in the reach.",shown
westeros,bronn,entry,Bronn,A Game of Thrones,novel,ch. 40 (Catelyn VII),NA,NA,"Runs the armoured knight until he tires, opens his elbow while the narrow visor loses him, topples a statue onto him and kills him where he lies.",shown
westeros,bronn,entry,Bronn,A Game of Thrones,novel,ch. 40 (Catelyn VII),NA,NA,"Lysa Arryn's court insists any knight must beat a common sellsword, and Catelyn Stark, who saw him fight on the high road, is far less sure.",stated
westeros,bronn,entry,Bronn,A Storm of Swords,novel,ch. 66 (Tyrion IX),NA,NA,"Refuses to stand for Tyrion a second time because the queen's champion would be Gregor Clegane, being newly betrothed to Lollys Stokeworth and well paid by Cersei.",shown
westeros,bronn,entry,Bronn,A Feast for Crows,novel,ch. 32 (Cersei VII),NA,NA,"Falyse Stokeworth brings Cersei the account of the duel — Bronn beat Ser Balman Byrch in single combat, made him say who had put him up to it, then killed him and turned her out of the castle.",stated
westeros,bronn,entry,Bronn,Game of Thrones,episode,S01E06 “A Golden Crown”,NA,NA,"Fights defensively until Ser Vardis Egen tires inside his armour, wounds and then kills him, and kicks the body out through the Moon Door.",shown
westeros,bronn,entry,Bronn,Game of Thrones,episode,"S05E06 “Unbowed, Unbent, Unbroken”",NA,NA,Puts Trystane Martell down in the Water Gardens and holds off Tyene and Nymeria Sand together while Obara drives Jaime Lannister away from Myrcella.,shown
westeros,bronn,entry,Bronn,Game of Thrones,episode,S07E04 “The Spoils of War”,NA,NA,"Cuts his way back to Qyburn's scorpion on foot after his horse is hamstrung, crews the weapon alone and puts a bolt through Drogon's shoulder.",shown
westeros,jorah-mormont,entry,Jorah Mormont,A Clash of Kings,novel,ch. 12 (Daenerys I),NA,NA,Tells Daenerys he earned his knighthood in Greyjoy's Rebellion by following Thoros of Myr through the breach at Pyke.,stated
westeros,jorah-mormont,entry,Jorah Mormont,A Clash of Kings,novel,ch. 12 (Daenerys I),NA,NA,"At Robert Baratheon's tourney outside Lannisport he held Jaime Lannister to a draw in the final joust, took the champion's laurel and named Lynesse Hightower queen of love and beauty.",stated
westeros,jorah-mormont,entry,Jorah Mormont,A Clash of Kings,novel,ch. 12 (Daenerys I),NA,NA,"Entered tourney after tourney afterwards to pay for his wife's tastes and never distinguished himself again, each loss costing him a suit of armour and a charger.",stated
westeros,jorah-mormont,entry,Jorah Mormont,A Game of Thrones,novel,ch. 54 (Daenerys VI),NA,NA,"Interrupts a wineseller pressing a cask of Arbor red on Daenerys by demanding a cup of it himself; threatened, the merchant pours two cups, then refuses to drink and throws the cask at her instead.",shown
westeros,jorah-mormont,entry,Jorah Mormont,A Game of Thrones,novel,ch. 64 (Daenerys VIII),NA,NA,"Fights Qotho bare-headed and is hard pressed until the bloodrider's arakh cuts into his hip and catches on the bone, which gives him the opening to kill the man.",shown
westeros,jorah-mormont,entry,Jorah Mormont,A Clash of Kings,novel,ch. 12 (Daenerys I),NA,NA,"Months later the hip wound from Qotho has still not fully healed, and it only begins to heal once Daenerys tends it herself at Vaes Tolorro.",stated
westeros,jorah-mormont,entry,Jorah Mormont,Game of Thrones,episode,S05E05 “Kill the Boy”,NA,NA,"Fights the Stone Men off the boat in the ruins of Old Valyria and pulls Tyrion out of the water, then finds his own wrist cracking with greyscale.",shown
westeros,jorah-mormont,entry,Jorah Mormont,Game of Thrones,episode,S05E09 “The Dance of Dragons”,NA,NA,"Outmatched by a Braavosi water dancer in the grand melee at Daznak's Pit and about to be finished, he survives only because a pit fighter kills the Braavosi from behind.",shown
westeros,jorah-mormont,entry,Jorah Mormont,Game of Thrones,episode,S05E09 “The Dance of Dragons”,NA,NA,"Kills that pit fighter to end the melee as the last man upright, then hurls a spear the length of the arena into a Son of the Harpy creeping up on the royal box.",shown
westeros,jorah-mormont,entry,Jorah Mormont,Game of Thrones,episode,S08E03 “The Long Night”,NA,NA,"Fights the wights off Daenerys on the open field at Winterfell after she is thrown from Drogon, and dies of the wounds in her arms.",shown
westeros,areo-hotah,entry,Areo Hotah,A Feast for Crows,novel,ch. 2 (The Captain of Guards),NA,NA,"Bars Obara Sand from Prince Doran's rest at the Water Gardens, and the narration allows that deadly as she is, she is no match for the captain.",shown
westeros,areo-hotah,entry,Areo Hotah,A Feast for Crows,novel,ch. 2 (The Captain of Guards),NA,NA,Brings the butt of his longaxe down on the marble floor to warn Tyene Sand off the dais when she reaches for Prince Doran.,shown
westeros,areo-hotah,entry,Areo Hotah,A Feast for Crows,novel,ch. 21 (The Queenmaker),NA,NA,"Steps out of the barge cabin on the Greenblood with a dozen crossbowmen, and Ser Arys Oakheart of the Kingsguard charges them, is hit by several bolts, reaches the deck and falls to the longaxe.",shown
westeros,areo-hotah,entry,Areo Hotah,A Feast for Crows,novel,ch. 21 (The Queenmaker) and ch. 40 (The Princess in the Tower),NA,NA,"Orders the horsemen after Ser Gerold Dayne, who has wounded Myrcella Baratheon and fled; the escape itself is confirmed a book later, when Arianne learns Darkstar got away from Hotah's men and is still uncaught.",stated
westeros,areo-hotah,entry,Areo Hotah,A Dance with Dragons,novel,ch. 38 (The Watcher),NA,NA,"Watching Ser Balon Swann present the Mountain's skull at Sunspear, he judges that this knight would be harder to put down than Arys Oakheart was.",stated
westeros,areo-hotah,entry,Areo Hotah,Game of Thrones,episode,"S05E06 “Unbowed, Unbent, Unbroken”",NA,NA,"Brings Prince Doran's guard into the Water Gardens and surrounds the Sand Snakes, Jaime Lannister and Bronn, forcing all of them to drop their weapons without a blow struck.",shown
westeros,areo-hotah,entry,Areo Hotah,Game of Thrones,episode,S06E01 “The Red Woman”,NA,NA,"Tyene Sand stabs him in the back beside Doran Martell's chair and he dies on the spot, while the rest of the prince's guard stands and watches.",shown
westeros,syrio-forel,entry,Syrio Forel,A Game of Thrones,novel,ch. 22 (Arya II),NA,NA,"Hired as a dancing master, he throws Arya a wooden blade weighted to make her strong, tells her the water dance is not the hacking iron dance of Westeros, and lets her fail to touch him for four hours.",shown
westeros,syrio-forel,entry,Syrio Forel,A Game of Thrones,novel,ch. 50 (Arya IV),NA,NA,"Tells Arya he became First Sword of Braavos because he alone looked at the Sealord's cat and said what it plainly was, where the other bravos saw a marvel.",stated
westeros,syrio-forel,entry,Syrio Forel,A Game of Thrones,novel,ch. 50 (Arya IV),NA,NA,"Breaks the fingers of the first guardsman to draw on him, and by the time Arya reaches the far end of the Small Hall five Lannister men are dead or dying around him.",shown
westeros,syrio-forel,entry,Syrio Forel,A Game of Thrones,novel,ch. 50 (Arya IV),NA,NA,"Lands many blows on Ser Meryn Trant's heavy plate with the practice sword before the knight cuts it in two, and Arya runs without seeing the end.",shown
westeros,syrio-forel,entry,Syrio Forel,A Clash of Kings,novel,ch. 3 (Tyrion I),NA,NA,"Cersei Lannister tells Tyrion she sent Meryn Trant to take Arya and the dancing master interfered, so the girl escaped and is likely dead.",stated
westeros,syrio-forel,entry,Syrio Forel,Game of Thrones,episode,S01E08 “The Pointy End”,NA,NA,"Disarms and disables every one of the lightly armoured guardsmen with the wooden practice sword, then faces Meryn Trant and tells Arya that the First Sword of Braavos does not run.",shown
westeros,beric-dondarrion,entry,Beric Dondarrion,A Game of Thrones,novel,ch. 29 (Sansa II),NA,NA,"Rides in the procession at the Hand's tourney, where Jeyne Poole announces she would marry him on sight.",shown
westeros,beric-dondarrion,entry,Beric Dondarrion,A Game of Thrones,novel,ch. 43 (Eddard XI),NA,NA,"Eddard Stark refuses Loras Tyrell the commission and gives it to Beric instead, putting a hundred men under him to bring Gregor Clegane to the king's justice.",shown
westeros,beric-dondarrion,entry,Beric Dondarrion,A Game of Thrones,novel,ch. 55 (Catelyn VIII),NA,NA,"Tywin Lannister's army ambushes that party and kills most of it, and word reaching Robb Stark is that Beric may have escaped but nobody knows.",stated
westeros,beric-dondarrion,entry,Beric Dondarrion,A Storm of Swords,novel,ch. 34 (Arya VI),NA,NA,"Arya sees what is left of him — one eye gone, part of the skull crushed in, a noose scar at the throat and a terrible wound through the chest.",shown
westeros,beric-dondarrion,entry,Beric Dondarrion,A Storm of Swords,novel,ch. 34 (Arya VI),NA,NA,"Cuts open his own palm with the blade to set it alight, then loses the fight when Sandor Clegane splits him from shoulder to breastbone, and is on his feet again before the Hound has left.",shown
westeros,beric-dondarrion,entry,Beric Dondarrion,A Storm of Swords,novel,ch. 39 (Arya VII),NA,NA,"Asks Thoros how many times he has been brought back; Thoros answers six, and says the seventh may be the end of them both.",stated
westeros,beric-dondarrion,entry,Beric Dondarrion,A Storm of Swords,novel,ch. 39 (Arya VII),NA,NA,"Can no longer remember his own past well enough to find his ancestral seat, and Thoros takes this as proof the Lord of Light is not done with him.",stated
westeros,beric-dondarrion,entry,Beric Dondarrion,A Storm of Swords,novel,ch. 43 (Arya VIII),NA,NA,The ghost of High Heart calls him the Lord of Corpses because the stink of the grave on him is fresh.,stated
westeros,beric-dondarrion,entry,Beric Dondarrion,A Feast for Crows,novel,ch. 42 (Brienne VIII),NA,NA,Thoros tells Brienne that Lord Beric's fire has gone out of this world and a grimmer shadow leads the brotherhood in his place.,stated
westeros,beric-dondarrion,entry,Beric Dondarrion,Game of Thrones,episode,S03E05 “Kissed by Fire”,NA,NA,"Lights the sword with his own blood, sets Sandor Clegane's shield burning, and is cut down through sword, armour and shoulder before Thoros prays him back.",shown
westeros,beric-dondarrion,entry,Beric Dondarrion,Game of Thrones,episode,S07E06 “Beyond the Wall”,NA,NA,"Sets a resurrected snow bear alight with the flaming sword beyond the Wall, and afterwards cauterises Thoros's wounds with the same blade.",shown
westeros,beric-dondarrion,entry,Beric Dondarrion,Game of Thrones,episode,S08E03 “The Long Night”,NA,NA,"Loses the flaming sword and is stabbed repeatedly covering the retreat of Arya Stark and Sandor Clegane through the castle corridors, and dies once the great hall doors are shut.",shown
westeros,grey-worm,entry,Grey Worm,A Storm of Swords,novel,ch. 8 (Daenerys I),NA,NA,"Jorah Mormont calls the Unsullied the best trained fighting force in the world and tells Daenerys of the Three Thousand of Qohor, who broke a khalasar.",stated
westeros,grey-worm,entry,Grey Worm,A Storm of Swords,novel,ch. 23 (Daenerys II),NA,NA,"Kraznys mo Nakloz demonstrates in Astapor that the Unsullied obey every command given them and feel hardly any pain, and both Daenerys and Arstan are appalled by what the training costs.",shown
westeros,grey-worm,entry,Grey Worm,A Storm of Swords,novel,ch. 27 (Daenerys III),NA,NA,"Daenerys buys all eight thousand Unsullied plus every boy still in training, then turns them on the slavers with one word.",shown
westeros,grey-worm,entry,Grey Worm,A Storm of Swords,novel,ch. 42 (Daenerys IV),NA,NA,"Chosen by the other Unsullied as the ablest among them and put under Jorah Mormont to learn command, he keeps the name he was holding when he was freed because he calls it a lucky one.",stated
westeros,grey-worm,entry,Grey Worm,Game of Thrones,episode,S05E04 “Sons of the Harpy”,NA,NA,"Ambushed in a Meereenese alley, he loses his helmet, takes a slash to the leg and a dagger in the side, pulls the dagger out of himself and puts it through an attacker's throat.",shown
westeros,grey-worm,entry,Grey Worm,Game of Thrones,episode,S07E03 “The Queen's Justice”,NA,NA,"Leads the Unsullied into Casterly Rock through the sewer, overwhelms the garrison and takes the castle, then works out from a wounded prisoner that it was a trap.",shown
westeros,grey-worm,entry,Grey Worm,Game of Thrones,episode,S08E05 “The Bells”,NA,NA,"Spears the fleeing Harry Strickland in the back at the gates, then throws his spear into a Lannister captain who had already thrown down his sword, which is where the sack turns into a massacre.",shown
westeros,harwin-strong,entry,Harwin Strong,Fire & Blood,reference,Heirs of the Dragon — A Question of Succession,NA,NA,"Breakbones was said to be the strongest man in the Seven Kingdoms in his day, and is described as massive and redoubtable.",stated
westeros,harwin-strong,entry,Harwin Strong,Fire & Blood,reference,Heirs of the Dragon — A Question of Succession,NA,NA,Brought to court by his father Lyonel Strong in 105 AC and made a captain of the gold cloaks of King's Landing.,stated
westeros,harwin-strong,entry,Harwin Strong,Fire & Blood,reference,Heirs of the Dragon — A Question of Succession,NA,NA,"Given Rhaenyra's favour at her wedding tourney in 114 AC, where Criston Cole breaks his collarbone and shatters his elbow and Mushroom mocks him afterwards as Brokenbones.",stated
westeros,harwin-strong,entry,Harwin Strong,Fire & Blood,reference,Heirs of the Dragon — A Question of Succession,NA,NA,Becomes the foremost of the blacks and goes to Dragonstone with Rhaenyra as her sworn shield.,stated
westeros,harwin-strong,entry,Harwin Strong,Fire & Blood,reference,Heirs of the Dragon — A Question of Succession,NA,NA,"Removed as Rhaenyra's champion in 120 AC after Aemond Targaryen calls her sons Strongs and a brawl follows, and sent back to Harrenhal.",stated
westeros,harwin-strong,entry,Harwin Strong,Fire & Blood,reference,Heirs of the Dragon — A Question of Succession,NA,NA,"Dies that same year in a fire at Harrenhal with his father, blamed on the curse of the castle, with Daemon Targaryen, Corlys Velaryon, Larys Strong and the king all named as suspects.",stated
westeros,harwin-strong,entry,Harwin Strong,House of the Dragon,episode,S01E05 “We Light the Way”,NA,NA,"Throws and punches guests aside to reach Rhaenyra as the wedding feast turns into a crush, then carries her out over his shoulder.",shown
westeros,harwin-strong,entry,Harwin Strong,House of the Dragon,episode,S01E06 “The Princess and the Queen”,NA,NA,"Knocks Criston Cole on his back with one punch in the training yard and pummels him until four Kingsguard drag him off, while Cole never returns a blow and smiles through it.",shown
westeros,harwin-strong,entry,Harwin Strong,House of the Dragon,episode,S01E06 “The Princess and the Queen”,NA,NA,"Dies at Harrenhal in a fire set by Larys Strong's tongueless agents, unable to force the heat-sealed door to his father's chamber before the ceiling comes down on them.",shown
westeros,petyr-baelish,entry,Petyr Baelish,A Game of Thrones,novel,ch. 40 (Catelyn VII),NA,NA,"Catelyn recalls the duel — Brandon Stark asked Petyr to yield more than once, and a backhand through his armour below the ribs put him in the water.",stated
westeros,petyr-baelish,entry,Petyr Baelish,A Game of Thrones,novel,ch. 49 (Eddard XIV),NA,NA,"Takes back his dagger from Eddard Stark's throat during the arrest, having bribed the gold cloaks to stand with the queen.",shown
westeros,petyr-baelish,entry,Petyr Baelish,A Storm of Swords,novel,ch. 80 (Sansa VII),NA,NA,"Tells Lysa Arryn he has only ever loved one woman, adds ""only Cat"", and shoves her out the Moon Door.",shown
westeros,petyr-baelish,entry,Petyr Baelish,Game of Thrones,episode,S07E07 “The Dragon and the Wolf”,NA,NA,"Sinks to his knees in the Winterfell great hall pleading for his life, and has his throat cut by Arya Stark.",shown
westeros,cersei-lannister,entry,Cersei Lannister,A Clash of Kings,novel,ch. 60 (Sansa VI),NA,NA,"Seats Ser Ilyn Payne, the King's Justice, in the Queen's Ballroom for the duration of the Battle of the Blackwater.",shown
westeros,cersei-lannister,entry,Cersei Lannister,A Clash of Kings,novel,ch. 60 (Sansa VI),NA,NA,"Tells Sansa that Payne is there for the two of them, because she will not let Stannis take them alive.",stated
westeros,cersei-lannister,entry,Cersei Lannister,A Feast for Crows,novel,ch. 43 (Cersei X),NA,NA,"Has Ser Osney Kettleblack murder the High Septon, and beds him as the reward.",shown
westeros,cersei-lannister,entry,Cersei Lannister,A Dance with Dragons,novel,ch. 65 (Cersei II),NA,NA,"Shaved of every hair and stripped, she walks barefoot from the Great Sept to the Red Keep through a jeering crowd, and breaks down before she reaches the gate.",shown
westeros,cersei-lannister,entry,Cersei Lannister,Game of Thrones,episode,S06E10 “The Winds of Winter”,NA,NA,"Destroys the Great Sept of Baelor and everyone inside it with wildfire laid beneath the building, watching from a window across the city.",shown
westeros,varys,entry,Varys,A Clash of Kings,novel,ch. 44 (Tyrion X),NA,NA,"Tells Tyrion he was sold to a man who drugged him, cut away his manhood and burned it in a brazier, then put him out on the street.",stated
westeros,varys,entry,Varys,A Feast for Crows,novel,ch. 8 (Jaime I),NA,NA,"Jaime, waiting in the eunuch's own chambers, forces him at knifepoint to get Tyrion out of the black cells.",shown
westeros,varys,entry,Varys,A Dance with Dragons,novel,Epilogue,NA,NA,"Sends a child to fetch Ser Kevan Lannister to Pycelle's chambers, shoots him with a crossbow, apologises, and sets the little birds on him with knives.",shown
westeros,varys,entry,Varys,Game of Thrones,episode,S08E05 “The Bells”,NA,NA,Taken in shackles by Grey Worm without resistance and burned by Drogon on the shore at Daenerys's command.,shown
westeros,tywin-lannister,entry,Tywin Lannister,The World of Ice & Fire,reference,The Westerlands: House Lannister Under the Dragons,NA,NA,Ends the Reyne-Tarbeck revolt by diverting a stream into the subterranean castle of Castamere and drowning the Reynes inside it.,stated
westeros,tywin-lannister,entry,Tywin Lannister,A Storm of Swords,novel,ch. 19 (Tyrion III),NA,NA,"When Lord Farman grew truculent years later, an envoy played ""The Rains of Castamere"" for him and he gave no further trouble.",stated
westeros,tywin-lannister,entry,Tywin Lannister,A Game of Thrones,novel,ch. 62 (Tyrion VIII),NA,NA,"Commands the reserve from the high ground at the battle on the Green Fork, placing Tyrion and the clansmen on the left in the expectation that they will rout.",shown
westeros,tywin-lannister,entry,Tywin Lannister,A Storm of Swords,novel,ch. 53 (Tyrion VI),NA,NA,"Tells Tyrion he countenanced Walder Frey's plan for the wedding, to stop the Freys returning to Robb Stark's cause.",stated
westeros,tywin-lannister,entry,Tywin Lannister,A Storm of Swords,novel,ch. 77 (Tyrion XI),NA,NA,"Shot through the bowels with a crossbow while sitting on the privy, unarmed, by Tyrion.",shown
westeros,olenna-tyrell,entry,Olenna Tyrell,A Storm of Swords,novel,ch. 68 (Sansa VI),NA,NA,Baelish tells Sansa that Olenna took the black amethyst from her hairnet while straightening it at the wedding.,stated
westeros,olenna-tyrell,entry,Olenna Tyrell,A Storm of Swords,novel,ch. 68 (Sansa VI),NA,NA,Baelish calls her a fearsome old harridan and not near as frail as she pretends.,stated
westeros,olenna-tyrell,entry,Olenna Tyrell,A Storm of Swords,novel,ch. 60 (Tyrion VIII),NA,NA,At Joffrey's wedding she walks with a cane and smiles toothlessly.,shown
westeros,olenna-tyrell,entry,Olenna Tyrell,A Storm of Swords,novel,ch. 6 (Sansa I),NA,NA,Claims to be near deaf when she first has Sansa Stark to supper.,stated
westeros,olenna-tyrell,entry,Olenna Tyrell,Game of Thrones,episode,S07E03 “The Queen's Justice”,NA,NA,Highgarden falls in a single swift battle and Jaime Lannister finds her sitting alone in her study; she drinks the poisoned wine he pours.,shown
westeros,olenna-tyrell,entry,Olenna Tyrell,Game of Thrones,episode,S07E03 “The Queen's Justice”,NA,NA,"Tells Jaime she killed Joffrey with the strangler, had never seen it work before, and wants Cersei told it was her.",stated
westeros,balerion,armament,Balerion,The World of Ice & Fire,reference,The Reign of the Dragons: The Conquest,NA,NA,"At Harrenhal his fire burned so hot that the towers went up like candles and melted into the shapes they hold to this day, killing Harren Hoare and every remaining son.",stated
westeros,balerion,armament,Balerion,Fire & Blood,reference,Reign of the Dragon — The Wars of King Aegon I,NA,NA,In the fullness of his power his flames could fuse sand into glass.,stated
westeros,balerion,armament,Balerion,The World of Ice & Fire,reference,The Targaryen Kings: Maegor I,NA,NA,"At the Battle Beneath the Gods Eye, Maegor used him to kill Prince Aegon and his dragon Quicksilver.",stated
westeros,balerion,armament,Balerion,A Storm of Swords,novel,ch. 8 (Daenerys I),NA,NA,"Arstan Whitebeard tells Daenerys he was two hundred years old at his death, large enough to swallow an aurochs whole, and that a dragon never stops growing while it has food and freedom.",stated
westeros,vhagar,armament,Vhagar,Fire & Blood,reference,The Dying of the Dragons — The Blacks and the Greens,NA,NA,"During the Dance she was the oldest and largest dragon alive, with Caraxes about half her size.",stated
westeros,vhagar,armament,Vhagar,Fire & Blood,reference,The Dying of the Dragons — The Red Dragon and the Gold,NA,NA,"At Rook's Rest she fell on Meleys from above; the three dragons struck the ground hard enough to shake stones from battlements half a league off, and she alone rose unharmed.",stated
westeros,vhagar,armament,Vhagar,House of the Dragon,episode,S01E10 “The Black Queen”,NA,NA,"Takes Arrax and Lucerys Velaryon in a single bite over Shipbreaker Bay, having stopped answering her rider first.",shown
westeros,vhagar,armament,Vhagar,A Clash of Kings,novel,ch. 12 (Daenerys I),NA,NA,Her breath was said to be hot enough to melt a knight's armour and cook the man inside it.,stated
westeros,caraxes,armament,Caraxes,Fire & Blood,reference,The Dying of the Dragons — Rhaenyra Triumphant,NA,NA,"In the fall from the Battle Above the Gods Eye he tore out Vhagar's throat while she opened his belly and took off one of his wing-arms, then hauled himself ashore and died before the walls of Harrenhal.",stated
westeros,caraxes,armament,Caraxes,Fire & Blood,reference,The Dying of the Dragons — The Blacks and the Greens,NA,NA,"Red, huge and lean, formidable and experienced in battle, and by the end of his life an old and cunning dragon about half Vhagar's size.",stated
westeros,caraxes,armament,Caraxes,Fire & Blood,reference,The Dying of the Dragons — A Son for a Son,NA,NA,Daemon takes Harrenhal by setting him down on top of Kingspyre Tower.,stated
westeros,drogon,armament,Drogon,Game of Thrones,episode,S07E04 “The Spoils of War”,NA,NA,"Burns the length of the Lannister column on the Roseroad, takes a scorpion bolt from Bronn in the shoulder, recovers before hitting the ground and incinerates the scorpion.",shown
westeros,drogon,armament,Drogon,Game of Thrones,episode,S08E05 “The Bells”,NA,NA,"Destroys the Iron Fleet, breaks the scorpions on the walls, and burns King's Landing after its surrender.",shown
westeros,drogon,armament,Drogon,Game of Thrones,episode,S08E03 “The Long Night”,NA,NA,"Drops on the undead Viserion from above, rams him hard enough to throw the Night King off his back, and forces him to break off by tearing into his neck with his fangs.",shown
westeros,drogon,armament,Drogon,A Dance with Dragons,novel,ch. 11 (Daenerys II),NA,NA,"Escapes three attempts to capture him, burning most of the men sent and killing four, and vanishes north into the Dothraki sea.",shown
westeros,drogon,armament,Drogon,A Dance with Dragons,novel,ch. 52 (Daenerys IX),NA,NA,"Impaled at Daznak's Pit by Harghaz's spear, kills him by tearing his arm off, and carries Daenerys out of the pit as the first dragonrider in a century and a half.",shown
westeros,vermithor,armament,Vermithor,The World of Ice & Fire,reference,The Targaryen Kings: Jaehaerys I,NA,NA,"Already large in 48 AC, with only Balerion and Vhagar larger.",stated
westeros,vermithor,armament,Vermithor,Fire & Blood,reference,The Dying of the Dragons — Rhaenyra Overthrown,NA,NA,"Hugh Hammer is cut down by Jon Roxton before he can mount; riderless, Vermithor kills the two score knights who attack him on the ground, snatches up a fleeing knight, then rips Seasmoke's head off and collapses dead when his tattered wings cannot lift him with the head still in his jaws.",stated
westeros,vermithor,armament,Vermithor,House of the Dragon,episode,S02E07 “The Red Sowing”,NA,NA,Rhaenyra presents him as the largest dragon in the world after Vhagar and perhaps the fiercest; he then burns and eats most of the dragonseeds sent to him before bending his neck to Hugh.,shown
westeros,meraxes,armament,Meraxes,The World of Ice & Fire,reference,The Reign of the Dragons: The Conquest,NA,NA,"Grounded by wind and rain at the Battle of the Last Storm, she still engulfed Argilac's vanguard and the knights of his personal guard.",stated
westeros,meraxes,armament,Meraxes,The World of Ice & Fire,reference,Dorne: Dorne Against the Dragons,NA,NA,"An iron scorpion bolt through the eye at the Hellholt in 10 AC brought her and Rhaenys out of the sky, and her death throes destroyed the castle's highest tower and part of the curtain wall.",stated
westeros,meraxes,armament,Meraxes,A Game of Thrones,novel,ch. 13 (Tyrion II),NA,NA,"Tyrion, looking at the skulls in the cellar, holds her to have been larger than Vhagar and smaller than Balerion.",stated
westeros,meleys,armament,Meleys,Fire & Blood,reference,"The Long Reign — Jaehaerys and Alysanne: Policy, Progeny, and Pain",NA,NA,"By 75 AC she was among the swiftest dragons in Westeros, easily besting Caraxes and Vhagar when Alyssa flew with her brothers.",stated
westeros,meleys,armament,Meleys,Fire & Blood,reference,The Dying of the Dragons — The Red Dragon and the Gold,NA,NA,"At Rook's Rest she was struck by scorpion bolts that angered her without harming her, and killed some eight hundred men; Gyldayn holds she might have stood a chance against Vhagar alone but not against Vhagar and Sunfyre together.",stated
westeros,meleys,armament,Meleys,Fire & Blood,reference,The Dying of the Dragons — Rhaenyra Overthrown,NA,NA,She had half torn one of Sunfyre's wings from his body before she died.,stated
westeros,sunfyre,armament,Sunfyre,Fire & Blood,reference,Heirs of the Dragon — A Question of Succession,NA,NA,Gyldayn calls him the most beautiful dragon ever seen in the known world.,stated
westeros,sunfyre,armament,Sunfyre,Fire & Blood,reference,The Dying of the Dragons — The Red Dragon and the Gold,NA,NA,"Unable to fly after Rook's Rest, he killed threescore of the men Walys Mooton led against him, Walys among them, and had flown again within a fortnight.",stated
westeros,sunfyre,armament,Sunfyre,Fire & Blood,reference,The Dying of the Dragons — Rhaenyra Overthrown,NA,NA,"Blinded in the right eye and raked open by Moondancer, he killed her in the crash, and later devoured Rhaenyra Targaryen in six bites, leaving her left leg below the shin.",stated
westeros,viserion,armament,Viserion,Game of Thrones,episode,S07E06 “Beyond the Wall”,NA,NA,"Speared through the neck by the Night King and dropped through the ice, then hauled out and raised with a hand laid on his snout.",shown
westeros,viserion,armament,Viserion,Game of Thrones,episode,S07E07 “The Dragon and the Wolf”,NA,NA,"Brings down the castle at Eastwatch and that stretch of the Wall with blue fire, opening the way south for the dead.",shown
westeros,viserion,armament,Viserion,Game of Thrones,episode,S08E03 “The Long Night”,NA,NA,"Fights Drogon and Rhaegal together over Winterfell, losing part of his lower jaw to Rhaegal and breaking off when Drogon tears into his neck, then dies grounded in the castle courtyard with Jon Snow pinned there, the instant Arya kills the Night King.",shown
westeros,the-cannibal,armament,The Cannibal,Fire & Blood,reference,The Dying of the Dragons — The Red Dragon and the Gold,NA,NA,"The largest and oldest of the three wild dragons of Dragonstone, so called because he feeds on dead dragons, newborn dragons and dragon eggs.",stated
westeros,the-cannibal,armament,The Cannibal,Fire & Blood,reference,The Dying of the Dragons — The Red Dragon and the Gold,NA,NA,Would-be dragontamers had tried him a dozen times and his lair was littered with their bones; no dragonseed of the Sowing was fool enough to disturb him.,stated
westeros,the-cannibal,armament,The Cannibal,Fire & Blood,reference,The Dying of the Dragons — The Red Dragon and the Gold,NA,NA,"Descended on Silver Denys after Sheepstealer tore his arm off, drove Sheepstealer away and devoured Denys and his sons.",stated
westeros,the-cannibal,armament,The Cannibal,The World of Ice & Fire,reference,The Targaryen Kings: Aegon III,NA,NA,One of the four dragons that came through the Dance of the Dragons alive.,stated
westeros,dreamfyre,armament,Dreamfyre,Fire & Blood,reference,The Dying of the Dragons — Rhaenyra Overthrown,NA,NA,"Alone of the four chained dragons she broke free during the Storming of the Dragonpit, and Gyldayn records that she slew more men than Tyraxes, Shrykos and Morghul combined.",stated
westeros,dreamfyre,armament,Dreamfyre,Fire & Blood,reference,The Dying of the Dragons — Rhaenyra Overthrown,NA,NA,"Half-blinded by a crossbow bolt, she flew into the pit's great dome, which cracked and came down on her and on the dragonslayers below.",stated
westeros,dreamfyre,armament,Dreamfyre,Fire & Blood,reference,The Sons of the Dragon,NA,NA,Bonded with Rhaena Targaryen as a hatchling in 32 AC and was large enough to carry her three years later.,stated
westeros,seasmoke,armament,Seasmoke,Fire & Blood,reference,The Dying of the Dragons — The Red Dragon and the Gold,NA,NA,Killed Ser Steffon Darklyn of the Queensguard during the Red Sowing before accepting the fifteen-year-old Addam of Hull.,stated
westeros,seasmoke,armament,Seasmoke,Fire & Blood,reference,The Dying of the Dragons — Rhaenyra Overthrown,NA,NA,"At the Second Battle of Tumbleton he fell on the riderless Vermithor and drove him into the mud, and was killed when Vermithor ripped his head off.",stated
westeros,seasmoke,armament,Seasmoke,House of the Dragon,episode,S02E06 “Smallfolk”,NA,NA,"Burns Ser Steffon Darklyn in the caves beneath the Dragonmont, leaves the island, then runs Addam of Hull down on the beach and takes him as his rider.",shown
westeros,seasmoke,armament,Seasmoke,House of the Dragon,episode,S02E07 “The Red Sowing”,NA,NA,Roars Rhaenyra to a halt on the beach when she approaches the already-mounted Addam on foot with Syrax behind her.,shown
westeros,rhaegal,armament,Rhaegal,Game of Thrones,episode,S08E03 “The Long Night”,NA,NA,"Carrying Jon Snow, he engages the undead Viserion and rips away part of his lower jaw and neck before retreating with an injured wing.",shown
westeros,rhaegal,armament,Rhaegal,Game of Thrones,episode,S08E04 “The Last of the Starks”,NA,NA,"Struck repeatedly by scorpion bolts from Euron Greyjoy's Iron Fleet and killed, falling into Blackwater Bay.",shown
westeros,rhaegal,armament,Rhaegal,A Dance with Dragons,novel,ch. 11 (Daenerys II),NA,NA,Chained in a makeshift pit beneath the Great Pyramid with Viserion after Drogon is blamed for the child Hazzea; six men are burned over the three days it takes to move him.,shown
westeros,sheepstealer,armament,Sheepstealer,Fire & Blood,reference,The Dying of the Dragons — The Red Dragon and the Gold,NA,NA,"In the Sowing he killed more candidates than Vermithor, Seasmoke and Silverwing combined, and tore Silver Denys's arm off.",stated
westeros,sheepstealer,armament,Sheepstealer,Fire & Blood,reference,The Dying of the Dragons — The Red Dragon and the Gold,NA,NA,Nettles tamed him by leaving him a freshly slaughtered sheep each morning until he suffered her to mount.,stated
westeros,sheepstealer,armament,Sheepstealer,Fire & Blood,reference,The Lysene Spring and the End of Regency,NA,NA,In 134 AC Ser Robert Rowan's men found him and Nettles in a cave in the Vale; sixteen were slain and threescore more wounded.,stated
westeros,syrax,armament,Syrax,Fire & Blood,reference,The Dying of the Dragons — The Blacks and the Greens,NA,NA,"Huge and formidable, but not so fearsome or experienced in battle as Caraxes.",stated
westeros,syrax,armament,Syrax,Fire & Blood,reference,The Dying of the Dragons — Rhaenyra Triumphant,NA,NA,"Kept chained in an emptied stable in the Red Keep's outer ward, exceedingly well fed, and had not hunted for years.",stated
westeros,syrax,armament,Syrax,Fire & Blood,reference,The Dying of the Dragons — Rhaenyra Overthrown,NA,NA,"Threw Joffrey Velaryon from her back in mid-flight, came down among the mob at the Dragonpit rather than making passes from the air, killed dozens with tooth and claw and was killed there; Gyldayn declines to choose between the accounts of how.",stated
westeros,grey-ghost,armament,Grey Ghost,Fire & Blood,reference,The Dying of the Dragons — The Red Dragon and the Gold,NA,NA,"Pale grey-white and notably shy, avoiding men and their works for years at a time, feeding on fish taken low over the narrow sea, and never claimed or ridden by anyone.",stated
westeros,grey-ghost,armament,Grey Ghost,Fire & Blood,reference,The Dying of the Dragons — Rhaenyra Triumphant,NA,NA,"The crew of the Nessaria saw him fighting a golden dragon above the Dragonmont; he was vanquished and partly devoured by Sunfyre, and Ser Robert Quince wrongly blamed the Cannibal.",stated
