song,artist,featuring,entered_top_30_in,lyrics,writers,producer,rough_order
Wake Up Lovin You,Craig Morgan,NA,2013,"My friends call me up 'cause they know I'm down Take me out to paint the town and help me get over it Pretty blonde girl at the end of the bar Buys a drink, gives a wink, and then it goes too far We're out on the dance floor feelin' the gin I finally start coming alive again I take her home for the night And everything is right until the first ray of sunlight And damn if I don't wake up lovin' you Oh I wake up lovin' you Thought if I could catch a plane, touch down, out of town Somewhere nobody knows you Maybe I could give myself half of a chance To get a life and act a like a different man But my best of intentions were all shot to hell And I found myself hiding in a cheap hotel Drownin' in the whiskey, starin' at the T.V., tryin' not to sleep 'Cause I'm just gonna wake up lovin' you Yeah I wake up lovin' you, yeah Yeah I wake up lovin' you, Yeah I wake up lovin' you Remember when I told you I was never going to stop Lovin' you with all my heart and soul no matter what Now it seems I'm breaking every promise that I made 'Cause every night I'm desperate Askin' God if He would just let me forget it But I wake up lovin' you I wake up lovin' you","Josh Osborne, Matthew Ramsey, Trevor Rosen","Craig Morgan, Phil O'Donnell",1
Young Love,Kip Moore,NA,2013,"Your daddy thought I was wrong for you, Thinking back your mom did too But two wrongs never felt so right It was written in the stars, For two young and wild at hearts To sneak out late into the night You'd climb in and take my hand And you slide on over, on over and we'd ride 'Cause young love don't know nothin' When the radio plays you sing along When she's holdin' on You just can't get close enough, You swear it's sent from above It's real, it's good, and it's young love Remember that time you were supposed to be At your friend Kate's and not with me In Panama City a hundred miles away And that damned old truck of mine broke down, Your old man cussed me out And swore that's the last I'd see your face But I'd pull into your neighbor's drive and cut the lights, And you slide on over, on over and we'd ride 'Cause young love don't know nothin' When the radio plays you sing along When she's holdin' on You just can't get close enough, You swear it's sent from above It's real, it's good, and it's young love Oh, yeah There was really no way of knowing But look at us, baby, we're still going Young love don't know nothin' When the radio plays you sing along All damn night long, You just can't get close enough, You swear it's sent from above It's real, it's good, and it's still young love Young love","Kip Moore, Dan Couch, Westin Davis",Brett James,2
Beat of the Music,Brett Eldredge,NA,2013,"Well I just met you a couple hours ago My last night in town, hey wouldn't you know I get hooked on a girl with blue diamond eyes Down here in Mexico, oh Now you're walking up asking me to dance Smiling that smile and reaching out your hand Well there's a move or two, I'd like to show you While I still got the chance Well you got the soul and you know how to use it Put your hand on my hip cause you know that I'll lose it You got my heart racing like there's nothing to it Falling in love to the beat of the music Oh oh, why wouldn't I wanna stay? Oh oh, and let that plane fly away, hey hey Cause you got the soul and you know how to use it Put your hand on my hip cause you know that I'll lose it You got my heart racing like there's nothing to it Falling in love to the beat of the music The beat of the music I think I could get used to that steel drum playing Waking up on a beach if you know what I'm saying One more night would be more than alright with me So hold on baby cause You got the soul and you know how to use it Put your hand on my hip cause you know that I'll lose it You got my heart racing like there's nothing to it Falling in love to the beat of the music We're falling in love to beat of the music Beat of the music","Brett Eldredge, Ross Copperman, Heather Morgan","Brett Eldredge, Ross Copperman",3
The Heart of Dixie,Danielle Bradbery,NA,2013,"She had a dead-end job at the National Bank And a deadbeat husband who always drank So when he didn't come home She had the gin to thank for the tears in her eyes So Dixie packed up and said her goodbyes She went driving so far away nobody's gonna find her Flying just fast enough, to leave it all behind her But she didn't know till she hit the road, deep in her soul She's got the fire and the fight of a gypsy Ain't nothing stronger than the heart of Dixie The heart of Dixie It's a funny thing when your world falls down It's got a way of showing you what you're all about Now Dixie's got her wheels pointed south And she ain't never looking back Nobody knew she was brave like that She went driving so far away nobody's gonna find her Flying just fast enough, to leave it all behind her But she didn't know till she hit the road, deep in her soul She's got the fire and the fight of a gypsy Ain't nothing stronger than the heart of Dixie The heart of Dixie Yeah Dixie woke up to the truth one day Grabbed her cheap sunglasses and her lipstick case And she went driving so far away nobody's gonna find her Flying just fast enough, to leave it all behind her But she didn't know till she hit the road, deep in her soul She's got the fire and the fight of a gypsy Ain't nothing stronger than the heart of Dixie The heart of Dixie","Brett James, Caitlyn Smith, Troy Verges",Brett James,4
Everything I Shouldn't Be Thinking About,Thompson Square,NA,2013,"My motorcycle needs an oil change Fence needs mending, house needs paint I got a million things that need to be done but Baby I can only focus on one The way you're looking back at me right now I'm thinking about everything I shouldn't be thinking about You're playing with my mind, baby ain't no doubt I'm thinking about everything I shouldn't be thinking about You're everything I shouldn't be thinking about Baby you've always had a one track mind So what you're saying ain't no surprise What may come as a shock to you Is that I'm having all those little thoughts too yea The way you're looking back at me right now I'm thinking about everything I shouldn't be thinking about You're playing with my mind, baby ain't no doubt I'm thinking about everything I shouldn't be thinking about You're everything I shouldn't be thinking about Baby since you and me are on the same page Let's do something 'bout it, what do you say, ay? The way you're looking back at me right now I'm thinking about everything I shouldn't be thinking about You're playing with my mind, baby ain't no doubt I'm thinking about everything I shouldn't be thinking about The way you're looking back at me right now I'm thinking about everything I shouldn't be thinking about You're playing with my mind, baby ain't no doubt I'm thinking about everything I shouldn't be thinking about You're everything I shouldn't be thinking about","Keifer Thompson, Shawna Thompson, David Lee Murphy, Brett James","RIch Redmond, Kurt Allison, Tully Kennedy, David Fanning",5
Goodnight Kiss,Randy Houser,NA,2013,"Girl I've finally got you up in the seat of my old truck And I bet you're wonderin' what we're gonna do We could hit the county line, hell we do that all the time Tell you what, if you don't mind, we could start with something new Instead of waiting like we usually do Let's start it with a goodnight kiss, my lips, your lips, Baby let's just skip gettin' there Let's start it with a long goodbye, get wrapped up tight Let's spend all night right here Let's start it with a goodnight kiss I know that you told all your friends we were meetin' up with them I can call 'em all again and tell 'em we ain't coming Let me find a little spot, let me throw this thing in park Let me light that little spark that gets you going like you do Just tell me that you want to Start it with a goodnight kiss, my lips, your lips, Baby let's just skip gettin' there Let's start it with a long goodbye, get wrapped up tight Let's spend all night right here Let's start it with a goodnight kiss Let's start it with a goodnight kiss I don't wanna wait, I don't wanna wait Let's start it with a goodnight kiss, My lips, your lips Let's start it with a goodnight kiss, my lips, your lips, Baby let's just skip gettin' there Let's start it with a long goodbye, get wrapped up tight Let's spend all night right here Let's start it with a goodnight kiss","Rob Hatch, Jason Sellers, Randy Houser",Derek George,6
Cold Beer With Your Name On It,Josh Thompson,NA,2013,"I hear you're out there now and you're doing alright A new lease on life in Hollywood Riding around with the ragtop down Bet the west coast sun looks good on you Wasn't very long ago we were sitting On a lost dirt road by the railroad tracks If you ever think about that And wonder where I'm at and wanna come back I'm sitting on a tailgate in the middle of a stargaze Wishing you were in my arms Chilling right here, baby if you want it I've got a cold beer with your name on it Back 40 on a Friday night Me and you dancing in the firelight Girl you gotta admit it sounds pretty good, don't it? I've got a cold beer with your name on it Pop the top, kick back like we used to do Sipping all night long to your favorite tunes If you ever get tired of the concrete life, Those honking horns, them flashing lights Got a jar of shine if you need it, Under the seat, you know where I keep it Hey girl turn off your cell phone, Put your blue jeans on, get back home I'm sitting on a tailgate in the middle of a stargaze Wishing you were in my arms Chilling right here, baby if you want it I've got a cold beer with your name on it Back 40 on a Friday night Me and you dancing in the firelight Girl you gotta admit it sounds pretty good, don't it? I've got a cold beer with your name on it Cooler loaded down, picture perfect view All that's missing now is… you I'm sitting on a tailgate in the middle of a stargaze Wishing you were in my arms Chilling right here, baby if you want it I've got a cold beer with your name on it Back 40 on a Friday night Me and you dancing in the firelight Girl you gotta admit it sounds pretty good, don't it? I've got a cold beer with your name on it Got a cold beer with your name on it Girl you gotta admit it sounds pretty good, don't it? Got a cold beer with your name on it","Brent Anderson, Clint Daniels","Mark Wright, Cliff Audretch III",7
19 You + Me,Dan + Shay,NA,2013,"It was our first week At Myrtle Beach Where it all began It was 102° Nothin' to do Man it was hot So we jumped in We were summertime sippin', sippin' Sweet tea kissin' off of your lips T-shirt drippin', drippin' wet How could I forget? Watchin' that blonde hair swing To every song I'd sing You were California beautiful I was playin' everything but cool I can still hear that sound Of every wave crashin' down Like the tears we cried That day we had to leave It was everything we wanted it to be The summer of 19 you and me We had our first dance in the sand It was one hell of a souvenir Tangled up, so in love So, let's just stay right here 'Til the sun starts creepin', creepin' up Right then I knew Just what you were thinkin', thinkin' of When I looked at you Watchin' that blonde hair swing To every song I'd sing You were California beautiful I was playin' everything but cool I can still hear that sound Of every wave crashin' down Like the tears we cried That day we had to leave It was everything we wanted it to be The summer of 19 you and me ...you and me Watchin' that blonde hair swing To every song I'd sing You were California beautiful Beautiful, beautiful Watchin' that blonde hair swing To every song I'd sing You were California beautiful I was playin' everything but cool I can still hear that sound Of every wave crashin' down Like the tears we cried That day we had to leave It was everything we wanted it to be The summer of 19 you and me First week Myrtle Beach Where it all began..","Dan Smyers, Shay Mooney, Danny Orton","Dan Smyers, Scott Hendricks, Danny Orton",8
Helluva Life,Frankie Ballard,NA,2013,"Saturday night and a six pack, girl, A big star shining on a small town world, It's a helluva life, it's a helluva life. And KC lights on a dirt road dance, You take that kiss just as far as you can, It's a helluva life, oh, it's a helluva life. And pennies make dimes and dimes make dollars, Dollars buy gas and longneck bottles, Beer gets a barefoot country girl swaying, To a song that's playing on the radio station. The bad times make the good times better, Look in her eyes and you're gone forever, On a heavenly ride... Yeah, it's a helluva life. It's a helluva life. And we all have faith, and we all have hope, But we're all a little lost in the same damn boat. It's a helluva life, yeah, it's a helluva life. Something bout the night girl, When you got the right girl, Sitting right beside you, Looking at the sky, girl Thinking bout why we're here, And where we're going, Baby, here we are, And all I know is... Pennies make dimes and dimes make dollars, Dollars buy gas and longneck bottles, Beer gets a barefoot country girl swaying, To a song that's playing and the world starts fadin'. The bad times make the good times better, Look in her eyes and you're gone forever, On a heavenly ride... Yeah, it's a helluva life, it's a helluva life. Something bout the night, girl, When you got the right, girl, Sitting right beside you, Looking at the sky, girl Thinking bout why we're here, And where we're going, Baby, here we are, And all I know is... Pennies make dimes and dimes make dollars, Dollars buy gas and longneck bottles, Beer gets a barefoot country girl swaying, To a song that's playing, it's a perfect combination. The bad times make the good times better, Look in her eyes and you're gone forever, On a heavenly ride... Yeah, it's a helluva life, it's a helluva life. Bad times make the good times better. Aw one helluva life. Look in her eyes and you're gone forever.","Rodney Clawson, Chris Tompkins, Josh Kear","Marshall Altman, Scott Hendricks",9
Chillin' It,Cole Swindell,NA,2013,"I got my shades on, top back, Rolling with the music jacked, One on the wheel, one around you baby Little sun left to burn in the blue sky, Shinning of the cross hanging from the mirror of my ride, Breeze blowing in, your hair blowing round You're scanning through the stations looking for that country sound The good stuff iced up in the back seat, Nowhere to go, nowhere to be I got my shades on, top back, Rolling with the music jacked, One on the wheel, one around you baby Sunset I bet There's a chance we can get Sure enough Tangled up, Laid back and lazy Pour it on easy now, don't spill a bit Nothin' but time tonight, let's get to killing it Long as I'm rocking with you, girl You know I'm cool with just chillin' it Nothing but two lane country on up ahead Girl, you so fine I wouldn't mind if this is all we did. You got me high on kisses, you got me missing signs Hard looking left when my world is on my right I got my shades on, top back, Rolling with the music jacked, One on the wheel, one around you baby Sunset I bet There's a chance we can get Sure enough Tangled up, Laid back and lazy Pour it on easy now, don't spill a bit Nothin' but time tonight, let's get to killing it Long as I'm rocking with you, girl You know I'm cool with just chillin' it Nothing like a little you and me low key Right now I'm right where i wanna be I got my shades on, top back, Rolling with the music jacked, One on the wheel, one around you baby Sunset I bet There's a chance we can get Sure enough Tangled up, Laid back and lazy Pour it on easy now, don't spill a bit Nothin' but time tonight, let's get to killing it Long as I'm rocking with you, girl You know I'm cool with just chillin' it Girl, I love rocking with you when, girl, we're just chilling it","Cole Swindell, Shane Minor",Jody Stevens,10
Compass,Lady Antebellum,NA,2013,"Alright Yeah it's been a bumpy road Roller coasters High and low Fill the tank and drive the car Pedal fast, pedal hard You won't have to go that far You wanna give up 'cause it's dark We're really not that far apart So let your heart, sweet heart Be your compass when you're lost And you should follow it wherever it may go When it's all said and done You can walk instead of run 'Cause no matter what you'll never be alone (never be alone) oh oh oh Never be alone oh oh oh Forgot directions on your way Don't close your eyes don't be afraid We might be crazy late at night I can't wait til you arrive Follow stars you'll be alright You wanna give up 'cause it's dark We're really not that far apart So let your heart, sweet heart Be your compass when you're lost And you should follow it wherever it may go When it's all said and done You can walk instead of run 'Cause no matter what you'll never be alone (never be alone) oh oh oh Never be alone oh oh oh You wanna give up 'cause it's dark We're really not that far apart So let your heart, sweet heart Be your compass when you're lost And you should follow it wherever it may go When it's all said and done You can walk instead of run 'Cause no matter what you'll never be alone (never be alone) oh oh oh Never be alone oh oh oh When it's all said and done You can walk instead of run 'Cause no matter what you'll never be alone","Mikkel Eriksen, Tor Erik Hemransen, Ammar Malik, Ross Golan, Daniel Omelio, Emile Haynie",Nathan Chapman,11
Drink A Beer,Luke Bryan,NA,2013,"When I got the news today I didn't know what to say. So I just hung up the phone. I took a walk to clear my head, This is where the walking led Can't believe you're really gone Don't feel like going home So I'm gonna sit right here On the edge of this pier Watch the sunset disappear And drink a beer Funny how the good ones go Too soon, but the good Lord knows The reasons why, I guess Sometimes the greater plan Is kinda hard to understand Right now it don't make sense I can't make it all make sense So I'm gonna sit right here On the edge of this pier Watch the sunset disappear And drink a beer So long my friend Until we meet again I'll remember you And all the times that we used to... ... sit right here on the edge of this pier And watch the sunset disappear And drink a beer Drink a beer, Drink a beer. Yeah",Jim Beavers Chris Stapleton,Jeff Stevens,12
I Hold On,Dierks Bentley,NA,2013,"It's just an old beat up truck, Some say that I should trade up Now that I got some jangle in my pocket. But what they don’t understand Is it's the miles that make a man. I wouldn’t trade that thing in for a rocket. What they don’t know is my dad and me– We drove her out to Tennessee And she’s still here and now he’s gone So I hold on. It's just an old beat up box, Its rusty strings across the top It probably don’t look like much to you. But these dents and scratches in the wood, Yeah, that’s what makes it sound so good. To me it's better than brand new. You see this here flat top guitar, Has had my back in a million bars Singing every country song So I hold on. To the things I believe in My faith, your love, our freedom To the things I can count on To keep me going strong Yeah, I hold on, I hold on. Like the stripes to the flag, Like a boy to his dad I can't change who I am, right or wrong So I hold on. Yeah, baby, looking at you right now, There ain't never been no doubt Without you I'd be nothing So if you ever worry about Me walking out Yeah, let me tell you something. I hold on. I hold on. Can you hear me, baby? I hold on Yea, I hold on… To the things I believe in My faith, your love, our freedom To the things I can count on To keep me going strong To the things I believe in My faith, your love, our freedom To the things I can count on To keep me going strong Yeah, I hold on… I hold on… I hold on and on and on and on and on. I hold on and on and on and on and on.","Brett James, Dierks Bentley",Ross Copperman,13
Lettin The Night Roll,Justin Moore,NA,2014,"That water tower’s got the sun going down behind it If there’s a good time in this town girl we’re gonna find it You looked so damn good climbing up in my Chevy Tried to play it cool but I knew already By the way you looked in the dashboard lights It was gonna be one of those nights Got the Kenwoods banging that rock n’ roll Whisper to me baby where you wanna go I can ride you ‘round town or drive you down some ol’ back road I love the way you lean that seat back, steal my ball cap Pull it down over your blue eyes Watchin’ your hair fly out the window Just lettin’ the night roll And I can’t wait to see where it goes We can run the reds down Main Street dodging the blue lights Or disappear off into the corn out past the county line Baby keep on keep on swaying to the backbeat Long as you’re right here right here beside me You make the call baby I don’t care We can take this anywhere Got the Kenwoods banging that rock n’ roll Whisper to me baby where you wanna go I can ride you ‘round town or drive you down some ol’ back road I love the way you lean that seat back, steal my ball cap Pull it down over your blue eyes Watchin’ your hair fly out the window Just lettin’ the night roll And I can’t wait to see where it goes Got the Kenwoods banging that rock n’ roll Whisper to me baby where you wanna go I can ride you ‘round town or drive you down some ol’ back road I love the way you lean that seat back, steal my ball cap Pull it down over your blue eyes Watchin’ your hair fly out the window Just lettin’ the night roll And I can’t wait to see where it goes I can’t wait to see where it goes, oh yeah Just lettin’ the night roll","Justin Moore, Jeremy Stover. Rodney Clawson",Jeremy Stover,14
Mona Lisa,Brad Paisley,NA,2014,"Now there are men who make history There are men who change the world And there are men like me That simply find the right girl And in that very moment, it all becomes clear What I’m meant to do, the reason I’m here Now every night I thank the Lord I found you And every time I put my arms around you I feel like the frame that gets to hold the Mona Lisa And I don’t care if that’s all I ever do It never fails, we walk in a room Nobody sees me, they’re all lookin’ at you I disappear but that’s fine with me I feel the same way, you’re all I can see Now they’ve written books about da Vinci’s muse Now I know it wasn’t but it shoulda been you 'Cause I feel like the frame that gets to hold the Mona Lisa And I don’t care if that’s all I ever do Why don’t we run off to Paris while we’re still young We could drink a little wine, have a little fun I could tell you I love you in a foreign tongue We could work on our French in more ways than one I could take your hand, we could walk in the Louvre I could show ‘em real beauty, let ‘em get a load of you 'Cause I feel like the frame that gets to hold the Mona Lisa And I don’t care if that’s all I ever do I feel like the frame that gets to hold the Mona Lisa And I don’t care if that’s all I ever do","Brad Paisley, Chris Dubois",Brad Paisley,15
Invisible,Hunter Hayes,NA,2014,"Crowded hallways are the loneliest places For outcasts and rebels Or anyone who just dares to be different And you've been trying for so long To find out where your place is But in their narrow minds There's no room for anyone who dares to do something different Oh, but listen for a minute Trust the one Who's been where you are wishing all it was Was sticks and stones Those words cut deep but they don't mean you're all alone And you're not invisible Hear me out, There's so much more to life than what you're feeling now Someday you'll look back on all these days And all this pain is gonna be invisible Oh, invisible So your confidence is quiet To them quiet looks like weakness But you don't have to fight it 'Cause you're strong enough to win without a war Every heart has a rhythm Let yours beat out so loudly That everyone can hear it Yeah, I promise you don't need to hide it anymore Oh, and never be afraid of doing something different Dare to be something more Trust the one Who's been where you are wishing all it was Was sticks and stones Yeah, the words cut deep but they don't mean you're all alone And you're not invisible Hear me out, There's so much more of this life than what you're feeling now And someday you'll look back on all these days And all this pain is gonna be invisible These labels that they give you just 'cause they don't understand If you look past this moment You'll see you've got a friend Waving a flag for who you are And all you're gonna do Yeah, so here's to you And here's to anyone who's ever felt invisible Yeah, and you're not invisible Hear me out, There's so much more to life than what you're feeling now And someday you'll look back on all these days And all this pain is gonna be invisible It'll be invisible","Hunter Hayes, Bonnie Baker, Haille Walker, Katrina Elam","Hunter Hayes, Dann Huff",16
This is How We Roll,Florida Georgia Line,Luke Bryan,2014,"The mix tape's got a little Hank, little Drake A little something bumping, thump, thumping on the wheel ride The mix in our drink's a little stronger than you think So get a grip, take a sip of that feel right The truck's jacked up, flat bills flipped back Yeah you can find us where the party's at This is how we roll We hanging round singing out everything on the radio We light it up with our hands up This is how we roll And this is how we do We're burning down the night shooting bullets at the moon baby This is how we roll Yeah baby this is how we roll We rollin' into town With nothing else to do we take another lap around Yeah holla at your boy if you need a ride If you roll with me yeah you know we rollin' high Up on and thirty seven needles, windows tinted hard to see though How fresh my baby is in the shotgun seat oh Them kisses are for me though, automatic like a free throw This life I live it might not be for you but it's for me though Let's roll! This is how we roll We hanging round singing out everything on the radio We light it up with our hands up This is how we roll And this is how we do When the world turns ugly I just turn and look at you baby This is how we roll Yeah we're proud to be young We stick to our guns We love who we love and we wanna have fun Yeah we cuss on them Mondays And pray on them Sundays Pass is around and we dream about one day This is how we roll We hanging round singing out everything on the radio We light it up with our hands up This is how we roll And this is how we ride We slingin' up the mud, cuttin' through the countryside baby This is how we roll Yeah this is how we roll This is how we roll Yeah this is how we roll This is how we do We're burning down the night shooting bullets at the moon baby This is how we roll Yeah this is how we roll","Tyler Hubbard, Brian Kelley, Cole Swindell, Luke Bryan","Joey Moi, Ricky Reed",17
Stay,Florida Georgia Line,NA,2014,"I'd sell my soul just to see your face. And I'd break my bones just to heal your pain. In these times I need a saving grace, but time is running out and I'm starting to lose my faith. But if I told you I loved you, would it make you want to stay? I'm sorry for the way I hurt you and making you walk away. (I should have took the time to tell you) And if I wrote you a love song and sang it to you every day, would it ever be enough to make you wanna come back home and stay? (I can't go another day without you) Would it make you, make you, wanna stay? (Girl you gotta know I love you) My heart's on my sleeve, but it's turning black. (I guess I know what it feels like it to be alone) Without your touch I'm not gonna last. (I know you know that I need ya just to carry on) It feels like my walls are caving in. (You'd always hold me before I left you hanging on) And I'll do anything to have you here again. But if I told you I loved you, would it make you want to stay? I'm sorry for the way I hurt you and making you walk away. (I should have took the time to tell you) And if I wrote you a love song and sang it to you every day, would it ever be enough to make you wanna come back home and stay? (I can't go another day without you) Yeah, the days are cold, the nights are long. And I can't stand to be alone. Please know this is not your fault. And all I want... Is to tell you I love you and make you wanna stay. There's gotta be a way, 'cause going on without you is killing me everyday. And if I wrote you a love song and sang it to you every day, would it ever be enough to make you wanna come back home and stay? (I can't go another day without you) Would it make you, make you, wanna stay? (Girl you gotta know I love you) Would it make you, make you, wanna stay? (I can't go another day without you) Would it make you, make you, wanna stay?",Joey Moi,Joey Moi,18
Keep Them Kisses Comin',Craig Campbell,NA,2014,"You got your hair down You got that look in your eye That says come here and get me boy Lay me down and love me just right, yeah Ain’t goin no where I got a bottle of wine I got nothin’ but time on my hands And I’m gonna be your man tonight, ah yes I am [Chorus:] I can’t imagine doin’ nothin but what I’m doin Just layin’ round tangled up with you We got our buzz on sippin’ on a little something I need your lovin’ Just keep them kisses comin’ It’s been a long week I’ve been missin’ me some you All I wanna do is get your lips on mine Girl if you only knew, hey [Chorus:] I can’t imagine doin’ nothin but what I’m doin Just layin’ round tangled up with you We got our buzz on sippin’ on a little something I need your lovin’ Just keep them kisses comin’ Yeah keep ‘em comin’ all night Don’t stop killin’ me baby Don’t stop drivin’ me crazy I swear there’s honey on your lips Baby give me one more long slow kiss [Chorus:] I can’t imagine doin’ nothin but what I’m doin Just layin’ round tangled up with you We got our buzz on sippin’ on a little something I need your lovin’ Just keep them kisses comin’ Oh keep ‘em comin’ all night, hey","Dallas Davidson, Ben Hayslip","Matt Rovey, Keith Stegall",19
Lookin For That Girl,Tim McGraw,NA,2014,"That girl, she's a party all-nighter, A little ""Funky Cold Medina,"" little ""Strawberry Wine""-er, That girl, she's a love gunslinger, neon jägerbomb country-okie singer That girl, she's a walk on the wild slide, She's a day glow radio slow ride, low ride good time If you see her, tell her I'm… Lookin' for that girl, that girl, that girl Hard to find, got me spending every night Lookin' for that girl, that girl, that girl Sundown, heaven town, drivin' 'round, hitting the bars, Shooting the stars, rollin' up on every party wonderin' where you are Lookin' for that girl, that girl, that girl Drivin' me crazy, something says baby, yeah, maybe you're that girl That girl, that girl, that girl That girl she's a sugar sweet drive-by Hold my dreams in her blue jeans, oh my Yellowhammer, south Georgia, Mississippi chick Drink cherry wine, Louisiana lipstick That girl likes to drink it up real loud Blowin' smoke in a backroad gravel cloud Drop it down, summer heat, I've got a sittin' up high Silverado seat Waitin' for that girl, that girl, that girl Hard to find, got me spending every night Lookin' for that girl, that girl, that girl Sundown, heaven town, drivin' 'round, hitting the bars, Shooting the stars, rollin' up on every party wonderin' where you are Lookin' for that girl, that girl, that girl Drivin' me crazy, something says baby, yeah, maybe you're that girl Hair like a field of gold Body like a honeycomb Smile like a country song Baby where you been? That girl, that girl, that girl That girl, that girl, that girl Lookin' for that girl, that girl, that girl Hard to find, got me spending every night Lookin' for that girl, that girl, that girl Sundown, heaven town, drivin' 'round, hitting the bars, Shooting the stars, rollin' up on every party wonderin' where you are Lookin' for that girl, that girl, that girl Drivin' me crazy, something says baby, yeah, maybe you're that girl That girl, that girl, that girl Yeah, maybe you're that girl, That girl, that girl, that girl I've been waitin' for that girl Hair like a field of gold Body like a honeycomb Smile like a country song Baby, climb on in…","Mark Irwin, James T. Slater, Chris Tompkins","Byron Gallimore, Tim McGraw",20
Slow Me Down,Sara Evans,NA,2014,"The wheels are turning in my mind Don't wanna leave but I might this time Seconds from whispering goodbye Yeah the wheels are turning in my mind If all that's left to do is walk away Then baby I'm as gone as yesterday But if there's something you still need to say You need to say it now, hurry up and slow me down Slow me down If you let this train roll down these tracks Gonna wish you tried to talk me back Boy, you're gonna miss everything we had If you let this train roll down these tracks If all that's left to do is walk away Then baby I'm as gone as yesterday But if there's something you still need to say You need to say it now, hurry up and slow me down Slow me down The wheels are turning in my mind Don't wanna leave but I might this time If all that's left to do is walk away Then baby I'm as gone as yesterday But if there's something you still need to say You need to say it now (you need to say it now) Oh, you need to say it now (you need to say it now) Hurry up and slow me down Slow me down Slow me down","Marv Green, Heather Lynn Morgan, Jimmy Robbins","Mark Bright, Sara Evans",21
Automatic,Miranda Lambert,NA,2014,"Quarter in a payphone Drying laundry on the line Watching Sun Tea in the window Pocket watch for tellin' time Seems like only yesterday I'd get a blank cassette Record the country countdown 'cause I couldn't buy it yet If we drove all the way to Dallas just to buy an Easter dress We’d take along a Rand McNally, stand in line to pay for gas God knows that shifting gears ain’t what it used to be I learned to drive that 55 just like a queen, three on a tree Hey, whatever happened to waitin' your turn Doing it all by hand, 'Cause when everything is handed to you It's only worth as much as the time put in It all just seemed so good the way we had it Back before everything became automatic If you had something to say You'd write it on a piece of paper Then you'd put a stamp on it And they'd get it three days later Boys would call the girls And girls would turn them down Staying married was the only way to work your problems out Hey, whatever happened to waitin' your turn Doing it all by hand, 'Cause when everything is handed to you It's only worth as much as the time put in It all just seemed so good the way we had it Back before everything became automatic Automatic Let's roll the windows down Windows with the cranks Come on let's take a picture The kind you gotta shake Hey, whatever happened to waitin' your turn Doing it all by hand, 'Cause when everything is handed to you It's only worth as much as the time put in It all just seemed so good the way we had it Back before everything became automatic","Natalie Hemby, Nicolle Galyon, Miranda Lambert","Frank Liddell, Glenn Worf",22
Cop Car,Keith Urban,NA,2014,"We drove right past That no trespassing sign We sat on the tailgate And watched the planes take off We thought we had all night There was no need to rush That's when those cops Came pulling up And I thought Man, ain't this some shhhh [Bridge:] Your daddy's gonna kill me But if I survive tonight I wouldn't change one thing Baby, yeah I know it sounds crazy [Chorus:] But there was somethin' 'bout the way The blue lights were shinin' Bringing out the freedom in your eyes I was too busy watching you Going wild child To be worried about going to jail You were thinking that Running for it Would make a good story I was thinking you were crazy as hell And you were so Innocent But you were stealing my heart I fell in love in the back of a cop car Man, they weren't playin' They sure threw those cuffs on quick You tried to sweet talk 'em They didn't fall for it But I did You were on the left I was on the right I knew you didn't smoke When you asked him for a light And I laughed He got mad and slammed the door [Bridge] [Chorus] Side by side And locked in tight They were taking their time But we didn't mind We talked And we laughed We sat real close By the time they let us go I was already gone","Matthew Jenkins, Miller Crowell, Matt Jenkins, Sam Hunt","Zach Crowell, Keith Urban",23
Get Me Some of That,Thomas Rhett,NA,2014,"Yeah girl, been diggin' on you Sippin' on drink number two Tryin' to come up with somethin' smooth And waitin' on the right time to make my move But I just can't wait no more Can't let you slip out that door Prettiest thing I ever seen before Got me spinnin' around, I ain't even on the dance floor You're shakin' that money maker, like a heart breaker, like your college major was Twistin' and tearin' up Friday nights Love the way you're wearin' those jeans so tight I bet your kiss is a soul saver, my favorite flavor, want it now and later I never seen nothin' that I wanted so bad Girl, I gotta get me, gotta get me some of that Yeah gotta get me some of that Little more what you doin' right there Swingin' your hips and slingin' your hair Side to side with your drink in the air Lord, have mercy, now, girl, I swear Gotta get your number in my phone Gotta get me some of you alone We can worry 'bout it later on Right now just keep makin' this my favorite song You're shakin' that money maker, like a heart breaker, like your college major was Twistin' and tearin' up Friday nights Love the way you're wearin' those jeans so tight I bet your kiss is a soul saver, my favorite flavor, want it now and later I never seen nothin' that I wanted so bad Girl, I gotta get me, gotta get me some of that Some of that Yeah, gotta get me some of that In my ride, by my side, down the highway In the dark, in my arms, in your driveway All because of that smile you threw my way Yeah girl you got a way of Shakin' that money maker, like a heart breaker, like your college major was Twistin' and tearin' up Friday nights Love the way you're wearin' those jeans so tight I bet your kiss is a soul saver, my favorite flavor, want it now and later I never seen nothin' that I wanted so bad Girl, I gotta get me, gotta get me some of that Gotta get me some of that Yeah, I gotta get me some of that Oh girl, I gotta get me some of that Oh yeah I bet your kiss is a soul saver, my favorite flavor I want it now and later","Rhett Akins, Michael Carter, Cole Swindell",Luke Laird,24
Bottoms Up,Brantley Gilbert,NA,2014,"I see you and me riding like Bonnie and Clyde Goin ninety five burning down one twenty nine yeah Looking for the law, while I push my luck She's ridin shot gun like it ain't no thing Turn the radio up so the girl can sing right Pull into the party like, ""Y'all wassup"" Tonight is bottoms up Throw it on down Rock this quiet, little country town Get up Drop a tailgate on ya truck Find a keg and fill ya cup up Kick it on back Pretty little mama lookin at ya like that Make ya wanna slide on in like, ""Girl, what's up"" Yeah tonight is bottoms up Get em up Tonight is bottoms up Get em up Damn Girl I gotta tip my hat Never thought a country song would make you move like that, yeah And she's doing it in daisy dukes Girl she's got ya tappin on a boys shoulder Hey dog check this out Man, it's how them girls do it in the dirty south, yeah She'll have you on your knee, ""Can I marry you?"" Yeah tonight is bottoms up Throw it on down Rock this quiet, little country town Get up Drop a tailgate on ya truck Find a keg and fill ya cup up Kick it on back Pretty little mama lookin at ya like that Make ya wanna slide on in like, ""Girl, what's up"" Yeah tonight is bottoms up Get em up Tonight is bottoms up Get em up, get em up, get em up Get em up Hey y'all whatever ya sippin on, Get it up in the air one time Bottoms up Let's give a toast to the good times All y'all get your drinks up high Everybody feelin alright Damn right Cause tonight it's bottoms up Throw it on down Rock this quiet, little country town And get up, drop a tailgate on ya truck Find a keg and fill ya cup up Kick it on back Pretty little mama lookin at ya like that Make ya wanna slide on in like, ""Girl, what's up"" Tonight is bottoms up Throw it on down Rock this quiet, little country town And get up, drop a tailgate on ya truck Find a keg and fill ya cup up Kick it on back Pretty little mama lookin at ya like that Make ya wanna slide on in like, ""Girl, what's up"" Yeah tonight is bottoms up Get em up Tonight is bottoms up Get em up","Brantley Gilbert, Justin Weaver, Brett James",Dann Huff,25
Give Me Back My Hometown,Eric Church,NA,2014,"Damn, I used to love this view Sit here and drink a few Main street and the high school lit up on Friday night Down there it's another touchdown Man, this year's team is stout I can hear them goin' crazy And up here so am I Thinkin' about you sittin' there sayin' I hate this, I hate it If you couldn't stand livin' here why'd you take it, take it Give me back my hometown 'Cause this is my hometown All the colors of my youth The red, the green, the hope, the truth Are beatin' me black and blue cause you're in every scene My friends try to cheer me up get together at the Pizza Hut I didn't have the heart to tell them that was our place These sleepy streetlights on every sidewalk side street Shed a light on everything that used to be Give me back my hometown 'Cause this is my hometown Yeah, yeah, ooohh, yeah, yeah You can have my grandma's locket The knife out of my grandpa's pocket Yeah my state champion jacket I don't care you can have it Every made memory Every picture, every broken dream Yeah everything, everything, everything Give me back my hometown 'Cause this is my hometown Yeah, yeah, ooohh, yeah, yeah","Eric Church, Luke Laird",Jay Joyce,26
Drink To That All Night,Jerrod Niemann,NA,2014,"Pullin' up now, and the parking lot's full Gonna ride that cow with a Dallas bull Everybody in the ATL is coming DJs got those speakers thumping Got a black ford not a white Mercedes Walking in the front door checking out the ladies My buddy says hey boys I'm buying The hottest girl in here's giving me the eye and. Everybody knows, it's gonna be one of those I can drink to that all night That's the stuff I like That's the kind of party makes you throw your hands up high Bout to tie one on talking gone gone gone Turning all the wrongs into right I can drink to that all night Working on the sweet thing sitting on a bar stool Doing shots of Jack girl gonna take it old school Singing hell yeah to every song they're playing Do ya wanna dance? Baby I'm just saying Everybody knows, it's gonna be one of those I can drink to that all night That's the stuff I like That's the kind of party makes you throw your hands up high Bout to tie one on talking gone gone gone Turning all the wrongs into right I can drink to that all night Yeah, I can drink to that all night Take your cup fill it up You can't raise it high enough Take your cup fill it up You can't raise it high enough Everybody knows, it's gonna be one of those I can drink to that all night That's the stuff I like That's the kind of party makes you throw your hands up I can drink to that all night That's the stuff I like That's the kind of party makes you throw your hands up high Bout to tie one on talking gone gone gone Turning all the wrongs into right I can drink to that all night I can drink to that all night I can drink to that all night Take your cup fill it up You can't raise it high enough Take your cup fill it up You can't raise it high enough Take your cup fill it up You can't raise it high enough Take your cup fill it up You can't raise it high enough","Derek George, Lance Miller, Brad Warren, Brett Warren","Jerrod Niemann, Jimmie Lee Sloas",27
See You Tonight,Scotty McCreery,NA,2014,"Girl, you know I love talking to you on the phone I could listen to your sweet voice all night long Sometimes I can get by with a sweet dreams baby good night, But this time, well, I don't wanna spend it alone So I'm coming over, I hope it's alright Listen for me pulling into your drive Look out your window—you'll see my lights Baby girl, I gotta see you tonight The way the breeze is blowing, blowing Got me wishing I was holding, holding Holding you so tight under that porch light But girl, I gotta see you tonight, tonight, tonight Girl, I gotta see you tonight, tonight, tonight. I got a couple hundred pictures of your pretty face On my phone, on my dash—all over the place But I would drive a million miles Just to see that little smile in real life Baby, it's worth the drive, You're worth the drive. So I'm coming over, I hope it's alright Listen for me pulling into your drive Look out your window—you'll see my lights Baby girl, I gotta see you tonight The way the breeze is blowing, blowing Got me wishing I was holding, holding Holding you so tight under that porch light But girl, I gotta see you tonight, tonight, tonight Girl, I gotta see you tonight, tonight, tonight, whoa. No, I don't care what time it is, I just gotta get a little moonlight kiss Girl, I can't help it when I feel like this There's only one thing to do Baby, I'm missing you I'm coming over, I hope it's alright Listen for me pulling into your drive Look out your window—you'll see my lights Baby girl, I gotta see you tonight The way the breeze is blowing, blowing Got me wishing I was holding, holding, Holding you so tight under that porch light But girl, I gotta see you tonight, tonight, tonight Girl, I gotta see you tonight, tonight, tonight, yeah, yeah Girl, I gotta see you tonight (tonight, tonight)","Ashley Gorley, Zach Crowell, Scotty Mccreery, Miller Crowell",Frank Rogers,28
Doin' What She Likes,Blake Shelton,NA,2014,"She likes it when I call in sick to work Spend the whole day hanging with her I might get fired but that's alright I'm doin' what she likes She likes it when I bring home fresh fajitas And mix up a pitcher of margaritas Catch a kind of buzz that lasts all night Doin' what she likes She likes hearin' how good she looks in them blue jeans Little kisses, sweeter than sweet tea Things I whispered in her ear, oh my I like doin' what she likes Like running my fingers through her long hair Lightin' watermelon candles upstairs Lettin' them burn and holdin' her all night I like doin' what she likes She likes it when I get past second gear Sees gravel flying in the rearview mirror Sometimes I'm pushing 95 Doin' what she likes And she likes it when I find a road that's dark Can we pull up somewhere and park? Turn the radio on and turn off the lights Keep doin' what she likes She likes hearin' how good she looks in them blue jeans Little kisses, sweeter than sweet tea Things I whispered in her ear, oh my I like doin' what she likes Like running my fingers through her long hair Lightin' watermelon candles upstairs Lettin' them burn and holdin' her all night I like doin' what she likes She likes it when I sing her old silly songs And throwin' words where they don't belong Sometimes we laugh 'til we almost cry Doin' what she likes Doin' what she likes She likes hearin' how good she looks in them blue jeans Little kisses, sweeter than sweet tea Things I whispered in her ear, oh my I like doin' what she likes Like running my fingers through her long hair Lightin' watermelon candles upstairs Lettin' them burn and holdin' her all night I like doin' what she likes Yeah, I like doin' what she likes Hmm, yeah","Philip O'donnell, Wade Kirby",Scott Hendricks,29
When She Says Baby,Jason Aldean,NA,2014,"Some days it’s tough just gettin’ up Throwin’ on these boots and makin’ that climb Some days I’d rather be a no show Lay low ‘fore I go out of my mind But when she says baby Oh don’t matter what comes Ain’t goin’ nowhere She runs her fingers through my hair And saves me Yeah that look in her eyes got me comin’ alive And drivin’ me a good kind a crazy When she says baby Oh when she says baby Some nights I come home fightin’ mad Feel like runnin’ my fist through the wall Is it even worth what I’m fightin’ for anymore Feelin’ torn, oh the hell with it all But when she says baby Oh don’t matter what comes Ain’t goin’ nowhere She runs her fingers through my hair And saves me Yeah that look in her eyes got me comin’ alive And drivin’ me a good kind a crazy When she says baby Oh when she says baby Everything gonna be alright Just lay down by my side Let me love you through this life She’s a perfect shot of faith When every bit of mine is gone Somethin’ I can believe in A best friend, a heaven sent Love to lean on But when she says baby Oh don’t matter what comes Ain’t goin’ nowhere She runs her fingers through my hair And saves me Yeah that look in her eyes got me comin’ alive And drivin’ me a good kind a crazy When she says baby Oh when she says baby Yeah that look in her eyes got me comin’ alive And drivin’ me a good kind a crazy","Ben Hayslip, Rhett Akins",Michael Knox,30
Callin' Me When I'm Lonely,Sheryl Crow,NA,2014,Friday night and it's snowing outside I'm all alone here watching it fall TV's on but the sounds turned down Somehow I knew he'd know to call right now I oughta just let it ring 'Cause every time it's the same damn thing Why's he always gotta be calling me when I'm lonely? It's so wrong to be leading me on and I can't say no He swears that it's gonna be different this time but it won't be Why's he always gotta be calling me when I'm lonely? He left a message saying he was only fifteen minutes away And that's just enough time for me to figure out if I should stay or leave But if I think it through I ain't got nothing better than you Why's he always gotta be calling me when I'm lonely? It's so wrong to be leading me on and I can't say no He swears that it's gonna be different this time but it won't be Why's he always gotta be calling me when I'm lonely? He's at the front door now With his magic smile And he'll be gone tomorrow But right now he's mine for a little while Why's he always gotta be calling me when I'm lonely? It's so wrong to be leading me on and I can't say no Well he swears that its gonna be different this time but it won't be Why's he always gotta be calling me when I'm lonely? Why is he always gotta be calling me when I'm lonely?,"Rodney Clawson, Brent Anderson","Sheryl Crow, Justin Niebank",31
We Are Tonight,Billy Currington,NA,2014,"The night's still young, never gonna get old Livin' for today like there's no tomorrow Follow the grooves, the tires in the grass Stayin' on the gas like we're never comin' back [Chorus:] It's a Friday night, it's a small town girl Everything is right and we rule the world 2 twelve's in the truck back, beating A bunch of rock stars on a riverbank singing, whoa, whoa, everything, whoa, whoa Everything we wanna be We are, we are, we are tonight Swayin' back-n-forth, can't you feel the music? Time stands still, I don't wanna lose it Her tan, her touch, her laugh Were flyin' so high like we're never gonna crash [Chorus:] It's a Friday night, it's a small town girl Everything is right and we rule the world 2 twelve's in the truck back, beating A bunch of rock stars on a riverbank singing, whoa, whoa, everything, whoa, whoa Everything we wanna be We are, we are, we are tonight We are tonight, we are tonight Toes in the grass with our hands up high Dream as big as the midnight sky So untamed and we're so alive tonight [Chorus:] It's a Friday night, it's a small town girl Everything is right and we rule the world 2 twelve's in the truck back, beating A bunch of rock stars on a riverbank singing, whoa, whoa, everything, whoa, whoa Everything we wanna be We are, we are, we are tonight We are tonight Everything we wanna be, yeah We are, we are, we are tonight Yeah We are tonight Whoa, oh, oh, oh, oh","Marc Beeson, Sam Hunt, Josh Osborne",Dann Huff,32
Beachin',Jake Owen,NA,2014,"So just watchin' her blonde hair, sun burnt, stare at them, white caps rolling over Laid back in a thrift store beach chair, droppin' limes in a Corona Well, she looks back, yeah, she throws me a kiss, like ""Honey, I sure want you."" And it's a hundred and three between her and me and only 92 in Daytona [Chorus:] And it's sunshine, blue eyes, tan lines, slow tide rollin' White sand, cold can, koozie in my hand, just a summertime strolling Chillin', breezing, sippin', singin' whoa Beachin' We got 2-for-1s, we're at a Margarita bar, whatever happens happens And there's a reggae band, full of dread heads, just sittin' in the corner laughin' Well, my baby walks over, drops a 20 in a jar, she smiles and shakes it at me Yeah, she gets 'em goin', she gets 'em playin' a little ""Don't Worry, Be Happy"" [Chorus:] And it's sunshine, blue eyes, tan lines, slow tide rollin' White sand, cold can, koozie in my hand, just a summertime strolling Chillin', breezing, sippin', singin' whoa Beachin' Ha ha aww yeah...a little palm tree leaning I got a Margarita here in my hand, doin' a little drinkin' [Chorus:] Talkin' 'bout sunshine, blue eyes, tan lines, slow tide rollin' White sand, cold can, koozie in my hand, just a summertime strolling Chillin', breezing, sippin', singin' whoa, Beachin' Sunshine, blue eyes, tan lines, slow tide rollin' White sand, cold can, koozie in my hand","Jaren Johnston, Jon Nite, Jimmy Robbins",Joey Moi,33
Whiskey In My Water,Tyler Farr,NA,2014,"In my truck flying down a dirt road Pickin' you up, feelin' kinda crazy I think I'm in luck cause I know my baby She slaps my knee says: ""boy why you smiling?"" Doing my best so hard to hide it I know what's up, so I just shoot her a wink Cause when the sun goes down it'll get a little hotter Make an old boy's heart beat a little harder I know I can't lose cause it's going down smooth tonight, baby One ain't enough man may I have another Sitting 'round the fire gettin' drunk on each other Every day I pray I thank God I got her She's the moon in my shine, the whiskey in my water When we're past Flint Bridge, we'll break out the bottle Drop it down low, crank up the throttle I'm good to go, cause I've got you tonight baby Cause when the sun goes down it'll get a little hotter Make an old boy's heart beat a little harder I know I can't lose cause it's going down smooth tonight, baby One ain't enough man may I have another Sitting 'round the fire gettin' drunk on each other Every day I pray I thank God I got her She's the moon in my shine, the whiskey in my water Sitting on this hill with her Looking in them baby blues Wishing that the sky would change I've been thinking about it all damn day I can hardly wait Cause when the sun goes down it'll get a little hotter Make an old boy's heart beat a little harder I know I can't lose cause it's going down smooth tonight baby One ain't enough man may I have another Sitting 'round the fire gettin' drunk on each other Every day I pray I thank God I got her She's the moon in my shine, the whiskey in my water Whiskey in my water Whiskey in my water yeah yeah yeah","Tyler Farr, Phillip LaRue, Jon Ozier","Jim Catino, Julian King",34
Play It Again,Luke Bryan,NA,2014,"She was sittin' all alone over on the tailgate Tan legs swingin' by a Georgia plate I was lookin' for her boyfriend, Thinkin', ""No way she ain't got one."" Soon as I sat down I was fallin' in love Tryin' to pour a little sugar in her Dixie cup Talkin' over the speakers in the back of that truck She jumped up and cut me off She was like, ""Oh, my God, this is my song. I've been listenin' to the radio all night long. Sittin' 'round, waitin' for it to come on and here it is."" She was like, ""Come here boy, I wanna dance."" 'Fore I said a word she was takin' my hand Spinnin' me around 'til it faded out And she gave me a kiss And she said, ""Play it again, play it again, play it again."" And I said, ""Play it again, play it again, play it again."" I'd gave that DJ my last dime If he would have played it just one more time But a little while later we were sittin' in the drive in my truck Before I walked her to the door I was scannin' like a fool AM, FM, XM, too But I stopped real quick when I heard that groove Man, you should have seen her light up She was like, ""Oh, my God, this is my song. We've been listenin' to the radio all night long. I can't believe that it came back on, but here it is."" She was like, ""Come here boy, I wanna dance."" 'Fore I said a word she was takin' my hand Spinnin' in the headlights she gave me a goodnight kiss And I said, ""Play it again, play it again, play it again."" And she said, ""Play it again, play it again, play it again."" The next Friday night We were sittin' out under the stars You should have seen her smile When I broke out my guitar She was like, ""Oh my God, this is my song. I've been listenin' to the radio all night long. Sittin' 'round, waitin' for it to come on and here it is."" She was like, ""Come here boy, I wanna dance."" 'Fore I said a word she was takin' my hand Spinnin' in the headlights she gave me a goodnight kiss And she said, ""Play it again, play it again, play it again."" And I said, ""Play it again, play it again, play it again."" Yeah, play it again, play it again, play it again Somebody, play it again, play it again, play it again","Dallas Davidson, Ashley Gorley",Jeff Stevens,35
Yeah,Joe Nichols,NA,2014,"It was just another night in the hayfield 'Til she climbed down off of them four wheels, Yeah, yeah Soon as that sundress hit the headlights Every tailgate way out there was like yeah, yeah She started walking over to me Like she already knew me Sat down right beside me And asked if I was here alone And I said Yeah, yeah Like I was nodding right along to a song on the radio Yeah, yeah Girl, how could I say no? Whatever you're drinking, that's what I'm drinking Girl, you're calling the shots tonight Whatever you're thinking, that's what I'm thinking Tell me what you got in mind So I can say yeah, yeah (yeah, yeah) Yeah, yeah (yeah, yeah) She brought me a cup and I tried it A little fruity but she asked if I liked it So I said yeah (yeah, yeah, yeah) Then she played me some band on her iPod Kinda hit me kinda hippie and I thought, ""Naw."" But I said yeah, yeah, yeah She said you wanna take a walk To the river maybe cool off She said, ""I know a good spot."" And then she took my hand And I said Yeah, yeah Like I was nodding right along to a song on the radio Yeah, yeah Girl, how could I say no? Whatever you're drinking, that's what I'm drinking Girl, you're calling the shots tonight Whatever you're thinking, that's what I'm thinking Tell me what you got in mind So I can say yeah, yeah Yeah, yeah A little later under that full moon I didn't want the night to end too soon I said, ""It's getting late, do you need to go?"" And she said no I was like, Yeah, yeah, Like I was nodding right along to a song on the radio Yeah, yeah, Girl, if you say so Whatever you're drinking, that's what I'm drinking Girl, you're calling the shots tonight Whatever you're thinking, that's what I'm thinking Tell me what you got in mind So I can say yeah, yeah (yeah, yeah) Yeah, yeah (yeah, yeah)","Ashley Gorley, Bryan Simpson","Mickey Jack Cones, Tony Brown",36
Who I Am With You,Chris Young,NA,2014,"I've been a rolling stone all my life Flying all alone, flying blind I've seen it all, I've been around I've been lost and I've been found but [Chorus:] Who I am with you is who I really want to be You're so good for me And when I'm holdin' you, it feels like I've got the world in my hands Yeah, a better man is who I am with you I've got a ways to go on this ride But I got a hand to hold that fits just right You make me laugh, you make me high, You make me want to hold on tight, 'cause Who I am with you Because of you I'm a lucky man You're the best part of who I am","Marv Green, Paul Jenkins, Jason Sellers",James Stroud,37
Chainsaw,The Band Perry,NA,2014,"We scratched our names In that oak tree 'Cause I loved you And you loved me A jagged little heart so the whole town knew it Carved into the bark with an arrow through it Well, I came out here to see it one more time And I got my chainsaw Oh, you know it's got to go, it's such a shame y'all But I ain't gonna be happy 'til those names fall And I'm sittin' on a stump Love is shady Love is tragic It's hard to bury the hatchet Holdin' a chainsaw I guess all those years They don't mean a thing Now I can't wait To count those rings Nothing left of us but dust and splinters A big pile of wood to keep me warm through the winter 'Cause I, I don't have you But I got my chainsaw Oh, you know it's got to go, it's such a shame y'all But I ain't gonna be happy 'til those names fall And I'm sittin' on a stump Love is shady Love is tragic It's hard to bury the hatchet Holdin' a chainsaw Just holding a little chainsaw I remember what you said that night That you would love me for the rest of your life We wrote ""Forever"" with a pocket knife But forever's goin' down tonight 'Cause I got my chainsaw It's got to go, it's such a shame y'all And I ain't gonna be happy 'til those names fall And I'm sittin' on a stump [2x] Love is shady Love is tragic It's hard to bury the hatchet Holdin' a chainsaw","Shane McAnally, Josh Osborne, Matthew Ramsey",Dann Huff,38
Song About A Girl,Eric Paslay,NA,2014,"This ain't about tailgates Ain't about bonfires Ain't about souped up cars, water towers Or drowning in a bottle of Jack This ain't about Chevy's Ain't about money Ain't about blue suede shoes, coo-coo-ca-choos Got nothin' to do with that It's a song about a girl It goes like this Ah, little heartbreak queen Rockin' the jeans Baby, just read my lips It's a song about a girl The one you can't forget Ah, blows your mind every time You think it's gonna be a hit It's a song about a girl Ah, it's a song about you, oh, yeah This ain't about hometowns Ain't about back roads Ain't about shoulda, coulda, wish I woulda Rear views looking back This ain't about goodbyes Ain't about come-backs Oh, got nothing to do with the stars and the moon Man you're gettin' way off track It's a song about a girl It goes like this Ah, little heartbreak queen Rockin' the jeans Baby, just read my lips It's a song about a girl The one you can't forget Ah, blows your mind every time You think it's gonna be a hit It's a song about a girl Baby you ooo ooo ooo, yeah you ooo ooo ooo, yeah you ooo ooo, know who you are Baby you ooo ooo ooo, yeah you ooo ooo ooo, read my lips, hear my heart Listen to this guitar It's a song about a girl It goes like this Ah, little heartbreak queen Rockin' the jeans Baby, just read my lips It's a song about a girl Every time Ah, don't think too hard Dig too deep Or read between the lines It's a song about a girl It goes like this Ah, little heartbreak queen Rockin' the jeans Baby, just read my lips It's a song about a girl The one you can't forget Ah, blows your mind every time You think it's gonna be a hit It's a song about a girl, girl oh It's a song about a girl, girl, oh, yeah It's a song about a girl, girl, oh It's a song about a girl This ain't about tailgates Ain't about bonfires Ain't about souped up cars, water towers Drowning in a bottle of Jack","Eric Paslay, Jessi Alexander, Gordie Sampson",Marshall Altman,39
Dust,Eli Young Band,NA,2014,"She's sick of this town, she's sick of that boy Yeah she's sick of dreams that never take flight There's gotta be more than the same old story So she's gonna turn the page tonight And turn the radio up (turn the radio up) Roll the windows down She got a full tank of gas (she got a full tank of gas) Ain't no stopping her now She's got the pedal to the floor in a hand-me-down Ford, Yeah, the only thing that's left to do Is catch a couple green lights and those baby blue eyes Are leaving nothing in that rearview But dust, nothing but dust She's fighting back tears, she's fighting back years Of the only life she's ever known There's a future that's bright in the dead of this night, And all she's gotta do is go And turn the radio up (turn the radio up) Roll the windows down She got an open road (she got an open road) Ain't no stopping her now She's got the pedal to the floor in a hand-me-down Ford, Yeah, the only thing that's left to do Is catch a couple green lights and those baby blue eyes Are leaving nothing in that rearview But dust, nothing but dust (Oh-oh-oh, oh-oh-oh) She got the radio up, She got the windows down, No she won't look back Ain't no stopping her, Ain't no stopping her now… She's got the pedal to the floor in a hand-me-down Ford, Yeah, the only thing that's left to do Is catch a couple green lights and those baby blue eyes Are leaving nothing in that rearview But dust, nothing but dust Dust, nothing but dust (Oh-oh-oh, oh-oh-oh) (Oh-oh-oh, oh-oh-oh)","Jon Jones, James Young, Kyle Jacobs, Josh Osborne","Frank Liddell, Justin Niebank, Eli Young Band",40
I Don't Dance,Lee Brice,NA,2014,"I'll never settle down, That's what I always thought Yeah, I was that kind of man, Just ask anyone I don't dance, But here I am Spinning you round and round in circles It Ain't my style, but I don't care I'd do anything with you anywhere Guess you got me in the palm of your hand Cause, I don't dance Love's never come my way, I've never been this far But you took these two left feet And waltzed away with my heart No, I don't dance, but here I am Spinning you round and round in circles It ain't my style, but I don't care I'd do anything with you anywhere Guess you got me in the palm of your hand, girl Cause, I don't dance Ohhh I don't dance Ooooh I don't dance, but here I am Spinning you round and round in circles It ain't my style, but I don't care I'd do anything with you anywhere I don't dance, but here I am Spinning you round and around in circles It ain't my style, but I don't care I'd do anything with you anywhere Yah, you got me in the palm of your hand, girl Cause, I don't dance","Lee Brice, Rob Hatch, Dallas Davidson",Lee Brice,41
River Bank,Brad Paisley,NA,2014,"Well, I won 2 dollars on a scratch-off ticket So I went back to the counter and I bought 2 more with it And I won 10 bucks and that was just right So, I bought a six pack and a bag of ice You know even if our ship came in and this is all we got It ain’t like we really need a million dollar yacht, 'cause [Chorus:] We got an inner tube We got a trailer hitch We’re near the river and far from rich But we have got each other and gas in the tank We’re laughing all the way to the river bank Still, can you imagine if we ever struck it I’d go shoot tequila, take a lime and suck it And we’d tell our bosses they can do the same We’ll find a big cruise ship and buy the whole dang thing We’d sail around the world and go to shore in a dingy But till that dream comes true why don’t you grab your bikini 'cause However it goes (whatever happens), We’ve got it made (in these shades) 'Cause baby we can float (behind this boat) We can ride away We got an inner tube We got a trailer hitch We’re near the river and far from rich But we have got each other and gas in the tank And it's a beautiful day. We’re laughing all the way To the river bank","Brad Paisley, Kelley Lovelace","Brad Paisley, Luke Wooten",42
Later On,The Swon Brothers,NA,2014,"Hey baby won't you tell me what you've got going on Just a little later on tonight How about you and me get together have a couple drinks Well don't you think that sounds like, a good time You start stridin' over We can't get no closer Ain't no room in the middle Girl watcha' doin' a little later Let's go start a fire How about you and I get this thing movin' shakin' grovin' Baby tell me what your doin' Later on, later on, later on, later on, later on, later on Girl you're shining like a movie star And y'know you look so good I can't stop starin' And I can tell that you're feelin' it too What you wanna do with that smile you're wearin' Oh yea What you say we got lost lets go Spend a couple hours just gettin' To know each other out there in the moonlight glow And when we get alone You start stridin' over We can't get no closer Ain't no room in the middle Girl watcha' doin' a little later Let's go start a fire How about you and I get this thing movin' shakin' grovin' Baby tell me what your doin' Later on, later on, later on, later on Yea You start stridin' over We can't get no closer Ain't no room in the middle Girl watcha' doin' a little later Let's go start a fire How about you and I get this thing movin' shakin' grovin' Baby tell me what your doin' Later on, later on, later on, later on, later on, later on That come on feeling getting strong Drink it up 'till it's gone This is what we're waiting on Later on, later on, yeah!","Ryan Hurd, Joey Hyde, Justin Wilson",Mark Bright,43
I Got A Car,George Strait,NA,2014,"She was leaning on a rail in a cotton dress Summer tanned pretty, little perfect mess With a story that could only be anybody's guess And I was thinking that I probably didn't stand a chance But I rolled up my sleeves, walked up and I said Hey, I know I don't know you but I'd kinda like a shot She said, I saw you coming over, I already thought it over And OK, so now what And I said, well I got a car, she said, there's something At least it's a start, I said, it's better than nothing I ain't in no hurry but I'm ready when you are And she said, where do you think all this is going I said, there ain't no way of knowing I guess I hadn't thought it through that far But I got a car So, we let the wheels turn and the windows down We let ourselves go all the way through town She never said stop and I never asked her why We drove into the night, when outta nowhere She said, I'd give anything to never go back there And I kinda wish this day would never end She said, I could use a change but I don't even know where to begin And I said, well I got a car, she said, there's something At least it's a start, I said, it's better than nothing I ain't in no hurry but I'm ready when you are And she said, where do you think all this is going I said, there ain't no way of knowing I really hadn't thought it through that far And I can't promise you the moon and stars But I got a car We got lost in the miles, lost track of the days 'Til we finally found a stopping place When the doctor's said, you know what's on the way? And we found ourselves in a little white house One Sunday morning, rain pouring down She said, I think it's time but all the lines are out And her eyes teared up and she said, what are we gonna do now? And I said, well I got a car, she said, there's something You think it'll start, I said, it's already running Got your things in the back and I'm ready when you are She said, are you sure it'll get us where we're goin'? I said, if there's one thing I know girl, it's gotten us this far And I don't mean to hurry but I'm ready when you are","Tom Douglas, Keith Gattis","Tony Brown, George Strait",44
My Eyes,Blake Shelton,Gwen Sebastian,2014,"Those high heels with that sun dress Turquoise heart hanging 'round your neck Red lips like wine, wanna drink 'em up And keep on drinkin' 'til you make me drunk Tied up hair, wanna let it down And just let the rest fall to the ground You take beautiful to the max Can't help myself when you look like that Come a little closer, come a little closer Come a little closer, girl the way you look tonight My eyes are the only thing I don't wanna take off of you Come a little closer, come a little closer Come a little closer, love the way you look tonight My eyes are the only thing I don't wanna take off of you There's a million stars dancing in the sky A picture perfect moon so bright But I don't care, I'm looking at you From where I stand you can't beat the view Come a little closer, come a little closer Come a little closer, girl the way you look tonight My eyes are the only thing I don't wanna take off of you Come a little closer, come a little closer Come a little closer, love the way you look tonight My eyes are the only thing I don't wanna take off of you My eyes have seen Some amazing things But girl, my eyes ain't seen Nothing quite like you, hey baby Come a little closer, come a little closer Come a little closer, girl the way you look tonight My eyes are the only thing I don't wanna take off of you Come a little closer, come a little closer Come a little closer, love the way you look tonight My eyes are the only thing I don't wanna take off of you Come a little closer, come a little closer Come a little closer, love the way you look tonight My eyes are the only thing I don't wanna take off of you","Tommy Lee James, Josh Osborne, Andrew Dorff",Scott Hendricks,45
Where It's At,Dustin Lynch,NA,2014,"It ain't in a high rise looking for a good time shutting down the city lights It ain't in the water floating like a bobber soaking up that hot sunshine As good as it gets, no that ain't where it is It's at 2 a.m. when she's reachin' over Faded t-shirt hanging off her shoulder Dressed up, her hair down, in a ball cap Yep yep, as long as I get that Sweet little something late night kiss On a plane or a train or way back in the sticks I swear, if she's there, that's where Yep yep, that's where it's at. It ain't in a suped-up shiny red new truck, if she ain't to my right It ain't in a dive bar, tall can of PBR, poppin' tops rockin' all night As good as it gets, no that ain't where it is It's at 2 a.m. when she's reachin' over Faded t-shirt hanging off her shoulder Dressed up, her hair down, in a ball cap Yep yep, as long as I get that Sweet little something late night kiss On a plane or a train or way back in the sticks I swear, if she's there, that's where Yep yep, that's where it's at. No, it don't matter wherever we're at (no…) No, it don't get no better than that It ain't in a suped-up shiny red new truck It's at 2 a.m. when she's reachin' over Faded t-shirt hanging off her shoulder Dressed up, her hair down, in a ball cap Yep yep, as long as I get that Sweet little something late night kiss On a plane or a train or way back in the sticks I swear, if she's there, that's where Yep yep, that's where it's at. Yeah, that's where it's at Yep, yep 2 a.m. when she's reachin' over Faded t-shirt hanging off her shoulder (That's where it's at)","Cary Barlowe, Zach Crowell, Matt Jenkins",Mickey Jack Cones,46
Hope You Get Lonely Tonight,Cole Swindell,NA,2014,"I could go for a tipsy tailgate kiss, baby taste the moonshinin' off of your lips, I want to see that want ya smile, still got me hooked been hooked for awhile. If you got a bottle you ain't opened yet, and an empty spot beside ya in ya bed, if you got some room for a little regret, let me know girl I've already left If you're feelin' what I'm feelin' let's mix it up, you got my number baby hit me up, if you need a little late night pick me up, I, hope you get lonely tonight, we ain't gotta make up just kiss me, we could straight up blame it on the whiskey, you ain't gotta wake up and miss me, no, I hope you get lonely tonight I don't care if you're spinnin' in the neon, or burnin' up the sheets with my tee on, either way the thought is turning me on, and I can't shake it girl I'm wide awake, so If you're feelin' what I'm feelin' let's mix it up, you got my number baby hit me up, if you need a little late night pick me up, I, hope you get lonely tonight, we ain't gotta make up just kiss me, we could straight up blame it on the whiskey, you ain't gotta wake up and miss me, no, I hope you get lonely tonight Hope you get lonely, Hope you get lonely, Hope you get lonely tonight, Girl If you're feelin' what I'm feel in' let's mix it up, you got my number baby hit me up, if you need a little late night pick me up, I, hope you get lonely tonight, we ain't gotta make up just kiss me, we could straight up blame it on the whiskey, you ain't gotta wake up and miss me, no, I hope you get lonely tonight","Cole Swindell, Brian Kelley, Tyler Hubbard, Michael Carter",Michael Carter,47
Ready Set Roll,Chase Rice,NA,2014,"Ready Set Let's roll Let's roll Damn pretty girl you went done it again You've gone and turned your sexy all the way up to 10 I've never seen a side ride seat looking so hot Baby, you rock, hit the spot like a fireball shot You've got me all high, head spinning around and around I'm down if you're down to burn down this town [Chorus:] Ready set let's roll, Ready set let's ride Get your little fine ass on the step Shimmy up inside, Just slide girl by my side girl Yeah, we can run this town I can rock your world We can roll 'em down fog 'em up Cruise around get stuck pedal to the metal 'Till the sun comes up I made a deal with the man on the moon He's gonna put in some overtime, we've got all night Ready set let's roll Ready set let's ride Ready set let's roll Where the good years and good times meet Girl we can rev it up right 'til we overheat Just forget about the time, get your lips on mine Gotta kiss you, get to know your smile On your mark, get set [Chorus] Ready set let's ride You got my heart bum bumping When I'm pulling up into your drive Let's hit it ninety to nothin', A couple kids running into the night [Chorus] Ready set let's ride Get your little fine ass on the step Shimmy up on inside Yeah we can run this town You know I'll rock your world C'mon Let's roll Let's ride Let's run this town tonight Ready… Set… Let's roll…","Chris DeStefano, Rhett Akins, Chase Rice",Chris DeStefano,48
Meanwhile Back At Mama's,Tim McGraw,Faith Hill,2014,"Runnin round in this new truck Bank lets me borrow from month to month I'm runnin out of credit, find a little Cash on the radio Standin still they're blowin past, numbers on cars goin NASCAR fast What I wouldn't give for a slow down, don't ya know? Cause where I come from, only the horses run When the day is done, we take it easy Meanwhile back at Mama's The porch light's on, come on in if you wanna Supper's on the stove and beer's in the fridge Red sun sinkin' out low on the ridge Games on the tube and Daddy smokes cigarettes Whiskey keeps his whistle wet Funny the things you thought you'd never miss In a world gone crazy as this Well I found a girl and we don't fit in here Talk about how hard it is to breathe here Even with the windows down can't catch a southern breeze here One of these days gonna pack it up and leave here Cause  Oh I miss yeah a little dirt on the road, I miss corn growin in a row I miss being somebody everybody knows, there everybody knows everybody I miss those small town routes, walkin around in muddy boots The sound of rain on an old tin roof It's time we head on back Cause meanwhile back at Mama's The for sale sign's goin up and I'm gonna Dump this truck and the little I got On a loan to own and a three-acre lot Put supper on the stove and beer in the fridge Goin' for broke and we're gonna be rich Watch the sun settin on the ridge Baby tell me what you think about this Me and you back at Mama's Yeah me and you back at Mama's","Tom Douglas, Jaren Johnston, Jeffrey Steele","Byron Gallimore, Tim McGraw",49
Small Town Throwdown,Brantley Gilbert,"Justin Moore, Thomas Rhett",2014,"Oh son Around these parts ain't much to do Except work like a dog 'til Friday Punch that clock, cash that check Raise a little hell 'til Sunday 'Bout that time There's a party back in the woods tonight Heard it through the redneck grapevine Got a keg of beer and a bunch of girls, Sure enough gonna be a good time It's a small town throwdown It's time to tallboy up, let them tailgates down And man, it's on tonight, ridin' 'til the morning light Crank that country up loud, it's a small town throwdown Oh, we 'bout to throwdown, son Now we got a field full of daisy dukes Round here we know how to grow 'em Rockin' little body and long tan legs Sure ain't scared to show 'em, no Show a little somethin', girl Somebody said them city boys Ridin' around lookin' for some trouble If they bring it 'cross that county line You know there's gonna be a rumble It's a small town throwdown It's time to tallboy up, let them tailgates down And man, it's on tonight, ridin' 'til the morning light Crank that country up loud, it's a small town throwdown C'mon It's a small town throwdown It's time to tallboy up, let them tailgates down And man, it's on tonight, ridin' 'til the morning light Crank that country up loud, it's a small town throwdown It's a small town throwdown It's time to tallboy up, let them tailgates down And man, it's on tonight, ridin' 'til the morning light Crank that country up loud, it's a small town throwdown It's a small town throwdown That's country","Brantley Gilbert, Ben Hayslip, Rhett Akins, Dallas Davidson",Dann Huff,50
Drunk On A Plane,Dierks Bentley,NA,2014,"I took two weeks vacation for the honeymoon A couple tickets all inclusive down in Cancun I couldn't get my money back so I'm in seat 7A I'm getting drunk on a plane I bet the fella on the aisle thought I was crazy Cause I taped your picture to the seatback right beside me Now I've got empty mini bottles fillin' both our trays I'm getting drunk on a plane Buyin' drinks for everybody But the pilot, it's a party Got this 737 rocking like a G6 Stewardess is someone sexy Leanin' pourin' Coke and whiskey Told her about my condition Got a little mile-high flight attention It's Mardi Gras up in the clouds I'm up so high, I may never come down I'll try anything to drown out the pain They all know why I'm getting drunk on a plane We had this date marked on the calendar forever We'd take that new wed limo airport ride together I feel like a plastic groom alone there at the top of the cake So hey, I'm getting drunk on a plane Buyin' drinks for everybody But the pilot, it's a party Got this 737 rocking like a G6 Stewardess is someone sexy Leanin' pourin' Coke and whiskey Told her about my condition Got a little mile-high flight attention It's Mardi Gras up in the clouds I'm up so high, I may never come down I'll try anything to drown out the pain They all know why I'm getting drunk on a plane On my way home I'll bump this seat right up to first class So I can drink that cheap champagne out of a real glass And when we land I'll call her up and tell her kiss my ass 'Cause hey, I'm drunk on a plane Buyin' drinks for everybody But the pilot, it's a party Got this 737 rocking like a G6 Stewardess is someone sexy Leanin' pourin' Coke and whiskey Told her about my condition Got a little mile-high flight attention It's Mardi Gras up in the clouds I'm up so high, I may never come down I'll try anything to drown out the pain They all know why I'm getting drunk on a plane I'm getting drunk on a plane I might be passed out In the baggage claim But right now I'm drunk on a plane","Dierks Bentley, Chris Tompkins, Josh Kear",Ross Copperman,51
Bartender,Lady Antebellum,NA,2014,8 o'clock on Friday night I'm still at home All my girls just keep on blowing up my phone Saying come on he ain't worth the pain Do what you gotta do to forget his name Now there's only one thing left for me to do Slip on my favorite dress and sky-high leather boots Check the mirror one last time And kiss the past goodbye [Chorus:] What I'm really needing now Is a double shot of Crown Chase that disco ball around Till I don't remember Go until they cut me off Wanna get a little lost In the noise In the lights Hey bartender pour 'em hot tonight Till the party and music and the truth collide Bring it till his memory fades away Hey bartender Tonight I'll let a stranger pull me on the floor Spin me round and let 'em buy a couple more But before it goes too far I'll let him down easy Cause tonight is all about Dancing with my girls to the DJ Put that song on replay [Chorus:] What I'm really needing now Is a double shot of Crown Chase that disco ball around Till I don't remember Go until they cut me off Wanna get a little lost In the noise In the lights Hey bartender pour 'em hot tonight Till the party and music and the truth collide Bring it till his memory fades away Hey bartender Feeling that buzz I'm ready to rock Ain't no way I'm gonna tell you to stop So pour that thing up to the top I'm coming in hot Hey Bartender [Chorus:] Oh what I'm really needing now Is a double shot of Crown Chase that disco ball around Till I don't remember Go until they cut me off Wanna get a little lost In the noise In the lights Hey bartender pour 'em hot tonight Till the party and music and the truth collide Bring it till his memory fades away Hey bartender Hey bartender,"Dave Haywood, Charles Kelley, Hillary Scott, Rodney Clawson","Nathan Chapman, Lady Antebellum",52
Look At You,Big & Rich,NA,2014,"Baby when I look at you, with them baby blues Cuttin' right through me You set me on the rewind, back to the good times When you couldn't get enough of me I guess I givin' myself away Sayin' all the things I never did say I lose myself, there's nothing else I can do Baby, when I look at you Yeah, baby when I look at you Last thing I thought I'd see was You across the bar from me And holdin' on to that turkey bottle Shootin' em down, and runnin' full throttle Oh I can still taste the last time You and me and nothin' but the tan lines Keeps runnin' through my my mind On and on and on and on and Baby when I look at you, with them baby blues Cuttin' right through me You set me on the rewind, back to the good times When you couldn't get enough of me I guess I givin' myself away Sayin' all the things I never did say I lose myself, there's nothing else I can do Baby, when I look at you Yeah, baby when I look at you Well I know you know I'm a watchin' Your low cut on the dance floor rockin' Got the whole place worked up and locked in With every move so sexy it's shockin' Girl you sure do know how to serve it The way I did ya Lord I deserve it You know my heart, you know how to hurt it On and on and on and on and Baby when I look at you, with them baby blues Cuttin' right through me You set me on the rewind, back to the good times When you couldn't get enough of me I guess I givin' myself away Sayin' all the things I never did say I lose myself, there's nothing else I can do Baby, when I look at you Yeah, baby when I look at you Well, I could start a tab and run it up Or close it out and head to my truck And drive away as fast as I can And forget we ever loved Baby when I look at you, with them baby blues They're cuttin' right through me You set me on the rewind, back to the good times When you couldn't get enough of me I guess I givin' myself away Sayin' all the things I never did say I lose myself, there's nothing else I can do Oh, I lose myself, there's nothing else I can do Baby, when I look at you Yeah, baby, when I look at you Baby when I look at you, with them baby blues They're cuttin' right through me","John Rich, Shannon Lawson","Big Kenny, John Rich",53
All Alright,Zac Brown Band,NA,2014,"Made me grow Then you cut me down A north wind on a garden growin' You made me think you were mine Then you changed your mind I'm lost as a feather In a hurricane There's no way to measure How far I am from ok, ok let me tell you There's no good reason why I can't move on I lay my heart on these tracks When your train comes along And it was all alright Now it's all all wrong That's just how It goes when you're gone You may not realize All the lies at the time but The truth will find you That storm is gonna come Gonna wash you away like Sodom and Gomorrah There's no good reason why We can't move on I lay my heart on these tracks When your train comes along And it was all alright Now it's all all wrong That's just how It goes when you're wrong [Guitar solo] Go round in circles Like an old golden band As cold as the pillow By your empty nightstand Then somthin' comes over me I lose my head I guess God did not make me A one woman man I'd have a lot to give If I still gave a damn That's just how It goes when you're wrong And it was all alright Now it's all all wrong But that's just how It goes when you're gone And it was all alright Now it's all all wrong And that's just how It goes when you're gone When you're gone When you're long long gone","Zac Brown, Eric Church, Jimmy De Martini, Wyatt Durrette, John Driskell Hopkins",Dave Grohl,54
Sunshine and Whiskey,Frankie Ballard,NA,2014,"Every time you kiss me it's like sunshine and whiskey Chilling on a beach with my sweet Georgia peach. Not a care in the world, just trying to beat the heat. Body like an hourglass, sand on her feet. Can't help but stare cause I got the best seat. Just when I thought it couldn't get any hotter you slid on in, Said, ""I'm a little hot and bothered, if you know what I mean. Let's crank it up to a hundred degrees."" Alright You hit me like fire, shot me like a bullet. Burned me up and down, no way to cool it. Every time you kiss me it's like sunshine and whiskey. Like a bottle of Jack straight to the head. One shot, two shot, copper tone red. Every time you kiss me it's like sunshine and whiskey. Slow driving south with the drop top down, Hair in the wind, Tom Petty up loud. You gave me that look, you licked them lips. I said, ""Hang on baby, better pull over for this."" I don't wanna get DWK, driving while kissing they'll put you away. You hit me like fire, shot me like a bullet. Burned me up and down, no way to cool it. Every time you kiss me it's like sunshine and whiskey. Like a bottle of Jack straight to the head. One shot, two shot, copper tone red. Every time you kiss me it's like sunshine and whiskey. Every time you kiss me it's like sunshine and whiskey. [x2] Well, you hit me like fire, shot me like a bullet Burn me up and down, no where to cool it Every time you kiss me it's like sunshine and whiskey. You hit me like fire, shot me like a bullet. Burned me up and down, no way to cool it. But every time you kiss me it's like sunshine and whiskey. It's like a bottle of Jack straight to the head. One shot, two shot, copper tone red. Every time you kiss me it's like sunshine and whiskey. Every time you kiss me it's like sunshine and whiskey.","Jaren Johnston, Luke Laird",Marshall Altman,55
Close Your Eyes,Parmalee,NA,2014,"Well take a look at what's left in that sunset, Fireflies popping like the Fourth of July, yeah. You're gonna wanna see every single thing I'm gonna show you tonight. Got the perfect scene set of a moonlight glowing, Just keep them baby blues wide open. Girl take a look around, yeah it's going down. It's going down just right. Hey baby fore the night gets any older, Lean your pretty self over here a little closer. I need to hold ya, I wanna show ya what you don't wanna miss, no. It's all getting to what we've been waiting on. I'm gonna go and turn you and the night on. Coming on strong, I'm gonna lay it on your lips. Might wanna close your eyes for this. Sun gone down, nights are getting hotter. We've got this bed backed up to the water. Yeah it's the place to be if you wanna see every little shining star. But that view ain't nothing like the you I'm lookin at, Two tan legs for days dangling off the back. It all looks better baby you can see forever when you're here in my arms. Hey baby fore the night gets any older, Lean your pretty self over here a little closer. I need to hold ya, I wanna show ya what you don't wanna miss, no. It's all getting to what we've been waiting on. I'm gonna go and turn you and the night on. Coming on strong, I'm gonna lay it on your lips. Might wanna close your eyes for this. Just when you thought you had seen it all, Well it turns out you don't have to see it all. Hey baby fore the night gets any older, Lean your pretty self over here a little closer. I need to hold ya, I wanna show ya what you don't wanna miss, no. It's all getting to what we've been waiting on. I'm gonna go and turn you and the night on. Coming on strong, I'm gonna lay it on your lips. Might wanna close your eyes for this. Might wanna close your eyes for this. Hey pretty girl might wanna close your eyes for this. Close your eyes for this.","Adam Craig, Trent Tomlinson, Shane Minor",New Voice Entertainment,56
Cold One,Eric Church,NA,2014,"It was a perfect day for the end of May, they say a record high I was starin' at that green water when out of the blue and by surprise She had her feet up on the cooler as she put our love on ice She grabbed a beer, said, ""I'm out of here,"" and walked out of my life That was a cold one, I never will get back If she had to leave, did she have to leave me one beer short of a twelve pack? She left me hanging high and dry in that hell hot summer sun Damn, babe, that was a cold one It ain't the first time, or last time I watched love walk out But it's damn sure the one time I still ain't forgot about I still like to drink a beer but a long neck I won't do Cause every time I see one sweating, man, I break out in one too That was a cold one, I never will get back If she had to leave, did she have to leave me one beer short of a twelve pack? She left me hanging high and dry in that hell hot summer sun Damn, babe, that was a cold one That was a cold one, I never will get back If she had to leave, did she have to leave me one beer short of a twelve pack? She left me hanging high and dry in that hell hot summer sun Damn, babe, that was a cold one Damn, babe, that was a cold one","Eric Church, Luke Hutton, Jeff Hyde",Jay Joyce,57
Somethin Bad,Miranda Lambert,Carrie Underwood,2014,"Stand on the bar, stomp your feet, start clapping Got a real good feeling something bad about to happen Oh-oh-oh-oh-oh-oh [Miranda:] Pulled up to the church but I got so nervous Had to back it on up, couldn’t make it to the service Grabbed all the cash underneath my mattress Got a real good feelin’ something bad about to happen [Carrie:] Ran into a girl in a pretty white dress Rolled down a window, where you heading to next? Said I’m heading to the bar with my money out the mattress Got a real good feeling something bad about to happen… [Chorus:] Stand on the bar, stomp your feet, start clapping Got a real good feeling something bad about to happen Drinks keep coming, throw my head back laughing Wake up in the morning’ don’t know what happened Whoa… Something bad Whoa… Something bad [Carrie:] Now me and that girl that I met on the street We’re rollin’ down the road, down to New Orleans Got a full tank of gas and the money out the mattress Got a real good feelin’ something bad about to happen [Miranda:] Bout to tear it up down in New Orleans Just like a real-life Thelma & Louise If the cops catch up, they’re gonna call it Kidnapping Got a real good feelin’ something bad about to happen [Chorus:] Stand on the bar, stomp your feet, start clapping Got a real good feeling something bad about to happen Drinks keep coming, throw my head back laughing Wake up in the morning’ don’t know what happened Whoa… Something bad Whoa… Something bad Stand on the bar, stomp your feet, start clapping Got a real good feeling something bad about to happen Now the drinks keep coming, throw my head back laughing Wake up in the morning’ don’t know what happened (yeah, yeah, yeah) Whoa… Something bad Whoa… Something bad","Chris DeStefano, Brett James, Priscilla Renea","Frank Liddell, Chuck Ainlay, Glenn Worf",58
American Kids,Kenny Chesney,NA,2014,"Doublewide Quick Stop midnight T-top Jack in her Cherry Coke town Momma and Daddy put their roots right here 'Cause this is where the car broke down Yellow dog school bus kickin' up red dust Pickin' us up by a barbed wire fence Mtv on the RCA, no A/C in the vents We were Jesus save me, blue jean baby Born in the USA Trailer park truck stop, faded little map dots New York to LA We were teenage dreamin', front seat leanin' Baby, come give me a kiss Put me on the cover of the Rolling Stone Uptown down home American kids Growin' up in little pink houses Makin' out on living room couches Blowin' that smoke on a Saturday night A little messed up, but we're all alright Baptist church parkin' lot, tryin' not to get caught Take her home and give her your jacket Makin' it to second base, but sayin' you went all the way Monday afternoon at practice Sisters got a boyfriend Daddy doesn't like Now he's sittin' out back, 3030 in his lap In the blue bug zapper light We were Jesus save me, blue jean baby Born in the USA Trailer park truck stop, faded little map dots New York to LA We were teenage dreamin', front seat leanin' Baby, come give me a kiss Put me on the cover of the Rolling Stone Uptown down home American kids Growin' up in little pink houses Makin' out on living room couches Blowin' that smoke on a Saturday night A little messed up, but we're all alright","Rodney Clawson, Luke Laird, Shane McAnally","Kenny Chesney, Buddy Cannon",59
Leave The Night On,Sam Hunt,NA,2014,"They roll the sidewalks in this town All up after the sun goes down They say nothin' good happens here When midnight rolls around But layin' down would be in vain I can't sleep with you on my brain And I ain't anywhere close to tired Your kiss has got me wired Girl, you got the beat right, killin' in your Levis High on your loving's got me buzzin' like a streetlight It's still early out in Cali, baby, don't you wanna rally again We'll find a road with no name, lay back in the slow lane The sky is dropping Jupiter around us like some old train We'll be rolling down the windows, I bet you we're catchin' our second wind We don't have to go home, we can leave the night on We can leave the night on Now all the stars are turnin' blue Just kissed the clock 2:22 Baby, I know what you're wishin' for I'm wishin' for it too Now all the lights are flashin' gold Nobody cares how fast we go Our soundtrack's in the stereo This DJ's on a roll Girl, you got the beat right, killin' in your Levis High on your loving's got me buzzin' like a streetlight It's still early out in Cali, baby, don't you wanna rally again We'll find a road with no name, lay back in the slow lane The sky is dropping Jupiter around us like some old train We'll be rolling down the windows, I bet you we're catchin' our second wind We don't have to go home, we can leave the night on We can leave the night on The sun'll steal the magic from us soon So let's take one more trip around the moon Girl, you got the beat right, killin' in your Levis High on your loving's got me buzzin' like a streetlight [Regular version:] It's still early out in Cali, baby, don't you wanna rally again [Video version:] It's still early out in Cali, baby, don't you wanna rally We'll find a road with no name, lay back in the slow lane The sky is dropping Jupiter all around us like some old train [Regular version:] We'll be rolling down the windows, (I bet you we're) catchin' our second wind [Video version:] We'll be rolling down the windows, I bet you we're catchin' our second wind [Regular version:] Baby, we ain't gotta go home, we can leave the night on [Video version:] We don't have to go home, we can leave the night on We can leave the night on","Sam Hunt, Josh Osborne, Shane McAnally","Zach Crowell, Shane McAnally",60
Payback,Rascal Flatts,NA,2014,"Front of the line, straight past the bouncer Lookin' so fine that the band announced ya Gotcha tight jeans on and your hair done right All your girlfriends say we throwin' down tonight Let me guess, somebody done you wrong And you're lookin' for a way to get your feel good on Get some pictures on the Instagram and show him what he's missin' Straight no chaser, girl on a mission Mmm, baby I could be your payback Hey, gonna help you get your sway back Take ya to the dance floor, I'ma lean ya way back Yeah, I'ma lean ya way back Gonna have a real good time Don't worry 'bout your tab, girl, put it on mine We can show him what he can't have If you wanna play that game Yeah, baby I can be your payback Da da da da da da da da da da da da da da Da da da da da da da da da da da da da da I bet he's sittin' at home all alone in the dark Probably textin' like mad, wants to know where you are 'Cause he didn't even know what he had 'til he lost it Should have known runnin' around was gonna cost him No way that girl is as pretty as you I never even seen her but I know that it's true If he was even half a man he wouldn't have blown it Thinkin' 'bout it that way feels good don't it Mmm, baby I could be your payback Hey, gonna help you get your sway back Take ya to the dance floor, I'ma lean ya way back Yeah, I'ma lean ya way back Gonna have a real good time Don't worry 'bout your tab, girl, put it on mine We can show him what he can't have If you wanna play that game Yeah, baby I can be your payback","Aaron Eshuis, Neil Mason, Ryan Hurd",Howard Benson,61
Day Drinking,Little Big Town,NA,2014,"Everybody's always waiting on Friday Watching that clock and sitting on go Whatcha' say we find a little warm sunshine An open umbrella on the patio I don't need a reason or a happy hour And hang around for a fireworks show Get a head start a little sip of somethin' Off and running here we go 1, 2, 3 here we go Don't want to wait 'til the sun's sinking We could be feeling alright I know you know what I'm thinking Why don't we do a little day drinking Why don't we do a little day drinking Blame it on the work day Blame it on the heatwave Blame it on the tick-tock moving too slow Blame it on any old thing you want to Ready get set, baby here we go Don't want to wait 'til the sun's sinking We could be feeling alright I know you know what I'm thinking Why don't we do a little day drinking Day drinking, day drinking Why don't we do a little day drinking Don't want to wait 'til the sun's sinking We could be feeling alright I know you know what I'm thinking Why don't we do a little day drinking Don't want to wait 'til the sun's sinking We could be feeling all right I know you know what I'm thinking Why don't we do a little day drinking","Karen Fairchild, Jimi Westbrook, Phillip Sweet, Troy Verges, Barry Dean",Jay Joyce,62
Roller Coaster,Luke Bryan,NA,2014,"She had a cross around her neck And a flower in her hand That I picked from the side of Thomas Drive On our way to the sand We found an old wooden chair Still warm from the sun Pushed it back, gave me a kiss With Bacardi on her lips And I was done [Chorus:] And we spent that week wide open Upside down beside the ocean I didn't know where it was goin' Just tryin' to keep my heart on the tracks I should've known that kind of feelin' Would last longer than that week did Blown away and barely breathin' Sunday came and it was over Now she's got me twisted Like an old beach roller coaster The rest of those days Turned into long crazy nights When the music got loud We'd sneak away from the crowd Under the boardwalk lights And with all the things we said What I just can't get past Is the way we let it end Now I'm wonderin' where she is Knowin' I can't get that goodbye back [Chorus] She's like a song playin' over and over In my mind, where I still hold her I had the chance and I should've told her When we spent that week wide open Upside down beside the ocean I should've known where it was goin' Still tryin' to keep my heart on the tracks And I should've known that kind of feelin' Would last longer than that week did Blown away and barely breathin' When Sunday came and it was over Now she's got me twisted, Yeah, I'm still twisted Like that old beach roller coaster Like that old beach roller coaster","Michael Carter, Cole Swindell",Michael Carter,63
Somewhere In My Car,Keith Urban,NA,2014,"I'm driving home tonight, catching all red lights That's alright 'cause I don't want to be alone There's nobody waitin there, cold and empty bed Words I wished I'd said come on the radio Ooh, ooh, ooh, and I don't know why I do this to myself Ooh, ooh, ooh, I know you're with someone else But in my mind we're somewhere in my car And it's raining hard on the streetlight glow You got your lips on mine, it's gasoline on fire I never will forget, you grabbed my shirt and pulled it over my head Fingertips slide up and down my back Breathin' hard, steamin' up the glass I'd give anything if I could bring you back ho o o o home So, I've been sleeping 'til noon in the same bedroom Where I once held you and it's breaking my heart I should take down all those pictures from my wall Promises we made won't fill this empty space Ooh, ooh, ooh, and I don't know why I just can't let you go o o o Ooh, ooh, ooh, I know you're never coming back But in my mind we're somewhere in my car And it's raining hard on the streetlight glow You got your lips on mine, it's gasoline on fire I never will forget, you grabbed my shirt and pulled it over my head Fingertips slide up and down my back Breathin' hard, steamin' up the glass I'd give anything if I could bring you back ho o o o home If I could bring you back! But in my mind we're somewhere in my car And it's raining hard on the streetlight glow You got your lips on mine, it's gasoline on fire I never will forget, you grabbed my shirt and pulled it over my head And your fingertips slide up and down my back Breathin' hard, steamin' up the glass I'd give anything if I could bring you back ho o o o home","Keith Urban, J.T. Harding","Dann Huff, Keith Urban",64
Burnin' It Down,Jason Aldean,NA,2014,"You slip your finger through the tear in my t-shirt You stirrin' up dirty in the back of my mind You keep on flirtin' cause you know that it's workin' You stuck in my head girl writing the lines Couldn't sing this song without you if I tried Let's light it up like it's our last night We're just hanging around Burnin' it down Sippin' on some cold Jack Daniel's Jammin' to some old Alabama with you, baby Laying right here naked in my bed I'm just doing my thing You love it when I sing Say it makes you feel like an angel We about to get a little tangled up right about now So girl let's keep burnin' it down Burnin' it down Burnin' it down Girl when you want it, you know that I'm on it You know that I love lovin' up on you Let's hit the switch and let our shadows dance And light it up like it's our last chance We're just hanging around Burnin' it down Sippin' on some cold Jack Daniel's Jammin' to some old Alabama with you, baby Laying right here dreaming in my bed I'm just doing my thing You love it when I sing Say it makes you feel like an angel We about to get a little tangled up right about now So girl let's keep burnin' it down Burnin' it down Burnin' it down Burnin' it down Burnin' it down Burnin' it down Burnin' it down I wanna rock it all night Baby girl, will you rock it out with me? I wanna crawl through the dark Just to feel your heart beat against me I wanna rock it all night Baby girl, will you rock it out with me? I wanna crawl through the dark Just to feel your heart beat against me We're just hanging around Burnin' it down Sippin' on some cold Jack Daniel's Jammin' to some old Alabama with you baby Laying right here naked in my bed I'm just doing my thing You love it when I sing Say it makes you feel like an angel We about to get a little tangled up right about now So girl let's keep burnin' it down Burnin' it down Burnin' it down Burnin' it down Burnin' it down Burnin' it down Burnin' it down I wanna rock it all night Baby girl, will you rock it out with me? I wanna crawl through the dark Just to feel your heart beat against me","Rodney Clawson, Chris Tompkins, Tyler Hubbard, Brian Kelley",Michael Knox,65
Feelin' It,Scotty McCreery,NA,2014,"I'm feelin' it Pop tops poppin' Flip-flops floppin' Drop tops droppin' down Ray-Bans rayin' Waves are wavin' Ladies are layin' out Feelin' it iPods rockin' Sunblock blockin' Igloos stockin' up (yep) Cutoffs are cuttin' Worry 'bout nothin' But puttin' something in my cup (feelin' it) And I can't, I can't find nothin' wrong With nothin', nothin' that's goin' on It's makin' me wanna sing a song That goes like this Whoa, oh, whoa Ain't nothin' like feelin' that summertime feelin' Kicked back, relaxed, just chillin' I'm feelin', I'm feelin' it Whoa, oh, whoa Ain't nothin' like diggin' that summertime Diggin' in the sand, gettin' tan With your hand in my hand I'm feelin' it Oh yeah, I'm feelin' it Rip tide rippin' Skim board skimmin' Sip, sippin' somethin' on ice (fill it up) Hot gets hotter Head to the water Jump into paradise (feelin' it) And I can't, I can't find nothin' wrong With nothin', nothin' that's goin' on It's makin' me wanna sing a song That goes like this (like this) Whoa, oh, whoa Ain't nothin' like feelin' that summertime feelin' Kicked back, relaxed, just chillin' I'm feelin', I'm feelin' it Whoa, oh, whoa Ain't nothin' like diggin' that summertime Diggin' in the sand, gettin' tan With your hand in my hand I'm feelin' it Oh, I'm feelin' it Sunset settin' Gettin' good's gettin' Good as it can get Lip gloss glossin' No more talkin' Baby givin' me a kiss (Feelin' it) Whoa, oh, whoa Ain't nothin' like feelin' that summertime feelin' Kicked back, relaxed, just chillin' I'm feelin', I'm feelin' it Whoa, oh, whoa Ain't nothin' like diggin' that summertime Diggin' in the sand, gettin' tan With your hand in my hand I'm feelin' it Oh yeah, oh I'm feelin' it Pop tops poppin' iPods rockin' Flip-flops floppin' Oh, I'm feelin' it","Frank Rogers, Matthew West",Frank Rogers,66
Kiss You Tonight,David Nail,NA,2014,"I catch myself wishing You were whispering my name Every star, every scar Every mark upon my heart Up and fades away I feel myself missing Everything I threw away Every dream, every scene Every song we'd ever sing Got lost in yesterday I've been trying to do without you But I can't give up this fight Everything will be alright If I can kiss you tonight We can make it to tomorrow If we can find the morning light Everything will be alright If I can kiss you tonight Do you find yourself wondering If I still think about you Every thought, every step Every tear and every breath I swear I do Yeah, that's all I ever do I've been trying to do without you But I can't give up this fight Everything will be alright If I can kiss you tonight We can make it to tomorrow If we can find the morning light Everything will be alright If I can kiss you tonight I've been trying to do without you But I can't give up this fight Everything will be alright If I can kiss you tonight We can make it to tomorrow If we can find the morning light Everything will be alright If I can kiss you tonight If I can kiss you tonight Everything will be alright If I can kiss you tonight If I can kiss you tonight If I could kiss you tonight","David Cook, Jay Knowles, Trent Summar","Frank Liddell, Chuck Ainlay, Glenn Worf",67
Girl In A Country Song,Maddie & Tae,NA,2014,"Well, I wish I had some shoes on my two bare feet And it's gettin' kinda cold in these painted on cut-off jeans I hate the way this bikini top chafes Do I really have to wear it all day? (Yeah, baby) I hear you over there on your tailgate whistlin' [whistle] Sayin', ""Hey girl."" (""Hey, girl."") But you know I ain't listenin' 'Cause I got a name And to you it ain't ""pretty little thing"", ""honey"" or ""baby"" Yeah it's drivin' me red-red-red-red-red-red-redneck crazy [Chorus:] Bein' the girl in a country song How in the world did it go so wrong? Like all we're good for Is looking good for you and your friends on the weekend Nothing more We used to get a little respect Now we're lucky if we even get To climb up in your truck, keep our mouth shut and ride along And be the girl in a country song Well, shakin' my moneymaker ain't ever made me a dime And there ain't no sugar for you in this shaker of mine Tell me one more time, ""you gotta get you some of that"" Sure I'll slide on over, but you're gonna get slapped (Hah!) These days it ain't easy being that [Chorus:] Girl in a country song How in the world did it go so wrong? Like all we're good for Is looking good for you and your friends on the weekend Nothing more We used to get a little respect Now we're lucky if we even get To climb up in your truck, keep our mouth shut and ride along And be the girl in a country song (Yeah, yeah, yeah, baby) Aww no, Conway and George Strait Never did it this way Back in the old days Aww y'all, we ain't a cliché That ain't no way To treat a lady... [Chorus:] ... like a girl in a country song How in the world did it go so wrong? Like all we're good for Is looking good for you and your friends on the weekend Nothing more (Woo) We used to get a little respect Now we're lucky if we even get To climb up in your truck, keep our mouth shut and ride along Down some old dirt road we don't even wanna be on And be the girl in a country song (""Yeah, baby, I ain't your tan legged Juliet. Can I put on some real clothes now? "") Aww, no (Ha-ha-ha...)","Taylor Dye, Maddie Marlow, Aaron Scherz","Dann Huff, Aaron Scherz",68
Dirt,Florida Georgia Line,NA,2014,"You get your hands in it, plant your roots in it Dusty head lights dance with your boots in it (Dirt, dirt, dirt...) You write her name on it, spin your tires on it Build your corn field, whiskey bonfires on it (Dirt) You bet your life on it (Yeah) [Chorus:] It's that elm shade, red rust clay you grew up on That plowed up ground that your dad damned his luck on That postgame party field you circle up on And when it rains you get stuck on Drift a cloud back behind county roads that you run up The mud on her jeans that she peeled off and hung up Her blue eyed summertime smile looks so good that it hurts Makes you wanna build a ten percent down white picket fence house on this dirt You've mixed some sweat with it, taken a shovel to it You've stuck some crosses and some painted goal posts through it (dirt, dirt, dirt...) You know you came from it (dirt) And someday you'll return to this... [Chorus:] ... elm shade, red rust clay you grew up on That plowed up ground that your dad damned his luck on That postgame party field you circle up on And when it rains you get stuck on Drift a cloud back behind county roads that you run up The mud on her jeans that she peeled off and hung up Her blue eyed summertime smile looks so good that it hurts Makes you wanna build a ten percent down white picket fence house on this dirt You know you came from it (dirt) And someday you'll return to this... [Chorus:] ... elm shade, red rust clay you grew up on That plowed up ground that your dad damned his luck on That postgame party field you circle up on And when it rains you get stuck on Drift a cloud back behind county roads that you run up The mud on her jeans that she peeled off and hung up Her blue eyed summertime smile looks so good that it hurts Makes you wanna build a ten percent down white picket fence house on this dirt Makes you wanna build a ten percent down white picket fence house on this dirt You know you came from it and someday you'll return to it","Rodney Clawson, Chris Tompkins",Joey Moi,69
Tattoo,Hunter Hayes,NA,2014,"I could spray-paint ""I love you"" on that bridge or in the sky And I could swear when you say it to me, there's a good chance I could fly And I might, it seems like, yeah, If it's gonna be any night, it might as well be tonight There's this thing that you do, you don't know that it does something to me, yeah It's in the way that you sway, that you talk, that you touch, that you kiss, that you breathe That I need, you look at me, girl You're shaking things up like you wouldn't believe, Crashing my comfort zone, setting me free It's a ""who'da thought?"", ""never dream"" kinda thing Your name, your name sounds so good next to mine, just saying And I think, I think I'm gonna put it in all my rhymes, baby 'Cause with you, I'm gonna do quite a few things that I never thought I would do Your name, your name, your name Would be a good tattoo, yeah Would be a good tattoo Ink it in on my skin, sign me up, make it last against the time 'Cause this is more than a picture that fades of a first date Friday night It's unerasable, unmistakable, hey, everybody wants to know Now I think I know, I'll wear it on my sleeve, I gotta let it show Making it permanent 'cause I never wanna let you go Your name, your name sounds so good next to mine, just saying And I think, I think I'm gonna put it in all my rhymes, baby 'Cause with you, I'm gonna do quite a few things that I never thought I would do Your name, your name, your name Would be a good tattoo, yeah All my life, all I got is this one heart to give All my life, all this time, I've been searching for this Oh, and it looks like I found it Yeah, I finally found it, girl, It's you-oo-oo-oo Your name, your name sounds so good next to mine And I think, I think I'm gonna put it in all my rhymes, yeah 'Cause with you, I'm gonna do quite a few things that I never thought I would do Your name, your name, your name Would be a good tattoo, yeah Would be a good tattoo Only you, baby Only you, no Only you, now","Hunter Hayes, Troy Verges, Barry Dean","Dann Huff, Hunter Hayes",70
Take It On Back,Chase Bryant,NA,2014,"Take it on back Take it on back Take it on back to where the grass is greener Yeah. Huh, Alright. She was a south Georgia stunner Hotter than hell in July We tasted heaven that summer Then said good-bye and I don't know why 'cause We'd park down by the river Steam up them windows real good I Wish I could go back and see her You know I would lord if I could Take it on back Take it on back Take it on back to where the grass is greener Take it on back Take it on back Back to when she and me were true believers In love and all the things that come with it Moonshine kisses, man I miss it Take it on back Take it on back Back to the best I ever had Take it on (take it on, take it on) Take it on back Yeah! Well I wonder if she ever wonders If I'm thinkin' 'bout her too 'Cause I'm thinkin' I still love her If she only knew all I wanna do Is take it on back Take it on back Take it on back to where the grass is greener Take it on back Take it on back Back to when she and me were true believers In love and all the things that come with it Moonshine kisses, man I miss it Take it on back Take it on back Back to the best I ever had Take it on (take it on, take it on) Take it on back Take it on back to the truck bed blanket Holdin' that girl 'til the sun come up Take it on back to our song and crank it Turn it up loud I can see her now Take it on back Take it on back Back to where the grass is greener Take it on back Take it on back Back to when she and me were true believers In love and all the things that come with it Moonshine kisses, man I miss it Take it on back Take it on back Back to the best I ever had Take it on (take it on, take it on) Take it on back Take it on back T-T-T Take it on back (Take it on back, take it on back) Yeah I said take it on back (Take it on back, take it on back) Whoa Yeah! Take it on back (Take it on back, take it on back, take it on back to where the grass is greener) Take it on back Take it on back","Dylan Altman, Chase Bryant, Tommy Lee James",Derek George,71
Show You Off,Dan + Shay,NA,2014,"You're like a sugar-sweet kiss in the morning Sunshine pouring right into my window Cool drink of water in the summer Better than the other, mmm, side of the pillow You're everything that I'm not, and then a cherry on top Yeah, girl, I gotta see you tonight Yeah, I'm taking you out cause damn baby I'm proud Ey oh ey oh, when a guy like me Ey oh ey oh, gets a girl like you Yeah, you better know we're gonna take it downtown Showing everybody what I'm crazy about Ey oh ey oh, anywhere we go Ey oh ey oh, gotta let 'em all know And imma tattoo your name on my arm Baby I just wanna show you off Yeah, show you off You gotta boy feeling lucky, mmm how you love me And you're making my heart go (tap tap) Ticking like a time bomb, baby when the top drops And I'm watching your hair blow No I don't wanna miss another kiss on your lips Yeah, girl, I gotta see you tonight Pick you up about 8, counting down I can't wait Ey oh ey oh, when a guy like me Ey oh ey oh, gets a girl like you Yeah, you better know we're gonna take it downtown Showing everybody what I'm crazy about Ey oh ey oh, anywhere we go Ey oh ey oh, gotta let 'em all know And imma tattoo your name on my arm Baby I just wanna show you off Mmmm, when a guy like me Gets a girl like you You better know what I'm gonna do What I'm gonna do, yeah Ey oh ey oh, when a guy like me Ey oh ey oh, gets a girl like you Yeah, you better know we're gonna take it downtown Showing everybody what I'm crazy about Ey oh ey oh, anywhere we go Ey oh ey oh, gotta let 'em all know And imma tattoo your name on my arm Baby I just wanna show you off Yeah, show you off, oooooohhhhhh Baby I just wanna show you off","Dan Smyers, Shay Mooney, Danny Orton","Dan Smyers, Scott Hendricks, Danny Orton",72
People Loving People,Garth Brooks,NA,2014,Doctor you ain't got a pill For whatever s making this world ill You can't get forgiveness at the store And peace it's a politician's war You won't find no resolution in the bottom of a bottle In the stars or Aristotle The only answer to the problem is People loving people That's the enemy of everything that's evil Ain't no quick fix at the end of a needle It's just people loving people Words aren't what they seem to be Talk is cheap and lies are free We fear what we don't understand And we've been scared since time began All the colors and the cultures Circle 'round us on a spindle It's a complicated riddle But the solution is so simple It's people loving people That's the enemy of everything that's evil Ain't no quick fix at the end of a needle It's just people loving people You can pawn it off on kings and queens And those behind the curtain Say one can't make a difference In a world so full of hurting But I believe the remedy Starts right here with you and me People loving people That's the enemy of everything that's evil Ain't no quick fix at the end of a needle It's just people loving people,"busbee, Lee Thomas Miller, Chris Wallin",Mark Miller,73
Home Sweet Home,Justin Moore,NA,2014,"You know I'm a dreamer But my heart's of gold I had to run away high So I wouldn't come home low Just when things went right It doesn't mean they were always wrong Just take this song, and you'll never feel Left all alone Take me to your heart Feel me in your bones Just one more night And I'm comin' off this Long & winding road I'm on my way I'm on my way Home sweet home... Tonight, tonight I'm on my way I'm on my way Home sweet home... You know that I've seen Too many romantic dreams Up in lights, fallin' off The silver screen My heart's like an open book For the whole world to read Sometimes nothing Keeps me together At the seams I'm on my way I'm on my way Home sweet home... Tonight, tonight I'm on my way Just set me free Home sweet home... Home sweet home... Home sweet home... Home sweet home... I'm on my way I'm on my way Home sweet home... Yeah! I'm on my way Just set me free Home sweet home...","Nikki Sixx, Vince Neil, Tommy Lee",Jeremy Stover,74
Rum,Brothers Osborne,NA,2014,"Starin’ at the prettiest part of this powder keg world Sittin' with the finest example of a beautiful girl If we hadn’t hit the brakes, we’d have no idea Paradise was hiding right here Dipping our toes in the water, I don’t care if it gets any hotter It’s you and me rememberin' how to have fun Let's put our hearts together Two parts love and a pinch of good weather And top it all off with the sun and mix it with rum Mmm mmm mm mm Came out here to do a whole lot of nothing and we’re doing pretty good I think The only one thing we need to worry about is filling up when the ice cubes clink Dipping our toes in the water, I don’t care if it gets any hotter It’s you and me remembering how to have fun Let's put our hearts together Two parts love and a pinch of good weather And top it all off with the sun and mix it with rum Mmm mmm mm mm Mix it with rum mmm mmm mm mm Lucky folks go to the ocean The lakes for the land-locked ones We got a tarp and a truck bed, a kiddie pool, a slip and sled, let that garden hose run Dipping our toes in the water, I don’t care if it gets any hotter It’s you and me remembering how to have fun Let's put our hearts together Two parts love and a pinch of good weather And top it all off with the sun and mix it with rum Mmm mmm mm mm Mix it with rum mmm mmm mm mm","John Osborne, T. J. Osborne, Barry Dean","John Osborne, T. J. Osborne, Brad Hill",75
Homegrown Honey,Darius Rucker,NA,2014,"Sitting at a bar in New York City Everybody here looking New York pretty But you’re the kinda girl that’s got that something Dancing to the groove like it just ain’t nothing They ain’t never seen nothing quite like you Long stem legs in your cowboy boots Throwing back whiskey straight, no water Girl there ain’t nothing hotter [Chorus:] Ooh, I dig the way that you move You shake it down to your roots Did your momma teach you how to do that thing you do Yeah, nothing sweeter than wild I’ll take a sip of that smile I’ll bet the boys at home can’t leave you alone You little homegrown honey, honey, honey You’re so money, money, money You got a country road Carolina soul Baby you’re just so homegrown Trying to think of something cool to say Turned around and saw you walking my way Pulled me on the floor saying “Son it’s on” And we were dancing all night long To a sweet old Alabama song [Repeat Chorus] Ooh baby, baby, baby You’re driving me crazy, crazy, crazy I’m a long way away from where I’m from But baby you feel like home [Repeat Chorus] You’re so money, money, money You got a country road Carolina soul Baby you’re just so homegrown","Darius Rucker, Charles Kelley, Nathan Chapman",Frank Rogers,76
Shotgun Rider,Tim McGraw,NA,2014,"Roll, won't you come roll with me slow, fast, full speed Girl wherever sweet time takes us Hang, with me down this old road Only God knows where we'll go Don't matter long as I've got your love [Chorus:] I don't ever want to wake up, Lookin' into someone else's eyes Another voice calling me baby On the other end of the phone A new girl puttin' on her makeup Before dinner on Friday night No I don't ever wanna know, Oh Oh No other shotgun rider, beside me, singin' to the radio, Whoa Oh, Oh Oh Slide, slide over nice and close Lay your head down on my shoulder You can fall asleep I'll let you Dream, life ain't nothing but a dream, don't wanna be Cruisin' through this dream without you [Chorus:] I don't ever want to wake up, Lookin' into someone else's eyes Another voice calling me baby On the other end of the phone A new girl puttin' on her makeup Before dinner on Friday night No I don't ever wanna know, Oh Oh No other shotgun rider, beside me, singin' to the radio, Whoa Oh, Oh Oh No other shotgun rider, Oh Oh [Chorus:] I don't ever want to wake up, Lookin' into someone else's eyes Another voice calling me baby On the other end of the phone A new girl puttin' on her makeup Before dinner on Friday night No I don't ever wanna know, Oh Oh No other shotgun rider, beside me, singin' to the radio, Whoa Oh, Oh Oh No other shotgun rider, Oh Oh Singin' to the radio, Oh Oh You're my shotgun rider.","Marv Green, Hillary Lindsey, Troy Verges","Byron Gallimore, Tim McGraw",77
Like A Cowboy,Randy Houser,NA,2014,"Every time I fall I get back up again Cinch my saddle up and find me another wind Let it take me where it wants to go Another one horse town, another damned old rodeo I know this life is crazy But I'll be home soon baby I'll ride in on a sunny day, Sing you a song, steal your heart away Like a cowboy Hang my hat like I'm here for a while Kick off my boots and drive you wild Like a cowboy Well baby you know I can't stay long You wake up, I'll be gone Until then I'll hold on Like a cowboy I keep your picture tucked inside my old hat It brings me luck, I need a bunch of that This midnight winding road runs through my blood I can't give it up, like I said I would I know it's hard on you But like I always do I'll ride in on a sunny day, Sing you a song, steal your heart away Like a cowboy Hang my hat like I'm here for a while Kick off my boots and drive you wild Like a cowboy Well baby you know I can't stay long You wake up, I'll be gone Until then I'll hold on Like a cowboy I'll ride in on a sunny day, Sing you a song, steal your heart away Like a cowboy Hang my hat like I'm here for a while Kick off my boots and drive you wild Like a cowboy Like a cowboy Like a cowboy Like a cowboy Every time I fall I get back up again Cinch my saddle up and find me another wind","Randy Houser, Brice Long",Derek George,78
Mean To Me,Brett Eldredge,NA,2014,"If I could be the reason your hair's a mess, The bass drum beatin way down deep in your chest, If I could be the voice on your radio, Then I could be your long ride home. If mine could be the name that changes yours, The wine in your glass, The swing on your porch, The dollar in your pocket, And the peaceful in your sleep, Then I'd be what you mean to me. Standing here, Watching you, Turning every head in this crowded room, The lights down low, Dancin slow, Oh, if falling's how you feel, And perfect is what you see, Then I'd be what you mean to me. If I could be the fire in your firefly, The cool in the rain, The spark in your eye, The answer to your prayer, And the faith that sets you free, Then I'd be what you mean to me. Standing here, Watching you, Turning every head in this crowded room, The lights down low, Dancin slow, Oh, if falling's how you feel, And perfect is what you see, Then I'd be what you mean to me, What you mean to me And oh, All of this talkin makes you laugh, But I've gotta let you know just how I'm feeling while I'm Standing here, Watching you, Turning every head in this crowded room, The lights down low, Dancin slow, Oh, if falling's how you feel, And perfect is what you see, Then I'd be what you mean to me. Yea, Falling's how you feel, And perfect's what you see, Then I'd be what you mean to me. Be what you mean to me. Ohhhhh, be what you mean, what you mean, what you mean, what you mean to me.","Brett Eldredge, Scooter Carusoe",Luke Laird,79
Drinking Class,Lee Brice,NA,2014,"We're up when the rooster crows Clock in when the whistle blows Eight hours ticking slow And then tomorrow we'll do it all over again I'm a member of a blue collar crowd They can never, nah they can't keep us down If you gotta, gotta label me, label me proud I belong to the drinking class Monday through Friday, man we bust our backs If you're one of us, raise your glass I belong to the drinking class We laugh, we cry, we love Go hard when the going's tough Push back, come push and shove Knock us down, we'll get back up again and again I'm a member of a good timing crowd We get rowdy, we get wild and loud If you gotta, gotta label me, label me proud I belong to the drinking class Monday through Friday, man we bust our backs If you're one of us, raise your glass I belong to the drinking class We all know why we're here A little fun, a little music, a little whiskey, a little beer We're gonna shake off those long week blues Ladies, break out your dancing shoes It don't matter what night it is, it's Friday It's Saturday and Sunday I just want to hear you say I just want to hear you sing it Y'all sing it with me We belong to the drinking class Monday through Friday, man we bust our backs If you're one of us, raise your glass We belong to the drinking class Yeah, we belong to the drinking class Monday through Friday, man we bust our backs And if you're one of us, raise your glass We belong to the drinking class","Josh Kear, David Frasier, Ed Hill","Lee Brice, Kyle Jacobs, Matt McClure",80
Make Me Wanna,Thomas Rhett,NA,2014,"Windows down, country sound, FM on the radio Just me and you and the man on the moon Cruisin' down some old back road Now baby don't you look at me that way 'Cause you know there's only so much I can take 'Cause you make me want to Pull this truck to the side of the road Slide on over, let me hold you close And tell you everything I'm thinking Hop on out and let the tailgate fall Get drunk on you with no alcohol If you don't stop I'm gonna Girl you make me wanna You know better than to wear that dress It oughta be against the law Plain and simple, girl them dimples Know just how to turn me on Now baby don't you look at me that way 'Cause you know there's only so much I can take 'Cause you make me want to Pull this truck to the side of the road Slide on over, let me hold you close And tell you everything I'm thinking Hop on out and let the tailgate fall Get drunk on you with no alcohol If you don't stop I'm gonna Girl you make me wanna You make me wanna Wake up with you, in the bed of my truck And start over again when the sun comes up You make me want to Pull this truck to the side of the road Slide on over, let me hold you close And tell you everything I'm thinking Hop on out and let the tailgate fall Get drunk on you with no alcohol If you don't stop I'm gonna You make me want to Pull this truck to the side of the road Slide on over, let me hold you close And tell you everything I'm thinking Hop on out and let the tailgate fall Get drunk on you with no alcohol If you don't stop I'm gonna Girl you make me wanna Windows down, country sound, FM on the radio","Thomas Rhett, Bart Butler, Larry McCoy",Jay Joyce,81
Talladega,Eric Church,NA,2014,"It was the summer before the real world started and, The deal was we would get to go, if we Cleaned it up, and got it running, Daddy's old Winnebago. Wing and a prayer down 65, Five best friends on four bald tires, I can still see Billy smiling When we finally made it. To Talladega, boys raise the Whiskey in your glass, here's to turn it up, Slowing down and cars that go real fast, We were laughing and living, drinking and wishing, And thinking as that checkered flag was waving, Sure would like to stay in, Talladega. Like a stone, time rolls on, You can't hit pause, that's just the deal, Most days in life don't stand out, But life's about those days that will, like, Rockin' Randall, gettin' rowdy, Shooting roman candles at the man in the moon, 'Til the Alabama sun was breaking Over Talladega, boys raise the Whiskey in your glass, here's to turn it up, Slowing down and cars that go real fast, We were laughing and living, drinking and wishing, And thinking as that checkered flag was waving, Sure would like to stay in, Talladega. When the winds grow cold and it blows October, I think about us shoulder to shoulder, Like those cars, my thoughts roll over and over and over, In my mind Tonight I'm in Talladega, boys raise the Whiskey in your glass, here's to turn it up, Slowing down and cars that go real fast, We were laughing and living, drinking and wishing, And thinking as that checkered flag was waving, Sure would like to stay in, Talladega.","Eric Church, Luke Laird",Jay Joyce,82
Neon Light,Blake Shelton,NA,2014,"Ever since you left me I've been ridin' 'round, cranking up a little country gold heartbreak Cried and dried these tears I don't know how much more missin' you I can take I prayed, prayed, prayed For a sign, sign, sign Now there it is in the window It's about time, damn time There’s a neon light at the end of the tunnel It ain’t all that bright, but even though it’s subtle It’s got me feeling alright, go on and make it a double There’s a neon light at the end of the tunnel, tunnel, tunnel I take a shot of I don't care what you're doing now Chase that one with a cold screw you When that's done, I just might wash it down With a big pitcher of someone new That blonde, blonde, blonde At the bar, bar, bar See if she wants to try and unbreak my heart, heart, heart There’s a neon light at the end of the tunnel It ain’t all that bright, but even though it’s subtle It’s got me feeling alright, go on and make it a double There’s a neon light at the end of the tunnel, tunnel, tunnel When we were together I thought life would suck forever Even though I knew better than the pain would never end They say the night's darkest just before the dawn Gets kissed by the day break, got down on my knees And I prayed, prayed, prayed For a sign, sign, sign Now there it is in the window It's about time, damn time There’s a neon light at the end of the tunnel It ain’t all that bright, but even though it’s subtle It’s got me feeling alright, go on and make it a double There’s a neon light at the end of the tunnel, tunnel, tunnel","Andrew Dorff, Mark Irwin, Josh Kear",Scott Hendricks,83
Something in the Water,Carrie Underwood,NA,2014,"He said, ""I've been where you've been before. Down every hallway's a slamming door. No way out, no one to come and save me. Wasting a life that the Good Lord gave me. Then somebody said what I'm saying to you, Opened my eyes and told me the truth."" They said, ""Just a little faith, it'll all get better."" So I followed that preacher man down to the river and now I'm changed And now I'm stronger There must've been something in the water Oh, there must've been something in the water Well, I heard what he said and I went on my way Didn't think about it for a couple of days Then it hit me like a lightning late one night I was all out of hope and all out of fight Couldn't fight back the tears so I fell on my knees Saying, ""God, if you're there come and rescue me."" Felt love pouring down from above Got washed in the water, washed in the blood and now I'm changed And now I'm stronger There must be something in the water Oh, there must be something in the water And now I'm singing along to amazing grace Can't nobody wipe this smile off my face Got joy in my heart, angels on my side Thank God almighty, I saw the light Gonna look ahead, no turning back Live every day, give it all that I have Trust in someone bigger than me Ever since the day that I believed I am changed And now I'm stronger There must be something in the water (amazing grace) Oh, there must be something in the water (how sweet the sound) Oh, there must be something in the water (that saved a wretch) Oh, there must be something in the water (like me) Oh, yeah I am changed (I once was lost) Stronger (but now I'm found) (was blind but now I see)","Chris DeStefano, Brett James, Carrie Underwood",Mark Bright,84
Lonely Eyes,Chris Young,NA,2014,"Tuesday night crowded bar Some guy lights a cheap cigar Bartender yells at him So he walks out and you walk in Right through that cloud of smoke Catcalls and dirty jokes Scan the room a couple times Find a seat right next to mine [Chorus:] Lonely eyes Well, it sure looks like You just might Be looking for something For something, whoa Look at me And I think You'll see Those Lonely Eyes Don't have to be alone tonight They analyze your glass of wine Roll away a pickup line Now and then they check your phone Catch mine and let 'em go From the little bit I've seen They're the perfect shade of green Next time they come my way, Heaven help me make 'em stay [Chorus] Don't make me pay my tab Catch a cab Go home and kick myself to sleep tonight Gimme a sign Just a smile Baby, I'll be glad to lose myself deep inside Lonely eyes Lonely eyes Sure looks like You just might Be Looking for something For something, whoa Look at me And I'll think you'll see Those lonely eyes They don't have to be alone tonight Lonely Eyes, you don't have to be alone tonight","Johnny Bulford, Jason Matthews, Laura Veltz",James Stroud,85
Sun Daze,Florida Georgia Line,NA,2014,"Alright Make you wanna dance don't it baby I'm gonna wear my flip-flops and I'm gonna play some flip-cup and Rock a little bit of hip-hop and Haggard and Jagger And throw a 20 on a cornhole game If I'm lucky yeah I might get laid The way that it's goin, that keg gonna be floatin' All I wanna do today is wear my favorite shades and get stoned Work a little less, play a little more That's what this day is for And all I wanna do is lace my J's and lay some Jack in my Coke Work on my lay back, ain't nothin' wrong with Gettin' my sun daze on, gettin' my sun daze on Girl you know you're the life of my party You can stay and keep sippin' Bacardi Stir it up as we turn on some Marley If you want you can pet on my Harley I'll sit you up on the kitchen sink And stick the pink umbrella in your drink The way that we're feelin we gone by this evenin But all I wanna do today is wear my favorite shades and get stoned Work a little less, play a little more That's what this day is for And all I wanna do is lace my J's and lay some Jack in my Coke Work on my lay back, ain't nothin' wrong with Gettin' my sun daze on, gettin' my sun daze on Take em out to the sticks, boys c'mon All I wanna do today is wear my favorite shades and get stoned Work a little less, play a little more That's what this day is for And all I wanna do is lace my J's and lay some Jack in my Coke Work on my lay back, ain't nothin' wrong with Gettin' my sun daze on, gettin' my sun daze on, gettin' my sun daze on","Tyler Hubbard, Brian Kelley, Cary Barlowe, Jesse Frasure, Sarah Buxton",Joey Moi,86
Til It's Gone,Kenny Chesney,NA,2014,"Got nowhere to go, all night to get there But I'm going there with you Tonight we're running on luck If we're gonna use it all up There's only one thing left to do Gonna take a deep breath and hold it in Twirl you around 'til my head spins Kiss that lipstick and wear it thin 'til it's gone, 'til it's gone Break every rule we ever learned Kick back and watch the big wheels turn Light up the night and let it burn 'til it's gone 'Til it's gone, 'til it's gone You look way too good This feels way too right It'd be way too wrong to stop And it's sure worth drinking to So baby here's to you I don't wanna waste a drop Gonna take a deep breath and hold it in Twirl you around 'til my head spins Kiss that lipstick and wear it thin 'til it's gone, 'til it's gone Break every rule we ever learned Kick back and watch the big wheels turn Light up the night and let it burn 'til it's gone 'Til it's gone, 'til it's gone One life, one chance One ticket to the big dance You and me still holding on Right down to the last song Gonna take a deep breath and hold it in Twirl you around 'til my head spins Kiss that lipstick and wear it thin 'til it's gone, 'til it's gone Break every rule we ever learned Kick back and watch the big wheels turn Light up the night and let it burn 'til it's gone 'Til it's gone, 'til it's gone Yeah, 'til it's gone You're sure worth drinking to Baby, here's to you I don't wanna waste a drop I'm gonna drink it all up 'Til it's gone, 'til it's gone, it's gone","Rodney Clawson, David Lee Murphy, Jimmy Yeary","Buddy Cannon, Kenny Chesney",87
Perfect Storm,Brad Paisley,NA,2014,"If she was a drink, she'd be single barrel bourbon on ice Smooth with a kick, a chill and a burn all at the same time She's Sunday drive meets high-speed chase She ain't just a song, she's the whole mixtape She's so complicated that's the way God made her Sunshine mixed with a little hurricane [Chorus:] And she destroys me in that t-shirt And I love her so much it hurts I never meant to fall like this But she don't just rain, she pours That girl right there's the perfect storm I know how to make her laugh or blush or mad at me But that's OK, there ain't no one more beautiful angry And she loves just as deep as she goes when she's down The highs match the lows, can't have one without the other And I love her just the way God made her Sunshine mixed with a little hurricane [Chorus:] And she destroys me in that t-shirt And I love her so much it hurts I never meant to fall like this But she don't just rain, she pours That girl right there's the perfect storm She's the thrill of a lifetime a guy like me spends his whole life looking for That girl right there's the perfect storm Woah-oh-oh Woah-oh-oh (She destroys me in that t-shirt)","Brad Paisley, Lee Thomas Miller","Brad Paisley, Luke Wooten",88
Trailer Hitch,Kristian Bush,NA,2014,"I wanna buy you a drink Maybe one for this whole town I may not have that much But I don’t mind spreading it around. Everybody chasing something I don’t know why they’re running I take my time to the finish line ‘Cause we all end up with nothing. [Chorus:] I don’t know why, know why Everybody wanna die rich Diamonds, Champagne, Work your way down that list. We try, everybody tries Tries to fit into that ditch You can’t take it with you when you go Never seen a hearse with a trailer hitch Never seen a hearse with a trailer hitch. Started my day Giving away All of my baseball cards It felt so good by the afternoon I gave some guy my car It ain’t about what you’re driving Or about the gold you’re piling The less I have to worry about The more time I got for smiling [Chorus:] I don’t know why, know why Everybody wanna die rich Champagne, New plane Work your way down that list. We try, everybody tries Tries to fit into that ditch You can’t take it with you when you go Never seen a hearse with a trailer hitch Never seen a hearse with a trailer hitch. Hey, ey. You can stack it up Pack it up Tie it with a big, red bow Get a great, big truck Back it all up But you can’t take it with you when you go Can’t take it when you go. [Chorus:] I don’t know why, know why Everybody wanna die rich Diamonds, Champagne, Newest of the new planes Work your way down that list. We try, everybody tries Tries to fit into that ditch You can’t take it with you when you go Never seen a hearse with a trailer hitch Never seen a hearse with a trailer hitch. Hey, ey. Hey, ey. Give it away, Hey, ey. Give it away.","Kristian Bush, Brandon Bush, Tim Owens","Kristian Bush, Tom Tapley",89
What We Ain't Got,Jake Owen,NA,2014,"We all want what we ain't got, Our favorite doors are always locked. On a higher hill with a taller top, We all want what we ain't got. We ain't happy where we are, There's greener grass in the neighbors yard. A bigger house and a faster car, We ain't happy where we are. All I want is what I had, I'd trade it all just to get her back. She's moving on, but I guess I'm not.. Yeah we all want what we ain't got.. We all wish it didn't hurt, When you try your best and it doesn't work. And goodbye's such a painful word, We all wish it didn't hurt. All I want is what I had, Yeah I'd trade it all just to get her back. She's moving on, but I guess I'm not. Yeah We all want what we ain't got. Woah-oh-oh-oh Woah-oh-oh-oh All I want is what I had, Yeah I'd trade it all just to get her back. She's moving on, but I guess I'm not. Yeah we all want what we ain't got. I wanted the world until my whole world stopped, You know a love like that ain't easily forgot. I guess we all want what we ain't got. Yeah we all want what we ain't got.","Travis Meadows, Travis Jerome Goff",Joey Moi,90
God Made Girls,RaeLynn,NA,2014,"Somebody's gotta wear a pretty skirt, Somebody's gotta be the one to flirt, Somebody's gotta wanna hold his hand so God Made Girls Somebody's gotta make him get dressed up, Give him a reason to wash that truck, Somebody's gotta teach him how to dance, So God made girls. He needed something soft and loud and sweet and proud But tough enough to break a heart Something beautiful, unbreakable, that lights up in the dark So God made girls, God made girls He stood back and told the boys, ""I'm 'bout to rock your world."" And God made girls (for singing in your front seat) God made girls (for dancin' to their own beat) He stood back and told the boys, ""I'm 'bout to rock your world."" And God made girls. Somebody's gotta be the one to cry Somebody's gotta let him drive Give him a reason to hold that door so God made girls Somebody's gotta put up a fight, Make him wait on a Saturday night To walk downstairs and blow his mind, So God made girls. Something that can wake him up and call his bluff and drag his butt to church Something that is hard to handle Somethin' fragile to hold him when he hurts So God made girls, God made girls He stood back and told the boys, ""I'm 'bout to rock your world."" And God made girls (for singin' in your front seat) God made girls (for dancin' to their own beat) He stood back and told the boys, ""I'm 'bout to rock your world."" And God made girls Somebody's gotta wear a pretty skirt, Somebody's gotta be the one to flirt, Somebody's gotta wanna hold his hand So God made girls, God made girls He stood back and told the boys, ""I'm 'bout to rock your world."" And God made girls (for singin' in your front seat) God made girls (for dancin' to their own beat) He stood back and told the boys, ""I'm 'bout to rock your world."" And God made girls Somebody's gotta wear a pretty skirt, Somebody's gotta be the one to flirt (and God made girls, yeah) Somebody's gotta wanna hold his hand So God made girls","RaeLynn, Nicolle Galyon, Lori McKenna, Liz Rose",Joey Moi,91
Freestyle,Lady Antebellum,NA,2014,"Ah, we gonna do this thing? Well come on then River road, Chevy van Cherry Classic Coke can Rolling on the floorboard Fleetwood, Macklemore Coming out the speakers Spilling on our t-shirts Getting loud Like we're standing in the bleachers Creek bank, tire swing Pealing off our blue jeans Skinny dip, show the fish a couple new things [Chorus:] Hey there ain't nothing wrong Just making it up as we go along Find a little rock and roll hallelujah Throw your hands up high if the spirit moves ya babe Singing hey, hey, hey We can do it old school ABC style Maybe we could go a little wild and freestyle Summer jam mix tape Vodka in your lemonade Alright, alright, like McConaunhey White vinyl Gypsy revival Driving through the middle of the belt of the Bible Hula girl grass skirt Shaking on the dashboard Where we're going we don't need no passport [Chorus:] Hey there ain't nothing wrong Just making it up as we go along Find a little rock and roll hallelujah Throw your hands up high if the spirit moves ya babe Singing hey, hey, hey We can do it old school ABC style Maybe we could go a little wild and freestyle Ah some of us like to watch And some like to dance Though we all wake up with the same Stamp on our hands Counting stars and counting cars And just counting miles Doing it freestyle You style, me style Ain't got no where to be child [Chorus:] Hey ain't nothing wrong Just making it up as we go along Find a little rock and roll hallelujah Throw your hands up high if the spirit moves ya babe Singing hey, hey, hey We can do it old school ABC style Maybe we could go a little wild and freestyle Ah you can count it off baby 1, 2, 3 child Maybe we could go a little wild and freestyle","Dave Haywood, Charles Kelley, Hillary Scott, Shane McAnally","Nathan Chapman, Lady Antebellum",92
Just Gettin' Started,Jason Aldean,NA,2014,I knew the minute that I picked you up It was gonna be a wild ride You kissed me like you couldn't get enough Barely made it out of your drive Burn a little rubber at the red light Got a little warnin' from the blue lights It's only going on 9 o'clock but Feels more like midnight We ain't even turned up the radio Ain't been two miles down the road The way you look at me baby I don't know If we even gonna make it to the party Yeah we got a whole lotta moonlight left Already havin' the time of our lives And we just gettin' started tonight Girl you already got the window down And you got your seat laid back Ain't even make it halfway to town And you're already talkin' 'bout a six pack Already got your shoes off And you're talkin' 'bout slippin' off Nah we ain't even found your friends And you already wanna get lost We ain't even turned up the radio Ain't been two miles down the road The way you look at me baby I don't know If we even gonna make it to the party Yeah we got a whole lotta moonlight left Already havin' the time of our lives And we just gettin' started tonight Ain't had a drink and I'm tore up Ain't even had a taste of your love But girl the crazy thing is We just gettin' warmed up We ain't even turned up the radio Ain't been two miles down the road The way you look at me baby I don't know If we even gonna make it to the party Yeah we got a whole lotta moonlight left Already havin' the time of our lives And we just gettin' started tonight And we just gettin' started tonight,"Chris DeStefano, Rhett Akins, Ashley Gorley",Michael Knox,93
I See You,Luke Bryan,NA,2014,Roll in the bar me and my crew Their little plan to get me over you They're hookin' me up yeah Buyin' me drinks with a thousand girls There's just one thing I can't go anywhere I can't do anything No I can't close my eyes without you in my dreams You won't leave me alone even though I know you're gone I look around for someone new but I see you Jumpin' up there with the band Takin' me by the hand Hey boy come dance with me Stuck like a melody in my head In the bed of my truck By the light of the midnight moon Baby I see you Don't know what you did but you done it good You don't know how bad that I wish I could Delete you from my phone find a girl and take her home But there's just one thing wrong I can't go anywhere I can't do anything No I can't close my eyes without you in my dreams You won't leave me alone even though I know you're gone I look around for someone new but I see you Jumpin' up there with the band Takin' me by the hand Hey boy come dance with me Stuck like a melody in my head In the bed of my truck By the light of the midnight moon Baby I see you Your lips your eyes Girl since you told me goodbye I can't go anywhere I can't do anything No I can't close my eyes without you in my dreams You won't leave me alone even though I know you're gone I look around for someone new but I see you Jumpin' up there with the band Takin' me by the hand Hey boy come dance with me Stuck like a melody in my head In the bed of my truck By the light of the midnight moon Baby I see you,"Luke Bryan, Ashley Gorley, Luke Laird",Jeff Stevens,94
Lonely Tonight,Blake Shelton,Ashley Monroe,2014,"I never thought you'd pick up the phone It's Friday night you should be out on the town Didn't think you'd be Sitting at home all alone like me Nothing on TV, nothing to do Nothing to keep my mind off you and me And the way it was Are you thinking 'bout it now because... ...I could be there in five? One more, one last time We don't have to be lonely tonight (Need you, want you, I'm right here) We don't have to be lonely tonight (I know we shouldn't, but I don't care) I don't wanna be right, I don't wanna be strong I just wanna hold you 'til the heartbreak's gone When the sun comes up, we can both move on But we don't have to be lonely tonight That taste, that touch, the fire I miss Those ""kiss-me"" eyes, your red wine lips on mine Like it used to be, Baby, I want you, and you want me We don't have to be lonely tonight (Need you, want you, I'm right here) We don't have to be lonely tonight (I know we shouldn't, but I don't care) I don't wanna be right, I don't wanna be strong I just wanna hold you 'til the heartbreak's gone When the sun comes up, we can both move on But we don't have to be lonely tonight I can be there in five One more, one last time We don't have to be lonely tonight (Oh, I need you and I'm right here) We don't have to be lonely tonight... tonight... tonight Yeah... yeah.","Brent Anderson, Ryan Hurd",Scott Hendricks,95
Ain't Worth The Whiskey,Cole Swindell,NA,2014,"I don't care that you done me wrong 'Cause I've already moved on I don't care what his name is Girl, it is what it is I won't waste a dime Or the bartender's time Trying to catch a buzz Over the thought of us. But I'll drink to a country song To another long work week gone And I'll raise my glass to a long lost buddy I ain't seen. I might stay for one more round Or I might close this place down But don't think for a second I'm out to drown your memory Baby, you ain't worth the whiskey. It don't matter what your friends say They never liked me anyway So if they see me drunk in this bar It ain't over a broken heart 'Cause I'm drinking to a country song. To another long work week gone And I'm raising my glass to a long lost buddy I ain't seen. I might stay for one more round Or I might close this place down But don't think for a second I'm out to drown your memory Baby, you ain't worth the whiskey. Cheers to a good country song To another long work week gone And, yeah, I'm raising my glass to those savin' our ass overseas. I might stay for one more round Hell, I might close this place down But don't think for a second I'm out to drown your memory No, don't think for one second I'm out to drown your memory Girl, you ain't worth the whiskey, no. Baby, you ain't worth the whiskey.","Cole Swindell, Josh Martin, Adam Sanders",Michael Carter,96
Drunk Americans,Toby Keith,NA,2014,"We ain't east, we ain't west, we ain't left, we ain't right We ain't black, we ain't white, we just came here to drink We're all mud flaps and 'burbans, all ball caps and turbans, All prom queens and strippers, we're the whole kitchen sink And in here, were the same, everyone knows your name We just raise up our glass, we don't give a rat's ass if you're a Democrat or republican, We're happy to be here and that you can see we're just all drunk Americans. We ain't second ex-wives, we ain't cowboys or redskins, Ain't preachers or kingpins, we're just having fun We're all suits and blue collars, short orders, long haulers Paper and plastic, too old and too young, CEO's, GED's, DUI's, FBI's, BHD's And we raise up our glass, we don't give a rat's ass if your belly's too fat or your wallet's too thin, We're happy to be here and that you can see we're just all drunk Americans. La la la la la la la la la la la la la la la-a La la la la la la la la la la la la la la la-a All drunk Americans We've been in, we've been out, we've been cool, we've been weird Thank God we're still here, in the land of the free And we all sing it wrong but we all sing a-long Sing along We just raise up our glass, we don't give a rats ass if you're a Democrat or republican, We're happy to be here and that you can see we're just all drunk Americans. In these neon lights, we're all stars, we're all stripes, And we're all drunk Americans.","Brandy Clark, Bob DiPiero, Shane McAnally",Toby Keith,97
Gentle On My Mind,The Band Perry,NA,2014,"It's knowing that your door is always open And your path is free to walk That makes me tend to leave my sleeping bag Rolled up and stashed behind your couch And it's knowing I'm not shackled By forgotten words and bonds And the ink stains that are dried upon some line That keeps you on the backroads By the rivers of my memory That keeps you ever gentle on my mind It's not clinging to the rocks and ivy Planted on their columns now that bind me Or something that somebody said Because they thought we fit together walking It's just knowing that the world will not be cursing Or forgiving when I walk along some railroad track and find That you're moving on the backroads By the rivers of my memory And for hours you're just gentle on my mind Though the wheat fields and the clothes lines And the junkyards and the highways come between us And some other woman's cryin' to her mother 'Cause she turned and I was gone I still might run in silence tears of joy might stain my face And the summer sun might burn me 'til I'm blind But not to where I cannot see you walkin' on the backroads By the rivers flowing gentle on my mind I dip my cup of soup back from a gurglin' Cracklin' caldron in some train yard My beard a rustling, cold towel, and A dirty hat pulled low across my face Through cupped hands 'round the tin can I pretend to hold you to my breast and find That you're waiting from the backroads By the rivers of my memories Ever smilin' ever gentle on my mind Gentle on my mind You're gentle on my mind",John Hartford,Dann Huff,98
Say You Do,Dierks Bentley,NA,2014,"Don't worry about the damage done Just let those words roll off your tongue Even if you're lyin' If you really don't mean it, I don't care If you need a little buzz to get you there Then baby I'm buyin' [Chorus:] Well couldn't you Say you do Say you might For tonight Have a heart Bend the truth Even if you don't Couldn't you Mess me up Get in my head Steal my t-shirt Wreck my bed All night long Like you used to Even if you don't Couldn't you Say you do? Yeah baby, I'm begging you to lead me on Say it feels good to be back in my arms And then don't call me I don't mind a little smoke gettin' in my eyes Baby, take your hands, take your lies And lay 'em on me [Chorus] Well don't worry about the damage done, Just let those words roll of your tongue Even if you're lyin' [Chorus] Say you do Just say you do","Shane McAnally, Matthew Ramsey, Trevor Rosen",Ross Copperman,99
A Guy Walks Into A Bar,Tyler Farr,NA,2014,"The joke's on me and it ain't funny Everybody but me could see the punch line coming a mile away I've heard it so many times I can tell it to the T Believe me I could sell it all day It goes A guy walks into a bar, orders a drink Sees a girl that catches his eye Asks her if she wants another They fall for each other and end up lovers They laugh, cry, hold on tight, make it work for a little while Then one night her taillights fade out into the dark And a guy walks into a bar I'd laugh too if my heart would let me Keeping it light will probably help to get me over you I'm walking, talking, drinking proof A cliché in a corner booth Ain't nothing new A guy walks into a bar, orders a drink Sees a girl that catches his eye Asks her if she wants another They fall for each other and end up lovers They laugh, cry, hold on tight, make it work for a little while Then one night her taillights fade out into the dark And a guy walks into a bar A guy walks into a bar, orders a drink Sees a girl that catches his eye Asks her if she wants another They fall for each other and end up lovers They laugh, cry, hold on tight, make it work for a little while Then one night her taillights fade out into the dark And a guy walks into a bar","Jonathan Singleton, Melissa Peirce, Brad Tursi","Jim Catino, Julian King",100
Baby Be My Love Song,Easton Corbin,NA,2014,"So here we are, here all alone The band quit playin’, everyone went home But the stars are still out and you’re so damn hot And I ain’t ready for the music to stop [Chorus:] Baby be my love song Baby be my all night long Be the buzz in my Dixie cup My steady rockin’ ‘til the sun comes up You know I really love to watch you dance Baby be my, “Oh hell yeah!” I feel a little sing-along, sing-along comin’ on Baby be my love song Girl, fast or slow, three-quarter time It don’t have to make sense And it don’t have to rhyme As long as it’s you Babe, I’m all in And when it’s over Just play it again [Repeat Chorus] Baby be my melody My little feel good that gets to me Don’t be shy baby, set it free Crank it up, hit me way down deep [Repeat Chorus] I feel a little sing-along, sing-along comin’ on Baby be my love song Baby be my love song, oh yeah Be my love song","Jim Collins, Brett James",Carson Chamberlain,101
Take Your Time,Sam Hunt,NA,2014,"I don't know if you were looking at me or not You probably smile like that all the time And I don't mean to bother you but I couldn't just walk by And not say, ""Hi"" And I know your name 'Cause everybody in here knows your name And you're not looking for anything right now So I don't wanna come on strong Don't get me wrong Your eyes are so intimidating My heart is pounding but It's just a conversation No, girl I'm not wasted You don't know me I don't know you but I want to I don't wanna steal your freedom I don't wanna change your mind I don't have to make you love me I just wanna take your time I don't wanna wreck your Friday I ain't gonna waste my lines I don't have to take your heart I just wanna take your time And I know it starts with ""Hello"" And the next thing you know you're trying to be nice And some guy's getting too close Trying to pick you up Trying to get you drunk And I'm sure one of your friends is about to come over here 'Cause she's supposed to save you from random guys That talk too much and wanna stay too long It's the same old song and dance but I think you know it well You could've rolled your eyes Told me to go to hell Could've walked away But you're still here And I'm still here Come on let's see where it goes I don't wanna steal your freedom I don't wanna change your mind I don't have to make you love me I just wanna take your time I don't have to meet your mother We don't have to cross that line I don't wanna steal your covers I just wanna take your time I don't wanna go home with you I just wanna be alone with you I don't wanna steal your freedom I don't wanna change your mind I don't have to make you love me I just wanna take your time I don't wanna blow your phone up I just wanna blow your mind I don't have to take your heart I just wanna take your time No, I ain't gotta call you baby And I ain't gotta call you mine I don't have to take your heart I just wanna take your time","Sam Hunt, Josh Osborne, Shane McAnally","Zach Crowell, Shane McAnally",102
She Don't Love You,Eric Paslay,NA,2015,"She don't love you, she's just lonely She wasn't once upon a time She used to dance when the band played She used to be the trustin' kind She's no stranger to the leaving She's heard all the best goodbyes Fallin' has a different meaning To her you're just another guy She don't love you, she's just lonely She don't know another way To break free from what's been broken Too many cowboys rode away So forgive her if she's distant She can't tell her heart to lie, no You'll never be her one and only She don't love you, she's just lonely You can hold her in the moonlight You can give her all the stars You can promise her forever But you'll never have her heart She don't love you, she's just lonely She don't know another way To break free from what's been broken Too many cowboys rode away So forgive her if she's distant She can't tell her heart to lie, no You'll never be her one and only She don't love you, she's just lonely She don't love you She don't love you, she's just lonely She wasn't once upon a time I remember her in the sunlight I remember her when she was mine Mine","Eric Paslay, Jennifer Wayne",Marshall Altman,103
Don't It,Billy Currington,NA,2015,"Baby, don't say no so quick This ain't about me tryin' to see how far that I can get But I ain't gonna lie, I wouldn't mind Just a little bit of you and I Eye to eye, lips on lips, swayin' to the music Real close, we could both use a little Let go kinda night Baby, if you want a [Chorus:] Good time we can get on it Take a shot or you can sip on it Find a floor and we can dance on it, slow song it Far as I can tell that finger ain't got no ring on it Come on baby, bring on it It's one of those stars fallin', love callin' Get ya feelin' all right nights Sounds good, don't it, don't it Every little thing you got, you know that I want it, want it Sounds pretty good don't it Well, I just now seen that smile And I bet it's been a minute since you tapped into Your wild and crazy side So baby, let's do this Tonight, baby that moon looks Just right, don't fight it, if you want a [Chorus:] Good time we can get on it Take a shot or you can sip on it Find a floor and we can dance on it, slow song it Far as I can tell that finger ain't got no ring on it Come on baby, bring on it It's one of those stars fallin', love callin' Get ya feelin' all right nights Sounds good, don't it, don't it Every little thing you got, you know that I want it, want it Sounds pretty good now don't it So baby, let's get on it You're gonna love it, you can bet on it Karaoke, we can microphone it Whatever you want it [Chorus:] Good time we can get on it Take a shot or you can sip on it Find a floor and we can dance on it, slow song it Far as I can tell that finger ain't got no ring on it Come on baby, bring on it It's one of those stars fallin', love callin' Get ya feelin' all right nights Sounds good, don't it, don't it Every little thing you got, you know that I want it, want it Sounds pretty good now don't it Now don't it, baby","Ross Copperman, Ashley Gorley, Jaren Johnston",Dann Huff,104
Smoke,A Thousand Horses,NA,2015,"She comes rolling right off the tip of my tongue so easy She'll be the first damn thing I want when I start drinking I'm breathing her in, breathing her out, once I pick her up I can't put her down She's smoke I pull her in nice and slow She's a habit and I can't let go Blowing rings around my heart The one she stole Watching her sway and go It's killing me and I know Can't stop her once you start She's smoke She'll go floating around like a downtown ballroom gypsy She goes great with ice cold beer or a shot of whiskey Put one in my hand, her on my lips Man, that's as good as it gets She's smoke I pull her in nice and slow She's a habit and I can't let go Blowing rings around my heart The one she stole Watching her sway and go It's killing me and I know Can't stop her once you start She's smoke When the night burns out And we all go home Smell of sweet perfume All over your clothes Like smoke, ooh, ooh Like smoke ooh, ooh She's smoke I pull her in nice and slow She's a habit and I can't let go Blowing rings around my heart The one she stole Watching her sway and go It's killing me and I know Can't stop her once you start She's smoke She's smoke When the night burns out And we all go home Smell of sweet perfume All over your clothes She's smoke, ooh, ooh She's smoke, ooh, ooh","Michael Hobby, Ross Copperman, Jon Nite",Dave Cobb,105
Homegrown,Zac Brown Band,NA,2015,"I got a piece of land, out in the countryside Lay back and smell the sun Warm up the Georgia pine Feels so good to be taking it easy Why would I ever leave? ‘Cause I know I got some good friends that live down the street Got a good looking woman with her arms ‘round me Here in a small town where it feels like home I got everything I need and nothing that I don’t Homegrown, Homegrown We got a fire going down by the riverside Sip whiskey out the bottle Livin' like we’ll never die Come on and stay a while if you don’t believe me Why would I ever leave? ‘Cause I know I got some good friends that live down the street Got a good looking woman with her arms ‘round me Here in a small town where it feels like home I got everything I need and nothing that I don’t Homegrown, Homegrown I got some good friends that live down the street Got a good looking woman with her arms 'round me Here in a small town where it feels like home I got everything I need Homegrown And nothing that I don't Homegrown Everything I need Homegrown And nothing that I don't Homegrown It's the weight that you carry from the things you think you want It's the weight that you carry from the things you think you want Weight you carry It's the weight that you carry from the things you think you want It's the weight that you carry from the things you think you want I got everything I need, nothing that I don't Homegrown","Zac Brown, Niko Moon, Wyatt Durrette","Zac Brown, Jay Joyce",106
Love Me Like You Mean It,Kelsea Ballerini,NA,2015,"Love me, love me, love me, mmm Oh, hey Boy with your hat back Mmm, I kinda like that If you wanna walk my way, I'mma shoot you straight up Show me what you're made of I don't have time to waste on the boys That are playing the games And leaving the girls crying out in the rain So tell me, baby, Do you got what it takes? If you're gonna hold me, hold me like I'm leaving If you're gonna kiss me, kiss me like you need it Baby, if you're not, you best get to leaving If you're gonna love me, love me like you mean it If you're gonna talk the talk, you better walk it If you wanna keep me, keep me like you lost it If you're gonna say it, make me believe it If you're gonna love me, boy, love me like you mean it Oh, hey I've had my share of losers, liars, and users Looking for a heart to break So if you're like that Well, take a step back 'Cause I don't have time to waste on the boys That are playing the games And leaving the girls crying out in the rain So tell me, baby, Are you just crazy, or crazy over me? If you're gonna hold me, hold me like I'm leaving If you're gonna kiss me, kiss me like you need it Baby, if you're not, you best get to leaving If you're gonna love me, love me like you mean it If you're gonna talk the talk, you better walk it If you wanna keep me, keep me like you lost it If you're gonna say it, make me believe it If you're gonna love me, boy, love me like you mean it If you're gonna love me, love me, love me If you're gonna hold me, hold me like I'm leaving If you're gonna kiss me, kiss me like you need it Baby, if you're not, you best get to leaving If you're gonna love me, love me, love me If you're gonna talk the talk, you better walk it If you wanna keep me, keep me like you lost it If you're gonna say it, make me believe it If you're gonna love me, boy, love me like you mean it Love me like you mean it If you're gonna love me, love me, love me Love me like you mean it","Kelsea Ballerini, Josh Kerr, Forest Glen Whitehead, Lance Carpenter",Forest Glen Whitehead,107
Little Red Wagon,Miranda Lambert,NA,2015,"You only love me for my big sun glasses And my Tony Lomas And my Dodge Dart classic You said ""I'll be Johnny and you'll be June I'll ride with you to the moon"" But guess what? [Chorus:] You can't ride in my little red wagon The front seat's broken and the axle's draggin' You can't step to this backyard swagger You know it ain't my fault when I'm walkin' jaws droppin' like Ooh, ah, ooh, ah Oh, heaven help me I've been sowing wildflower seeds And chasing tumble weeds But that's just who I be And you're just trying to slow this rolling stone But I'm on to you baby So guess what? [Chorus:] You can't ride in my little red wagon The front seat's broken and the axle's draggin' No you can't step to this backyard swagger You know it ain't my fault when I'm walkin' jaws droppin' like Ooh, ah, ooh, ah Oh, you only love me for my big sun glasses And my Tony Lomas I live in Oklahoma And I've got long, blonde hair And I play guitar, and I go on the road And I do all the shit you wanna do And my dog does tricks And I ain't about drama, y'all And I love my apron But I ain't your mama! So guess what?","Audra Mae, Joe Ginsberg","Frank Liddell, Chuck Ainlay, Glenn Worf",108
Hard To Be Cool,Joe Nichols,NA,2015,"She's such a beautiful handful Might be more than I can handle She's a wild child running down a Friday night Got me wrapped around her finger and holding on tight She's so hot, hey, what's not to love Heaven's little devil's got me all messed up She's a little heart breaker, and I'm her fool She's so hot, it's hard to be cool Hard to be cool She's like a ten, but better She leads me on, but I let her Might be a spring fling heartache headed my way And I may be crazy, but all I can say is She's so hot, hey, what's not to love Heaven's little devil's got me all messed up She's a little heart breaker, and I'm her fool She's so hot, it's hard to be cool Hard to be cool And I ain't never seen anything like her In that sexy little sundress, man, she's on fire She's so hot Mmm, yeah, she's hot, son She's so hot, hey, what's not to love Heaven's little devil's got me all messed up She's a little heart breaker, and I'm her fool She's so hot, it's hard to be cool Yeah, it's hard to be cool Yeah, it's hard to be cool She's so hot","Rob Hatch, Jason Sellers","Mickey Jack Cones, Derek George",109
Raise Em Up,Keith Urban,Eric Church,2015,"Raise em' up I'm talkin' 'bout lighter on a Saturday night The band plays a song you like And you sing along Raise em' up I'm talkin' 'bout daddy's old pick-up truck Shotgun seat there's the one you love And you're kissin' on Get those white sails sailin' down in Mexico It's just a whiskey glass If you ain't makin' a toast Lift your tear-filled eyes Up to the sky Comin' home you've been gone too long Tonight we're gonna Raise em' up Raise em' up You've got a voice, you've got a choice Go make some noise Don't ever let em' tell you Who you are Raise em' up Fist black and blue Fight for the truth It's what you do Hand on your heart For the stripes and stars Black umbrellas in the pourin' rain Sunday morning coming down Amazing Grace Lift those tear-filled eyes up to the sky And as the flag flies say goodbye Tonight we're gonna raise em' up So you meet someone The only one You take her by the hand Make a stand Buy some land Make some love And then babies come Raise em' up Raise em' up Raise em' up Trophy high Raise em' up To the sky Raise em' up Show everybody that new born smile Raise em' up Tall and strong Raise em' up Right from wrong Raise em' up so damn high they can hear God singing along","Tom Douglas, Jaren Johnston, Jeffrey Steele","Keith Urban, Nathan Chapman",110
Lay Low,Josh Turner,NA,2015,"I wanna drive until my cell phone Runs out of range and every bar is gone Cut through the woods another hundred miles And disappear for a while I wanna hear raindrops fallin' down on an old tin roof I wanna find a front porch rail and prop up my travelin' boots See your silhouette in that firelight Feel your body lyin' next to mine Spend a few days together alone And just lay low I wanna end up nowhere on a map A little cabin sittin' so far back Out in the country just the moon and stars Are gonna know where we are I wanna hear raindrops fallin' down on an old tin roof I wanna find a front porch rail and prop up my travelin' boots See your silhouette in that firelight Feel your body lyin' next to mine Spend a few days together alone And just lay low Just lay low, slow it down Girl, let's go and get outta town I wanna hear raindrops fallin' down I wanna hear raindrops fallin' down on an old tin roof I wanna find a front porch rail and prop up my travelin' boots See your silhouette in that firelight Feel your body lyin' next to mine Spend a few days together alone And just lay low Oh and just lay low Just lay low","Tony Martin, Mark Nesler, Ross Copperman",Frank Rogers,111
Diamond Rings and Old Bar Stools,Tim McGraw,Catherine Dunn,2015,"Diamond rings and old barstools One's for queens and one's for fools One's the future and one's the past One's forever and one won't last It ain't like midnight and cigarette smoke It ain't like watered down whiskey and coke I guess some things just don't mix like you hoped Like me and you And diamond rings and old barstools The wrongs and rights, the highs and lows The ""I love you's,"" the ""I told you so's"" Past few miles to wherever's home Another morning waking up alone We ain't like midnight and cigarette smoke Nothing like watered down whiskey and coke I guess some things just don't mix like you hoped Like me and you And diamond rings and old barstools","Barry Dean, Luke Laird, Jonathan Singleton","Byron Gallimore, Tim McGraw",112
Wild Child,Kenny Chesney,Grace Potter,2015,"Looks like royal in a thrift store dress Keeps my heart and her hair a mess She goes where the wind suggests she goes, who knows Got a spirit that can't be tamed She's a calico pony on an open plain I know I'll never be the same no more, for sure She's a wild child Got a rebel soul with a whole lot of gypsy wild style She can't be tied down but for a while I'll be falling free and so alive Might break my heart but God she drives me wild child You've never heard of her favorite band unless you Been to Bonnaroo or Burning Man She's Penny Lane in a Chevy van, she loves to love She loves me wild child Got a rebel soul with a whole lot of gypsy wild style She can't be tied down but for a while I'll be falling free and so alive Might break my heart but God she drives me wild child She'll be here until she runs Some just have to chase the sun She's a wild child Got a rebel soul with a whole lot of gypsy wild style She can't be tied down but for a while I'll be falling free and so alive Might break my heart but God she drives me wild child A kaleidoscope of colors in her mind child A touch of crazy hides behind her wild smile So simple yet experimental Innocent but still a little wild child","Kenny Chesney, Shane McAnally, Josh Osborne","Buddy Cannon, Kenny Chesney",113
Love You Like That,Canaan Smith,NA,2015,"Hey, girl, I'm just a small town run around I get my kicks out on the outskirts of town I could never do it like a pretty city boy I'm more a fishin' in the dark nitty gritty boy So lay back and let me paint you a picture The way I wanna kiss you is... Slow as the Mississippi Strong as a fifth of whiskey Steady as a Tom Petty track I wanna love, wanna love you like that Deeper than a sunset sky Sweeter than muscadine wine All night 'til the sun comes back I wanna love, wanna love, wanna love you like that When I'm with you I can see down the road, girl Not just the gravel when we're travelin' on, girl And I'm bettin' that it's gonna be a wild ride But I promise that I'm gonna be there by your side I think we got another memory in the makin' So, baby, let's take it, take it... I ain't gonna do it like a pretty city boy I'm a fishin' in the dark nitty gritty boy So let me love you... Baby, I wanna love, wanna love, wanna love you like that Yeah I could never do it like a pretty city boy I'm a fishin' in the dark nitty gritty boy","Canaan Smith, Brett Beavers, Jim Beavers","Brett Beavers, Jimmy Robbins",114
Crushin It,Brad Paisley,NA,2015,"I sure could use an “Atta boy” or a big ol' high five I'd love to hear “You're killin' it dude”, it's been a long time Since I hit one out of the park or nailed it as they say I guess I've been in a dry spell but that's about to change ‘cause Every week has a weekend By this time Friday night I'll be done with my third can of cold Bud Light And I'll be crushin' it Yeah, I'll be crushin' it Let's say your baby's mad ‘cause you told her that you'd hang some pictures for her You know the ones she framed from late last spring of you and her in Florida You're up on the ladder when it shatters into smithereens She shakes her head and looks at you and says “Ain't you good for anything?” And you say Every week has a weekend By this time Friday night If you want a margarita I'll get tequila and ice And I'll be crushin' it With a cold one in my other hand And I'll be crushin' it When I'm finished with my can I can stomp it with my boot Punch it with my fist Smash it on my forehead Yeah, I got this I'll be crushin' it Oh, I'll be crushin' it I figured this out in college walking past them Gothic columns That I was gonna probably wind up somewhere near the bottom I was never gonna be the best or brightest guy around But like the great George freaking Strait, I'm the king of gettin' unwound And every week has a weekend By this time Friday night I'll be done with my third can of cold Bud Light And I'll be crushin' it Every week has a weekend Yeah, I'll be crushin' it By this time Friday night Oh, I'll be crushin' it I'll be done with my third can Oh, I'll be crushin' it Of cold Bud Light And I'll be crushin' it I'll be crushin' it","Brad Paisley, Kelley Lovelace, Lee Thomas Miller","Brad Paisley, Luke Wooten",115
Girl Crush,Little Big Town,NA,2015,"I gotta girl crush, hate to admit it but I gotta heart rush, ain’t slowin’ down I got it real bad, want everything she has That smile and that midnight laugh she’s giving you now I wanna taste her lips, yeah, ‘cause they taste like you I wanna drown myself in a bottle of her perfume I want her long blonde hair, I want her magic touch Yeah, ‘cause maybe then you’d want me just as much I gotta girl crush, I gotta girl crush I don’t get no sleep, I don’t get no peace Thinkin’ about her under your bed sheets The way that she’s whisperin’, the way that she’s pullin’ you in Lord knows I’ve tried, I can’t get her off my mind I wanna taste her lips, yeah, ‘cause they taste like you I wanna drown myself in a bottle of her perfume I want her long blonde hair, I want her magic touch Yeah, ‘cause maybe then you’d want me just as much I gotta girl crush I gotta girl crush, hate to admit it but I gotta heart rush, it ain’t slowin’ down","Lori McKenna, Hillary Lindsey, Liz Rose",Jay Joyce,116
Trouble,Gloriana,NA,2015,"I can be strong like a burning whiskey I can be sweet like Tennessee Honey, honey Pretty as a daisy, careful if you pick me This wildflower can get a little crazy, baby... If you're running around, you better run from me Pack up your bags and get gone, get gone You wreck my heart, I'll wreck everything And anything I can get my hands on If you lie, lie, lie with those wandering eyes Better find one hell of a place to hide If you mess with me, you best believe That you're gonna be asking for trouble.... You got too many holes in your story And I'll get down to the truth- Don't you worry, worry. Piece by piece I'll put it all together You cross that line, you cross me forever...baby... If you're running around, you better run from me Pack up your bags and get gone, get gone You wreck my heart, I'll wreck everything And anything I can get my hands on If you lie, lie, lie with those wandering eyes Better find one hell of a place to hide If you mess with me, you best believe That you're gonna be asking for trouble Woah- Woah- Trouble- Woah- Woah If you're running around, you better run from me Pack up your bags and get gone, get gone You wreck my heart, I'll wreck everything And anything I can get my hands on If you lie, lie, lie with those wandering eyes Better find one hell of a place to hide If you mess with me, you best believe Oh you best believe, baby Ya you're fooling around, you ain't fooling me Pack up your shit and get gone, get gone. You wreck my heart, I'll wreck everything And anything I can get my hands on. Lie, lie, lie, with those wandering eyes Better find one hell of a place to hide If you mess with me, you best believe That you're gonna be asking for trouble...","Rachel Reinert, Mike Gossin, Ross Copperman, Jon Nite",Matt Serletic,117
Young and Crazy,Frankie Ballard,NA,2015,"One day, I'll slow and lay down, Spend my weekends in a swing out on the wraparound. Oh but these days, I'm on a mission To get these wild oats out of my system. Yeah I might stay out all night, I've gotta do a little wrong so I know what's right. I wanna sit out on the porch Telling stories 'bout my glory days when I'm pushing eighty. How am I ever gonna get to be old and wise If I ain't ever young and crazy? Now I might have to kiss no telling how many lips Before I ever really figure out what love is. Go through some heartbreaks, wake up with headaches, Don't learn nothing 'til you make a lot of mistakes. How will I know where to draw the line If I don't cross it a few hundred times? I wanna sit out on the porch Telling stories 'bout my glory days when I'm pushing eighty. How am I ever gonna get to be old and wise If I ain't ever young and crazy? Yeah I'm gonna stay out all night, I've gotta do a little wrong so I know what's right I've gotta live a lot of life if I'm gonna give good advice When I'm talking to my grand-babies How am I ever gonna get to be old and wise If I ain't ever young and crazy? I wanna sit out on the porch Telling stories 'bout my glory days when I'm pushing eighty. How am I ever gonna get to be old and wise If I ain't ever young and crazy? If I ain't ever young and crazy?","Rhett Akins, Ashley Gorley, Shane McAnally",Marshall Altman,118
Sippin' On Fire,Florida Georgia Line,NA,2015,"Girl, you melt me like ice in whiskey With those blue flame looks that you give me You can't hide what's inside And it's killing me right now to see you wanna slip off with me again Why should we go round and round the truth, like we've been doin' Every time we lie girl we're losin' So why should we spend Saturday night alone When I can call you on the phone, pick you up Make it up as we go along Pull an all nighter chasing that desire Sparks flying in her eyes like lighters (like lighters) Get a little higher (get a little higher) Sippin' on fire (sippin' on fire) Yeah, you act like you don't know what you're missing Every time you end up back with him Cause it's safe, and you're scared Of everything you're feelin' when we're burning the midnight down again Why should we go round and round the truth, like we've been doin' Every time we lie girl we're losin' So why should we spend Saturday night alone When I can call you on the phone, pick you up Make it up as we go along Pull an all nighter chasing that desire Sparks flying in her eyes like lighters (like lighters) Get a little higher (get a little higher) Sippin' on fire (sippin' on fire) Every goodbye is bittersweet So why should we fight what we both need? Why should we go round and round the truth, like we've been doin' Every time we lie girl we're losin' So why should we spend Saturday night alone When I can call you on the phone, pick you up Make it up as we go along Pull an all nighter chasing that desire Sparks flying in her eyes like lighters (like lighters) Get a little higher (get a little higher) Sippin' on fire (sippin' on fire) Girl, you melt me like ice in whiskey With those blue flame looks that you give me You can't hide what's inside And it's killing me right now to see you wanna slip off with me","Rodney Clawson, Matt Dragstrem, Cole Taylor",Joey Moi,119
Kiss You in the Morning,Michael Ray,NA,2015,"Them jeans are faded In all the right places You got me hanging on tight to your curves like little E races Girl your funky little back beat has got me Feel like I'm tipsy And I ain't even had a drink I wanna kiss you in the parking lot Under the moonlight Kiss you running red lights Baby set the mood right Just like everything you're doing to me right now's Making me crazy I wanna kiss you on the dance floor Kiss you like a let's go, come on Baby let me hear you say oh, oh I wanna kiss you with the neon lights in your eyes glowing Then I wanna kiss you in the morning Yeah I wanna kiss you in the morning Oh you little outlaw Stealing my heart and all When you drop it down low Touch your toes girl You know you just show it off That little tattoo on your tan line, oh my Pretty little butterfly What else have you got to hide? I wanna kiss you in the parking lot Under the moonlight Kiss you running red lights Baby set the mood right Just like everything you're doing to me right now's Making me crazy I wanna kiss you on the dance floor Kiss you like a let's go, come on Baby let me hear you say oh, oh I wanna kiss you with the neon lights in your eyes glowing Then I wanna kiss you in the morning Yeah I wanna kiss you in the morning I wanna kiss you in the parking lot Under the moonlight Kiss you running red lights Baby set the mood right Just like everything you're doing to me right now's Making me crazy I wanna kiss you on the dance floor Kiss you like a let's go, come on Baby let me hear you say oh, oh I wanna kiss you with the neon lights in your eyes glowing Then I wanna kiss you in the morning Yeah I wanna kiss you in the morning, morning Yeah I wanna kiss you in the morning","Justin Wilson, Michael White",Scott Hendricks,120
One Hell of an Amen,Brantley Gilbert,NA,2015,"Preacher said he died too young Over there totin' that gun For Uncle Sam and our freedom Mom and Daddy dressed in black They folded up that flag Handed it to dad Started prayin' Yeah he went out 21 guns blazin' An' that's One Hell of an Amen That's the only way to go Fightin' the good fight Til the Good Lord calls you home And so be well my friend Til' I see you again This is our last goodbye But it's a Hell of an Amen, Amen Doctor said he ain't got long He just smiled said bring it on If you think I'm scared You got me all wrong A little cancer can't break me My heart's right and I believe We all hit our knees Started prayin' Naw he never gave up Said the Good Lord's waitin' An' that's One Hell of an Amen That's the only way to go Fightin' the good fight Til the Good Lord calls you home So be well my friend Til' I see you again Yeah this is our last goodbye But it's a Hell of an Amen So be well my friend Til' I see you again This is our last goodbye But it's a Hell of an Amen","Brantley Gilbert, Mike Dekle, Brian Davis",Dann Huff,121
Like A Wrecking Ball,Eric Church,NA,2015,"I've, I've been gone, I've been gone too long Singin' my songs on the road, another town One more show then I'm coming home Don't give a damn what these keys are for I'm gonna knock down that front door and I'm gonna find out what that house is made of Been too many nights since it's felt us make love I wanna rock some sheet rock Knock some pictures off the wall Love you baby like a wrecking ball You, look at you, send me one more shot Sittin' on a bathroom sink Damn, you really turn me on Painting your toenails pink Easy baby for you to say But if I can make it just one more day That whole house is gonna be shakin' I hope those bricks and boards can take it But I won't be surprised If the whole damn place just falls Wanna rock you baby like a wrecking ball And that old house is gonna be shakin' Rafter rockin', foundation quakin' Crash right through the front door Back you up against the wall Love you baby Take it right there baby Rock you baby like a wrecking ball","Eric Church, Casey Beathard",Jay Joyce,122
Riot,Rascal Flatts,NA,2015,"I'd be ridin' in a cab goin' downtown Findin' faces I know in a big crowd Tryin' to drink the pain away, mhmm And I'd be stayin' out all night, never goin' home Girl you know I'd lose all control If I lost you There would be a riot Breakin' of my heart, I'd try to fight it I could go out every night but I'd be lyin' If I said I could live and breathe Without you There'd be a lot of lonely Wishin' and prayin' that you would hold me I would do most anything baby If only you would come back to me Come back to me There would be a riot Oh yeah, oooh I'd be checkin' on my phone every minute Waitin' 'round for it to start ringin' And prayin' it would be you I don't know what I'd do There would be a riot Breakin' of my heart, I'd try to fight it I could go out every night but I'd be lyin' If I said I could live and breathe Without you There'd be a lot of lonely Wishin' and prayin' that you would hold me I would do most anything baby if only You would come back to me Come back to me There would be a riot If I ever lost you If I ever lost you There would be a riot Breakin' of my heart, I'd try to fight it I could go out every night but I'd be lyin' If I said I could live and breathe There'd be a lot of lonely Wishin' and prayin' that you would hold me I would do most anything baby if only You would come back to me Come back to me There would be a riot If I ever lost you There would be, there would be a riot Breakin' of my heart, I'd try to fight it There would be a riot If I ever lost you","Jaron Boyer, Sara Haze",Rascal Flatts,123
Tonight Looks Good On You,Jason Aldean,NA,2015,"You ain't got a dress that I don't like You ain't got a pair of jeans that don't fit you just right There's not a minute in the day That you don't knock me out, you don't blow me away But, girl, now that the sun's gone down (whoa-oh-oh) Looking at you right here and now, baby Somethin' 'bout that southern sky Sittin' back behind that moon It goes perfect with your eyes Girl tonight looks good on you Somethin' 'bout the way you're smiling Makin' them stars fall right on cue I just gotta tell you baby Tonight looks good on you I can taste the midnight on your lips Makes me just wanna lean in for another kiss Wind blowing your hair around Girl, it makes me want to lay you down You've been beautiful a million times But I've never seen you look like this, no Somethin' 'bout that southern sky Sittin' back behind that moon It goes perfect with your eyes Girl tonight looks good on you Somethin' 'bout the way you're smiling Makin' them stars fall right on cue I just gotta tell you baby Tonight looks good on you Looks so good on your skin I don't ever, no, I never, I don't ever, ever want to end, baby Somethin' 'bout that southern sky Sittin' back behind that moon It goes perfect with your eyes Girl tonight looks good on you Somethin' 'bout the way you're smiling Makin' them stars fall right on cue I just gotta tell you baby Tonight looks good on you Tonight looks good on you I just gotta tell you, baby You look good at the party Good at the bar Somethin' 'bout underneath these stars You look good at the house Good in the car You're lookin' so good anywhere you are Tonight, tonight looks good on you Tonight looks good on you I just gotta tell you, baby, yeah","Dallas Davidson, Rhett Akins, Ashley Gorley",Michael Knox,124
Little Toy Guns,Carrie Underwood,NA,2015,"In between the coats in the closet She held on to that heart-shaped locket Staring at a family, flawless But it ain't a pretty picture tonight Mom and daddy just won't stop it Fighting at the drop of a faucet Cuts through the walls, catastrophic She's caught in the crossfire Puts her hands over her ears Starts talking through the tears And she's saying, and she's praying I wish words were like little toy guns No sting, no hurting no one Just a bang, bang rolling off your tongue (I wish words were like little toy guns) Yeah, no smoke, no bullets No kick from the trigger when you pull it No pain, no damage done (I wish words were like little toy guns) And just a bang, bang rolling off your tongue (I wish words were like little toy guns) Wish there was a white flag waving Or that they were both just faking And it was just a game they were playing Like shoot-'em-up cowboys Leave the plastic pistols in the front yard Throw away the scorecard And just turn off all the noise I wish words were like little toy guns No sting, no hurting no one Just a bang, bang rolling off your tongue (I wish words were like little toy guns) Yeah, no smoke, no bullets No kick from the trigger when you pull it No pain, no damage done (I wish words like were little toy guns) And just a bang, bang rolling off your tongue (I wish words were like little toy guns) Toy guns Oh, I wish they didn't cut like a knife I wish they didn't break you inside I wish they didn't bang, bang Make you wanna run... Yeah, like little toy guns No sting, no hurting no one Just a bang, bang rolling off your tongue (I wish words were like little toy guns) Yeah, no smoke, no bullets No shot from the trigger when you pull it No pain, no damage done (I wish words were like little toy guns) And just a bang, bang rolling off your tongue (I wish words were like little toy guns) Toy guns","Carrie Underwood, Chris DeStefano, Hillary Lindsey",Mark Bright,125
Sangria,Blake Shelton,NA,2015,"You're crashing into me like waves on the coast Every time we talk, you move in close I don't want you to stop, I don't want you to stop tonight We've got the last two glasses on a straw hut bar Trying to remember what number we are String of white lights making your eyes shine tonight We're buzzing like that no vacancy sign out front Your skin is begging to be kissed by a little more than the sun You take my hand in yours, you lean in And your lips taste like sangria, your lips taste like sangria Wrecking ball dancing down the hallway You're holding your shoes, wearing my shades We fall against the door, we fall into a wild warm kiss We're buzzing like that no vacancy sign out front Your skin is begging to be kissed by a little more than the sun You take my hand in yours, you lean in And your lips taste like sangria, your lips taste like sangria Only thing I want to do tonight is drink you like a Spanish wine Let you let this head of mine keep spinning, spinning around We're buzzing like that no vacancy sign out front Your skin is begging to be kissed by a little more than the sun You take my hand in yours, you lean in And your lips taste like sangria, your lips taste like sangria Your lips taste like sangria, your lips taste like sangria Oh Only thing I want to do tonight is drink you like a Spanish wine Let you let this head of mine keep spinning, spinning around","J. T. Harding, Josh Osborne, Trevor Rosen",Scott Hendricks,126
Fly,Maddie & Tae,NA,2015,"Baby blue staring in the window pane Just counting drops of rain Wondering if she's got the guts to take it Running down her dreams in a dirty dress, Now her heart's a mess Praying she will find a way to make it So keep on climbing, though the ground might shake Just keep on reaching though the limb might break We've come this far, don't you be scared now 'Cause you can learn to fly on the way down Searching for a sign in the night even like a lonely string of lights That'll burn just long enough for you to see it The road's been long and lonely and you feel like giving up There's more to this than just the breath you're breathing So keep on climbing, though the ground might shake Just keep on reaching though the limb might break We've come this far, don't you be scared now 'Cause you can learn to fly on the way down On the way down You won't forget the heavy steps it took to let it go Close your eyes, count to ten, hold your breath and fly Keep on climbing, though the ground might shake Just keep on reaching though the limb might break We've come this far, don't you be scared now 'Cause you can learn to fly on the way down","Taylor Dye, Maddie Marlow, Tiffany Vartanyan",Dann Huff,127
Hell of a Night,Dustin Lynch,NA,2015,"All we need is a July hot Saturday night A couple cans on cool and the needle on full and a countryside Yeah, a hot little playlist of your favorite songs And when I get you climbing up in the cab of this truck Yeah you know it's on, know it's on Show you a side of these two lanes you've never seen Heatin' it up behind the high beams Oooh, baby you and me, just runnin' down crazy Flyin' high, living careless, on the edge of wild and reckless Hold on tight, I'm 'bout to show you one hell of a night So gimme that aww yeah, and take me there look I'm a sucker for your kiss, wanna steal 'em from your lips baby, like a crook Foot heavy on the floorboard, everywhere we go I'm talking once in a lifetime, blowin' your mind Burnin' down these back roads Show you a side of these two lanes you've never seen Heatin' it up behind the high beams Oooh, baby you and me, just runnin' down crazy Flyin' high, livin' careless, on the edge of wild and reckless Hold on tight, I'm 'bout to show you one hell of a night So gimme that aww yeah, and I'll give you that all night Girl, gimme that ""let's go"", and I'll give you that good good time Show you a side of these two lanes you've never seen Heatin' it up behind a high beams Oooh, baby you and me, just runnin' down crazy Flyin' high, livin' careless, on the edge of wild and reckless Hold on tight, I'm 'bout to show you one hell of a night Yeah, a once in a lifetime night Mmm girl, if you're down to ride one hell of a night I'm 'bout to show you one hell of a night","Zach Crowell, Adam Sanders, Jaron Boyer",Mickey Jack Cones,128
Loving You Easy,Zac Brown Band,NA,2015,"Every morning when you come downstairs Hair’s a mess but I don’t care No make up on, shining so bright My old sweatshirt never fit so right Dancing around to the radio Humming the words that you don’t know Cross out finding an angel off my list Thinking it don’t get no better than this You make loving you easy You make loving you all I wanna do Every little smile, every single touch Reminds me just how much it all makes Loving you easy Wrapped around me late at night Pillow talk by candlelight Come slow this down and make it last The best things fly by so fast You make loving you easy You make loving you all I wanna do Every little smile and every single touch Reminds me just how much it all makes Oh, I wanna say it again… You make loving you easy You make loving you all I wanna do Every little smile, every single touch Reminds me just how much it all makes Loving you easy Easy Easy","Zac Brown, Niko Moon, Al Anderson",In The Arena,129
Crash and Burn,Thomas Rhett,NA,2015,"So I guess it's over baby Déjà vu again Who'd have thought that time don't stop And somehow girl, the world keeps spinning I guess I've turned myself into a solitary man Ain't like I'm the only one That's in the shoes that I am Do you hear that I'm right back At the sound of lonely calling Do you hear that It's where I'm at It's the sound of teardrops falling down, down A slamming door and a lesson learned I let another lover crash and burn I know that it might sound jaded And I have to say I think love is overrated But I don't like throwing it away I know you could probably tell me Right where I went wrong Some guys can't have all the luck If others don't sing sad songs Do you hear that I'm right back At the sound of lonely calling Do you hear that It's where I'm at It's the sound of teardrops falling down, down A slamming door and a lesson learned I let another lover crash and burn That's right Another lover Another lover crash and burn Ooooh yeah Do you hear that I'm right back At the sound of lonely calling Do you hear that It's where I'm at It's the sound of teardrops falling down, down A slamming door and a lesson learned I let another lover crash and burn Yeah, I let another lover crash and burn","Jesse Frasure, Chris Stapleton","Dann Huff, Jesse Frasure",130
Games,Luke Bryan,NA,2015,"You know the one where you call But you act like you never called me When you see me at a bar But you act like you never saw me When you're dancing with him, and you're looking at me Or I'm holding her, and I'm hoping you see Or the one where you don't kiss me Then you tell me that you miss me All of these games, we play I can't even keep 'em all straight Do we mean what we say We got lines crossed all over the place, yeah I can't tell if I'm winning or losing Somebody tell me what are we doing Nobody ever comes out on top Tell me are we ever gonna stop Playing these games The one where you act all surprised Like you didn't know I'd be at the party The way you make sure it gets back to me That you got with somebody The way you wake up, say it was just a mistake But you always leave something over at my place So I gotta bring it back Now baby why you gotta be like that All of these games, we play I can't even keep 'em all straight Do we mean what we say We got lines crossed all over the place, yeah I can't tell if I'm winning or losing Somebody tell me what are we doing Nobody ever comes out on top Tell me are we ever gonna stop Playing these games This break-up, make-up,hot and cold thing got me dizzy You don't want me til I got somebody with me It's gonna kill me Baby tell me, What am I supposed to do with you And all of these games, we play I can't even keep 'em all straight Do we mean what we say We got lines crossed all over the place, yeah I can't tell if I'm winning or losing Somebody tell me what are we doing Nobody ever comes out on top Tell me are we ever gonna stop Playing these games All of these games","Luke Bryan, Ashley Gorley",Jeff Stevens,131
Buy Me A Boat,Chris Janson,NA,2015,"I ain’t rich, but I damn sure wanna be Working like a dog all day, ain’t working for me I wish I had a rich uncle that’d kick the bucket And that I was sitting on a pile like Warren Buffett I know everybody says Money can’t buy happiness But it could buy me a boat, it could buy me a truck to pull it It could buy me a Yeti 110 iced down with some silver bullets Yeah, and I know what they say, Money can’t buy everything Well, maybe so, But it could buy me a boat They call me redneck, white trash and blue collar But I could change all that if I had a couple million dollars I keep hearing that money is the root of all evil And you can’t fit a camel through the eye of a needle I’m sure that’s probably true, But it still sounds pretty cool ‘Cause it could buy me a boat, it could buy me a truck to pull it It could buy me a Yeti 110 iced down with some silver bullets Yeah, and I know what they say, Money can’t buy everything Well, maybe so, But it could buy me a boat To float down on the water with a beer… I hear the Powerball Lotto is a-sitting’ on a hundred mill… Well, that would buy me a brand new rod and reel… And it could buy me a boat, it could buy me a truck to pull it It could buy me a Yeti 110 iced down with some Silver Bullets Yeah, and I know what they say, Money can’t buy everything Well, maybe so, But it could buy me a boat Yeah, and I know what they say, Money can’t buy everything Well, maybe so, But it could buy me a boat It could buy me a boat.","Chris DuBois, Chris Janson","Brent Anderson, Chris DuBois, Byron Gallimore, Chris Janson",132
Lose My Mind,Brett Eldredge,NA,2015,"You put me on a roller coaster, fly me on a plane You send me to another planet, get inside my brain I knew right when I met you I would never be the same But I let you take me over, girl, so I'm the one to blame, oh You… make all my screws come… loose Got me perfectly con… fused Always find a way to mess me up and drive me wild I love the way you make me lose my mind Lose my mind You make me crazy and I kinda like it You show me that apple, girl, and I wanna bite it So crazy that I gotta have it And I never wanna get out of this straitjacket You… make all my screws come… loose Got me perfectly con… fused Always find a way to mess me up and drive me wild I love the way you make me lose my… I feel the walls closing in inside this padded room Only good thing about it is I'm locked in here with you, yeah I'm always watching you, wondering what you'll do next But my favorite part about it is I always have to guess (you know I do) You… you make all my screws come… loose Got me perfectly con… fused Always find a way to mess me up and drive me wild I love the way you make me lose my mind Make me lose my mind Lose my mind","Ross Copperman, Brett Eldredge, Heather Morgan, Brian Burton, Thomas Callaway, Gian Franco Reverberi, Gian Piero Reverberi","Ross Copperman, Brett Eldredge",133
I'm To Blame,Kip Moore,NA,2015,"If it ain’t broke, you can bet that I’m gonna break it If there’s a wrong road, I’m damn sure gonna take it Where there’s smoke, my pocket lighter sparked the fire Where there’s blue lights, just read me my rights No, they don’t make guys like me, you get exactly what you see I come from a long line of bloodline that ain’t gonna change So, take your pistol pointing finger right off of the trigger I know where to aim, hell, I’m to blame Where there’s a love, I tell ya, girl, I love to hate it Where there’s a do not touch, my finger print done stained it Where there’s a train wreck, sit on back and watch me crash Where there’s a what, you say, damn right I said it No, they don’t make guys like me, you get exactly what you see I come from a long line of bloodline that ain’t gonna change So, take your pistol pointing finger right off of the trigger I know where to aim, hell, I’m to blame For breaking your heart, taking this living a little too hard Drinking too much and playing too loud, where there’s a scar I carved it out No, they don’t make guys like me, you get exactly what you see I come from a long line of bloodline that ain’t gonna change So, take your pistol pointing finger right off of the trigger I know where to aim, hell, I’m to blame","Kip Moore, Justin Weaver, Weston Davis",Brett James,134
Kick the Dust Up,Luke Bryan,NA,2015,"Kick the dust up Come on All week long it's a farming town They're making that money grow Tractors, plows with flashing lights Backin up a two lane road They take one last lap around That sun up high goes down And then it's on, come on, girl, kick it on back Z71 like a Cadillac We go way out where There ain't nobody We turn this cornfield Into a party Pedal to the floorboard Eight up in a four door Burnin up a back road song Park it and we pile out Baby, watch your step now Better have your boots on Kick the dust up Back it on up Fill your cup up Let's tear it up up And kick the dust up Bar downtown, they got a line Of people waiting out the door Ten dollar drinks, it's packed inside I don't know what they're waitin for Got me a jar full of clear And I got that music for your ear And it's like knock knock knock goes the diesel If you really wanna see the beautiful people We go way out where There ain't nobody We turn this cornfield Into a party Pedal to the floorboard Eight up in a four door Burnin up a back road song Park it and we pile out Baby, watch your step now Better have your boots on Kick the dust up Let's back it on up Fill your cup up Let's tear it up up And kick the dust up Just follow me down 'neath the 32 bridge Y'all be glad you did Kick it We go way out where There ain't nobody We turn this cornfield Into a party Pedal to the floorboard Eight up in a four door Burnin up a back road song Park it and we pile out Baby, watch your step now Better have your boots on Kick the dust up (kick the dust up) Back it on up Fill your cup up That's what's up up Let's kick the dust up","Dallas Davidson, Chris DeStefano, Ashley Gorley","Jeff Stevens, Jody Stevens",135
Real Life,Jake Owen,NA,2015,"Well I grew up in a real town Where the prom queen had a plastic crown And we really did just drive around ‘Cause there wasn't sh!t to do We didn't know we were real broke Daddy rolled them real smokes We drank RC, no real Coke But our neighbor had a pool We got green grass and two trees Whoa oh oh oh oh But it ain't like what's on TV Whoa oh oh oh oh This is real life in the real world We ain't talking to no models We got real girls We get real low, we get real high It ain't all good baby but it's all right Real life We got a dive bar With a real band, they play too loud And they're real bad But we're real bored so we still dance And we stay out way too late Hit the Waffle House for some real food But that waitress, she's real rude She got real problems but we do too so we tip her anyway That's just the way that it is Whoa oh oh oh oh That's just the way that we live Whoa oh oh oh oh This is real life in the real world We ain't talking to no models We got real girls We get real low, we get real high It ain't all good baby but it's all right Real life Yeah we're livin' real life We find real love, get real hurt Fall real hard, shake off the dirt Pray to God, let's make a deal I guess it just got real We get real low, we get real high It ain't all good baby but it's all right Real life This ain't no fairy tale, it's real life","Shane McAnally, Josh Osborne, Ashley Gorley, Ross Copperman","Shane McAnally, Ross Copperman",136
House Party,Sam Hunt,NA,2015,"You're on the couch, blowing up my phone You don't want to come out, but you don't want to be alone It don't take but two to have a little soirée If you're in the mood to sit tight right where you are, babe Cause I'll be at your door in ten minutes Whatever you got on, girl, stay in it You ain't gotta leave the house to have a good time I'm a bring the good time home to you We'll have a house party, we don't need nobody Turn your TV off, break that boom-box out We'll wake up all the neighbors til the whole block hates us And the cops show up and try to shut us down If you're gonna be a homebody We're gonna have a house party If you wanna be a homebody We're gonna have a house party Throw a neon tee shirt over the lamp shade I'll take the furniture, slide it out of the way Shaking the floor, rattling the roof (roof's on fire) We'll go to town like they're in your living room Let's have a house party, we don't need nobody Turn your TV off, break that boom-box out We'll wake up all the neighbors til the whole block hates us And the cops show up and try to shut us down If you're gonna be a homebody We're gonna have a house party If you wanna be a homebody We're gonna have a house party So I'll be at your door in ten minutes Whatever you got on, baby, stay in it You ain't gotta leave the house to have a good time I'm a bring the good time home to you We'll have a house party, we don't need nobody Turn your TV off, break that boom-box out We'll wake up all the neighbors til the whole block hates us And the cops show up and try to shut us down If you're gonna be a homebody We're gonna have a house party If you wanna be a homebody We're gonna have a house party","Sam Hunt, Zach Crowell, Jerry Flowers","Zach Crowell, Shane McAnally",137
Gonna Wanna Tonight,Chase Rice,NA,2015,"If you wanna climb a ladder on a water tower Then we'll kick it with the stars for a couple hours If you wanna then we're gonna get way up high If you wanna dip your toes where the water stops Then we'll let our feet hang off a fishin' dock If you wanna then we're gonna have to give it a try, that's right If you wanna go way out where there ain't nobody around And let your long hair get to fallin' down And let your red lips leave their mark all over mine If you wanna then we're gonna girl I hope you're gonna wanna tonight If you wanna then we're gonna girl I hope you're gonna wanna all night If you wanna catch a buzz and ride it til the mornin' Let's get two plastic cups and baby I'll get to pourin' It don't really matter if it's whiskey or wine, it's fine If you wanna go way out where there ain't nobody around And let your long hair get to fallin' down And let your red lips leave their mark all over mine Fill up the night air with the radio And put your hands wherever they wanna go Yeah, we're right there Girl just close your eyes If you wanna then we're gonna girl I hope you're gonna wanna tonight If you wanna then we're gonna girl I hope you're gonna wanna all night Gonna wanna get a little closer Gonna wanna slide it on over Gonna wanna Gonna wanna go out where there ain't nobody around And let your long hair get to fallin' down And let your red lips leave their mark all over mine Come on Fill up the night air with the radio And put your hands wherever they wanna go Yeah, we're right there Girl just close your eyes If you wanna then we're gonna girl I hope you're gonna wanna tonight If you wanna then we're gonna girl I hope you're gonna wanna all night Gonna wanna get a little closer Gonna wanna slide it on over Gonna wanna","Jon Nite, Jimmy Robbins, Shane McAnally",Chris DeStefano,138
Let Me See Ya Girl,Cole Swindell,NA,2015,"Yeah, you got every guy in here Spinnin' around, spillin' their beer I bet you came out to have a good time So what you say we leave your friends with mine? Oooh, oooh, yeah, they'll be alright Oooh, I just wanna see you shine Girl you're tearin' that dance floor up Let me see you do it in the bed of my truck You sure know how to shake it, alright Let me see you do it in the Tennessee moonlight Whoa, baby let's go, down a little road nobody else knows Just me and you parked on the edge of the world That's how I wanna see you, girl Yeah, let me see you, girl Whatcha think about takin' that chance? Takin' a ride, takin' my hand? Kickin' this crowd, ditchin' this club? This night's been waitin' on us Oooh, oooh, save your best moves Oooh, yeah, til I get us where we're gettin' to Girl you're tearin' that dance floor up Let me see you do it in the bed of my truck You sure know how to shake it, alright Let me see you do it in the Tennessee moonlight Whoa, baby let's go, down a little road nobody else knows Just me and you parked on the edge of the world That's how I wanna see you, girl I could see you gettin' my tailgate rockin' Movin' your hips like wind moves cotton You could get the whole wide country side hoppin' Oooh, oooh, bring the beat back Oooh, oooh, aww, come on with me, girl Yeah, you're tearin' that dance floor up Let me see you do it in the bed of my truck You sure know how to shake it, alright Let me see you do it in the Tennessee moonlight Whoa, baby let's go, down a little road nobody else knows Just me and you parked on the edge of the world That's how I wanna see you, girl Yeah, let me see you, girl Come on, come on, come on, let me see you, girl","Cole Swindell, Michael Carter, Jody Stevens",Michael Carter,139
Going Out Like That,Reba McIntire,NA,2015,"It's been awhile since she put that red dress on and slip into those high heels She's got a couple of guys blowing up her phone and she loves the way that feels You'd never know she was going through a break up There ain't a single tear messing up her make up He thought she'd be sitting home crying, but she ain't goin' out like that. She's had enough of feeling like dying, she ain't goin' out like that. Everybody, here comes the life of the party, yeah, she is. He might have left her brokenhearted, but she ain't goin' goin out like that. She's got her hands up dancin' like the floors on fire. Yeah she's the hottest thing in here. Guess she finally got tired of being sick and tired. Now she's lookin like she don't care. She was hurting, well she must've forgot. She's smiling while she's throwing back shots. He thought she'd be sitting home crying, but she ain't goin' out like that. She's had enough of feeling like dying, she ain't goin' out like that. Everybody, here comes the life of the party, yeah, she is. He might have left her brokenhearted, but she ain't goin' goin out like that. He thought she'd be sitting home crying, but she ain't goin' out like that. She's had enough of feeling like dying, she ain't goin' out like that. Everybody, here comes the life of the party, yeah, she is. He might have left her brokenhearted, but she ain't goin' goin out like that. Everybody, here comes the life of the party Everybody, here comes the life of the party, yeah, she is.","Rhett Akins, Ben Hayslip, Jason Sellers",Tony Brown,140
Nothin Like You,Dan + Shay,NA,2015,"Mmm I remember when I first met you Sipping coffee in a corner booth You were twirling your hair And I just had to stare For a minute or two I was laughing at your stack of books Then you shot me that smile Hey beautiful girl, in your own little world Let me in it You got all of my attention And you ain't even trying Yeah, you're my kind of different And I never seen nothin' Nothin' like you Shades on spinning in a summer rain Dancing when there ain't no music Just the right kind of crazy, baby Something about you Rockin' that rock 'n roll t-shirt Whole party dressed up But you just doin' your thing Ain't nobody ever seen nothin' like you When you're wearing them worn out jeans Purple untied shoestrings You're a light in the dark And you're stealing my heart like a gypsy I love the way that you kiss me In front of everybody So baby come and kiss me They ain't ever seen nothin' Nothin' like you Shades on spinning in a summer rain Dancing when there ain't no music Just the right kind of crazy, baby Something about you Rockin' that rock 'n roll t-shirt We're at a party dressed up But you just doing your thing Ain't nobody ever seen nothin' like you, yeah Nothin' like you Shades on spinning in a summer rain Dancing when there ain't no music Nothin' like you Rockin' that rock 'n roll t-shirt We're at a party dressed up But you just doing your thing Ain't nobody ever seen nothin' like you, yeah Never seen, never seen nothin' like you Ain't never seen anything like you Mmm Never seen nothin' like you","Dan Smyers, Shay Mooney, Chris DeStefano, Ashley Gorley",Chris DeStefano,141
John Cougar John Deere John 3:16,Keith Urban,NA,2015,"I'm a 45 spinning on an old Victrola I'm a two strike swinger, I'm a Pepsi Cola I'm a blue jean quarterback saying ""I love you"" to the prom queen In a Chevy I'm John Wayne, Superman, California I'm a Kris Kristofferson Sunday morning I'm a mom and daddy singing along to Don McLean At the levee And I'm a child of a backseat freedom, baptized by rock and roll Marilyn Monroe in the Garden of Eden, never grow up, never grow old Just another rebel in the great wide open on the boulevard of broken dreams And I learned everything I needed to know from John Cougar, John Deere, John 3: 16 Hey, hey Everything I needed That's right I'm Mark Twain on the Mississippi I'm Hemingway with a shot of whiskey I'm a TV dinner on a tray trying to figure out the Wheel of Fortune I'm a Texaco star, I'm a Gibson guitar I'm still a teenage kid trying to go too far I'm a jukebox waiting in a neon bar for a quarter And I'm a child of a backseat freedom, baptized by rock and roll Marilyn Monroe in the Garden of Eden, never grow up, never grow old Just another rebel in the great wide open on the boulevard of broken dreams And I learned everything I needed to know from John Cougar, John Deere, John 3: 16 I spent a lot of years running from believing, looking for another way to save my soul The longer I live, the more I see it: there's only one way home And I'm a child of a backseat freedom, baptized by rock and roll Marilyn Monroe in the Garden of Eden, never grow up, never grow old Just another rebel in the great wide open on the boulevard of broken dreams And I learned everything I needed to know from John Cougar, John Deere, John 3: 16 And I'm a child of a backseat freedom, baptized by rock and roll Marilyn Monroe in the Garden of Eden, never grow up, never grow old Just another rebel in the great wide open on the boulevard of broken dreams And I learned everything I needed to know from John Cougar, John Deere, John 3: 16","Shane McAnally, Ross Copperman, Josh Osborne","Dann Huff, Keith Urban",142
Break Up With Him,Old Dominion,NA,2015,"Hey girl, what's up? I know it's late, but I knew you'd pick it up Naw, I ain't drunk Okay, maybe I do have a little buzz but That song came on and I just thought what harm could come from one little call? I know you say you're taken, but I say girl you're taking too long To tell him that it's over Then bring it on over Stringing him along any longer girl, it's just wasting precious time Girl, you know it can't wait Rip it off just like a band-aid The way you look at me, girl, you can't pretend I know you ain't in love with him, break up with him I know, you don't wanna break his heart, but that ain't no good reason to be keeping us apart look, just tell him, it's you, it ain't him, and maybe you can lie to him and say you'll still be friends Whatever you got to say to get through to him that you ain't in love C'mon you can't deny that you and I kinda fit like a glove So tell him that it's over Then bring it on over Stringing him along any longer girl, it's just wasting precious time Girl, you know it can't wait Rip it off just like a band-aid It ain't my business to be all up in, but I know you ain't in love with him, break up with him I know that you're so done with him, break up with him, break up with him You would've hung up by now if you weren't thinking it too No pressure, whatever, just do what you gotta do, but if I was you I'd tell him that it's over Then bring it on over Stringing him along any longer girl, it's just wasting precious time Girl, you know it can't wait Just rip it off like a band-aid Yeah, I know I said it, but I'll say it again, I know you ain't in love with him, break up with him The way you look at me, girl, you can't pretend, I know you ain't in love with him, break up with him, yeah Just break up with him","Matthew Ramsey, Trevor Rosen, Whit Sellers, Geoff Sprung, Brad Tursi",Shane McAnally,143
Long Stretch of Love,Lady Antebellum,NA,2015,"You're hit then miss You're fire and ice You're water and whisky burn We kiss we fight Make up all night You're the blessing and the curse But I don't ever wanna break this chain I don't ever wanna walk away Cause I ain't ever gonna find another lover Make me feel this way Over and over and over we say that we're through But I come right back to you [Chorus:] There's a long stretch of love Coming down the line I'm your rock that won't ever roll And baby you'll be mine I'll be right here beside you If these good times get tough Baby we're in for a long stretch of love You lift me up You bring me down You make me feel alive You send my heart in overdrive Every time you kill the lights Over and over and over we play this game Win or lose we'll never change [Chorus:] There's a long stretch of love Coming down the line I'm your rock that won't ever roll And baby you'll be mine I'll be right here beside you If these good times get tough Baby we're in for a long stretch of love Oh, long stretch of love Oh, long stretch of love Oh, long stretch of love Over and over and over we play this game Win or lose we'll never change [Chorus:] There's a long stretch of love Coming down the line I'm your rock that won't ever roll And baby you'll be mine I'll be right here beside you If these good times get tough Baby we're in for a long stretch of love Oh, long stretch of love Oh, long stretch of love Oh, long stretch of love Oh, baby I don't ever wanna break this chain I don't ever wanna walk away Oh, long stretch of love","Hillary Scott, Charles Kelley, Dave Haywood, Josh Kear","Nathan Chapman, Hillary Scott, Charles Kelley, Dave Haywood",144
Stay A Little Longer,Brothers Osborne,NA,2015,"Something like a strong wind is coming over me It's got a hold of me, yeah Thinking and doing things I shouldn't be I really shouldn't be Give it one more call It's one more ""whatcha doin right now?"" It's one more trip to my side of town and you walk right in One more here we go again One more drink leads to another You slide up close to me Tear the t-shirts off each other Your hands all over me I tell myself I'm not in love But one more time is not enough One last kiss and then you're a goner And I'm here wishing you could stay a little longer So calm and so cool, yeah I try to be Like it don't bother me The last time was the last time Until I'm all alone and I'm picking up the phone One more call It's one more ""whatcha doin right now?"" It's one more trip to my side of town and you walk right in One more here we go again One more drink leads to another You slide up close to me Tear the t-shirts off each other Your hands all over me I tell myself I'm not in love But one more time is not enough One last kiss and then you're a goner And I'm here wishing you could stay a little longer One more drink leads to another You slide up close to me Tear the t-shirts off each other Your hands all over me I tell myself I'm not in love But one more time is not enough One last kiss and then you're a goner And I'm here wishing you could stay a little longer Stay a little longer Wishing you could stay a little longer...","John Osborne, T. J. Osborne, Shane McAnally",Jay Joyce,145
Run Away With You,Big & Rich,NA,2015,"Sometimes it feels just like you're so far away We don't take the time to say the thing we used to say And I can't remember the last time together lost in each other's eyes And it just ain't right Come on baby let's leave tonight I just wanna run, I just want to run away with you And live wide open Set Em On fire, crazy like we used to do It don't matter where we're going Up on a mountain, down by the beach side Till we find the love that we fell into Hey, I just wanna run, I just want to run away with you I just want to run away with you I miss your midnight kiss and loving you all night long This life's like a rip tide and we're barely hanging on Caught up in the worry, and always in a hurry and losing what we're all about Lets slow it down Take our love and get out of this town I just wanna run, I just want to run away with you And live wide open Set Em On fire, crazy like we used to do It don't matter where we're going Up on a mountain, down by the beach side Till we find the love that we fell into Hey, I just wanna run, I just want to run away with you I just want to run away with you I want to lay you down with nothing but the sound of my name on your lips We can let it all go and move real close and find that place again I just wanna run, I just want to run away with you And live wide open Set Em On fire, crazy like we used to do It don't matter where we're going Up on a mountain, down by the beach side Till we find the love that we fell into Hey, I just wanna run, I just want to run away with you I just want to run away with you","John Rich, Michael Ray","Big Kenny, John Rich",146
Burning House,Cam,NA,2015,"I had a dream about a burning house You were stuck inside, I couldn't get you out I laid beside you and pulled you close And the two of us went up in smoke Love isn't all that it seems I did you wrong I'll stay here with you until this dream is gone I've been sleepwalking, been wandering all night Trying to take what's lost and broke and make it right I've been sleepwalking too close to the fire But it's the only place that I can hold you tight In this burning house See you at a party and you look the same I could take you back but people don't ever change Wish that we could go back in time I'd be the one you thought you'd find Love isn't all that it seems I did you wrong I'll stay here with you until this dream is gone I've been sleepwalking, been wandering all night Trying to take what's lost and broke and make it right I've been sleepwalking too close to the fire But it's the only place that I can hold you tight In this burning house The flames are getting bigger now In this burning house I can hold on to you somehow In this burning house Oh, and I don't wanna wake up In this burning house And I've been sleepwalking, been wandering all night Trying to take what's lost and broke and make it right I've been sleepwalking too close to the fire But it's the only place that I can hold you tight In this burning house","Cam, Jeff Bhasker, Tyler Johnson","Jeff Bhasker, Tyler Johnson",147
Anything Goes,Florida Georgia Line,NA,2015,"Alabama on the boombox, baby ‘Bout to get a little boondock crazy Big stars breaking out through the indigo Chevy wind comin in, in stereo Tail lights disappearin' 'bout a mile or so Down the county road Phone blowing up ""where you is?"" Baby sayin' ""baby, let's do this"" Rocket in a bottle with the fuse lit Bout to lift it off, I'm bout to twist it off [Chorus:] Lime on the rim of that dixie silver Smokin up a faded out 4x4 Girls headin off to the river, yeah Victoria's Secret ain't a secret no more I brought the songs and who brought the party Only one way to do it up right Everybody goes where eveybody knows That anything goes on a Friday night Get your party right, it's a Friday night Get your party right, it's a Friday night Well baby you ain't nothin' but a masterpiece Swaying and sippin' that Dos Equis Losin' yourself in the big loud beat Nothin' but heat, come on Somebody's rockin' that bang box Everybody's hittin' that sweet spot Nobody mindin' that tick tock Gettin' all locked in with all my friends [Chorus:] Lime on the rim of that dixie silver Smokin up a faded out 4x4 Girls headin off to the river, yeah Victoria's Secret ain't a secret no more I brought the songs and who brought the party Only one way to do it up right Everybody goes where eveybody knows That anything goes on a Friday night Get your party right, it's a Friday night Get your party right, it's a Friday night [Bridge x2:] Alabama on the boombox baby Bout to get a little boondock crazy Hop on, it's a helluva ride Cause anything goes on a Friday night [Chorus:] Lime on the rim of that dixie silver Smokin up a faded out 4x4 Girls headin off to the river, yeah Victoria's Secret ain't a secret no more I brought the songs and who brought the party Only one way to do it up right Everybody goes where eveybody knows That anything goes on a Friday night Get your party right, it's a Friday night Get your party right, it's a Friday night","Felix McTeigue, Chris Tompkins, Craig Wiseman",Joey Moi,148
Save It For A Rainy Day,Kenny Chesney,NA,2015,"It's no secret that lately there ain't no escaping That I've been waking up alone Just me and the TV and a sinking feeling That you ain't ever coming home But today the tears ain't gonna hit the floor Cause the boat's in the bay and it's calling my name So I'm headed on out the door Cause the sun's too bright, the sky's too blue Beer's too cold to be thinking bout you Gonna take this heartbreak and tuck it away Save it for a rainy day When I turned the ignition I knew I'd been missing The feel of the wind on my face I was stuck in a habit of wondering what happened, Too busy taking all the blame But a drink or two is a foolproof remedy It's a beautiful world with a beautiful girl Kinda making eyes at me Cause the sun's too bright, the sky's too blue Beer's too cold to be thinking bout you Gonna take this heartbreak and tuck it away Save it for a rainy day Yeah, the music's too good, my friends are all out And they're all too high to be bringing 'em down If they ask about you, I've got nothing to say I'll save it for a rainy day There'll be plenty of time for what if's and why's And how'd I let you get away But the lying in bed all stuck in my head Is just gonna have to wait Cause the sun's too bright, the sky's too blue Beer's too cold to be thinking bout you Gonna take this heartbreak and tuck it away Save it for a rainy day Yeah, the music's too good, my friends are all out And they're all too high to be bringing 'em down If they ask about you, I've got nothing to say I'll save it for a rainy day Gonna take this heartbreak and tuck it away Save it for a rainy day Save it for a rainy day","Andrew Dorff, Matthew Ramsey, Brad Tursi","Buddy Cannon, Kenny Chesney",149
I'm Comin Over,Chris Young,NA,2015,"We say ""goodbye, see you around"" We turn our backs then turn back around We break up, we make up, and we make love We can't seem to let go, girl So I'm comin' over, runnin' every red light To hell with the closure - save it for another time Try not to think about you, but it ain't workin' Why put out a fire when it's still burnin' Just when I think movin' on is getting closer I'm comin' over I'm all alone, but you're on my phone Tellin' me you miss me and that you're at home Who knows what we are in the morning All I know is I want you So I'm comin' over, runnin' every red light To hell with the closure - save it for another time Try not to think about you, but it ain't workin' Why put out a fire when it's still burnin' Just when I think movin' on is getting closer I'm comin' over Ooooh, I'm comin' over Yeah, we said that we're done and I know that it's late But you already know I'm on my way I'm comin' over, runnin' every red light To hell with the closure - save it for another time Try not to think about you, but it ain't workin' Why put out a fire that's burnin' I'm comin' over, runnin' every red light To hell with the closure - save it for another time Try not to think about you, but it ain't workin' Why put out a fire when it's still burnin' Just when I think movin' on is getting closer I'm comin' over Ooooh, I'm comin' over","Corey Crowder, Josh Hoge, Chris Young","Chris Young, Corey Crowder",150
Already Callin' You Mine,Parmalee,NA,2015,"I barely know you, you barely know me, We ain't but two slow dances into this thing. Come one and sit down, I'll order us a round. I want to know everything. Girl, where's your hometown? Are those your momma's eyes? What are you doing for the rest of your life? Cause I'm already thinking bout you and me getting out of here and taking a drive. Just slide a little closer, put your head on my shoulder like this ain't our first time. Girl, don't worry bout holdin' on tight cause I'm already calling, I'm already calling you mine. Whoa, whoa. I know that there's a chance, I'm thinking too fast. Tell me, tell me am I right or am I reading this wrong? They'll play the last song, the lights will come on, that don't mean we can't take the long way home, home, home. Cause I'm already thinking bout you and me getting out of here and taking a drive. Just slide a little closer, put your head on my shoulder like this ain't our first time. Girl, don't worry bout holdin' on tight cause I'm already calling, I'm already calling you mine. If you like the way that sounds, we can leave this place right now, right now. Cause I'm already thinking bout you and me getting out of here and taking a drive. Just slide a little closer, put your head on my shoulder like this ain't our first time. Girl, don't worry bout holding on tight cause I'm already calling, I'm already calling you mine. Whoa, whoa. I'm already calling you mine. Whoa, whoa.","Matt Thomas, Scott Thomas, Barry Knox, Phil O'Donnell, Wade Kirby",New Voice Entertainment,151
"""21""",Hunter Hayes,NA,2015,"Well, it's your birthday Let's act like it is And just go crazy Do what we want with no reason why Life ain't long enough So let's celebrate And get drunk on good love Remember what it's like to just dance all night We'll dance all night [Chorus:] That's the way that we're doing it, doing it We go big or we go back home People looking at us like we're losing it, losing it But, baby, we ain't doing nothing wrong Gonna be up all night Chasing the sunrise Like we're wild and young Baby, kids on the run Gonna party like we just turned 21 Let's treat this town Like we own it And baby, if you wanna get out You can drive this car like you stole it Like we're runaways, like we're superstars Like we're fireworks burning in the dark [Chorus] Ain't nobody wants to act their age Ain't no sense in us living this way You and I, girl, we gotta get away And make tonight the best night of our lives [Chorus] Oh, we just having fun Yeah","Dallas Davidson, Kelley Lovelace, Ashley Gorley, Hunter Hayes","Dann Huff, Hunter Hayes",152
I Got The Boy,Jana Kramer,NA,2015,"I saw your picture in a paper, Honeymoon in Jamaica, she's a lucky girl You look so grown up in your black tux, from a ball cap in a pick up, seems like another world You and me and our big dreams, falling in love We were two kids in the backseat, all fearless and young I got the first kiss and she'll get the last She's got the future, and I got the past I got the class ring, she got the diamond and wedding band I got the boy, and she got the man Yeah there's the old you that I knew, Fake IDs to get into those spring break bars Back woods on a four wheel, hanging on tight, I can still feel my racing heart And now you're cleaned up with a hair cut, nice tie and shoes If things were different and I had a choice, which would I choose? I got the first kiss and she'll get the last She's got the future and I got the past I got the class ring, she got the diamond and wedding band I got the boy and she got the man I got the first kiss and she’ll get the last We each got something, the other will never have I got the long hair, hot head She got the cool and steady hand I got the boy and she got the man I got the boy and she got the man","Connie Harrington, Tim Nichols, Jamie Lynn Spears",Scott Hendricks,153
Top of the World,Tim McGraw,NA,2015,"We could have a little double wide planted in an empty field We could have a big old white picket wrap around on a hill Don't make a difference to me baby, where the wind takes me, long as I'm with you girl We could have something or nothing, still be sitting on top of the world Cause when you got love, like we got love I'm holding on to heaven, holding on to you When you got one, like I got one Anyway you looking, it's a hell of a view Don't know where we're gonna be But I know we're gonna be Sitting on top of the world So keep hanging on to me Yeah, don't you wanna be Sitting on top of the world Top of the world We could be rolling on a couple of Goodyear's and painted rust We could be strolling barefoot in the sand, in the setting sun Yeah, any way you kiss me, flips me and gets me the right kind of tipsy, girl We could be somewhere or nowhere and still be sitting on top of the world Cause when you got love, like we got love I'm holding on to heaven, holding on to you When you got one, like I got one Anyway you looking, it's a hell of a view Don't know where we're gonna be But I know we're gonna be Sitting on top of the world So keep hanging on to me Yeah, don't you wanna be Sitting on top of the world Top of the world Top of the world Cause when you got love, like we got love I'm holding on to heaven, holding on to you When you got one, like I got one Anyway you looking, it's a hell of a view Cause when you got love, like we got love I'm holding on to heaven, holding on to you When you got one, like I got one Anyway you looking, it's a hell of a view Don't know where we're gonna be But I know we're gonna be Sitting on top of the world So keep hanging on to me Yeah, don't you wanna be Sitting on top of the world Top of the world Cause when you got love, like we got love Sitting on top of the world","Josh Osborne, Jimmy Robbins, Jon Nite","Byron Gallimore, Tim McGraw",154
Gonna,Blake Shelton,NA,2015,"I'm gonna take you for a date Take you for a ride Gonna get you over there on the passenger side I'm gonna put the radio on your favorite song I'm gonna crank it on up and get you singing along Hey, hey (Hey, hey) Alright (alright) Girl I'm diggin' on hittin' on you tonight It ain't a maybe, it's hopin' I'm wishin' I wanna It's a damn right Hold you tight, baby I'm gonna So what's it gonna take? What's it gonna be? We can pump it on the boulevard Or kick it in the country Me and you, you and me, Money back, guaranteed Love you every night in Daytona, I'm gonna Hey, hey (Hey, hey) Alright (alright) Girl I'm diggin' on hittin' on you tonight It ain't a maybe, it's hopin' I'm wishin' I wanna It's a damn right Hold you tight, baby I'm gonna Love ya all night long Till the crickets stop chirpin' Girl I ain't just flirting, I'm certain I'm working on a long term plan Gonna be your man Gonna put a little rock steady on your hand Hey, hey (Hey, hey) Alright (alright) Girl I'm diggin' on hittin' on you tonight It ain't a maybe, it's hopin' I'm wishin' I wanna It's a damn right Hold you tight, baby I'm gonna Hey, hey (Hey, hey) Alright (alright) Girl I'm diggin' on hittin' on you tonight It ain't a maybe, it's hopin' I'm wishin' I wanna It's a damn right Hold you tight, baby I'm gonna Hey hey (Hey hey) Alright (alright)","Luke Laird, Craig Wiseman",Scott Hendricks,155
Strip It Down,Luke Bryan,NA,2015,"Let it fade to black Let me run my fingers down your back Lets whisper, let’s don’t talk Baby, leave my T-shirt in the hall Like a needle finds a groove, Baby, we’ll remember what to do To drown out every distraction, It’s time we made it happen Strip it down, strip it down Back to you and me like it used to be When it was an old back road with an old school beat Cowboy boots by your little bare feet Let it out, tell me right now Everything I need in them white cotton sheets Dirty dance me slow in the summertime heat Feel my belt turn loose from these old blue jeans We both know that we lost it somehow Let’s get it found Strip it down, down, down I wanna drop this cell phone now And let it shatter on the ground They ain’t holdin’ nothin’ these two hands Until they’re holding you again Oh, strip it down, strip it down Back to you and me like it used to be When it was an old back road with an old school beat Cowboy boots by your little bare feet Let it out, tell me right now Everything I need in them white cotton sheets Dirty dance me slow in the summertime heat Feel my belt turn loose from these old blue jeans We both know that we lost it somehow Let’s get it found Strip it down, down, down Strip it down, down, down I don’t wanna let you go No, not tonight I just wanna love you so bad, baby So lets close our eyes And strip it down, strip it down Back to you and me like it used to be When it was an old back road with an old school beat Cowboy boots by your little bare feet Let it out, tell me right now Everything I need in them white cotton sheets Dirty dance me slow in the summertime heat Feel my belt turn loose from these old blue jeans We both know that we lost it somehow Let’s get it found Strip it down, down, down","Luke Bryan, Jon Nite, Ross Copperman","Jeff Stevens, Jody Stevens",156
Dibs,Kelsea Ballerini,NA,2015,"I know everybody wants you That ain't no secret Hey baby what's your status? And tell me are you trynna keep it? Well, they can all back off 'Cause I know what I want And while I've got your attention Did I mention: If you got a kiss on your lips that you're looking for somebody to take (hey) If you got a heart that ain't afraid of love ain't afraid to break (hey) If you've got a Friday night free and a shotgun seat Well I'm just saying, I ain't got nowhere to be So baby I'll take whatever it is you've got to give Yeah I'm calling dibs On your lips On your kiss On your time Boy, I'm calling dibs On your hand On your heart All mine Make everybody jealous When I take you off the market And get my lipstick on your right cheek 'Cause boy I've got to mark it Oooh So they can all back off Yeah 'Cause I know what I want And while I've got you listening Come on and show me what I'm missing Yeah If you got a kiss on your lips that you're looking for somebody to take (hey) If you've got a heart that ain't afraid to love ain't afraid to break (hey) If you've got a Friday night free and a shotgun seat Well I'm just saying I ain't got nowhere to be So baby I'll take whatever it is you've got to give Yeah, I'm calling dibs If you've got a kiss on your lips that you're looking for somebody to take Hey, if you've got a heart that ain't afraid to love ain't afraid to break Heyyy, if you've got a Friday night free and a shotgun seat Well I'm just saying I ain't got nowhere to be So baby I'll take whatever it is you've got to give Yeah I'm calling dibs On your lips On your kiss On your time Boy, I'm calling dibs On your hand On your heart All mine Yeah, boy I'm calling dibs On your lips On your kiss On your time Boy, I'm calling dibs On your hand On your heart All mine, yeah I'm calling dibs on your lips, on your kiss on your time, boy I'm just trynna make you mine, boy Ooooh Dibs","Kelsea Ballerini, Josh Kerr, Ryan Griffin, Jason Duke","Jason Massey, Forest Glen Whitehead",157
Gonna Know We Were Here,Jason Aldean,NA,2015,"You got the gas, I got the matches We gonna turn this town to ashes Cause they ain't never seen nothing like us Ain't heard loud till we turn it up I got the wild, you got the crazy You know that's why I love you, baby Cause your motor runs just as fast as mine Pedal to the metal, keep your throttle down all night And we only get one life Ain't scared to ride this train Make a few marks, leave a few stains Might slam just a little too hard Might take it just a little too far Might burn out like a firework Like a shooting star across the sky And we may not be around in 20 years But they're sure gonna know we were here Yeah, they're sure gonna know we were here People talk, girl, you know damn well When they got a good tale to tell Let's give 'em something they ain't never seen A little rated R redneck dream Let's blaze a trail through the dirty south Or give them something they can talk about A little story that they won't forget Long after we ride off into the sunset, baby 'Cause we ain't dead yet, baby Ain't scared to ride this train Make a few marks, leave a few stains Might slam just a little too hard Might take it just a little too far Might burn out like a firework Like a shooting star across the sky Yeah we may not be around in 20 years But they're sure gonna know we were here We only get one chance around This runaway roller coaster train And it ain't slowing down So baby they're gonna remember our name Ain't scared to ride this train Make a few marks, leave a few stains Might slam just a little too hard Might take it just a little too far Might burn out like a firework Like a shooting star across the sky Yeah, we may not be around in 20 years No, we may not be around in 20 years But they're sure gonna know we were here Yeah, they're sure gonna know we were here","Brett Beavers, Brett James",Michael Knox,158
Smoke Break,Carrie Underwood,NA,2015,"She's a small-town, hard-working woman just trying to make a living Working three jobs, feeding four little mouths in a run-down kitchen When you never taking nothing and doing nothing but giving It's hard to be a good wife and a good mom and a good Christian She said, ""I don't drink"" ""But sometimes I need a stiff drink"" ""Sipping from a highball glass"" ""Let the world fade away"" She said, ""I don't smoke"" ""But sometimes I need a long drag"" ""Yeah, I know it might sound bad"" ""But sometimes I need a smoke break"" He's a big-city, hard-working man just trying to climb the ladder First generation to go to college instead of driving a tractor Never had nothing handed to him on a silver platter It's hard to be a good man, good son, do something good that matters He said, ""I don't drink"" ""But sometimes I wanna pop that top"" ""Take a swig and make the world stop"" ""And watch it fade away"" He said, ""I don't smoke"" ""But sometimes I wanna light it up"" ""Yeah, when things get tough"" ""Sometimes I need a smoke break, yeah"" So here's to you and here's to when the day gets long Go ahead, I understand if you wanna take a load off I don't drink But sometimes I need a stiff drink Sipping from a highball glass Let the world fade away Yeah, and I don't smoke But sometimes I need a long drag Yeah, I know it might sound bad But sometimes I need a, sometimes I need a When the day gets long When the work's all done When the sun sets When you need to forget Grab that cup, Fill it up Sip it slow And let it all go","Carrie Underwood, Chris DeStefano, Hillary Lindsey",Jay Joyce,159
I Love This Life,LoCash,NA,2015,"I love my boots broke in, I love my Camo hat Don't mind a little paint on my jeans, yeah I roll like that I love driving my truck across the railroad tracks If you hit it too quick, it'll hit ya right back I love a fresh cut field with a first frost on How it shines like gold when the sun turned on I love the sound of them wheels with my baby singing along When ""The Boys Of Summer"" comes on [Chorus:] I love my small-town world, I love a country girl I love a Friday night Man, I love this life The sound of an ol' dirt road Rollin' through my mind Man, I love, man, I love, Man, I love this life I Love that county line bar where they all know my drink The way she throws her hands up when that cover band plays I love that taste of her lips when she's been sipping that wine I still get drunk on her every time [Chorus:] I love my small-town world, I love a country girl I love a Friday night Man, I love this life The sound of an ol' dirt road Rolling through my mind Man, I love, man, I love, Man, I love this life Oh-o-o-o-oh Man, I love this life Oh-o-o-o-oh Man, I love this life (I love this life, I love this life, I love this life) I love that ragged old barn that my grandpa made It was my whole world back in my innocent days I love that little white church, out on 109 It's where I hit my knees and I thank the Lord for this life of mine","Danny Myrick, Chris Janson, Chris Lucas, Preston Brust",Lindsay Rimes,160
Live Forever,The Band Perry,NA,2015,"I was dreaming of war Saw that I wouldn't die Was dreaming of shores That my ship would fight I was dreaming because It made me feel so alive Was dreaming it all From my bed last night You will be my only one Hold my hand so we can run You and I, we're staying young, yeah We're gonna live, we're gonna live forever This time, I want it all I want it right now, feel the fall Go, go crazy, go, go, go crazy We're gonna live, we're gonna live forever This time, I want it all I want it right now, wanna feel the fall Go, go crazy, go, go, go crazy We're gonna live, we're gonna live forever I was feeling a storm, But it wasn't outside Was feeling a force I'm electrified I was feeling my heart There was thunder inside Was feeling it all From my bed last night You will be my only one Hold my hand so we can run You and I, we're staying young, yeah We're gonna live, we're gonna live forever This time, I want it all I want it right now, feel the fall Go, go crazy, go, go, go crazy We're gonna live, we're gonna live forever This time, I want it all I want it right now, wanna feel the fall Go, go crazy, go, go, go crazy We're gonna live, we're gonna live forever All the things that I don't know All the dreams that I've been shown All the ways that it could end Tonight close your eyes We're gonna live, we're gonna live forever This time, I want it all I want it right now, feel the fall Go, go crazy, go, go, go crazy We're gonna live, we're gonna live forever This time, I want it all I want it right now, wanna feel the fall Go, go crazy, go, go, go crazy We're gonna live, we're gonna live forever...","Kimberly Perry, Reid Perry, Neil Perry, Jenna Andrews, Nadir Khayat, Jakke Erixson, Karl-Ola Kjellholm","Dann Huff, RedOne",161
Little Bit of You,Chase Bryant,NA,2015,"I hope that I ain't callin' too late baby Hope you ain't closed those pretty blue eyes Have you looked out of your window lately? That moon's taken up half of that sky Whoa, whoa! I'm a little bit restless Can't get you off of my mind Oh! I could use a little bit of your sweet kiss Your lips on a night like this I don't wanna be lonely with the stars all out Need you here to help me or I might lose count I could use a little bit of you right now A little bit of you right now Got my wheels pulling off that highway My headlights pointing down your street I got your song cranked up on the radio But you ain't singing sitting next to me, yeah Whoa, whoa! Girl I need you now Walk on out! I could use a little bit of your sweet kiss Your lips on a night like this I don't wanna be lonely with the stars all out Need you here to help me or I might lose count I could use a little bit of you right now Yeah Oh, I could use a little bit of your heartbeat on mine Your head on my chest all night long I could use a little bit of your sweet kiss Your lips on a night like this I don't wanna be lonely with the stars all out Need you here to help me or I might lose count I could use a little bit of your love, your smile That thing you do that drives me wild Your kiss, your touch I could use a little, I could use a little bit of you right now I wanna put my arms around a little bit of you right now","Chase Bryant, Derek George, Ashley Gorley",Derek George,162
(This Ain't No) Drunk Dial,A Thousand Horses,NA,2015,"Girl, don't hang up, I called on purpose Yeah, I've had a few, hell I'm hurtin' Our song came on the radio I could hear you singin' along So I took the long way home So I could listen to it all Sounds like ohhhh ohh ohh woah oh oh It sounds like ohhhh ohh ohh woah oh oh This ain't no drunk dial Ain't no words that I'll forget In the mornin' Still mean everything I said I know it's late and I ain't called in a while But this ain't no drunk dial We ain't gotta talk about what happened But I'll take the blame if you want me to have it Somewhere in this full moon night There's a way to make this whole thing right If you leave the front door open I'll be there before you know it This ain't no drunk dial Ain't no words that I'll forget In the mornin' Still mean everything I said I know it's late and I ain't called in a while But this ain't no drunk dial This ain't no drunk dial This ain't courage from a bottle It's just one last shot to give it all we got, yeah Sounds like ohhhh ohh ohh woah oh oh It sounds like ohhhh ohh ohh woah oh oh But this ain't no drunk dial Ain't no words that I'll forget In the mornin' Still mean everything I said I know it's late and I ain't called in a while But this ain't no drunk dial This ain't no drunk dial This ain't no drunk dial This ain't no drunk dial It sounds like ohhhh ohh ohh woah oh oh","Michael Hobby, Corey Crowder, Neil Mason, Cale Dodds",Dave Cobb,163
We Went,Randy Houser,NA,2015,"Black pontiac with a pocket of cash Foot on the gas ready and throwing up a little dust Like a pick up truck does in the mud but ain't nobody slowing' us down right now She said I need a little something with some get up and go And nobody knows how to get me going Quite like you do when you doin' the things that you do Wanna give this sleepy podunk town something to talk about We went taillights fading from some blue lights chasing Cut a path through the corn off County Road 44, Tore up a fence, jumped in a ditch, felt so good We didn't want it to end so we went Looking for a dive just to kill some time Let the heat cool off we could do us some dancin' Didn't take long, just a couple of songs You know it's last call when the law comes walkin' in So we went taillights fading from some blue lights chasing Cut a path through the corn off County Road 44, Tore up a fence, jumped in a ditch, felt so good We didn't want it to end so we went Rocking to the radio, fogging up the windows Headlights off In a spot nobody else knows We went taillights fading from some blue lights chasing Cut a path through the corn off County Road 44, Tore up a fence, jumped in a ditch, felt so good We didn't want it to end Black pontiac with a pocket of cash Foot on the gas ready and throwing up a little of dust Like a pick up truck does in the mud but ain't nobody slowing' us down right now","Justin Wilson, Matt Rogers, John King",Derek George,164
Country Nation,Brad Paisley,NA,2015,"We work in the factories and the fields Assembly lines, the coal mines And the steel mills That's what we do but there's more to us than that If you wanna know who we are It's on the logos of our caps We're Mountaineers, we're Volunteers We're the Tide that rolls, we're Seminoles We're a herd of Longhorn steer We drive Ford and Chevrolet Cheer 24 and 88 We crank up our music Friday nights On two thousand country stations Yeah, we're one big country nation, that's right We might fix your water pump or your AC Bring your apple pie and fill your glass of tea We'll take that FedEx package to your door But underneath that apron or that uniform We're Wildcats, we're Wolverines We're Tigers, Buckeyes, Bruins Bulldogs, Hogs and Hurricanes We pray before we race Cheer 14 and 48 And we drink ice-cold beer on Friday nights Yeah, we're one big country nation, that's right We're all across the map, down city streets and old dirt roads We're the fabric of this nation And we're a nation all our own We're Mountaineers, we're Volunteers Blue Devils, Heels and Rebels Fighting Irish and Cavaliers We soup up our Chevrolets Cheer 24 and 88 We crank up the same songs Friday night On two thousand country stations Yeah, we're one big country nation, that's right","Brad Paisley, Chris DuBois, Kelley Lovelace","Brad Paisley, Luke Wooten",165
Die A Happy Man,Thomas Rhett,NA,2015,"Baby, last night was hands down One of the best nights That I've had no doubt Between the bottle of wine And the look in your eyes and the Marvin Gaye Then we danced in the dark under September stars in the pourin' rain And I know that I can't ever tell you enough That all I need in this life is your crazy love If I never get to see the Northern lights Or if I never get to see the Eiffel Tower at night Oh, if all I got is your hand in my hand Baby, I could die a happy man Happy man, baby Mmm Baby, that red dress brings me to my knees Oh, but that black dress makes it hard to breathe You're a saint, you're a Goddess, The cutest, the hottest, A masterpiece It's too good to be true, Nothing better than you In my wildest dreams And I know that I can't ever tell you enough That all I need in this life is your crazy love If I never get to see the Northern lights Or if I never get to see the Eiffel Tower at night Oh, if all I got is your hand in my hand Baby, I could die a happy man, yeah I don't need no vacation, No fancy destination Baby, you're my great escape We could stay at home, Listen to the radio Or dance around the fireplace And if I never get to build my mansion in Georgia Or drive a sports car up the coast of California Oh, if all I got is your hand in my hand Baby, I could die a happy man Baby, I could die a happy man Oh, I could die a happy man You know I could girl I could die, I could die a happy man","Thomas Rhett, Sean Douglas, Joe Spargur","Dann Huff, Jesse Frasure",166
Break Up In A Small Town,Sam Hunt,NA,2015,"I knew I'd see her around I'd be at some party, she'd show up and I'd be walking out Or across some parking lot hiding behind her sister I'd look up, she'd be at the red light beside me In that white Maxima with the sticker on the back I'd act like I didn't see her We'd pay at the same pumps Flip through the same stations And slow down for the same curves Run around with the same crowds We just needed some time She could get on with her life and I'd get on with mine Thought I would be fine, heh, but maybe not I knew she'd find a way to get over me But I'd never thought that... ...she would get down with somebody I know I guess that's just how it goes When you break up in a small town I see our friends and they put on a show Like they don't want me to know So they give me the go-around But there's only so many streets, so many lights I swear it's like I can't even leave my house I should've known all along You gotta move or move on When you break up in a small town For a while I guess they were keeping it low-key But now it's like these county lines closing in on me I see 'em everywhere together And it's hitting a little too close to home She's so far gone, but she didn't go far She was over me before the grass grew back where she used to park her car She's leaving those same marks in someone else's yard In someone else's arms right down the road And I never thought that... ...she would get down with somebody I know I guess that's just how it goes When you break up in a small town I see our friends and they put on a show Like they don't want me to know So they give me the go-around But there's only so many streets, so many lights I swear it's like I can't even leave my house I should've known all along You gotta move or move on When you break up in a small town Her mailbox is seven minutes from mine And I drive into town sometimes I see her sittin' there with him And I wanna jump out I wanna fight I wanna say, ""... that guy!"" but I can't It's my fault, I let her go I never thought that... ...she would get down with somebody I know I guess that's just how it goes When you break up in a small town I see our friends and they put on a show Like they don't want me to know So they give me the go-around But there's only so many streets, so many lights I swear it's like I can't even leave my house I should've known all along You gotta move or move on When you break up in a small town","Sam Hunt, Zach Crowell, Shane McAnally","Zach Crowell, Shane McAnally",167
Backroad Song,Granger Smith,NA,2015,"Barbed wire fence carving out a hillside, cutting holes in the midday sun Like a postcard framed in a windshield covered in dust I love the rhythm of an old grey blacktop, 33's just whistlin' by Steer the wheel, one handed on a two lane, hugging that line I got the windows down, no one else around singin' (Ooh-ooh-ooh) Freedom is the miles I'm rollin' on (Ooh-ooh-ooh) Out here cruising to a backroad song I feel the wheels like a melody, like a radio dialing in strong C'mon, c'mon sing along, sing along to my backroad song (Ooh-ooh-ooh) (Ooh-ooh-ooh) I hit the brakes for an old New Holland, hammer down and pass him on up The breeze smells like a summertime hay field's just been cut I got the windows down, way out of town singing… (Ooh-ooh-ooh) Freedom is the miles I'm rollin' on (Ooh-ooh-ooh) Out here cruising to a backroad song I feel the wheels like a melody, like a radio dialing in strong C'mon, c'mon sing along, sing along to my backroad song (Ooh-ooh-ooh) (Ooh-ooh-ooh) The only way today could get better, girl what I'm thinkin' Is I can pick you up, you slide in this truck And I can hear you singing Ooh-ooh-ooh Let me hear you sing it Ooh-ooh-ooh (Ooh-ooh-ooh) Freedom is the miles we're rollin' on (Ooh-ooh-ooh) Out here cruising to a backroad song I feel the wheels like a melody, like a radio dialing in strong C'mon, c'mon sing along, sing along to my backroad song C'mon, c'mon sing along, sing along to my backroad song This is my backroad song (Ooh-ooh-ooh) (Feel the rhythm of it, feel the rhythm of it) This is my backroad song (Ooh-ooh-ooh) (Feel the rhythm of it, feel the rhythm of it) Come on, come on, sing along (Ooh-ooh-ooh) (Feel the rhythm of it, feel the rhythm of it) To my backroad song (Ooh-ooh-ooh) (Feel the rhythm of it, feel the rhythm of it)","Granger Smith, Frank Rogers","Granger Smith, Frank Rogers",168
That Don't Sound Like You,Lee Brice,NA,2015,"Girl, I'm glad you called, first heard you talk It took me a second cause I couldn't hear your drawl And that don't sound like you No, that don't sound like you I know it's been a while, I don't mean to pry But when I asked you if you're happy I didn't hear a smile And that don't sound like you Nah, that ain't the girl I knew you always sounded like Truck tires on a gravel road Laughing at the world, blasting my radio Cannon ball splashing in the water Doing whatever whenever you wanted What did he do? 'Cause you don't sound like you anymore Your pretty brown hair, you always loved it Guess he didn't like it so you just cut it And that don't sound like you Nah, that ain't the girl I knew you always sounded like Truck tires on a gravel road Laughing at the world, blasting my radio Cannon ball splashing in the water Doing whatever whenever you wanted What did he do? 'Cause baby you don't sound like you anymore Oh, anymore That town, that job, that guy You can leave them behind, girl, you know you're better than that If you wanna come back, you can come back Baby, come back to Truck tires on a gravel road Laughing at the world, blasting my radio Cannon ball splashing in the water Doing whatever whenever you wanted What did he do? 'Cause you don't sound like you Gimme the girl I knew 'Cause you don't sound like you anymore Mmm, anymore Girl, I'm glad you called, first heard you talk Took me a second cause I couldn't hear your drawl","Lee Brice, Rhett Akins, Ashley Gorley","Lee Brice, Jon Stone",169
Riser,Dierks Bentley,NA,2015,"Lay your pretty head down on my shoulder You don’t have to worry anymore This old world is cold and getting colder And I know how to lock and bolt the door I’m strong enough to hold you through the winter Mean enough to stare your demons down The hard times put the shine into the diamond I won’t let that keep us in the ground I'm a riser I'm a get off of the ground, don't run and hider Pushin' comes to shove Hey I'm a fighter When darkness comes to town, I'm a lighter A get out aliver, of the fire Survivor If we ain't got no money I can make it And I ain't afraid of working to the bone When I don’t know what I'm doin' I can fake it I'll pray 'til Jesus rolls away the stone I'm a riser I'm a get off of the ground, don't run and hider When pushin' comes to shove Hey I'm a fighter When darkness comes to town, I’m a lighter A get out aliver, of the fire Survivor I'm a trier I'm a get down low so I can lift you higher An army couldn’t keep down my desire Yeah I'm a riser I'm a get off of the ground, don't run and hider Hey pushin' comes to shove And baby I'm a fighter When darkness comes to town, I’m a lighter Get out aliver, of the fire Survivor, I’m a riser I’m a riser","Travis Meadows, Steve Moakler",Ross Copperman,170
Beautiful Drug,Zac Brown Band,NA,2015,"I got a death wish Her looks can kill She's got a red dress Lipstick and heels Pull me in, get me hooked like a junkie You got me feeling so high You're such a beautiful drug I can't get enough Addicted and I'm dying for a hit of your love Got a death wish baby, baby Don't want you to save me, save me She lets her hair down And all of mine stand up Can't help but stare now Gotta feel that touch Her kiss, my fix, so sweet Can't quit those lips are a habit to me Sweet intoxication and I'm never getting sober I can tell that the effects are taking over Pull me in, get me hooked like a junkie You got me feeling so high You're such a beautiful drug I can't get enough Addicted and I'm dying for a hit of your love Got a death wish baby, baby Don't want you to save me, save me Tonight Whoa, whoa, whoa Whoa, whoa, whoa You're such a beautiful drug I can't get enough I'm addicted and dying for a hit of your love I'm losing it, baby Keep driving me crazy, crazy Going out of my mind Staring at you Burning up in your fire that I've fallen into Got a death wish baby, baby Don't want you to save me, save me Tonight Whoa, whoa, whoa","Zac Brown, Niko Moon",In The Arena,171
I Like The Sound of That,Rascal Flatts,NA,2015,"I love hearing that shower turn on Bet there's nothing but a towel on you You sing along with some Timberlake bumpin' But he ain't got nothing on you I don't wanna hear the coffee pouring A goodbye kiss, then lockin' the door yeah Sounds like leaving you, ah [Chorus:] It's a little too loud on the highway I wanna pull back in your driveway It's way too quiet at my place Wanna come on over, come on over I just wanna hear that ringtone I like it turned up when you're blowing up my phone Wanna here you say come on over, cause when you tell me to come on over I like the sound of that Ohhh ohh ohh I like the sound, I like the sound of that Ohhh ohh ohh I like the sound, I like the sound of that Love the sound of the thunder roll in It makes you move a little closer to me And girl I bet that your neighbors hate us Cause we could laugh all night and never sleep We can worry bout the world in the morning Light up a candle, lock the door Wanna stay right here with you, yes I do [Chorus:] It's a little too loud on the highway I wanna pull back in your driveway It's way too quiet at my place Wanna come on over, come on over I just wanna hear that ringtone I like it turned up when you're blowing up my phone Wanna here you say come on over, cause when you tell me to come on over I like the sound of that Ohhh ohh ohh I like the sound, I like the sound of that Ohhh ohh ohh I like the sound, I like the sound of that Turn your radio on Baby turn down the lights I ain't going nowhere I'm all yours tonight [Chorus:] It's a little too loud on the highway I wanna pull back in your driveway It's way too quiet at my place Wanna come on over, come on over I just wanna hear that ringtone I like it turned up when you're blowing up my phone Wanna here you say come on over, cause when you tell me to come on over I like the sound of that Ohhh ohh ohh I like the sound, I like the sound of that Ohhh ohh ohh I like the sound, I like the sound of that Ohhh ohh ohh I like the sound, I like the sound of that Yes I do Ohhh ohh ohh I like the sound, I like the sound of that Ohhh","Jesse Frasure, Shay Mooney, Meghan Trainor",Rascal Flatts,172
Break On Me,Keith Urban,NA,2015,"There'll be days your heart don't wanna beat You pray more than you breathe And you just wanna fall to pieces And nights, those 2 AM calls Where dreams become walls And you just need a break Break on me Shatter like glass Come apart in my hands Take as long as it takes, girl Break on me Put your head on my chest Let me help you forget When your heart needs to break Just break on me There'll be times when someone you know Becomes someone you knew But you'd do anything to change it And words you wanna take back But you know you can't When the page just won't turn And it still hurts Break on me Shatter like glass Come apart in my hands Take as long as it takes, girl Break on me Put your head on my chest Let me help you forget When your heart needs to break Just break on me Oh, when you need somebody When you need somebody right now You're where I'll be Break on me Shatter like glass Come apart in my hands Take as long as it takes, girl Break on me Put your head on my chest Let me help you forget When your heart needs to break Just break on me Break on me Break on me, baby","Ross Copperman, Jon Nite","Keith Urban, Nathan Chapman",173
Mr. Misunderstood,Eric Church,NA,2015,"Hey there, weird kid in your high-top shoes Sitting in the back of the class; I was just like you Always left out, never fit in Owning that path you're walking in Mr. Misunderstood, Mr. Misunderstood Now, your buddies get their rocks off on Top 40 radio But you love your daddy's vinyl, old-time rock and roll Elvis Costello, Ray Wylie Hubbard, and think Jeff Tweedy is one bad mother Mr. Misunderstood, Mr. Misunderstood One day you'll lead the charge, you'll lead the band Guitar Hero with lightning hands And the girls will like your tattoos and the veins in your arms They'll be helpless to your musical charms And they'll all hold up their hands And they'll all wanna dance With Mr. Misunderstood, Mr. Misunderstood First time I met Alabama Hannah, I was skinny as a rail Red hair tied up in a blue bandana; she was hotter than the devil's Hell She turned me on to Back Porch Pickers, Jackson Pollock, and gin Her daddy didn't trust my intentions, so he turned to his daddy's old .410 I'm Mr. Misunderstood, Mr. Misunderstood Had an axe to grind, so off I went Mad at the sun for coming up again I lost religion, found my soul in the blues Rubbed the velvet off my blue suede shoes Yeah, everybody held up their hands And every soul on Beale Street danced With Mr. Misunderstood, Mr. Misunderstood So I went with it like a colt on my Plymouth Through the glass behind my rear-view Took a left when the world went right down 16th Avenue Played with fire and I played on ledges Every circus, stage, and county fair They tried to file my points, sand my edges, and I just grew out my hair I'm Mr. Misunderstood, I'm Mr. Misunderstood They're standing in line, chasing the buzz Til the next big things and already was And hell if they know what they're trying to find If it ain't that same old, been-done kind Yeah, gives the head-scratchers fits Wondering how in the hell they missed Mr. Misunderstood, Mr. Misunderstood Hey there, weird kid in your high-top shoes Sitting in the back of the class; I was just like you Mr. Misunderstood (I understand) Mr. Misunderstood (I understand) Mr. Misunderstood (I understand) Mr. Misunderstood (I understand) Mr. Misunderstood (I understand) I'm Mr. Misunderstood (let's go out of here) Na na na na-na, na na na na-na Na na na na-na na (I understand)","Eric Church, Casey Beathard",Jay Joyce,174
Home Alone Tonight,Luke Bryan,Karen Fairchild,2015,"What you doing in this place? Well, I could probably ask you the same thing Another round, girl. What you think? If you're buying, well, you know I'll drink So make it seven on seven Do you want it on the rocks? A double shot of heaven Spilling' off the top And we'll go shot for shot for shot 'til we forgot what we came here to forget Ain't a clock, a tick, a tock that's gonna stop a night we won't regret So put your drink down, throw your camera up, flip it around and snap a payback picture I'll send it to my ex, I'll send it to my ex and send 'em both a text Saying we ain't going home alone tonight Girl, you ain't gotta, I ain't gotta go home alone tonight Slow country from a cover band, I got you covered if you don't know how to dance But if you want we could grab a cab. Girl, we got all night, I've got a bottomless tab So let's go… Shot for shot for shot 'til we forgot what we came here to forget Ain't a clock, a tick, a tock that's gonna stop a night we won't regret So put your drink down, throw your camera up, flip it around and snap a payback picture I'll send it to my ex, I'll send it to my ex and send 'em both a text Saying we ain't going home alone tonight Girl, you ain't gotta, I ain't gotta go home alone tonight It feels too good to let it end right here (I ain't going home alone home tonight) So let's not let it end, let it end right here (girl, you're going home with me tonight) So let's go shot for shot for shot 'til we forgot what we came here to forget Ain't a clock, a tick, a tock that's gonna stop a night we won't regret So put your drink down, throw your camera up, flip it around and snap a payback picture I'll send it to my ex, I'll send it to my ex and send 'em both a text Saying we ain't going home alone tonight Girl, you ain't gotta, I ain't gotta go home alone tonight Well, I ain't going home alone tonight Girl, you ain't gotta, I ain't gotta go home alone tonight Baby, don't let me go home alone Home alone tonight","Jody Stevens, Cole Taylor, Jaida Dreyer, Tommy Cecil","Jeff Stevens, Jody Stevens",175
Nobody To Blame,Chris Stapleton,NA,2015,She took down the photograph Of our wedding day Ripped it down the middle And threw my half away And I got nobody to blame but me I got nobody to blame but me She broke all my fishing rods Put my guns in hock Threw my clothes out in the yard And changed out all the locks And I got nobody to blame but me I got nobody to blame but me [Chorus:] I know right where I went wrong I know just what got her gone Turned my life into this country song And I got nobody to blame but me I got nobody to blame but me She fired up my old hot rod Ran it in the pond Put sugar in my John Deere I can’t even mow my lawn And I got nobody to blame but me I got nobody to blame but me She built her a bonfire With my old six string Took all my good whiskey And poured it down the drain And I got nobody to blame but me I got nobody to blame but me,"Chris Stapleton, Barry Bales, Ronnie Bowman","Dave Cobb, Chris Stapleton",176
Stone Cold Sober,Brantley Gilbert,NA,2015,"I guess I said some thing's last night That usually in the morning light I regret Like double shots and cigarettes Said things like ""I love you baby"" and ""I know I sound crazy but let's just work this out ya and maybe settle down"" I woke up hungover But still had to call you Cause I just realized girl That maybe it was all true Yeah I let the whiskey talk And baby it said too much I got the feeling now That it didn't say enough Cause I'm waking up alone Missing that midnight kiss I can't promise you forever All I know is I still want you to come over And I'm stone cold sober Yeah I can lie about 99 percent of the time When I've had too much to drink Yeah I do stupid things But this time is different And baby it feels so right I hope you were listening To every word I said last night I let the whiskey talk And baby it said too much I got the feeling now That it didn't say enough Cause I'm waking up alone Missing that midnight kiss I can't promise you forever All I know is I still want you to come over And I'm stone cold sober Yeah I got blood shot eyes (Got blood shot eyes) But it's all crystal clear (All crystal clear) Well I know I don't need Jim Beam To know I need you here I let the whiskey talk And baby it said too much And I got the feeling now It didn't say enough Cause I'm waking up alone Missing that midnight kiss I can't promise you forever All I know is I still want you to come over Baby all I know is I still need you to come over And I'm stone cold sober Yeah baby I'm stone cold sober Come on over","Brantley Gilbert, Brett James, Dan Layus",Dann Huff,177
Confession,Florida Georgia Line,NA,2015,"Rusty barbed wire lines these fields Gravel dust behind the wheels Drifting like my mind into the rearview Jet trails cutting across the sky I'm rolling through the open wide Searching for a song to drink beer to And trying to find a place to disappear to I light up the night and let it burn Lean back and watch the sundown fade Do what I do when life's a little sideways I take a sip and say a prayer Wait for a shooting star and stare Off at the headlights on the highway That guy in the windshield looking back looks just like me But there's a crack in the reflection This is just a moonlight soaked, ring of smoke Right hand on a cold one confession Embers in the ashtray glow Like memories that won't let go I'm out here trying to get 'em untangled In the darkness on the edge of town A little lost, a little found Waiting on a call from an angel I light up the night and let it burn Lean back and watch the sundown fade Do what I do when life's a little sideways I take a sip and say a prayer Wait for a shooting star and stare Off at the headlights on the highway That guy in the windshield looking back looks just like me But there's a crack in the reflection This is just a moonlight soaked, ring of smoke Right hand on a cold one confession Light up the night and let it burn Lean back and watch the sundown fade Do what I do when life's a little sideways I take a sip and say a prayer Wait for a shooting star and stare Off at the headlights on the highway That guy in the windshield looking back looks just like me But there's a crack in the reflection Hope he's moving in the right direction This is just a moonlight soaked, ring of smoke Right hand on a cold one confession","Rodney Clawson, Ross Copperman, Matt Jenkins",Joey Moi,178
Real Men Love Jesus,Michael Ray,NA,2015,"Real men love fishin' Fast cars and livin' Out on the edge so far They're gonna need forgivin' Real men like football Cowboys and outlaws Can't help but fly so high It's gonna hurt to fall They like Saturday nights out on the town Sunday morning coming down A pretty girl out on the dance floor spinnin' Round and round and round they go Cold beer and a dirty hand Calling home every chance they can To say I love you They don't need a reason Real men love Jesus And they love mama If they can get more than forty hours You know they gonna They give it hell till they get it right The kind every country girl's tryin' to find Every girl's daddy's kinda guy Ain't scared to pray, ain't scared to fight They like Saturday nights out on the town Sunday morning coming down A pretty girl out on the dance floor spinnin' Round and round and round they go Cold beer and a dirty hand Calling home every chance they can To say I love you They don't need a reason Real men love Jesus Real men love Jesus They don't believe in leavin' When the goin' gets tough They just keep on keepin' They like Saturday nights out on the town Sunday morning coming down A pretty girl out on the dance floor spinnin' Round and round and round they go Cold beer and a dirty hand Calling home every chance they can To say I love you They don't need a reason Real men love Jesus Real men love Jesus","Lance Miller, Adam Sanders, Brad Warren, Brett Warren",Scott Hendricks,179
Drunk On Your Love,Brett Eldredge,NA,2015,"The second she walked through the door, I caught a buzz One taste from your lips knocked me out just like a drug The rest of the night's kind of blurry Now the sun's peeking through the shades I can't help but laugh cause I kind of like feeling this way I woke up, up still drunk, drunk On your love, love, on your love, love Now I know why-y I'm feeling so high, high Cause I'm still drunk, drunk on your love, on your love It's not in the whiskey, tequila or the wine It's all about the touch and the fire in your eyes It gets me fumbling always stumbling through a haze I got plenty to do just laying here with you all day I woke up, up still drunk, drunk On your love, love, on your love, love Now I know why-y I'm feeling so high, high Cause I'm still drunk, drunk on your love, on your love Wish I could bottle you up and drink you in all day long Every day singing this song I woke up, up still drunk, drunk On your love, love, on your love, love Now I know why-y I'm feeling so high, high Cause I'm still drunk, drunk on your love, on your love (Woke up still drunk on your love) On your love, on your love On your love On your love, on your love On your love, get drunk on your love, yeah I'm so drunk","Brett Eldredge, Ross Copperman","Ross Copperman, Brett Eldredge",180
Heartbeat,Carrie Underwood,NA,2015,"I love it when we're at a party In a down-town crowd But I can't hear you call me, baby, With the music up loud Red wine, Good times, No, I don't mind being with everyone else And then there's nights like tonight that II want you to myself And tonight I wanna drive so far We'll only find static on the radio And we can't see those city lights And I love the way you look in a firefly glow Saying everything without making a sound, A cricket choir in the background, Underneath a harvest moon Standing on your shoes in my bare feet, Dancing to the rhythm of your heartbeat Oh, whoa, And we're dancing to the rhythm of your heartbeat And I wanna feel it like a kick drum, Beating faster in your chest I wanna feel you holding onto me And make me hold my breath You pull me closer, My head on your shoulder, Baby, we won't need a song We'll make a fallen-star wish, One more slow kiss, What are we waiting on? And tonight I wanna drive so far We'll only find static on the radio And we can't see those city lights And I love the way you look in a firefly glow Saying everything without making a sound, A cricket choir in the background, Underneath a harvest moon Standing on your shoes in my bare feet, Dancing to the rhythm of your heartbeat Yeah, we're dancing to the rhythm of your heartbeat I wanna feel it like a kick drum beating faster in your chest And tonight I wanna drive so far We'll only find static on the radio And we can't see those city lights And I love the way you look in a firefly glow Saying everything without making a sound With a river rolling in the background Underneath the harvest moon Standing on your shoes in my bare feet, Dancing to the rhythm of your heartbeat And we're dancing to the rhythm of your heartbeat","Carrie Underwood, Zach Crowell, Ashley Gorley",Zach Crowell,181
Better In Boots,Tyler Farr,NA,2016,"Yeah, you know I love you in a tight dress But you're, oh my God, slippin' out of it You turn me on, girl, you know you do But you tear me up even better in boots We ain't gotta worry 'bout gettin' dirty We can do whatever we want Baby, put your Luccheses on You know you want to 'Cause we got a full moon And it's Friday night Girl, you got me so hooked Ain't nothin' ever looked better in boots Fair, girl, it ain't even fair When all it takes is you lettin' down your hair To drive me wild like you know you do It works every time but even better in boots We ain't gotta worry 'bout gettin' dirty We can do whatever we want Baby, put your Luccheses on You know you want to 'Cause we got a full moon And it's Friday night Girl, you got me so hooked Ain't nothin' ever looked better in boots We ain't gotta worry 'bout gettin' dirty We can do whatever we want Baby, put them Luccheses on You know you want to 'Cause we got a full moon And it's Friday night Girl, you got me so hooked Ain't nothin' ever looked better in boots Girl, you got me so hooked Ain't nothin' ever looked better in them boots","Naomi Cook,e Justin Wilson, Dave Pittenger",Jim Catino. Julian King,182
Mind Reader,Dustin Lynch,NA,2016,"How'd you know to wear your hair like that? How'd you know to turn up that song? How'd you know them little tore up jeans Was gonna tear me up and turn me on? Girl, it's like you know me too good But you barely know me at all Yeah, the way it's going tonight You probably know I'm ready to fall cause Baby, you're a little mind, baby, you're a little mind reader Yeah, that's what you are You play it off a little shy but baby, you're a heart stealer And right here in this car It's like you know that smile was gonna melt me down Like you know those lips are what I'm needing right now And girl when you lay 'em on mine Yeah, it's like you're reading my mind (Baby, you're a little mind, baby, you're a little mind reader) Girl it's like you got a crystal ball Like you got a little gypsy side It's like you knew that sweet perfume That you got on was gonna get me high Well how'd you know what I'm thinking right now? How'd you know what I was about to say? How'd you know to whisper in my ear Let's take this party back to my place Baby, you're a little mind, baby, you're a little mind reader Yeah, that's what you are You play it off a little shy but baby, you're a heart stealer And right here in this car It's like you knew that smile was gonna melt me down Like you know those lips are what I'm needing right now And girl when you lay 'em on mine Yeah, it's like you're reading my mind Yeah, that's what you are It's like you knew just when to lean on in And take my hand like you had it all planned And girl you've got me figured out, don't ya now? Baby, you're a little mind, baby, you're a little mind reader Yeah, that's what you are You play it off a little shy but baby, you're a heart stealer And right here in this car It's like you knew that smile was gonna melt me down Like you know those lips are what I'm needing right now And girl when you lay 'em on mine Yeah, it's like you're reading my mind (Baby, you're a little mind, baby, you're a little mind reader) Yeah, that's what you are (Baby, you're a little mind, baby, you're a little mind reader)","Rhett Akins, Ben Hayslip",Mickey Jack Cones,183
You Should Be Here,Cole Swindell,NA,2016,"It's perfect outside. It's like God let me dial up the weather. Got the whole crew here, I ain't seen some of them in forever. It's one of those never-forget-it-better-stop-and-take-it-in kinda scenes. Everything's just right, yeah, except for one thing. You should be here, standing with your arm around me here. Cutting up, cracking a cold beer, saying cheers, hey y'all it's sure been a good year. It's one of those moments, that's got your name written all over it. And you know that if I had just one wish it'd be that you didn't have to miss this You should be here. You'd be taking way too many pictures on your phone. Showing them off to everybody that you know back home. And even some you don't, yeah They say now you're in a better place And I would be too if I could see your face. You should be here, standing with your arm around me here. Cutting up, cracking a cold beer, saying cheers, hey, y'all it's sure been a good year. It's one of those moments, that's got your name written all over it. And you know that if I had just one wish it'd be that you didn't have to miss this. Aw you should be here. You'd be loving this, you'd be freaking out, you'd be smiling, yeah I know you'd be all about what's going on right here right now. God, I wish somehow you could be here. Oh, you should be here. Yeah, this is one of those moments that's got your name written all over it And you know that if I had just one wish it'd be that you didn't have to miss this. Aw you should be here. You should be here.","Cole Swindell, Ashley Gorley",Michael Carter,184
Snapback,Old Dominion,NA,2016,"Strictly outta curiosity, What would happen if you got with me? Kissin' you would hit the spot with me Come on skip a couple rocks with me Gimme any of your heart tonight Ain't no reason that we need to be apart tonight I got somethin' we could start tonight Lookin' at you girl it's hard to fight Those stars need to be wished on Your skin needs to be kissed on My eyes baby they're fixed on you in your snapback T-shirt of your favorite rock band Checkin' your make-up in my Ray Bans Breakin' hearts like only you can in your snapback Woah oh oh oh Woah oh oh oh Woah oh oh oh In your snapback Come on baby shoot a smile at me Midnight selfie on a balcony A little somethin' for my lock screen You're burnin' a hole in my pocket And we got the beat let's drop it Those stars need to be wished on Your skin needs to be kissed on My eyes baby they're fixed on you in your snapback Tattoos, cutoffs and converse Singin' along to the song with the wrong words Every move you make baby it works in your snapback Woah oh oh oh Woah oh oh oh Woah oh oh oh In your snapback Those stars need to be wished on Your skin needs to be kissed on My eyes baby they're fixed on you in your snapback T-shirt of your favorite rock band Checkin' your make-up in my Ray Bans Breakin' hearts like only you can in your snapback Woah oh oh oh Woah oh oh oh Woah oh oh oh In your snapback [x4]","Brad Tursi, Matthew Ramsey,Trevor Rosen",Shane McAnally,185
Fix,Chris Lane,NA,2016,"Hey girl, you know what you've been missing? Me, me, yeah Hey girl, whoever you've been kissing It ain't me, me I got that love medicinal I'll make you feel invincible I'm more than recreational I'm what you need I'll be your smooth ride, that late night, your Walter White high I'll be your first time, that's so right Get you falling in love at the end of the night With that good-ish, that long trip, that sugar on your lips That favorite habit, gotta have it, you can't quit I got your fix I'll be the high that never lets you down (I got your fix) The one you crave when no one is around (I got your fix) I'll pick you up and never let you go (I got your fix) Never let you go, hey hey Hey girl, he don't get you there never So leave, oh just leave Listen, baby baby baby baby girl Let me make it feel better Please, please, please, please I'm what you need I'll be your smooth ride, that late night, your Walter White high I'll be your first time, that's so right Get you falling in love at the end of the night With that good-ish, that long trip, that sugar on your lips That favorite habit, gotta have it, you can't quit I got your fix I'll be the high that never lets you down (that never lets you down) The one you crave when no one is around (when no one is around) I'll pick you up and never let you go (I got your fix) Never let you go Yeah, come on baby, yeah, oh oh oh I'll be the high that never lets you down The one you crave when no one is around I'll be your smooth ride, that late night, your Walter White high I'll be your first time, that's so right Get you falling in love at the end of the night With that good-ish, that long trip, that sugar on your lips That favorite habit, gotta have it, you can't quit I got your fix I'll be the high that never lets you down (that never lets you down) The one you crave when no one is around (when no one is around) I'll pick you up and never let you go (I got your fix) Never let you go","Sarah Buxton, Jesse Frasure, Abe Stoklasa",Joey Moi,186
Head Over Boots,Jon Pardi,NA,2016,"I wanna sweep you off your feet tonight I wanna love you and hold you tight Spin you around on some old dance floor Act like we never met before for fun, ‘cause You’re the one I want, you’re the one I need Baby, if I was a king, ah, you would be my queen You’re the rock in my roll You’re good for my soul, it’s true I’m head over boots for you The way you sparkle like a diamond ring Maybe one day we can make it a thing Test time and grow old together Rock in our chairs and talk about the weather, yeah So, bring it on in for that angel kiss Put that feel good on my lips, ‘cause You’re the one I want, you’re the one I need Baby, if I was a king, ah, you would be my queen You’re the rock in my roll You’re good for my soul, it’s true I’m head over boots for you Yeah, I’m here to pick you up And I hope I don’t let you down, no, ‘cause You’re the one I want, you’re the one I need Baby, if I was a king, ah, you would be my queen You’re the rock in my roll You’re good for my soul, it’s true I’m head over boots for you You’re the one I want, you’re the one I need Baby, if I was a king, ah, you would be my queen You’re the rock in my roll You’re good for my soul, it’s true I’m head over boots for you I wanna sweep you off your feet tonight I wanna love you and hold you tight Spin you around on some old dance floor","Jon Pardi, Luke Laird","Bart Butler, Jon Pardi",187
Shut Up and Fish,Maddie & Tae,NA,2016,"He pulled up in his red Corvette Salmon shorts and a white V-neck I said, ""Wow, you know how to dress down for a city guy."" We headed out to a spot on the lake A couple Zebcos and a cup full of bait I could tell pretty fast he had more than just bass on his mind Oh, I was fishing He was wishing We were kissing I was getting madder than a hornet in an old Coke can Getting closer Sliding over Crowding up my casting shoulder Reaching out and trying to hold my reeling hand Saying I'm pretty Saying he's in love And how it don't get any better than this I said, ""Yeah, it could, Boy, if you would Shut up and fish."" For a little while he calmed down and let up But then he went right back to pushing his luck That line of mine wasn't all I wanted to throw in Oh, no I was fishing He was wishing We were kissing I was getting madder than a hornet in an old Coke can Getting closer Sliding over Crowding up my casting shoulder Reaching out and trying to hold my reeling hand Saying I'm pretty Saying he's in love And how it don't get any better than this I said, ""Yeah, it could, Boy, if you would Shut up and fish."" I finally had all of him that I could take So I gave him a cold shower in the lake What can I say? I was fishing He was wishing We were kissing I was getting madder than a hornet in an old Coke can Getting closer Sliding over Playing captain Casanova [Alternative version:] Crowding up my casting shoulder Reaching out and tryna hold my reeling hand [Alternative version:] Trying to reach out and hold my reeling hand Saying I'm pretty Saying he's in love And how it don't get any better than this I said, ""Yeah, it could, Boy, if you would Shut up and fish."" Just a little push 'Cause he couldn't just Shut up and fish","Taylor Dye, Maddie Marlow, Aaron Scherz, Pete Sallis",Dann Huff,188
Somewhere On A Beach,Dierks Bentley,NA,2016,"Bet you think I'm sitting at home. No. Bet you think that I'm all alone. No. Bet you think I'm missing you and wishing you would call my phone, Hell, no! I went wheels up on a runway And that ticket was a one-way I'm somewhere on a beach Sipping something strong, Got a new girl, she got it going on We drink all day, and party all night I'm way too gone to have you on my mind She got a body and she's naughty, And she got me like you ain't ever got me. I'm getting sun, getting some, and I ain't slept in a week Yeah, I'm somewhere on a beach. Heard you called my boys, Heard you called my folks They said you drove by my house real slow You can check any spot, roll down every road But, girl, I ain't even close I'm somewhere on a beach Sipping something strong, Got a new girl, she got it going on We drink all day, and party all night I'm way too gone to have you on my mind She got a body and she's naughty, And she got me like you ain't ever got me I'm getting sun, getting some, and I ain't slept in a week Yeah, I'm somewhere on a beach. I wish it could've worked out But I'm gettin' over you now, On a beach towel With my shades on My drink's up And the sun's out Huh! I'm somewhere on a beach! I'm somewhere on a beach Sipping something strong, Got a new girl, she got it going on We drink all day, and party all night I'm way too gone to have you on my mind She got a body and she's naughty, And she got me like you ain't never got me I'm getting sun, getting some, and I ain't slept in a week Yeah, I'm somewhere on a beach. Yeah, I'm somewhere on a beach.","Michael Tyler, Dave Kuncio, Josh Mirenda, Jaron Boyer, Alex Palmer",Ross Copperman,189
My Church,Maren Morris,NA,2016,"I've cussed on a Sunday I've cheated and I've lied I've fallen down from grace A few too many times But I find holy redemption When I put this car in drive Roll the windows down and turn up the dial Can I get a hallelujah Can I get an amen Feels like the Holy Ghost running through ya When I play the highway FM I find my soul revival Singing every single verse Yeah I guess that's my church When Hank brings the sermon And Cash leads the choir It gets my cold cold heart burning Hotter than a ring of fire When this wonderful world gets heavy And I need to find my escape I just keep the wheels rolling, radio scrolling Until my sins wash away Can I get a hallelujah Can I get an amen Feels like the Holy Ghost running through ya When I play the highway FM I find my soul revival Singing every single verse Yeah I guess that's my church Can I get a hallelujah Can I get an amen Feels like the Holy Ghost running through ya When I play the highway FM I find my soul revival Singing every single verse Yeah I guess that's my church Hey, Can I get a hallelujah Can I get an amen Feels like the Holy Ghost running through ya When I play the highway FM I find my soul revival Singing every single verse Yeah I guess that's my church Yeah I guess that's my church Yeah I guess that's my church","busbee, Maren Morris","busbee, Maren Morris",190
Think Of You,Chris Young,Cassadee Pope,2016,"I walk in on Friday nights Same old bar, same burned out lights Same people and all the same faces So why in the hell does it feel like a different place? Meet my friends for a girls' night out Seems there ain't much to talk about Same drinks that we're all raising But all of the toasts just don't feel the same We used to be the life of the party We used to be the ones that they wished they were But now it's like they don't know how to act Maybe they're like me and they want us back It's like there's always an empty space Those memories that nobody can erase Of how bright we burned Well now it hurts, but it's true When they think of me, they think of you They keep asking how I am But they're really asking where you've been I can read between all of the lines It ain't just us missing all of the times We were the life of the party We used to be the ones that they wished they were But now it's like they don't know how to act Maybe they're like me and they want us back It's like there's always an empty space Those memories that nobody can erase Of how bright we burned Well now it hurts, but it's true When they think of me, they think of you Ain't it funny how a flame like that Oh whoa, when they think of you It can burn when it's in the past We used to be the life of the party We used to be the ones that they wished they were But now it's like they don't know how to act Maybe they're like me and they want us back It's like there's always an empty space Those memories that nobody can erase Of how bright we burned Well now it hurts, but it's true When they think of me, they think of you Oh, they think of you When they think of me Baby, baby, oh, oh Oh When they think of me, they think of you","Corey Crowder, Chris Young, Josh Hoge","Corey Crowder, Chris Young",191
Night's On Fire,David Nail,NA,2016,"Cue the music out the driveway Slow summer on a Friday Here we go again, wild in the wind Mama knows she’s gonna be late Hit the party just to watch her dance Good to go when she grabs your hand Like a shot from a gun, it’s a dead run The first leg of a getaway plan You burn rubber when you smoke them tires Day’s gone and the night’s on fire She’s telling you turn off the highway The sunset melts all the blue away Blackbird watching on the telephone wire Whiskey on her lips and the night’s on fire Littered with stars close enough to touch July promise in the back of that truck Her every move was taking you higher You try to play it cool but the night’s on fire She’s a seat laid back, a boy’s dream Drawin’ hearts in the window steam She’s a gettin’ you right, knows what you like And pours it on like gasoline When you know what you’re headed to What’s a red blooded boy to do She’s telling you turn off the highway The sunset melts all the blue away Blackbird watching on the telephone wire Whiskey on her lips and the night’s on fire Littered with stars close enough to touch July promise in the back of that truck Her every move was taking you higher You try to play it cool but the night’s on fire You try to play it cool but the night’s on fire She’s telling you turn off the highway The sunset melts all the blue away Blackbird watching on the telephone wire Whiskey on her lips and the night’s on fire Littered with stars close enough to touch July promise in the back of that truck Her every move was taking you higher You try to play it cool but the night’s on fire You try to play it cool but the night’s on fire You try to play it cool but the night’s on fire","Jonathan Singleton, Deric Ruttan","Chuck Ainlay, Frank Liddell, Glenn Worf",192
Humble And Kind,Tim McGraw,NA,2016,"You know there's a light that glows by the front door Don't forget the key's under the mat When childhood stars shine, Always stay humble and kind Go to church 'cause your mamma says to Visit grandpa every chance that you can It won't be wasted time Always stay humble and kind Hold the door, say ""please"", say ""thank you"" Don't steal, don't cheat, and don't lie I know you got mountains to climb But always stay humble and kind When the dreams you're dreamin' come to you When the work you put in is realized Let yourself feel the pride But always stay humble and kind Don't expect a free ride from no one Don't hold a grudge or a chip and here's why: Bitterness keeps you from flyin' Always stay humble and kind Know the difference between sleeping with someone And sleeping with someone you love ""I love you"" ain't no pick-up line So always stay humble and kind Hold the door, say ""please"", say ""thank you"" Don't steal, don't cheat, and don't lie I know you got mountains to climb But always stay humble and kind When those dreams you're dreamin' come to you When the work you put in is realized Let yourself feel the pride But always stay humble and kind When it's hot, eat a root beer popsicle Shut off the AC and roll the windows down Let that summer sun shine Always stay humble and kind Don't take for granted the love this life gives you When you get where you're going don't forget turn back around And help the next one in line Always stay humble and kind",Lori McKenna,"Byron Gallimore, Tim McGraw",193
It All Started With A Beer,Frankie Ballard,NA,2016,"You had a Corona, I was drinking Bud Light That jukebox singing every song just right that night Something brewing in the air, it was more than just smoke Looking back, looking back after two you laughed at all my jokes Tonight let's raise 'em up To where we ended up There's been highs and lows, Fast lane freeways and bumpy roads Cursed the devil and prayed to heaven, Lost it all when we rolled some sevens Been more smiles than there's been tears, Been more good than bad years Ain't it crazy, baby, how we got here. Oh, it all started with a beer Oh, it all started with an ice cold beer I didn't have much money but I covered them rounds 'Cause a pretty girl like you makes a fellow throw his money down You weren't shooting whiskey just shootin' the shhh... I paid the tab, we walked out the door and I remember thinking this was it Yeah, you were it There's been highs and lows, Fast lane freeways and bumpy roads Cursed the devil and prayed to heaven, Lost it all when we rolled some sevens Been more smiles than there's been tears, Been more good than bad years Ain't it crazy, baby, how we got here, Oh, it all started with a beer. Yeah. Oh, it all started with an ice cold beer Here's to you, baby. Oh-oh-oh. So tonight let's raise 'em up To where we ended up There's been highs and lows, Fast lane freeways and bumpy roads Cursed the devil and prayed to heaven, Lost it all when we rolled some sevens Been more smiles than there's been tears, Been more good than bad years Ain't it crazy, baby, how we got here, Oh, it all started with a beer. Oh. Oh, it all started with an ice cold beer. Oh. Yeah. Oh Oh, it all started with an ice cold beer. Oh.","Jeremy Stover, Jaren Johnston, Neil Mason",Marshall Altman,194
You Look Like I Need A Drink,Justin Moore,NA,2016,"I could tell by the way you sounded when you called That I wasn't going to like what you had to say I could read between the lines there was something different this time You're coming over tonight ‘cause you couldn't wait Now you're in the drive, I'm a wreck inside as you walk in through that door You look like I need a drink right now You look like you're gonna try to let me down nice and easy I think I know why you won't sit down You're just dancing around what you came here to do but you're scared to And all I can think, the way you're looking at me You look like I need a drink Been little over a year since you were standing right here And I was nervous for a whole ‘nother reason Now it's a little bit hard being this caught off guard Watching you trying to not hurt my feelings You look like I need a drink right now You look like you're gonna try to let me down nice and easy I think I know why you won't sit down You're just dancing around what you came here to do but you're scared to And all I can think, the way you're looking at me You look like I need a drink You look like I need a drink I don't know how this ends or where this goes But the only thing I know is You look like I need a drink right now You look like you're gonna try to let me down nice and easy I think I know why you won't sit down You're just dancing around what you came here to do but you're scared to And all I can think, the way you're looking at me, you look like I need a drink","Rodney Clawson, Matt Dragstrem, Natalie Hemby","Julian Raymond, Jeremy Stover",195
Hole In A Bottle,Canaan Smith,NA,2016,"Got a hole in my boots I gotta watch where I spit Every time I chew Got a hole in my boots Got a hole in my jeans Been working so hard They're about to fall apart At the seams I got a hole in my jeans It's Friday night When I'm out on the town Man you know you're gonna Find me somewhere There's a hole in a bottle Tonight I'm climbing in it Taking all my worries Gonna bury 'em down In that hole in a bottle Just hit me bartender Gonna sink to the bottom And drink my way out Gonna drink my way out Gonna drink my way out There's a hole in the wall Where the neon lights Shine bright as a disco ball That's my hole in the wall Well I got a hole in my heart I can slide right up to some Pretty little thing at the bar Patch that hole in my heart You can pop a top You can twist that lid Doesn't really matter Just as long as you give me That hole in a bottle Tonight I'm climbing in it Taking all my worries Gonna bury 'em down In that hole in a bottle Just hit me bartender Gonna sink to the bottom And drink my way out Gonna drink my way out Gonna drink my way out I don't care if it's from Tennessee Kentucky or Denver, Colorado Make it from wheat, make it from corn I don't really care Buddy just make it pour From that hole in a bottle Tonight I'm climbing in it Taking all my worries Gonna bury 'em down In that hole in a bottle Just hit me bartender Gonna sink to the bottom And drink my way out Gonna drink my way out Gonna drink my way out","Canaan Smith, Brett Beavers, Dan Couch","Brett Beavers, Jimmy Robbins",196
Record Year,Eric Church,NA,2016,"Since you turned the tables on me I've been steady and learnin' lonely Keepin' this turntable spinnin' Everything from Jones to Jennings Slowly plannin' my survival In a three-foot stack of vinyl Since you had to walk on outta here I've been havin' a record year I bet you thought before you left I'd just sit in silence by myself Turn this house into a jail Dyin' slow in a livin' hell But love's got a funny way of keepin' score And your leavin' lit up my scoreboard I usually make it through side A sober All bets are off when I flip her over One bourbon, one scotch, one beer I'm havin' a record year Quarter notes and Hank's half time Are poundin' on this heart of mine Song to song, I pass my time With these speakers on ten Your good-and-gone keeps me up all night Along with Songs In The Key Of Life I'm either gonna get over you Or I'm gonna blow out my ears Yeah, you're out there now Doin' God knows how, and I'm stuck here Havin' a record year Your leavin' left me goin' crazy I'm countin' on a needle to save me I drop it in the groove And we go 'round and 'round And down in a spiral I guess I really oughta call and thank you I rediscovered Red Headed Stranger Got down with old James Brown And found New Grass Revival If you find your way back, I owe you a beer For my record year Quarter notes and Hank's half time Are poundin' on this heart of mine Song to song, I pass my time With these speakers on ten Your good-and-gone keeps me up all night Along with Songs In The Key Of Life I'm either gonna get over you Or I'm gonna blow out my ears Yeah, you're out there now Doin' God knows how, but I'm stuck here Havin' a record year Yeah, I'm havin' a record year","Eric Church, Jeff Hyde",Jay Joyce,197
T-Shirt,Thomas Rhett,NA,2016,"Get off of work and we meet down at our spot We had a patio with a view of a parkin' lot It was 2 for 1 and 4 for 2 Had Christmas lights in the middle of June All hung up, like I was on you I say ""Hey, hey, baby do you wanna come over"" You say ""No way"", then you move in closer Next thing I know you were in my T-Shirt, right there Your hair, messed up like a Guns-N-Roses video Oh, oh, so hot Still got it up in my head, you were movin' around in the TV light I ain't ever seen anything like -your dress -my floor -the way -you wore -my, my T-Shirt (Yeah) (You look good in my t-shirt, girl) (Oh yeah) We were walkin' up the stairs with the neighbors sayin', keep it down But, it's hard to unlock the door when you're makin' out (know what I'm sayin') You've been sayin' that we've gotta quit doing this, So, why you leanin' in for one more kiss, And pretty soon you're sliding off what you've got on And slippin' into my T-Shirt, right there Your hair, messed up like a Guns-N-Roses video Oh, oh, so hot Still got it up in my head, you were movin' around in the TV light I ain't ever seen anything like -your dress -my floor -the way -you wore -my, my T-Shirt (in my t-shirt) (Oh no, baby no, I can't lie Cause you sure look good in my t-shirt Oh no, baby no, I can't lie You look g-ood on my mind) I say ""Hey, hey, baby do you wanna come over"" You say ""No way"", then you move in closer Next thing I know, you were in my T-Shirt (Mmm, you look just so dang hot in my t-shirt) I see you spinnin' around in my t-shirt Right there Your hair, messed up like a Guns-N-Roses video Oh, oh, so hot In my T-Shirt right there Your hair, messed up like a Guns-N-Roses video Oh, oh, so hot Still got it up in my head, you were movin' around in the TV light I ain't ever seen anything like -your dress -my floor -the way -you wore -my, my T-Shirt (Nah nah nah nah nah-nah-nah) (You look good in my t-shirt, baby) (Yeah, you look so good in my t-shirt) (Yeah baby, you look good in my t-shirt) (Oh yes, you look so good in my t-shirt) (Nah nah nah nah nah-nah-nah)","Ashley Gorley, Luke Laird, Shane McAnally","Dann Huff, Jesse Frasure",198
From The Ground Up,Dan + Shay,NA,2016,"Grandma and grandpa painted a picture Of 65 years in one little house More than a memory, more than saying ""I do"", Kiss you goodnights and ""I love you's"" Me and you, baby, walk in the footsteps Build our own family One day at a time Ten little toes, a painted pink room Our beautiful baby looks just like you And we'll build this love from the ground up Now 'til forever it's all of me, all of you Just take my hand And I'll be the man your dad hoped that I'd be And we'll build this love from the ground up For worse or for better And I will be all you need Beside you I'll stand through the good and the bad We'll give all that we have And we'll build this love from the ground up This life will go by In the blink of an eye But I wouldn't wanna spend it without you by my side The clouds are gonna roll The earth's gonna shake But I'll be your shelter through the wind and the rain And we'll build this love from the ground up Now 'til forever it's all of me, all of you Just take my hand And I'll be the man your dad hoped that I'd be And we'll build this love from the ground up For worse or for better And I will be all you need Beside you I'll stand through the good and the bad We'll give all that we have And we'll build this love from the ground up Someday we'll wake up with thousands of pictures Of 65 years in this little house I won't trade for nothing the life that we built I'll kiss you goodnight and say, ""I love you still."" And we'll build this love from the ground up For worse or for better And I will be all you need Beside you I'll stand through the good and the bad We'll give all that we have And we'll build this love from the ground up From the ground up","Dan Smyers, Shay Mooney, Chris DeStefano","Dan Smyers, Scott Hendricks",199
Came Here To Forget,Blake Shelton,NA,2016,"Girl you're getting over him and I'm getting over her The eyes have it made, ain't gotta say a word Misery loves company, that's why it's you and me Buying each other drinks, back at the bar, as thick as thieves Stealing these little sips Doing our best to make the best of the worst of it Keep playing them songs, keep singing along Keep leaning it on in closer Keep salting the rim, getting even with her And with him before the night is over That first kiss was like a Colorado hit We better keep on keeping it lit 'Til we can't remember Can't remember what we came here to forget Go ahead and check your phone, like I've been checking mine Nobody's ex texting for a rewind Looks like it's just me and you Fall in love just enough to get us through What we're getting through Keep playing them songs, keep singing along Keep leaning it on in closer Keep salting the rim, getting even with her And with him before the night is over That first kiss was like a Colorado hit We better keep on keeping it lit 'Til we can't remember Can't remember what we came here to forget Ya, it's what we came here to forget Looks like it's just me and you Fall in love just enough to get us through What we're getting through Keep playing them songs, keep singing along Keep leaning it on in closer Keep salting the rim, getting even with her And with him before the night is over That first kiss was like a Colorado hit We better keep on keeping it lit 'Til we can't remember Can't remember what we came here to forget What we came here to forget What we came here to forget Baby, baby That's what we came here to forget","Deric Ruttan, Craig Wiseman",Scott Hendricks,200
American Country Love Song,Jake Owen,NA,2016,"It's two tickets to a concert It's a Daytona airbrush T-shirt Wondering who's gonna kiss you first You know what I'm talking about Hey, baby, what you doing tonight? It's butterflies and Bud Lights Under the stars and on the stripes Of a beach towel in a Spring Break town It's playing in the night air Through the speakers all night long Couple kids just livin' That American country love song In every town, in every place There's a boy who's trying to take a chance And dance and find a way to run away with her heart In the back of an old Ford truck In the bar, just looking for love In a pair of—oh my—blue eyes, let them fireworks start That American country love song Ain't ever gonna quit playing on and on, and on It's Chris loves Jenny on a license plate It's daddy getting mad 'cause you came home late It's one last kiss in the driveway Hey, radio DJ, can you play that song That she loves? So I can turn it up And maybe turn her on An American country love song In every town, in every place There's a boy who's trying to take a chance And dance and find a way to run away with her heart In the back of an old Ford truck In the bar, just looking for love In a pair of—oh my—blue eyes, let them fireworks start That American country love song Ain't ever gonna quit playing on, and on, and on, and on So let's raise a glass, cheerleaders and quarterbacks Cowboys and country girls, all around this small town world To the same old pick up lines, we've tried a million times All the bad and good as it gets, to the ones that you ain't met yet In every town, in every place There's a boy who's trying to take a chance And dance and find a way to run away with her heart In the back of an old Ford truck In the bar, just looking for love In a pair of—oh my—blue eyes, let them fireworks start That American country love song Ain't ever gonna quit playing on, and on, and on","Ross Copperman, Jaren Johnston, Ashley Gorley","Ross Copperman, Shane McAnally",201
"Huntin', Fishin' and Lovin' Every Day",Luke Bryan,NA,2016,"If I could make a livin' from walkin' in the woods You can bet I'd be sittin' pretty good High on a hill looking at a field down wind If I could make a nickel off of turnin' them bass Never worry bout the price of gas I'd be wheelin' and dealin' and sittin' there reelin' 'em in Huntin', fishin', and lovin' every day That's the prayer that a country boy prays Thank God He made me this way Huntin', fishin', and lovin' every day Early in the mornin', late in the evenin' I'm getting red dirt rich and Flint River paid Huntin', fishin', and lovin' every day I get a little farm pond buzz Sound of gravel when I'm backin' up Pullin' the string on a 9.9 two-stroke (Mercury) I love it when my baby wants to roll with me Throws her boots on, climbs in a tree Tuckin' her hair in my hat and she's ready to go And we get to huntin', fishin' and lovin' every day That's the prayer that a country boy prays Thank God He made me this way Huntin', fishin' and lovin' every day Early in the mornin', late in the evenin' I'm getting red dirt rich and Flint River paid Huntin', fishin' and lovin' every day So while y'all are up there Breathin' in that old dirty air I'll be down here Knee-deep in the Muckalee Huntin', fishin' and lovin' every day I wanna see them tall pines sway Y'all close them eyes, let's go there in our minds Huntin', fishin', and lovin' every day That's the prayer this country boy prays Thank God He made me this way Huntin', fishin' and lovin' every day Black coffee in the mornin, dark whiskey in the evenin' I'm gettin' red dirt rich and Flint River paid Huntin', fishin' and lovin' every day Won't you come along with me Won't you come along with me I know you wanna see Huntin', fishin', and lovin' every day","Luke Bryan, Dallas Davidson, Rhett Akins, Ben Hayslip","Jeff Stevens, Jody Stevens",202
Running For You,Kip Moore,NA,2016,"We had a good run But I knew, I knew, I knew I knew this day would come As bad as I want to Ain't no way, not me, girl I ain't gonna stop you [Chorus:] But if the rain starts falling, falling on you And your heart starts breaking, breaking in two If the light starts fading, baby, don't move Just say my name, stay right there I'll come running for you, yeah I'm gonna miss you Baby, there's no way that I can go with you So, go on and chase it I know, I know, I know You can almost taste it Yeah, time's a wastin' [Chorus:] But if the rain starts falling, falling on you And your heart starts breaking, breaking in two If the light starts fading, baby, don't move Just say my name, stay right there I'll come running for you, yeah It's gonna be a long night And I might shed a tear But I'm gonna be alright And even though you won't be in my arms You'll be right where you belong So, go, girl, go, girl, go on [Chorus:] But if the rain starts falling, falling on you And your heart starts breaking, breaking in two If the light starts fading, baby, don't move Just say my name, stay right there I'll come running for you","Kip Moore, Troy Verges, Blair Daly",Brett James,203
Noise,Kenny Chesney,NA,2016,"Wrecking balls, downtown construction Bottles breaking, jukebox buzzing Cardboard sign says ""The Lord is Coming"" Tick, tick, tock Rumors turn the mills back home Parking lot kids with the speakers blown We didn't turn it on but we can't turn it off, off, off Sometimes I wonder how did we get here Seems like all we ever hear is noise Yeah we scream, yeah we shout 'til we don't have a voice In the streets, in the crowds, it ain't nothing but noise Drowning out all the dreams of this Tennessee boy Just tryin' to be heard in all this noise 24 hour television, get so loud that no one listens Sex and money and politicians talk, talk, talk But there really ain't no conversation Ain't nothing left to the imagination Trapped in our phones and we can't make it stop, stop this noise Yeah we scream, yeah we shout 'til we don't have a voice In the streets, in the crowds, it ain't nothing but noise Drowning out all the dreams of this Tennessee boy Just tryin' to be heard in all this noise Every room, every house, every shade of noise All the floors, all the walls, they all shake with noise We can't sleep, we can't think, can't escape the noise We can't take the noise, so we just make noise Yeah we scream, yeah we shout 'til we don't have a voice In the streets, in the crowds, it ain't nothing but noise Drowning out all the dreams of this Tennessee boy Just tryin' to be heard in all this noise All this noise Can't take the noise Can't take the noise Can't stand the noise Can't take the noise","Kenny Chesney, Ross Copperman, Shane McAnally, Jon Nite","Buddy Cannon, Kenny Chesney",204
Wasted Time,Keith Urban,NA,2016,"The rain is coming down tonight I'm smiling looking at this photograph I hear that song and I'm flying right back to when we had it made Every Friday night when the sun went down We'd be running them streets like we owned the town And I just can't let it go, no, I just can't let it go I wonder if you ever think about it like I do Seven kids on a two lane road Had ""The Guns"" on the radio After all this time it still feels so good When I think about those summer nights Singing out the window, on the back roads, ""Sweet Child O' Mine"" Sipping on the locos spark of light Ain't it funny how the best days of my life Was all that wasted time, all that wasted time? Out of nowhere it slipped away And the rope by the river hangs silently And the town that we knew ain't nothing like it used to be Ah, I can't explain They took all the colour from the picture frame And the days got sold to the grid and the game But I just can't let it go, no, I just can't let it go I wonder if you ever think about it like I do Seven kids on a two lane road We had ""The Guns"" on the radio After all this time it still feels so good When I think about those summer nights Singing out the window, on the back roads, ""Sweet Child O' Mine"" Sipping on the locos spark of light Ain't it funny how the best days of my life Was all that wasted time, all that wasted time? Swinging on the line Living all that wasted time Hey, hey, now Summer dresses drying out on the hood of the car Only music that we had was out the left speaker We were living every second 'til the time ran out We had nothing but we had it all When I think about those summer nights Sneaking out the window, running back roads, your hand in mine We were going nowhere, we were so alive Uh huh, ain't it crazy how the best days of my life Was all that wasted time, all that wasted time? We were swinging out on the line Living all that wasted time Hey, you know oh All that wasted time Don't you feel it coming on back now? Time, time, time","Keith Urban, Greg Wells, James Abrahart","Greg Wells, Keith Urban",205
Lights Come On,Jason Aldean,NA,2016,You're a crack of dawn Monday morning Coffee strong pouring everything you got Into a paycheck Friday night You're a power stroke diesel backhoe riding King of beers 18-wheeler driving Livin' life in-between the lines of clocking in and quittin' time Then the 6-string circus comes to town We hang them speakers over the crowd When the lights come on and everybody's screamin' Lighters in the sky yeah everybody's singin' Every word to every song To the girl they're takin' home tonight When the lights come on and everybody's feelin' A hallelujah high from the floor to the ceiling Yeah the drink that we're drinking the smoke that we're smoking The party we're throwin's goin' all night long When the lights come on When the lights come on You're a little shy thing with a wild side on a night like this it just can't hide 'Cause it's dyin' to live it up so come on and raise your cup If we talkin' 'bout memories yeah we gonna make 'em Talkin' 'bout rules you know we gonna break 'em When the lights come on and everybody's screamin' Lighters in the sky yeah everybody's singin' Every word to every song To the girl they're takin' home tonight When the lights come on and everybody's feelin' A hallelujah high from the floor to the ceiling Yeah the drink that we're drinking the smoke that we're smoking The party we're throwin's goin' all night long When the lights come on When the lights come on Yeah we all the same 'cause we thinkin' the same thing We on the same page 'cause we sippin' the same drink Here's a little something to thank y'all for showing up Aldean and the boys about to blow it up When the lights come on and everybody's screamin' Lighters in the sky yeah everybody's singin' Every word to every song To the girl they're takin' home tonight When the lights come on and everybody's feelin' A hallelujah high from the floor to the ceiling Yeah the drink that we're drinking the smoke that we're smoking The party we're throwin's goin' all night long When the lights come on When the lights come on Boy's blowin' it up It's goin all night long When the lights come on,"Brian Kelley, Tyler Hubbard, Jordan Schmidt, Jimmy Robbins, Brad Warren, Brett Warren",Michael Knox,206
Rock On,Tucker Beathard,NA,2016,"Girl I really did mean it when I wished you the best Good to hear you're killing it way out west Finding your own way didn't take too long Baby rock on, rock on It's getting tough keeping up with where you are Posting pics like some big Hollywood star Guess every club in town is playing your song Baby rock on, rock on Rock on like you don't miss me Rock on like it's all good Rock on 'til you forget me, just like you said you would I gotta tell you I can't stand The thought of someone else holding that hand I should've put a rock on Yeah, I do a lotta thinking about wanting you back But I don't know about all dolled up like that If my homegrown country girl's long gone Then baby rock on, rock on Rock on like you don't miss me Rock on like it's all good Rock on 'til you forget me, just like you said you would I gotta tell you I can't stand The thought of someone else holding that hand I should've put a rock on Yeah, rock on I saw your hashtag, digging on some new dude Girl, you left me with nothing else to do Rock on like I don't miss you Rock on like it's all good Rock on 'til I forget you, just like I wish I would I gotta tell you I can't stand The thought of someone else holding that hand I should've put a rock on Baby rock on Yeah, I should've put a rock on Yeah, baby rock on Yeah, I really did mean it when I wished you the best","Tucker Beathard, Casey Beathard, Marla Cannon-Goodman",Angelo Petraglia,207
Church Bells,Carrie Underwood,NA,2016,"Jenny grew up wild, like a blackfoot daisy Out in the shack with a blue tick hound Broke as hell, but blessed with beauty The kind that a rich man can't turn down She caught the eye of an oil man dancing One summer night in a dime store dress She had the looks, he had the mansion And you can figure out the rest It was all roses, dripping in diamonds Sipping on champagne She was all uptown, wearing that white gown Taking his last name She could hear those church bells ringing, ringing And up in the loft, that whole choir singing, singing Fold your hands and close your eyes Yeah, it's all gonna be alright And just listen to the church bells ringing, ringing Yeah, they're ringing Jenny was hosting Junior League parties And having dinner at the country club Everyone thought they were Ken and Barbie But Ken was always getting way too drunk Saturday night, after a few too many He came home ready to fight And all his money could never save Jenny From the devil living in his eyes It was all bruises, covered in makeup Dark sunglasses And that next morning, sitting in the back pew Praying with the baptist She could hear those church bells ringing, ringing And up in the loft, that whole choir singing, singing Fold your hands and close your eyes Yeah, it's all gonna be alright You just listen to the church bells ringing, ringing Yeah, they're ringing Jenny slipped something in his Tennessee whiskey No law man was ever gonna find And how he died is still a mystery But he hit a woman for the very last time She could hear those church bells ringing, ringing Standing there in a black dress singing, singing Fold your hands and close your eyes Yeah, it's all gonna be alright And just listen to the church bells ringing, ringing Yeah, they're ringing","Zach Crowell, Brett James, Hillary Lindsey",Mark Bright,208
Make You Miss Me,Sam Hunt,NA,2016,"You hear a new song, and it's your favorite And pretty soon you'll be changing the station And all your old shoes are looking brand new They wanna be worn but they never get the chance too Heavy into everything Ready for the next thing To catch your eye for a while then you're over it You change your mind on it Soon as the shines gone Like you always do, but you don't know it yet but Whoa whoa I ain't gonna be that easy to leave Whoa whoa Girl, I'm gonna make you miss me Make you wish that you were sleeping in my shirt Lie about my jacket and tell everyone it's yours When your phone rings after midnight and you're thinking maybe it's me I'm gonna make you miss me You're cold and hot You burn out like a match Keep a slip knot and the strings you attach You think it's easy, but that's a lie The only reason that you're good at goodbye is Every boy you ever met was too easy to forget Well, I ain't going out like that Whoa whoa I ain't gonna be that easy to leave Whoa whoa Girl, I'm gonna make you miss me Make you wish that you were sleeping in my shirt Lie about my jacket and tell everyone it's yours When your phone rings after midnight and you're thinking maybe it's me I'm gonna make you miss me Whoa whoa I ain't gonna be that easy to leave Whoa whoa Girl, I'm gonna make you miss me Writing letters that you're never gonna mail Stay up and paint my favorite shade of red on your nails 'Cause you can't fall asleep and you're wishing you were with me I'm gonna make you miss me Make you miss me Make you miss the way my hand fit in your hand When you're dialing my number, listening to my favorite bands I'll say, hey baby, you know all you can say is come and get me I'm gonna make you miss me I'm gonna make you miss me Oh oh oh I'm gonna make you miss me","Sam Hunt, Josh Osborne, Matthew Ramsey","Zach Crowell, Shane McAnally",209
I Met A Girl,William Michael Morgan,NA,2016,"She don't laugh at everything But when she does the planets swing Around her She don't step on sidewalk seams Her teenage boyfriends all still dream About her She don't need the glitter of the Vegas lights She could blow a kiss and leave you spinning like A Tilt-A-Whirl I met a girl She made me smile She made me wait She crossed the street She crossed my heart She fixed her dress She bit her lip She lit me up I met a girl With crazy shoes And baby blues The way she moves Is changing my whole world I met a girl The sunshine waits for her to wake up She's a ponytail, no make-up, Saturday 'Cause she don't need umbrellas in a summer rain She could catch the eye of a hurricane In blue jean pearls I met a girl She made me smile She made me wait She crossed the street She crossed my heart She fixed her dress She bit her lip She lit me up I met a girl With crazy shoes And baby blues The way she moves Is changing my whole world She turned around And it felt like the world turned upside down And the only thing that I could say was ""Hey"" And I'm so glad she didn't walk away She dances like nobody sees her Can't believe I get to be here in her world I met a girl She made me smile She made me wait She crossed the street She crossed my heart She fixed her dress She bit her lip She lit me up I met a girl With crazy shoes And baby blues The way she moves Is changing my whole world I met a girl I met a girl","Sam Hunt, Trevor Rosen, Shane McAnally","Jimmy Ritchey, Scott Hendricks",210
Lovin' Lately,Big & Rich,Tim McGraw,2016,"Out with my friends and here it goes again Somebody asks me where you're at. I don't know what to say, I've tried you everyday It's been so long since you've called. I'll bet your having a real good time, But I hate to think of what you're doing tonight, And who you're holding close. I don't really wanna know Who you've been lovin lately Who you've been callin baby Who you've been runnin around in this tell all town. I guess you've finally got the best of me I guess you thought I'd never see You know it's so hard to believe how we came down. Like we were nothin baby. Who ya been lovin lately? I thought that I could trust the way we made love. You made me feel it was something real. Now everything you've said is lying in our bed Like shattered glass against my back. The way you got me just blows my mind Didn't care enough to even say goodbye I'd give anything now if I could stop thinking about Who you've been lovin lately Who you've been callin baby Who you've been runnin around in this tell all town. I guess you've finally got the best of me I guess you thought I'd never see You know it's so hard to believe how we came down. Like we were nothin baby. Who ya been lovin lately? Yeah who ya been lovin lately. I don't wanna know, but I've gotta know I don't wanna know...I've gotta know [x2] Who you've been lovin lately Who you've been callin baby Who you've been runnin around in this tell all town. I guess you've finally got the best of me I guess you thought I'd never see You know it's so hard to believe how we came down. Like we were nothin baby. Who ya been lovin lately?","Big Kenny, John Rich, Tim McGraw","Big Kenny, John Rich",211
H.O.L.Y.,Florida Georgia Line,NA,2016,"When the sun had left and the winter came And the sky thawed to only bring the rain I sat in darkness All broken-hearted I couldn't find a day I didn't feel alone I never meant to cry, started losing hope But somehow baby You broke through and saved me You're an angel. Tell me you're never leaving 'Cause you're the first thing I know I can believe in You're holy, holy, holy, holy I'm high on loving you, high on loving you You're holy, holy, holy, holy I'm high on loving you, high on loving you You made the brightest days from the darkest nights You're the river bank where I was baptized Cleansed from the demons That were killing my freedom Let me lay you down, give me to ya Get you singing, babe, hallelujah We'll be touching We'll be touching heaven You're an angel. Tell me you're never leaving 'Cause you're the first thing I know I can believe in You're holy, holy, holy, holy I'm high on loving you, high on loving you You're holy, holy, holy, holy I'm high on loving you, high on loving you I don't need these stars 'cause you shine for me Like fire in my veins, you're my ecstasy You're my ecstasy You're holy, holy, holy, holy I'm high on loving you, high on loving you You're holy, holy, holy, holy I'm high on loving you, high on loving you You're the healing hands where it used to hurt You're my saving grace, you're my kind of church You're holy","busbee, Nate Cyphert, William Wiik Larsen",Joey Moi,212
Castaway,Zac Brown Band,NA,2016,"Pour me another one Make it a strong one We're gonna have some fun tonight I wanna be a castaway And leave the world behind Take a tropic holiday Say goodbye to keeping time Wasting away down by the coast Pacifico and chasing lime Easy living down in paradise Pour me another one Make it a strong one We're gonna have some fun tonight Just like the other one Make it a double rum We're gonna castaway tonight I'm in an island state of mind Don't think I'm ever gonna leave I'd rather stay and watch the waves Move the sand beneath my feet Reggae on the radio Laying low and feeling high Easy living down in paradise Pour me another one Make it a strong one We're gonna have some fun tonight Just like the other one Make it a double rum We're gonna castaway tonight Castaway Ride the waves like we're young 'Cause time flies by and soon we'll be older It's better to live in the moment Than stuck in the past Fast asleep as the world passes by Ay ay yo Where reality is history Oh yo eh Come and castaway with me Ay ay yo The good times are free and Nobody can take that away Oh yo eh Come and castaway with me Pour me another one (Smiling in the islands, I've been) Make it a strong one We're gonna have some fun tonight (For a little while I'll be a castaway Gonna let the sun shine in) Just like the other one (Smiling in the islands, I've been) Make it a double rum We're gonna castaway tonight (For a little while I'll be a castaway Gonna let the sunshine in) Pour me another one (Smiling in the islands, I've been) Make it a strong one We're gonna have some fun tonight (For a little while I'll be a castaway Gonna let the sun shine in) Just like the other one (Smiling in the islands, I've been) Make it a double rum We're gonna castaway tonight (For a little while I'll be a castaway) Castaway","Zac Brown, Niko Moon, Wyatt Durrette, Coy Bowles, John Driskell Hopkins",In The Arena,213
Peter Pan,Kelsea Ballerini,NA,2016,"The smile, the charm, the words, the spark, Everything, you had it I guess I had a naive heart, 'Cause, boy, I let you have it You said I was your only, Never thought you'd leave me lonely You're just a lost boy With your head up in the clouds You're just a lost boy Never keep your feet on the ground Always gonna fly away, just because you know you can Never gonna learn there's no such place as a Neverland You don't understand You'll never grow up You're never gonna be a man, Peter Pan Deep down, I knew that you were too good to be true But every piece and part of me wanted to believe in you Now it's ""Happily Ever Never"" I guess now I know better You're just a lost boy With your head up in the clouds You're just a lost boy Never keep your feet on the ground Always gonna fly away, just because you know you can Never gonna learn there's no such place as a Neverland You don't understand You'll never grow up You're never gonna be a man, Peter Pan You're just a lost boy, Yeah, I know who you are And you don't know what you lost, boy, Too busy chasing stars And you're always gonna fly away, just because you know you can Never gonna learn there's no such place as a Neverland You don't understand You'll never grow up You're never gonna be a man You're never gonna grow up Yeah, you're never gonna be a man, Peter Pan Never gonna be a man","Kelsea Ballerini, Forest Glen Whitehead, Jesse Lee","Forest Glen Whitehead, Jason Massey",214
Without A Fight,Brad Paisley,Demi Lovato,2016,"There's a tangled mess of sheets on the bed A lack of sleep poundin' in my head We both regret some of the things we said But we love the way it ends Sometimes I think We hurt each other just because of where it'll lead Sometimes I think We're fighting just to be lovers and all so needlessly [Both:] Good as we are at gettin' it on How come we just can't get along? The way we love, it don't seem right The way we fuss, the way we fight I got a crazy idea, how 'bout maybe tonight We make up without a fight [Brad Paisley, Demi Lovato (Both):] They say don't go to bed angry, that's true But it's really something when we do (Madder you make me, the more I want you) Girl, I admit [Both, Demi Lovato (Brad Paisley):] Sometimes I think It couldn't be any better (And I couldn't want you more) And sometimes I think We don't belong together Confusing love and war [Both:] Good as we are at gettin' it on How come we just can't get along? The way we love, it don't seem right The way we fuss, the way we fight I got a crazy idea, how 'bout maybe tonight We make up without a fight [Brad Paisley, Demi Lovato (Both):] We ain't givin' up without a fight We can make up without a fight (No, we ain't givin' up, we can make up) [Both:] Good as we are at gettin' it on How 'bout maybe tonight We make up without a fight","Brad Paisley, Kelley Lovelace, Lee Thomas Miller","Brad Paisley, Luke Wooten",215
Unlove You,Jennifer Nettles,NA,2016,"I could break down and cry Laugh it off and deny Draw lines in the sand And count on both hands All the reasons why This just won't work It'll be nothing but hurt I can swear that I don't And maybe one day I won't But for how hard I've tried I can't unlove you My heart can't unbreak I can't unfeel how it felt But feel so much myself My whole body ached And I can't unknow this Lord, I wish I knew how But I can't unlove you So come love me for now If I were 25 I know just what I'd do I would have already kissed Till I was drunk on your lips A thousand times too few But we have other lives And we know it ain't right This is going nowhere If I'm with you I don't care Take me nowhere tonight They call it fire But it feels just like drowning Well the weight of my burning desire Closing in all around me I wasn't lost until you found me And I can't unlove you My heart can't unbreak I can't unfeel how it felt But feel so much myself My whole body ached And I can't unknow this Lord, I wish I knew how But I can't unlove you So come love me for now I can't unlove you So come love me for now","Jennifer Nettles, Brandy Clark",Dann Huff,216
Livin' The Dream,Drake White,NA,2016,"Everybody say we wouldn’t make it baby Love don’t live around here much lately Times are hard and hearts break like the bank Aw yes they do Lots of reason just to give it on up Leave your soul on the shelf collecting dust Live in a world of broken promises and empty tanks Aw but look at us Look at us with a picket fence Don’t got a lot of money but we’re makin’ a dent Old Ford truck with a dog in the back Now, ain’t we livin’ the dream Big blue sky, green, green grass Ain’t doing half bad for a half full glass Kiss me baby Yeah, just like that Now, ain’t we livin’ the dream Put on a little ole Keith Whitley Back porch dancin’ singin’ with me I’m no stranger to the rain, no, no we ain’t Pour a little bit of homemade wine Make some love, take our sweet time Why the hell do we complain Look at us with a picket fence Don’t got a lot of money but we’re makin’ a dent Old Ford truck with a dog in the back Now, ain’t we livin’ the dream Big blue sky, green, green grass Ain’t doing half bad for a half full glass Kiss me baby Yeah, just like that Now, ain’t we livin’ the dream Oh yeah Oh baby, ain’t we livin’ the dream Look at us we got a life down here Outlaws, in-laws, coolers of beer Spot on the wall to hang last year’s deer Now, ain’t we livin’ the dream Red, white and blue flag hangin’ Kids in the back just a tire swingin’ Fireworks a booming and banging Now, ain’t we livin’ the dream Look at us with a picket fence Don’t got a lot of money but we’re makin’ a dent Old Ford truck with a dog in the back Now, ain’t we livin’ the dream Big blue sky, green, green grass Ain’t doin’ half bad for a half full glass Kiss me baby Yeah just like that Now, ain’t we livin’ the dream Oh, oh Yeah They say we’d never make it baby Love don’t live around here much lately What do you think about that?","Tom Douglas, Jaren Johnston, Luke Laird","Ross Copperman, Jeremy Stover",217
It Don't Hurt Like It Used To,Billy Currington,NA,2016,"I had a couple beers with one of my friends ​Told him just how our story ends ​Did all I could to try to make it work ​But you drug my heart through the Alabama dirt ​ ​I've been out the house, climbin' them walls ​Checkin' that calendar, exin' days off ​Hit another bar, call another friend ​Throw a few down, tell the story again ​ ​Hey, hey, what can I say? ​I can just lie and say it's all okay ​Oh-ho, what can I do? ​Been goin' through Hell gettin' over you ​But it don't hurt, it don't hurt like it used to ​No it don't hurt, it don't hurt like it used to ​ I'm finally gettin' out back into the world ​Life is good, I met me a girl ​She got a beautiful heart, eyes are blue ​I don't hardly ever think about you ​ ​Hey, hey, what can I say? I can just lie and say it's all okay Oh-ho, what can I do? Been goin' through Hell gettin' over you But it don't hurt, it don't hurt like it used to No it don't hurt, it don't hurt like it used to ​Sometimes I find peace of mind in a bottle of wine ​Sometimes I break down and cry ​ ​Hey, hey, what can I say? I can just lie and say it's all okay Oh-ho, what can I do? Been goin' through Hell gettin' over you ​Hey, hey, what can I say? I can just lie and say it's all okay Oh-ho, what can I do? Been goin' through Hell gettin' over you But it don't hurt, it don't hurt like it used to No it don't hurt, it don't hurt like it used to ​No it don't hurt, it don't hurt like it used to It don't hurt, it don't hurt like it used to","Billy Currington, Cary Barlowe, Shy Carter",Dann Huff,218
Sleep Without You,Brett Young,NA,2016,"Oh babe Never thought I would be like this Wide awake waitin' on a goodnight kiss Sippin' ninety proof Talkin' to the moon Countin' down the hours till its two AM Never thought I would be like this But as long as the night ends with you in a yellow cab shootin' me a text sayin' ""Comin' home soon"" As long as I can bet on ya crawlin' into bed after slippin' out ya high heel shoes I ain't lyin' sayin' havin' a good time Out with your girls Girl do what you do No matter how late Baby I'll be stayin' up I can't sleep without you I'd be tossin' and turnin' all night babe From the smell of your hair on the pillow case Even if I tried without you by my side I'd be dreamin' with my eyes open I'd be tossin' and turnin' all night babe But as long as the night ends with you in a yellow cab shootin' me a text sayin' ""Comin' home soon"" As long as I can bet on ya crawlin' into bed after slippin' out ya high heel shoes I ain't lyin' sayin' havin' a good time Out with your girls, girl do what you do No matter how late Baby I'll be stayin' up I can't sleep without you, no I can't sleep without you, no, no I bet that DJ'S playin' your song and your carryin' on Baby I love the thought of that long as I know I'm the one you're comin' home to But as long as the night ends with you in a yellow cab shootin' me a text sayin' ""Comin' home soon"" As long as I can bet on ya crawlin' into bed after slippin' out ya high heel shoes I ain't lyin sayin' havin' a good time Out with your girls, girl do what you do No matter how late Baby I'll be stayin' up I can't sleep without you Ya no matter how late baby I'll be stayin' up I can't sleep without you no Can't sleep without you I can't sleep without you Never thought I would be like this Just wide awake waitin' on a goodnight kiss","Brett Young, Justin Ebach, Kelly Archer",Dann Huff,219
I Know Somebody,LoCash,NA,2016,"Girl I've never seen you in this town If you need somebody to show you around, well I know somebody It's a little too loud to talk in here And your eyes are sayin' you wanna disappear, well I know a place and I know somebody Somebody with a gassed up truck sittin' right outside It's ready to roll if you're ready to ride Sunroof open with the moonlit sky Yeah, I know a guy I know somebody that's lost all in your smile That can love you like a song on the radio dial If that's what you want tonight I know somebody, and you're lookin' right in his eyes I know somebody (I know somebody), I know somebody (I know somebody), I know somebody I'm lovin' the way you act so shy Like you ain't sure, like you can't decide But I heard you tell your friends that you know somebody That makes you laugh, that can get you home That might make you fall ‘fore the night is gone So come on, you know I'm that somebody Somebody with a gassed up truck sittin' right outside It's ready to roll if you're ready to ride Sunroof open with the moonlit sky Yeah, I know a guy I know somebody that's lost all in your smile That can love you like a song on the radio dial If that's what you want tonight I know somebody, and you're lookin' right in his eyes I know somebody (I know somebody), I know somebody (I know somebody), I know somebody That's lookin' for a girl like you Could fall in a kiss or two Baby tell me what you wanna do Cause I know Somebody with a gassed up truck sittin' right outside It's ready to roll if you're ready to ride Sunroof open with the moonlit sky Yeah, I know a guy I know somebody that's lost all in your smile That can love you like a song on the radio dial If that's what you want tonight I know somebody, and you're lookin' right in his eyes I know somebody, I know somebody I know somebody, I know somebody I know somebody, and you're lookin' right in his eyes I know somebody, I know somebody I know somebody, I know somebody I know somebody","Ross Copperman, Jeremy Stover, Rhett Akins",Lindsay Rimes,220
She's Got A Way With Words,Blake Shelton,NA,2016,"When you put two and two together You figure out love's got four letters I shoulda known that when I met her But she had to spell it out for me After all that second guessing It's been a long hard history lesson Hell that's a class I got an F in But now I understand perfectly She put the her in hurt She put the why in try She put the S.O.B. in sober She put the hang in hangover (hangover) She put the ex in sex She put the low in blow She put a big F.U. in my future Yeah she's got a way She's got a way with words Yeah she's got a way with words Little words like ""I"" and ""do"" Lying, cheating, screwed Yeah all the words I thought I knew They got a brand new meaning now She put the her in hurt She put the why in try She put the S.O.B. in sober She put the hang in hangover (hangover) She put the ex in sex She put the low in blow She put a big F.U. in my future Yeah she's got a way She's got a way with words (Oh-oh-oh-oh, oh-oh-oh-oh) Yeah she's got a way with words (Oh-oh-oh-oh, oh-oh-oh-oh) She put the her in hurt She put the why in try She put the S.O.B. in sober She put the hang in hangover (hangover) She put the ex in sex She put the low in blow She put a big F.U. in my future Yeah she's got a way She's got a way with words (Oh-oh-oh-oh, oh-oh-oh-oh) Yeah she's got a way with words (Oh-oh-oh-oh, oh-oh-oh-oh) She's got a way with words She's got a way with words Yeah she's got a way with words","Wyatt Earp, Andy Albert, Marc Beeson",Scott Hendricks,221
Different For Girls,Dierks Bentley,Elle King,2016,"She don't throw any t-shirt on and walk to a bar She don't text her friends and say, ""I gotta get laid tonight."" She don't say, ""It's okay, I never loved him anyway."" She don't scroll through her phone just looking for a Band-Aid [Both:] It's different for girls when their hearts get broke They can't tape it back together with a whiskey and coke They don't take someone home and act like it's nothing They can't just switch it off every time they feel something A guy gets drunk with his friends and he might hook up Fast forward through the pain, pushing back when the tears come on [Dierks Bentley:] But it's different for girls [Elle King:] She don't sleep all day and leave the house a wreck She don't have the luxury to let herself go [Both:] She won't call just to curse, find a wall she can punch When the going gets tough, yeah, the guys they can just act tough It's different for girls when their hearts get broke They can't tape it back together with a whiskey and coke They don't take someone home and act like it's nothing They can't just switch it off every time they feel something A guy gets drunk with his friends and he might hook up Fast forward through the pain, pushing back when the tears come on But it's different for girls [Dierks Bentley:] It's different for girls Nobody said it was fair When love disappears, they can't pretend it was never there [Both:] A guy gets drunk with his friends and he might hook up Fast forward through the pain, pushing back when the tears come on When the going gets tough, yeah, the guys they can just act tough [Dierks Bentley:] So tough It's different for girls [Elle King:] It's different for girls","J.T. Harding, Shane McAnally",Ross Copperman,222
21 Summer,Brothers Osborne,NA,2016,"Now and then I think about you now and then When I see that Chevrolet That certain shade, of blue I hear that song, the one we sang all summer long And even though its been so long it brings me back Right back to you I hope you find the storm that you were chasing Hope your eyes are still as full of dreams As they were that night when you slipped off those cut off jeans When I hear the sound of high tide thunder I can see your hair blowing in the breeze I think about how you and that 21 summer made a man of me Yeah you made a man of me How yah been I'd love to hear bout how you been You're the only broken heart I've ever had and love to have again I hope you find the storm that you were chasing Hope your eyes are still as full of dreams As they were that night when you slipped off those cut off jeans When I hear the sound of high tide thunder I can see your hair blowing in the breeze I think about how you and that 21 summer made a man of me Yeah you made a man of me","John Osborne, T.J. Osborne, Craig Wiseman",Jay Joyce,223
Middle Of A Memory,Cole Swindell,NA,2016,"Baby, it just took one look at you For me to change my one drink order to two Like we already knew each other Like we been talking all night About a minute into our first dance We got blindsided by your friends All in a hurry like you had to go Didn't they know you can't leave someone Girl, you can't leave someone In the middle of a dance floor all alone In the middle of an old school country song Right when I was just about to lean on in Why'd you have to go then? Baby, in the middle of the glow of the neon light It shoulda, coulda, woulda been the night of our lives Girl, it ain't right, no How you gonna leave me right in the middle of a memory? We were gonna dance till they shut it down People'd be staring while I spin you 'round Thinking we were so in love, yeah They wouldn't know we hadn't even hooked up I'd get your number and I'd give you mine And we'd be hanging out tomorrow night But now I don't know where you are I'm under these lights right here in the dark In the middle of a dance floor all alone In the middle of an old school country song Right when I was just about to lean on in Why'd you have to go then? Baby, in the middle of the glow of the neon light It shoulda, coulda, woulda been the night of our lives Girl, it ain't right, no How you gonna leave me right in the middle of a memory? Yeah, it's like you walked right out in the middle of a movie Tore the back half out of a book And no, you'll never know, girl, what you did to me It ain't right saying goodbye In the middle of a dance floor all alone In the middle of what could've been our song Right when I was just about to lean on in Why'd you have to go then? Baby, in the middle of the glow of the neon light It shoulda, coulda, woulda been the night of our lives But, girl, it ain't right, no How you gonna leave me right in the middle of a memory? In the middle of a memory In the middle of a memory","Cole Swindell, Zach Crowell, Ashley Gorley",Michael Carter,224
A Little More Summertime,Jason Aldean,NA,2016,They're boarding up this water town Ain't nobody hanging 'round Another gray September day Was I crazy to think she'd stay If that sun would've just hung up in that sky just a little bit yeah just a little bit longer If those blue water waves could've stayed at her feet on the beach 'stead of going out with the tide If that wind was a friend it'd still be blowing in like a warm southern whisper on her She might have stayed forever and never ever left these arms if only I Had a little more summertime I brace myself against the cold Let her memory take hold Stirring that old fire up As if I don't miss her enough If that sun would've just hung up in that sky just a little bit yeah just a little bit longer If those blue water waves could've stayed at her feet on the beach 'stead of going out with the tide If that wind was a friend it'd still be blowing in like a warm southern whisper on her She might have stayed forever and never ever left these arms if only I Had a little more summertime Just a little more summertime If that sun would've just hung up in that sky just a little bit yeah just a little bit longer She might have stayed forever and never ever left these arms if only I Had a little more summertime,"Jerry Flowers, Tony Martin, Wendell Mobley",Michael Knox,225
Song For Another Time,Old Dominion,NA,2016,"Right now we both know We're Marina del Rey, Plane's gonna fly away And you'll be on it And by this time tomorrow I'll be singing yesterday The sunshine's gonna fade And we can't stop it So before we turn in, I can't make you love me Let's be Brown-Eyed Girl, Sweet Caroline, Free Fallin', Small Town Saturday Night. Before you lose that Loving Feeling Let's go Dancing on the Ceiling Keep on living that Teenage Dream, Paradise City where the grass is green Pretty soon I'll be so lonesome I could cry, But that's a song for another time Well, just for one more day What do you say? Baby be my Pretty Woman Because we know Sunday morning's coming down And let's take a drive You and I Down some old country road Talk about growing old in one of those pink houses Yeah, we might be a Candle in the Wind But let's pretend we're... Brown-Eyed Girl, Sweet Caroline, Free Fallin', Small Town Saturday Night. Before you lose that Loving Feeling Let's go Dancing on the Ceiling Keep on living that Teenage Dream, Paradise City where the grass is green Pretty soon you'll be always on my mind, But that's a song for another time So before we're singing I Will Always Love You Let's sing Brown Eyed Girl, Sweet Caroline, Free Fallin', Small Town Saturday Night. Before you lose that Loving Feeling Let's go Dancing on the Ceiling Keep on living that Teenage Dream, Paradise City where the grass is green Pretty soon I'll be so lonesome I could cry, But that's a song for another time Yeah, that's a song for another time Brown-Eyed Girl, Sweet Caroline Hey, that's a song for another time Free Fallin', Small Town Saturday Night That's a song for another time","Brad Tursi, Matt Jenkins, Matthew Ramsey, Trevor Rosen",Shane McAnally,226
80s Mercedes,Maren Morris,NA,2016,"Still runs good, built to last Moves like a hula girl on the dash She ain't made for practicality Yeah, I guess she's just like me It's Saturday night, about time to go Got my white leather jacket and a neon soul Once I turn on the radio I'm ready to roll Feel like a hard-to-get starlet when I'm driving Turning every head hell I ain't even trying Got them Ray-Ban shades pretty in pink Call me old school but hey I'm a 90's baby In my 80's Mercedes I'm a 90's baby In my 80's Mercedes Pop the top down like a summer dream She's my teenage time machine Just keeps getting sweeter with age She's classic through any decade The suns in the sky, glitter on the seats You can try, but the Benz is hard to beat So, hey, if you want you can ride with me Feel like a hard-to-get starlet when I'm driving Turning every head hell I ain't even trying Got them Ray-Ban shades pretty in pink Call me old school but hey I'm a 90's baby In my 80's Mercedes I'm a 90's baby In my 80's Mercedes It's Saturday night, about time to go Got my white leather jacket and a neon soul Once I turn on the radio I'm ready to roll Feel like a hard-to-get starlet when I'm driving Turning every head hell I ain't even trying Got them Ray-Ban shades pretty in pink Call me old school but hey I'm a 90's baby In my 80's Mercedes I'm a 90's baby In my 80's Mercedes","Maren Morris, busbee","busbee, Maren Morris",227
Vice,Miranda Lambert,NA,2016,"Sting of the needle dropping on a vinyl Neon singer with a jukebox title full of heartbreak 33, 45, 78 When it hurts this good you gotta play it twice Another vice All dressed up in a pretty black label Sweet salvation on a dining room table Waiting on me Where the numb meets the lonely It's gone before it ever melts the ice Another vice Another call, another bed I shouldn't crawl out of At 7 AM with shoes in my hand Said I wouldn't do it, but I did it again And I know I'll be back tomorrow night, oh I'll wear a town like a leather jacket When the new wears off, I don't even pack it If you need me I'll be where my reputation don't precede me Maybe I'm addicted to goodbyes Another vice Another town, where my past can't run me down Another life, another call, another bed I shouldn't crawl out of At 7 AM with shoes in my hand Said I wouldn't do it, but I did it again And I know I'll be gone tomorrow night Mmm, another vice Standing at the sink not looking in the mirror Don't know where I am or how I got here Well the only thing that I know how to find Is another vice Mmm another vice Yes, another vice Ooh, another vice Another vice Another vice Another vice","Miranda Lambert, Josh Osborne, Shane McAnally","Frank Lidell, Eric Masse, Glenn Worf",228
Move,Luke Bryan,NA,2016,"Your mama packed y'all up and moved you to the south Backed a U-Haul cross a one-tree yard To a tin roof shotgun house You didn't know nobody, didn't talk too much Had a rocking little body with a yankee strut A little shy side, a little wild side With your long blonde hair all pulled up Then you got in with some southern bells Cut your jeans off with a rebel yell Learned the talk of the Bible belt Now, girl, I melt when you M-O-V-E, I love it Yeah, I love it when you get that beat Boots on, stomp your feet It's like you've been waiting all week to Move like you do All sexy and smooth Like you love to Oh, girl, look at you Legs and your hips Live oak, moonlit When that song hits Damn, you turn it loose Stars of a southern sky Buzz of the fire and ice DJ plays that throwback tune But I can't move when you move It's like there's something in the air That turns you wild when a country song Is way up loud and the sun goes down Right about then, you lock eyes on me You got me where you want me, where I wanna be All up in the middle of your left and right Your side to side, yeah, you're right on time when you M-O-V-E, I love it Yeah, I love it when you get that beat Boots on, stomp your feet It's like you've been waiting all week to Move like you do All sexy and smooth Like you love to Oh, girl, look at you Legs and your hips Live oak, moonlit When that song hits Damn, you turn it loose Stars of a southern sky Buzz of the fire and ice DJ plays that throwback tune But I can't move when you move Let me talk to you M-O-V-E I love the way you, love the way you feel the beat C-O-M-E Come on, I wanna see you Move like you do Sexy and smooth Like you love to Girl, just look at you Legs and your hips Live oak, moonlit When that song hits Damn, you turn it loose Stars of a southern sky Buzz of the fire and ice DJ playin' throwback tunes I wanna move when you But I can't move when you No, I can't move when you move No, I can't move when you move","Luke Bryan, Michael Carter, Jay Clementi","Jeff Stevens, Jody Stevens",229
Setting The World On Fire,Kenny Chesney,Pink,2016,"Yeah we got drunk on La Cienega Boulevard Takin' pictures of people we thought were stars It's easy to give in to your heart When you're drunk on La Cienega Boulevard When the song comin' out of the speakers Was the band that you had on your t-shirt We were screamin' cause all the streets were empty And you kissed me, and we were... Up all night and we were feelin' so good Yeah, we got a little higher than we probably should We were in a hotel singin' in the hallway lights We were strikin' the matches right down to the ashes Setting the world on fire, setting the world on fire Wrote I love you in lipstick on the mirror We were shoutin' out the window, like they could hear us at the pier Said ""Do you think we'll live forever?"" As we killed another beer And you wrote I love you in lipstick on the mirror We were laughin' until we were breathless Never felt anything so reckless, we were all lit up and restless And comin' alive and we were… Up all night and we were feelin' so good Yeah, we got a little higher than we probably should We were in a hotel singin' in the hallway lights We were strikin' the matches right down to the ashes Setting the world on fire, setting the world on fire Yeah and we were up all night and we were feelin' so good Yeah, we got a little higher than we probably should We were in a hotel singin' in the hallway lights We were strikin' the matches right down to the ashes Setting the world on fire, setting the world on fire World on fire We were setting The world on fire We were setting The world on fire World on fire","Ross Copperman, Matt Jenkins, Josh Osborne","Buddy Cannon, Kenny Chesney",230
How I'll Always Be,Tim McGraw,NA,2016,"I'm a little more beer bottle beer joint than a fancy bar I'm a little more sitting up high on the road than a little car I'm a little more bust ya back than take it for free And that’s how I'll always be I'm a little more lose my temper than to sit on back I'm a little more ol' Hank Williams than that trendy crap I love a flat wood ol' front porch made of an old oak tree And that's how I'll always be I'll always be a fan of ol' stray dogs and guitars playin' One room churches, back road walks and front porch swingin' Sunset skies, bonfire nights, I love the simple things That's how I'll always be I got friends that say I live a little like cool hand Luke Fast cars and motorcycles raisin' hell in cowboy boots But hey on Sunday morning I'll take the back row seat That's how I'll always be I'll always be a fan of ol' stray dogs and guitars playin' One room churches, back road walks and front porch swingin' Sunset skies, bonfire nights, I love the simple things That's how I'll always be I'm a fan of chert rock bouncing off a Chevy fender That feeling that you get that first time she lets ya kiss her Rusty roofs that rattle when the rain is fallin' down Handshake deals fresh cut hay fields and hometowns I'll always be a fan of ol' stray dogs and guitars playin' One room churches, back road walks and front porch swingin' Sunset skies, bonfire nights, I love the simple things That's how I'll always be That's how I'll always be That's how I'll always be That's how I'll always be","Chris Janson, Jamie Paulin, Jeremy Stover","Byron Gallimore, Tim McGraw",231
Wanna Be That Song,Brett Eldredge,NA,2016,"The radio and a sundress Making my world all a mess Back corner of a cornfield Bottle tops and the truth spills Pull the lever, lay the seat back laughin' You slippin' off your shoes While the dashboard speakers sing every word of ""Night Moves"" I wanna be that song that gets you high Makes you dance, makes you fall That melody rewinds years Once disappear, makes time stall Wanna be those words that fill you up Pull your windows down and keeps you young Makes you believe you're right where you belong I wanna be that song I wanna be, wanna be, wanna be, wanna be that song Ohh, I wanna be, I wanna, I wanna I wanna stand with you in the third row Window booth at a bar Back pew on a Sunday pourin' out your heart When the bleachers are crowded When you're sittin' all alone When the rain is pourin' and you need something to take you home Let me be that song that gets you high Makes you dance, makes you fall That melody rewinds years Once disappear, makes time stall Wanna be those words that fill you up Pull your windows down and keeps you young Makes you believe you're right where you belong I wanna be that song I wanna be, wanna be, wanna be, wanna be that song Ohh, I wanna be, I wanna, I wanna When you're searching the horizon When your eyes look back When you're standing in the moment Every life has a soundtrack Oh, I wanna be, I wanna be, oh, I wanna be I wanna be that song that gets you high Makes you dance, makes you fall That melody rewinds years Once disappear, makes time stall Wanna be those words that fill you up Pull your windows down and keeps you young Makes you believe you're right where you belong I wanna be that song When the highway's calling When the bottle's dry When the sky is falling and you're asking yourself why Oh, Oh, I wanna be, yeah, oh.","Brett Eldredge, Ross Copperman, Scooter Carusoe","Ross Copperman, Brett Eldredge",232
If The Boot Fits,Granger Smith,NA,2016,"Just a small town Cinderella Daddy wants you back home by midnight Every time we're together Yeah, that's my dilemma I need more time with ya I wanna watch the sun rise through the pines with ya Night like this, wouldn't wanna miss Moonlight shining on a long slow kiss You can be the one I can get lucky with If the boot fits Woah Diamonds in the sky lighting up those eyes like Whoa You're the kind of fine that I can't deny It gets me high, cross my heart hope to die Pick a star make a wish Yeah girl, you can be my all night Dancing in the headlights Fairytale good as it gets If the boot fits Yeah baby we can run away My carriage is a 4x4 400 horse Chevrolet You're like a princess, In a blue cotton dress I can be your prince Woah Diamonds in the sky lighting up those eyes like Woah You're the kind of fine that I can't deny It gets me high, cross my heart, hope to die Pick a star make a wish Yeah girl, you can be my all night Dancing in the headlights Fairytale good as it gets If the boot fits Woah Let me show you how a country boy treats a lady Woah Go ahead kick em off cuz the boot fits baby Woah Diamonds in the sky lighting up those eyes like Woah You're the kind of fine that I can't deny It gets me high Cross my heart, hope to die Pick a star make a wish Yeah girl, you can be my all night Dancing in the headlights Fairytale good as it gets If the boot fits Whoa Mmm if the boot fits Whoa Yeah if the boot fits","Jordan Schmidt, Andy Albert, Mitchell Tenpenny","Frank Rogers, Granger Smith",233
Parachute,Chris Stapleton,NA,2016,"Street lights along the highway Throwing shadows in the dark And the memories keep on turning To the rhythm of a broken heart You only need a roof when it's raining You only need a fire when it's cold You only need a drink when the whiskey Is the only thing that you have left to hold Sun comes up and goes back down And falling feels like flying till you hit the ground Say the word and I'll be there for you Baby, I will be your parachute Parachute There's a song that I remember I never learned to play And a lifetime of forgotten words I never got to say You only need a roof when it's raining You only need a fire when it's cold You only need a drink when the whiskey Is the only thing that you have left to hold Sun comes up and goes back down And falling feels like flying till you hit the ground Say the word and I'll be there for you Baby, I will be your parachute Parachute If you think you're going down Just know I will be around You only need a roof when it's raining You only need a fire when it's cold You only need a drink when the whiskey Is the only thing that you have left to hold Sun comes up and goes back down And falling feels like flying till you hit the ground Say the word and I'll be there for you Baby, I will be your Baby, I will be your parachute Parachute","Chris Stapleton, Jim Beavers","Dave Cobb, Chris Stapleton",234
Blue Ain't Your Color,Keith Urban,NA,2016,"I can see you over there Staring at your drink Watchin' that ice sink All alone tonight And chances are You're sittin' here in this bar 'Cause he ain't gonna treat you right Well, it's probably not my place But I'm gonna say it anyway 'Cause you look like You haven't felt the fire Had a little fun Hadn't had a smile in a little while Baby Blue looks good on the sky Looks good on that neon buzzin' on the wall But, darling, it don't match your eyes I'm tellin' you You don't need that guy It's so black and white He's stealin' your thunder Baby, blue ain't your color I'm not tryna Be another just Pick you up Kinda guy Tryna drink you up Tryna take you home But I just don't understand How another man Can take your sun And turn it ice cold Well, I've had enough to drink And it's makin' Me think that I just might Tell you if I were a painter I wouldn't change ya I'd just paint you bright Baby 'Cause blue looks good on the sky Looks good on that neon buzzin' on the wall But, darling, it don't match your eyes I'm tellin' you You don't need that guy It's so black and white He's stealin' your thunder Baby, blue ain't your color, no,no no Mmm. It ain't your color, baby Mmm, baby. Blue looks good on the sky Looks good on that neon buzzin' on the wall But, darling, it don't match your eyes I'm tellin' you You don't need that guy It's so black and white He's stealin' your thunder Baby, blue ain't your color Blue ain't your color Mmm. No, no, baby Come here, baby Lemme light up your world","Steven Lee Olsen, Hillary Lindsey, Clint Lagerberg","Dann Huff, Keith Urban",235
Road Less Traveled,Lauren Alaina,NA,2016,"Why do you keep on staring? That mirror, mirror, it ain't fair at all (mm-mm) Dress sizes can't define, don't let the world decide what's beautiful No You won't make yourself a name if you follow the rules History gets made when you're acting a fool So don't hold it back and just run it Show what you got and just own it No, they can't tear you apart If you trust your rebel heart, ride it into battle Don't be afraid, take the road less traveled Wear out your boots and kick up the gravel Don't be afraid, take the road less traveled on Oh, ooh-whoa, oh, ooh-whoa Take the road less traveled on Don't follow anyone, March to the rhythm of a different drum Why do we analyze, break out, and criticize the crazy ones? Oh You won't make yourself a name if you follow the rules History gets made when you're acting a fool So don't hold it back and just run it Show what you got and just own it No, they can't tear you apart, no If you trust your rebel heart, ride it into battle Don't be afraid, take the road less traveled Wear out your boots and kick up the gravel Don't be afraid, take the road less traveled on Oh, ooh-whoa, oh, ooh-whoa Take the road less traveled on Oh, ooh-whoa, oh, ooh-whoa Take the road less traveled on Put your hands up, show me that you're one of a kind Put your hands up, let me hear your voice tonight Oh If you trust your rebel heart, ride it into battle Don't be afraid, take the road less traveled Wear out your boots and kick up the gravel Don't be afraid, take the road less traveled on If you trust your rebel heart, ride it into battle Don't be afraid, take the road less traveled Wear out your boots and kick up the gravel Don't be afraid, take the road less traveled on Oh, ooh-whoa, oh, ooh-whoa Take the road less traveled on Wear out your boots and kick up the gravel Don't be afraid, take the road less traveled on Traveled on Take the road less traveled on","Lauren Alaina, Jesse Frasure, Meghan Trainor",busbee,236
May We All,Florida Georgia Line,Tim McGraw,2016,"May we all get to grow up in our red, white and blue little town Get a won't-start-hand-me-down Ford to try to fix up With some part time cash from driving a tractor Find a sweet little thang, wears your ball cap backwards Kinda place you can't wait to leave but nobody does 'Cause you miss it too much May we all know that nothing ain't cool 'til you wear the new off The sound of a quarter rollin' down a jukebox Play the Travis Tritt right above the 2Pac 'Fore you get lost down some road Slow rolling with the top off the back of a Bronco Buy a cold sixer with a cashed-in lotto She's smilin' with her hair blowing out the window Where you 'bout to go? Yeah, you learn to fly and if you can't then you just free fall May we all May we all get to see those fields of green turn gold Watch a marching band play with the harvest moon coming up And know that fifteen minutes of famous Ain't gonna be what makes us or breaks us But we'll all be watching the TV the day that it comes May we all know that nothing ain't cool 'til you wear the new off The sound of a quarter rollin' down a jukebox Play the Travis Tritt right above the 2Pac 'Fore you get lost down some road Slow rolling with the top off the back of a Bronco Buy a cold sixer with a cashed in lotto She's smilin' with her hair blowing out the window Where you 'bout to go? Yeah, you learn to fly and if you can't then you just free fall May we all May we all do a little bit better than the first time Learn a little something from the worst times Get a little stronger from the hurt times May we all get to have a chance to ride the fast one Walk away wiser when we crashed one Keep hoping that the best one is the last one Yeah, you learn to fly and if you can't then you just free fall May we all May we all May we all May we all Get to have a chance to ride the fast one May we all Walk away wiser when we crashed one May we all Keep hoping that the best one is the last one Yeah, the last one Yeah, you learn to fly and if you can't then you just free fall May we all","Rodney Clawson, Jamie Moore",Joey Moi,237
Vacation,Thomas Rhett,NA,2016,"My girl is rocking that Billabong bikini like she’s sponsored Asking me if I can rub that Coppertone on her Got a couple bucks but I’m spending them like they pesos Might be Motel Sixing but it feels like Turks and Caicos Put a little liquor in my coconut water Party all day like you at your alma mater Put a little liquor in my coconut water Ice has started melting cause it’s always getting hotter Singing hey, let’s party like we on vacation Hey, let’s party like we on vacation I got my toes up in the sand Cold one in my hand Toes up in the sand Cold one in my hand Singing hey, let’s party like we on vacation I got my Solo Cup amplifier, playing all my jams And my Walgreens beach chair working on my tan Feels like it’s Jamaica and I’m sipping on some Red Stripe But I’m in Decatur, baby, crushing on that Busch light Hey, let’s party like we on vacation Hey, let’s party like we on vacation (I got, I got, I got) Toes up in the sand Cold one in my hand Toes up in the sand Cold one in my hand Singing hey, let’s party like we on vacation Put a little liquor in my coconut water Party all day like you at your alma mater Put a little liquor in my coconut water My ice has started melting so I’ll take another swallow Singing hey, let’s party like we on vacation Hey, let’s party like we on vacation You know I got my toes up in the sand Cold one in my hand Toes up in the sand Cold one in my hand Singing hey, let’s party like we on vacation (Oh-oh-oh, oh-oh-oh-oh) Party like I’m on vacation (Oh-oh-oh, oh-oh-oh-oh) Party like I’m on vacation (Oh-oh-oh, oh-oh-oh-oh) Party like I’m on vacation (Oh-oh-oh, oh-oh-oh-oh) I’m gonna rehydrate, while I dehydrate, you know Hey, let’s party like we on vacation Hey, let’s party like we on vacation I got my toes up in the sand Cold one in my hand Toes up in the sand Cold one in my hand Singing hey, let’s party like we on vacation Sing it to me Hey, let’s party like we on vacation Hey, party like we on vacation (Yeah dude, just party every time)","Thomas Rhett, Thomas Allen, Harold Brown, Morris Dickerson, Sean Douglas, Gerry Goldstein, Leroy Jordan, Charles Miller, Lee Osker, Andreas Schuller, Howard Scott, Joe Spargur, Ricky Reed, John Ryan","Dann Huff, Jesse Frasure",238
A Little More Love,Jerrod Niemann,Lee Brice,2016,"Yeah, hey ho, here we go... California, by the sea I could be livin' in the lap of luxury like on TV And that's all good But it'll never make me feel the way I should I could jump in a van, head to Birmingham Be up on the stage with a reggae band By tomorrow, with my baby It won't make me rich but it'll save me Make a little more love Make a little less money Catch a little more buzz, more buzz Off a little less honey Can't have it made there in the shade When you're workin' all the time Make a little more love, more love And be happy for the rest of your life Be happy for the rest of your life The sunrise, the front seat I've got everything I need but I get it for free Like the best things in life I ain't climbin' up a ladder when I'd rather take a ride Down a boulevard in an El Camino Is it a car or a truck, hell if we know But we're goin' and we don't care 'Cause the windows are down and it gets us where we can Make a little more love Make a little less money Catch a little more buzz, more buzz Off a little less honey Can't have it made there in the shade When you're workin' all the time Make a little more love, more love And be happy for the rest of your life Be happy for the rest of your life Won't miss the dotted lines Won't miss the dollar signs Don't wait 'till it's too late 'Cause you'll only miss the time that you didn't take To make (oh) a little more love Ain't gonna make it while the sun shining baby, come on Make a little more love Make a little less money Catch a little more buzz, more buzz Off a little less honey Can't have it made there in the shade When you're workin' all the time Make a little more love, more love Oh, and be happy for the rest of your life (be happy) Be happy for the rest of your life Don't worry be happy Be happy for the rest of your life Make a little more love Be happy for the rest of your life Make a little more love And be happy for the rest of your life","Shane McAnally, Ross Copperman, Natalie Hemby, Kristi Neumann","Jerrod Niemann, Jimmie Lee Sloas, Lee Bruce",239
Sober Saturday Night,Chris Young,Vince Gill,2016,"I feel terrible, sunlight's hurting my eyes. So I pull the shades and I make my place as black as night I feel miserable, and I'm missing you and me. Another Sunday morning all alone underneath these sheets. No, I'm not hungover it's true, but I'm still not over you. All messed up. All strung out. I was sitting at home breaking down. Not out there getting high underneath some neon lights. Ain't no whiskey strong enough to make things right. I'm just getting over another sober Saturday night. Besides the pain. I don't feel a thing. When my buddies call me up I just let it ring. No, I'm not hungover it's true, but I'm still not over you. All messed up. All strung out. I was sitting at home breaking down. Not out there getting high underneath some neon lights. Ain't no whiskey strong enough to make things right. I'm just getting over another sober Saturday night. No, I'm not out there getting high underneath some neon lights. Ain't no whiskey strong enough to make things right. I'm just getting over another sober Saturday night.","Chris Young, Brad Warren, Brett Warren","Corey Crowder, Chris Young",240
Holdin' Her,Chris Janson,NA,2016,"Well I woke up in places I couldn't remember Who's lying next to me or even how I got there It's hard to believe that's how I used to roll One Tuesday night in an underground pool hall That's where I saw her for the first time, right around last call She stole my heart and I started walkin' down a new road And oh when I'm holdin' her It's like peace on earth Where time stands still Love's the only thing, yeah that I feel When she's in my arms No matter where we are Well I'm right at home when I'm holdin' her Now on a park bench down on 4th street, that's where I popped the question And to my amazement she actually said yes Tears filled my eyes as I slipped the ring on her hand Oh, then a few short years later God put into my world A six pound and an eight ounce sweet baby girl And ever since that day let me tell ya now, I became a brand new man Because when I'm holdin' her It's like peace on earth Where time stands still Loves the only thing, yeah that I feel When she's in my arms No matter where, no matter where we are Well I'm right at home when I'm holdin' her Yeah I'm right at home when I'm holdin' her","Chris Janson, James Otto",Byron Gallimore,241
Make You Mine,High Valley,NA,2016,"You were made to shine under Southern stars Pure as the mountain rain You're the love songs pouring out of this guitar Sweeter than sugarcane You've got my heart wrapped up like it's down in the holler Covered in kudzu vines When the night feels right I'm gonna come a-callin' I'm gonna make you mine You're a hallelujah, Sunday morning All I've ever needed, wanted Underneath this pale moon sky I'm gonna make you mine Yeah, I'm gonna make you mine Gonna take you slow dancing by the water I just wanna hold you tight I'm in love with a soul miner's daughter And I'm gonna make you mine You're a hallelujah, Sunday morning All I've ever needed, wanted Underneath this pale moon sky I'm gonna make you mine Yeah, I'm gonna make you mine You're a hallelujah, Sunday morning All I've ever needed, wanted Underneath this pale moon sky I'm gonna make you mine You're a hallelujah, Sunday morning All I've ever needed, wanted Underneath this pale moon sky I'm gonna make you mine Yeah, I'm gonna make you mine You were made to shine under Southern stars In my arms tonight I can feel the beating of your heart I'm gonna make you mine","Steh Mosley, Brad Rempel, Ben Stennis",Seth Mosley,242
Dirty Laundry,Carrie Underwood,NA,2016,"That lipstick on your collar, well, it ain't my shade of pink And I can tell by the smell of that perfume, it's like forty dollars too cheap And there's a little wine stain on the pocket of your white cotton thread Well, you drink beer and whiskey, boy, and you know I don't drink red Found it over in the corner Wadded up on the bedroom floor You shoulda hid it in a closet You shoulda burned it, you shoulda lost it Now I'ma have to hang you out to dry, dry, dry Clothespin all your secrets to the line, line, line Leave 'em blowing in the wind, and say goodbye to you All those midnights sneaking in ""I'm late again, oh, I'm so sorry"" All the Ajax in the world ain't gonna clean your dirty laundry If the neighbors get to asking, I won't cover nothin' up I'll tell 'em every little detail, how you drug me through the mud I'm gonna string up your old button-down and slide it on the porch Just in case you get the nerve to come knockin' on my door Yeah, I'ma have to hang you out to dry, dry, dry Clothespin all your secrets to the line, line, line Leave 'em blowing in the wind, and say goodbye to you All those midnights sneaking in ""I'm late again, oh, I'm so sorry"" All the Ajax in the world ain't gonna clean your dirty laundry Oh, oh, oh, oh Found it over in the corner Wadded up on the bedroom floor You shoulda hid it in a closet You shoulda burned it, you shoulda lost it Now I'ma have to hang you out to dry, dry, dry Clothespin all your secrets to the line, line, line Leave 'em blowing in the wind, and say goodbye to you All those midnights sneaking in ""I'm late again, oh, I'm so sorry"" All the Ajax in the world ain't gonna clean your dirty laundry (Out to dry) (To the line)","Zach Crowell, Ashley Gorley, Hillary Lindsey",Jay Joyce,243
Kill A Word,Eric Church,Rhiannon Giddens,2016,"If I could kill a word and watch it die I'd poison ""never"", shoot ""goodbye"" And beat ""regret"" when I felt I had the nerve Yeah, I'd pound ""fear"" into a pile of sand Choke ""lonely"" out with my bare hands And I'd hang ""hate"" so that it can't be heard If I could only kill a word Yeah, I'd take ""brokenness"" out back And break ""heartbreak,"" stand there and laugh Right in its face while shootin' it the bird I'd put ""upset"" down in its place I'd squeeze the life out of ""disgrace"" Lay ""over"" under six cold feet of dirt If I could only kill a word Give me sticks, give me stones Bend my body, break my bones Use staff and rod to turn me black and blue Cause you can't unhear, you can't unsay But if it were up to me to change I'd turn ""lies"" and ""hate"" to ""love"" and ""truth"" If I could only kill a word I'd knock out ""temptation""'s teeth I'd sever ""evil,"" and let it bleed Light up ""wicked,"" stand and watch it burn I'd take ""vice"" and I'd take ""vile"" And tie 'em up there with ""hostile"" Hang 'em high and leave 'em for the birds If I could only kill a word So give me sticks, give me stones Bend my body, break my bones Use staff and rod to turn me black and blue Cause you can't unhear, you can't unsay But if it were up to me to change I'd turn ""lies"" and ""hate"" to ""love"" and ""truth"" If I could only kill a word Yeah, if I could only kill a word","Eric Church, Luke Dick, Jeff Hyde",Jay Joyce,244
Think A Little Less,Michael Ray,NA,2016,"Midnight's creepin' in, we know better Than leaving here together And in case you were wondering You've never looked hotter So why even bother Looking at the reasons not to Maybe we ought to Kiss a little more Think a little less Burning up the night like a cigarette And get you out of this bar Out of that dress And kiss a little more And kiss a little more Think a little less When your friends start asking you Look 'em in the eyes Tell a white lie How I dropped you off at home And I walked you to the door Nothing more Tomorrow you can say we're just friends But baby ‘til then Kiss a little more Think a little less Burning up the night like a cigarette And get you out of this bar Out of that dress And kiss a little more Kiss a little more Think a little less I'll go warm up the truck if you wanna hop in Give you a minute or two To say goodbye to your friends Ain't gotta go home But we gotta get gone Cause we've already waited way too long to... Kiss a little more Think a little less And do the only thing we've been thinking ‘bout doing Since the moment, girl, we met Kiss a little more Think a little less Burning up the night like a cigarette And get you out of this bar Out of that dress And kiss a little more Kiss a little more Kiss a little more Think a little less Burning up the night like a cigarette And get you out of this bar Out of that dress And kiss a little more Kiss a little more Think a little less Yeah, think a little less Yeah, think a little less","Barry Dean, Jon Nite, Thomas Rhett, Jimmy Robbins",Scott Hendricks,245
Star of the Show,Thomas Rhett,NA,2016,"Walking down the street, hand in mine It don't keep them other guys And their wandering eyes from looking at you That's alright and that's okay Who can blame 'em anyway? You're so pretty, and you ain't even got a clue Cause everywhere we go girl You're the star of the show And everybody's wondering and wanting to know What's your name? Who's that girl, with the prettiest smile in the world? Oh, what gets me the most is you don't even know That you are, you are, you are The star of the show You're the star of the show, yeah, baby Friday night on the town We walk in and you draw a crowd Even the band seems to sing for you Ease on up, order a drink, barkeep says its all on me You look at me and laugh Like you don't know what to do Baby you're so cute Cause everywhere we go girl You're the star of the show And everybody's wondering and wanting to know Whats your name? Who's that girl, with the prettiest smile in the world? Oh, what gets me the most is you don't even know That you are, you are, you are The star of the show, yeah You're the star of the show, baby, yeah yeah Even in a ponytail in a pair of jeans you look like a cover Of a magazine, baby you're the only one who doesn't see That everywhere we go girl You're the star of the show And everybody's wondering and wanting to know Whats your name? Who's that girl with the luckiest guy in the world? Oh, what gets me the most is you don't even know That you are, you are, you are You are, you are, you are, baby You are, you are, you are, you are The star of the show.. Don't you know, you're the star of the show, baby","Thomas Rhett, Rhett Akins, Ben Hayslip","Joe London, Julian Bunetta, Thomas Rhett",246
"Baby, Let's Lay Down And Dance",Garth Brooks,NA,2016,"I get this feeling that I can't explain Every time I see your face or hear your name I just go crazy, thinking, baby, this may be my chance What would you say to me if I said ""Baby, let's lay down and dance"" I got to tell you, girl, you drive me wild Every time I see you dance I see that smile My world gets hazy and I'm moving like I'm in a trance Whoa, I know it's crazy, but baby, let's lay down and dance When it comes to love my heart is black and it's blue Swore I was through with romance But girl you're something and I'm counting on you You're my brand new second chance My friends all tell me that I'm not your kind They say I better pray your love is blind You got to save me, I'm a victim of your circumstance Whoa, I know it's crazy, but baby, let's lay down and dance When it comes to love my heart is black and it's blue Swore I was through with romance But girl you're something and I'm counting on you You're my brand new second chance I got to tell you, girl, you drive me wild I've never known no one with quite your style I'm going crazy, thinking, baby, this may be my chance What would you say to me if I said ""Baby, let's lay down and dance"" Girl, I know it's crazy, but baby, let's lay down and dance","Kent Blazy, Steve Dorff, Victoria Shaw, Kim Williams, Garth Brooks",Mark Miller,247
Seein' Red,Dustin Lynch,NA,2016,"Flame Girl you light it up When I hear you say my name Yeah, you know just How to start it You shine And I just can't wait To get you out tonight Yeah, you know How bad I want it Ride this Chevy like a Cadillac Blow that one stop light No lookin' back Wherever we're going Gotta get there fast I'm talking red hot, wet kiss Falling off your lips I'm talking red hot, red dress Hanging on your hips I'm talking backseat heartbeat Pounding in my chest I'm seein' red (I'm seein' red) I'm seein' red (I'm seein' red) Can't get you outta my head, girl Can't get you outta my head The way you color up my world I'm seein' red Down, we can get down someplace Just outside of town Bring a bottle if you wanna That moon, that moon ain't gonna Tell on me and you Just say the word and we're gonna Ride this Chevy like a Cadillac Blow that one stop light No lookin' back Wherever we're going Gotta get there fast I'm talking red hot, wet kiss Falling off your lips I'm talking red hot, red dress Hanging on your hips I'm talking backseat heartbeat Pounding in my chest I'm seein' red (I'm seein' red) I'm seein' red (I'm seein' red) Can't get you outta my head, girl Can't get you outta my head The way you color up my world I'm seein' red No, I can't get you Outta my head, girl Can't get you outta my head I'm talking red hot, wet kiss Falling off your lips I'm talking red hot, red dress Hanging on your hips I'm talking backseat heartbeat Pounding in my chest I'm seein' red (Woah, oh, oh, oh) I'm seein' red (I'm seein' red) Can't get you outta my head, girl Can't get you outta my head The way you color up my world I'm seein' red I'm seein' red I'm seein' red red red red red","Tully Kennedy, Kurt Allison, Steve Bogard, Jason Sever",Mickey Jack Cones,248
A Guy With A Girl,Blake Shelton,NA,2016,"Sometimes I'm the guy with the boys kicking it back Or the guy with the guitar singing on a country track I might be the guy with an ice cold can, stirring up dust on some old farmland When I walk into the party with you girl, you change all that I'm just the guy with the girl everybody wants to know Wishin' you were there alone Wonderin' how I ever got your little hand in mine Lookin' over at ya like ""ain't she beautiful?"" I'm invisible but I stand right there and smile You're right beside me, oh and I see the same thing they're seein' But I don't mind being the guy with the girl, no It's funny watchin' 'em do the way they do They come walkin' up to me but they only wanna talk to you And I don't blame 'em that they're hypnotized They keep staring at your heartbreak eyes It's like their heart starts stoppin' when you come walkin' into the room And I turn into the guy with the girl everybody wants to know Wishin' you were there alone Wonderin' how I ever got your little hand in mine Lookin' over at ya like ""ain't she beautiful?"" I'm invisible but I stand right there and smile You're right beside me, oh and I see the same thing they're seein' But I don't mind being the guy with the girl The guy that don't know how he got her But he ain't never gonna let her, never gonna let her go Woah-oh, yeah I'm just the guy with the girl everybody wants to know Wishin' you were there alone Wonderin' how I ever got your little hand in mine Lookin' over at ya like ""ain't she beautiful?"" I'm invisible but I stand right there and smile You're right beside me, oh and I see the same thing they're seein' But I don't mind being the guy with the girl (Guy with the girl) No, I don't mind being the guy with the girl (Guy with the girl) Yeah, I'm just the guy with the girl I'm always the guy with the girl I don't mind it, baby I don't mind it, baby I'm always the guy with the girl","Ashley Gorley, Bryan Simpson",Scott Hendricks,249
Today,Brad Paisley,NA,2016,When I am sitting in traffic some afternoon Or bored to death in some waiting room I am gonna close my eyes and picture you Today You keep brushing that hair back out of your eyes And it just keeps falling and so do I I am feeling like the luckiest man alive Today And I don't know about tomorrow Right now the whole world feels right And the memory of a day like today Can get you through the rest of your life I know it won't always be like this Life can change as quick as a kiss It's not over yet and I already miss Today And I don't know about tomorrow Right now the whole world is right And the memory of a day like today Can get you through the rest of your life And as the seasons change and time goes by When your hair is gray and so is mine I know for sure that you're gonna be Just as beautiful as you are to me Today Bring on tomorrow I've got today Bring on tomorrow I've got today Bring on tomorrow Right now the whole world is right Bring on tomorrow Because the memory of a day like today Can get you through the rest of your life,"Brad Paisley, Chris DuBois, Ashley Gorley","Brad Paisley, Luke Wooten",250
The Weekend,Brantley Gilbert,NA,2016,"Tick tock, I'm on the clock And I'm feeling like this job's Just nine to fivin' my life away It's like I'm back at school And I'm in the last class And I'm passin' time until the bell rang Havin' visions of summertime Wait a minute now, that's just later tonight Tan legs and tailgates all up in the moonlight And by the way It's payday Live it up for the weekend Pour it up, have the time of your life Take a shot full of regrets Double up and it's bound to get buck wild Hey ladies let your hair down We know ain't nobody scared now, hell nah Just do your thing like it's spring break Wake and bake and we at it again We live it up for the weekend Backwoods lookin' like Panama City Bunch of jacked-up trucks and bikinis Got a yeti full of good ideas Like I Ain't worried about drivin' I'mma stay right here Live it up for the weekend Pour it up, have the time of your life Take a shot full of regrets Double up and it's bound to get buck wild Hey ladies let your hair down We know ain't nobody scared now, hell nah Just do your thing like it's spring break Wake and bake and we at it again We live it up for the weekend We live it up for the weekend Somebody said somethin' 'bout church on Sunday, Amen Somebody said somethin' 'bout work on Monday Don't say it again Live it up for the weekend Pour it up, have the time of your life Take a shot full of regrets Double up and it's bound to get buck wild Hey ladies let your hair down We know ain't nobody scared now, hell nah Just do your thing like it's spring break Wake and bake and we at it again Live it up for the weekend Live it up Live it up for the weekend C'mon Live it up Live it up for the weekend Live it up Live it up It's the weekend","Brantley Gilbert, Andrew DeRoberts",Dann Huff,251
Dirt On My Boots,Jon Pardi,NA,2016,"Been up since the crack of dawn Just trying to get paid Been hotter than a hundred suns I can't find no shade Just two more rows and I'm good to go Yeah, I'm shutting this tractor down Gimme half an hour for a shave and a shower And I'll be outside your house Might have a little dirt on my boots But I'm taking you uptown tonight Might have a little mud on my wheels But they're gonna shine with you up inside Gonna hit the club, gonna cut a rug Burn it up like neon lights Might have a little dirt on my boots But we're gonna dance the dust right off them tonight Yeah, girl Got a little dirt on my boots Hard as I worked all day I'm gonna work harder loving on you Spin you all over that dance floor Right out of them high-heeled shoes And when you're ready to quit Baby, we can slip right out of that barroom door And when I take you home, don't worry babe I'm gonna kick them off on the porch Might have a little dirt on my boots But I'm taking you uptown tonight Might have a little mud on my wheels But they're gonna shine with you up inside Gonna hit the club, gonna cut a rug Burn it up like neon lights Might have a little dirt on my boots But we're gonna dance the dust right off them tonight Yeah, girl Got a little dirt on my boots A little dirty dancing, blue collar romancing I can get cleaned up if you ask me But I can only get so fancy Got a little dirt on my boots But I'm taking you uptown tonight Might have a little mud on my wheels But they're gonna shine with you up inside Gonna hit the club, gonna cut a rug Burn it up like neon lights Might have a little dirt on my boots But we're gonna dance the dust right off them tonight Got a little dirt on my boots Got a little dirt on my boots Got a little dirt on my boots","Rhett Akins, Jesse Frasure, Ashley Gorley","Bart Butler, Jon Pardi",252
Yeah Boy,Kelsea Ballerini,NA,2016,"Captured my attention, make my heart stop and listen When you look my way Blue jeans and a ball cap, thinking that you're all that And I'm thinking the same You got that something in your eyes, I think about it all the time If you ever wonder if I wanna make you mine Yeah, boy I'm digging what you're doing Yeah, boy I'm trying to keep it cool But you're making it hard, I'm wishing your arms Were wrapping me up tight Yeah, boy You shine and you can't even help it Yeah, boy Your eyes could make the moon jealous And if you wanna know if I wanna be your girl tonight Yeah, boy Every song that's playing gets me thinking about you, baby And the way you roll So let's put down the drop top, burn a little blacktop Off of that road Baby, what we waiting on? The stars are out, the night is young If you wanna know if I wanna go and get gone Yeah, boy I'm digging what you're doing Yeah, boy I'm trying to keep it cool But you're making it hard, I'm wishing your arms Were wrapping me up tight Yeah, boy You shine and you can't even help it Yeah, boy Your eyes could make the moon jealous And if you wanna know if I wanna be your girl tonight Yeah, boy Yeah, boy I wanna take a little ride with you Yeah, boy I wanna spend a little time with you Yeah, boy I wanna sip a little wine with you Oh Yeah, boy I wanna take a little ride with you Yeah, boy I wanna spend a little time with you Yeah, boy I wanna sip a little wine with you Oh Yeah, boy I'm digging what you're doing Yeah, boy I'm trying to keep it cool But you're making it hard, I'm wishing your arms Were wrapping me up tight Yeah, boy You shine and you can't even help it Yeah, boy Your eyes could make the moon jealous And if you wanna know if I wanna be your girl tonight, yeah Yeah, boy Yeah, boy Yeah, boy I wanna take a little ride with you Yeah, boy I wanna spend a little time with you Yeah, boy I wanna sip a little wine with you Oh Yeah, boy I wanna take a little ride with you Yeah, boy I wanna spend a little time with you Yeah, boy I wanna sip a little wine with you Oh","Kelsea Ballerini, Forest Glen Whitehead, Keesy Timmer","Forest Glen Whitehead, Jason Massey",253
Hometown Girl,Josh Turner,NA,2016,"She grew up around here on that southwest side Where the corn grows up to the road side Went to high school here, got that Panther pride She'll be cheering them on every Friday night She couldn't hide her beauty with a baseball cap Couldn't help but shine with a heart like that New York called when she turned 21 But she never forgot where she came from I need a pretty little homegrown hometown girl With a ribbon tying back those waterfall curls I've been looking all over, all over the world For a pretty little homegrown hometown girl Her mamma's mamma was born right here And her roots run deeper than that old town square She's a good girl but she's not uptight She can rise and shine and she can hang all night I need a pretty little homegrown hometown girl With a ribbon tying back those waterfall curls I've been looking all over, all over the world For a pretty little homegrown hometown girl She's got an old soul, she's the salt of the earth When she gives her love she knows what it's worth There's a lot of pretty girls out there to me But there's nothing like the one right across the street I need a pretty little homegrown hometown girl With a ribbon tying back those waterfall curls I've been looking all over, all over the world For a pretty little homegrown hometown girl I need a pretty little homegrown hometown girl...","Marc Beeson, Daniel Tashian",Kenny Greenberg,254
Better Man,Little Big Town,NA,2016,"I know I'm probably better off on my own Than loving a man who Didn't know what he had when he had it And I see the permanent damage you did to me Never again, I just Wish I could forget when it was magic I wish it wasn't 4 AM, standing in the mirror Saying to myself, you know you had to do it I know, the bravest thing I ever did was Run Sometimes, in the middle of the night, I can feel you again But I just miss you, and I just wish you were a better man And I know why we had to say goodbye like the back of my hand And I just miss you, and I just wish you were a better man A better man I know I'm probably better off all alone Than needing a man who could Change his mind at any given minute And it's always on your terms I'm hanging on every careless word Hoping it might turn sweet again Like it was in the beginning But your jealousy, I can hear it now You're talking down to me like I'll always be around You push my love away like it's some kind of loaded gun Boy, you never thought I'd run Sometimes, in the middle of the night, I can feel you again But I just miss you, and I just wish you were a better man And I know why we had to say goodbye like the back of my hand And I just miss you, and I just wish you were a better man A better man Better man I hold onto this pride because these days it's all I have And I gave to you my best and we both know you can't say that You can't say that I wish you were a better man I wonder what we would've become If you were a better man We might still be in love If you were a better man You would've been the one If you were a better man Yeah, yeah Sometimes, in the middle of the night, I can feel you again And I just miss you when I just wish you were a better man And I know why we had to say goodbye like the back of my hand And I just miss you, and I just wish you were a better man We might still be in love if you were a better man Better man",Taylor Swift,Jay Joyce,255
There's A Girl,Trent Harmon,NA,2016,"There's a girl somewhere in Tupelo Who's with a guy she barely knows Who will probably sell his soul for a kiss There's a girl somewhere in Arkansas Who's talking with a southern drawl And a guy who can't stop staring at her lips And ain't it crazy How they make us all so crazy? Why would we drive 600 miles one way? Blow through cash that we ain't made? Get tattoos and wash our trucks? Push and press our luck? Why would we ask when we know we can't dance? Show our hands and change our plans? Lose our minds, break our hearts? And learn to play guitar? Why does any man do anything in the whole damn world? Cause there's a girl Cause there's a girl There's a girl somewhere with eyes so blue You know a call it just won't do So here I am on Highway 45 First girl to get me to ask myself How I'd been with anyone else any other minute of my life? Ain't it something How they get us doing something? Why would we drive 600 miles one way? Blow through cash that we ain't made? Get tattoos and wash our trucks? Push and press our luck? Why would we ask when we know we can't dance? Show our hands and change our plans? Lose our minds, break our hearts? And learn to play guitar? Why does any man do anything in the whole damn world? Cause there's a girl Cause there's a girl Ain't it crazy How they get us going crazy? Why would we drive 600 miles one way? Blow through cash that we ain't made? Get tattoos and wash our trucks? Push and press our luck? Why would we ask when we know we can't dance? Show our hands and change our plans? Lose our minds, break our hearts? Learn to play guitar? Why does any man do anything in the whole damn world? Cause there's a girl Cause there's a girl","Trent Harmon, Jimmy Robbins, Laura Veltz",Jimmy Robbins,256
Outskirts of Heaven,Craig Campbell,NA,2016,"My grandpa taught me about buck knives and shotguns How to cast an old Zebco, how to work a stick shift He taught me the Bible about all twelve disciples And he made sure that I know there's life after this With pearly gates Streets of gold He said if I just believe That's where I'll go But Lord when I die, I wanna live on the outskirts of Heaven Where there's dirt roads for miles hay in the fields and fish in the river Where there's dogwood trees and honeybees and blue skies and green grass forever Lord when I die, I wanna live on the outskirts of Heaven Now it says in the King James in the almighty's kingdom He mentions a mansion that he's built just for me Now I'll gladly trade it for a farm house with acreage And a back yard that's shaded, and a squeaky front porch swing That's where I wanna hang my wings When I die, I wanna live on the outskirts of Heaven Where there's dirt roads for miles hay in the fields and fish in the river Where there's dogwood trees and honeybees and blue skies and green grass forever So Lord when I die, I wanna live on the outskirts of Heaven... yeah Yeah, the good Lord knows me, he knows I need blue skies and green grass forever Lord when I die, I wanna live on the outskirts of Heaven Yeah, when I die, I wanna live on the outskirts of Heaven","Craig Campbell, Dave Turnbull",Mickey Jack Cones,257
Black,Dierks Bentley,NA,2016,"The moon, outside, too bright Those blinds, yeah, lets just keep them closed You know, my hands they know where to go, to find your fingertips Trace them back to your lips, take you on a trip Flip that switch Make my world go black, hit me like a heart attack, knock me flat on my back, yeah Just keep doing that, that thing you're doing there, brush me with your hair I swear I don't know how long that I can last Make my world go black, black Make my world go black, black Like your dress on the floor Yeah, the one you don't need anymore, Black like a sky, with no stars, just find me and fall into my arms Make my world go black, hit me like a heart attack, knock me flat on my back, yeah Just keep doing that, that thing you're doing there, brush me with your hair I swear I don't know how long that I can last Make my world go black Make my world go black I don't wanna see a thing Baby, I just wanna feel your touch, feel your rush I don't wanna see a thing, I just wanna feel your love Make my world go black, hit me like a heart attack, knock me flat on my back, yeah Just keep doing that, that thing you're doing there, brush me with your hair I swear I don't know how long that I can last Make my world go black Make my world go black Make my world go black I don't wanna see a thing I just wanna feel your touch, feel your rush Black, black...","Dierks Bentley Ross Copperman, Ashley Gorley",Ross Copperman,258
Fast,Luke Bryan,NA,2016,"Fast That's the kind of car you wanna drive when you're sixteen Fast That's the kind of boys that you want on your home team Fast Yeah, you think you're gonna catch your big dreams just like that Fast And here you are, looking back Sixty seconds now feels more like thirty Tick-tock, won't stop, and round it goes Sand through the glass sure falls in a hurry And all you keep trying to do is slow it down, soak it in Keep trying to make the good times last as long as you can But you can't, man It just goes too fast Fast That's what your parents said when we were falling in love Is too fast There ain't no way the two of us were ever going to last But we did, and here we are, and our only problem is Sixty seconds now feels more like thirty Tick-tock, won't stop, and round it goes Sand through the glass sure falls in a hurry And all you keep trying to do is slow it down, soak it in Keep trying to make the good times last as long as you can But you can't, man It just goes too fast Looking at you looking out the window right now Those eyes, that dress, that smile, that laugh If I could hit pause I would somehow But it don't work like that Sixty seconds now feels more like thirty Tick-tock, won't stop, and round it goes Sand through the glass sure falls in a hurry And all you keep trying to do is slow it down, soak it in Keep trying to make the good times last as long as you can But you can't, yeah man It goes too fast It just goes too fast Way too fast","Luke Bryan, Rodney Clawson, Luke Laird","Jeff Stevens, Jody Stevens",259
Any Ol' Barstool,Jason Aldean,NA,2016,"I guess you heard I was pedal to the metal on a downhill slide Girl, you know those rumors get to flyin' in a town this size No, I didn't feel a thing when you threw that ring and slammed the door If you wanna know the truth you gotta go straight to the source Ask any ol' barstool in this town Ask my new found party crowd Sure I take more Jack in my coke now A little more high in my smoke now Sure I stay 'til they're all long gone And I take the long way home But I ain't sittin' 'round Tryin' to drown the thought of you Ask any ol' barstool I can finally stretch out in our king size bed if I make it that far But fillin' in all these blanks you left isn't all that hard No, I ain't wonderin' where you been or who you been with I guess you didn't hurt me half as bad as you think you did Ask any ol' barstool in this town Ask my new found party crowd Sure I take more Jack in my coke now A little more high in my smoke now Sure I stay 'til they're all long gone And I take the long way home But I ain't sittin' 'round Tryin' to drown the thought of you Ask any ol' barstool Yeah, you think I'm down and out, hidin' out, hell-bent crazy But that ain't me, baby Ask any ol' barstool in this town Ask my new found party crowd Sure I take more Jack in my coke now But I'm a long way from broke down Sure I stay 'til they're all long gone And I take the long way home But I ain't sittin' 'round Tryin' to drown the thought of you Ask any ol' barstool Ask any ol' barstool I guess you heard I was pedal to the metal on a downhill slide","Deric Ruttan, Josh Thompson",Michael Knox,260
If I Told You,Darius Rucker,NA,2017,"What if I told you about my little nothing town The two room house where I came from The man that I got my name from I don't even know where he is now What if I told you sometimes I lose my faith I wonder why someone like you would even talk to me What if I told you there is no fixing me Cause everybody has already tried Would you stay? Would you leave? I could wait It'll all come out eventually If I told you all the stupid things I've done I've blamed on being young But I was old enough to know I know If I told you the mess that I can be When there's no one there to see Could you look the other way? Could you love me anyway? What if I told you I don't plan on staying here My dreams are a million miles away And I know your family is gonna want you to stay You know what I don't blame 'em So I'll say What I don't want to And I'll just pray You want what I do If I told you all the stupid things I've done I've blamed on being young But I was old enough to know I know If I told you the mess that I can be When there's no one there to see Could you look the other way? Could you love me anyway? Aww, could you love me anyway? So before we go any further here Let a week turn into another year There some things you probably don't wanna hear But you have to If I told you sometimes I get jealous Sometimes I'm half crazy Would you say the hell with me, the hell with me If I told you I barely know what love is But girl if that's what this is I don't want to let it slip away No, no, no Could you love me anyway? Please Could you love me anyway? Could you love me anyway? (Oooooh) Could you love me anyway?","Ross Copperman, Shane McAnally, Jon Nite",Ross Copperman,261
Bar at the End of the World,Kenny Chesney,NA,2017,"There's a trail of smoke comin' out of a bottle If you look real close, you can see it right there A little tin roof bar down a path you have to follow From a treasure map with the edges burnt from a few too many beers We'll pull the ropes off the boat We'll throw 'em up on the dock We'll let the stars be our guide No we don't need no clock We'll set sail Yeah I see you there wind in your hair And that t-shirt on, dead man tell no tales It's like nowhere else You've ever been and we'll write your name on a dollar bill Put it on a wall it'll still be there Next time we come back girl, to the bar at the end of the world In that old sea shell you can hear the ocean You can hear the waves crash whisper in your ear A little glow in the night, its the last place open And the house drink is a beautiful thing called 'make me disappear' We'll pull the ropes off the boat We'll throw 'em up on the dock We'll let the stars be our guide No we don't need no clock We'll set sail Yeah I see you there wind in your hair And that t-shirt on, dead man tell no tales It's like nowhere else You've ever been, we'll write your name on a dollar bill Put it on a wall it'll still be there Next time we come back girl, to the bar at the end of the world There ain't no empty glasses, they're playing drift away That's where the magic happens, back up in that little bay We'll set sail Yeah I see you there wind in your hair And that t-shirt on, dead man tell no tales It's like nowhere else You've ever been, we'll write your name on a dollar bill Put it on a wall it'll still be there Next time we come back girl, to the bar at the end of the world","J.T. Harding, Aimee Mayo, David Lee Murphy","Buddy Cannon, Kenny Chesney",262
We Should Be Friends,Miranda Lambert,NA,2017,"If your mind's as cluttered as your kitchen sink If your heart's as empty as your diesel tank If all your white t-shirts have stains If you've got some guts and got some ink Well then, we should be friends If you borrow dresses like you borrow time If you dream all day and drink all night If you're looking for love but willing to fight Over men and momma's and Miller Lite Well then, we should be friends I don't know you well but I know that look And I can judge the cover 'cause I read the book On losing sleep and gaining weight On pain and shame and crazy trains If you paint your nails while you cut your loss If you like acting like you're the boss If everything your daddy says Is something you can put stock in Well then, we should be friends I don't know you well but I know that look And I can judge the cover 'cause I wrote the book On losing sleep and gaining weight On pain and shame and crazy trains One, two, three.. If you use alcohol as a sedative And bless your heart as a negative If you ride your white horse like the wind If what you see is what you get Well then, oh, we should be friends (Alright) Well then, oh, we should be friends Well then, oh, we can be friends",Miranda Lambert,"Frank Liddell, Eric Masse, Glenn Worf",263
You Look Good,Lady Antebellum,NA,2017,"On a boat, on a beach In the water, in the sand In the back of a bar Cold beer in your hand Breaking hearts Breaking necks When we rolling down the street Heads turning all day When they see you with me [Hillary Scott:] I'm thinking everybody better stand in line 'Cause they need to know that your body's coming with me tonight [Charles Kelley (Hillary Scott):] They're like, ""Hey, who that there with the shades?"" Like oh, the way you move to the bass Hold up Whole room gets to spinnin' From the second that you walk in it And, baby, you look good all day, all night You look good (so fresh, so fine) You look good Got everybody watching you Like cameras in Hollywood Baby, you look good Aw, baby, you look good [Charles Kelley:] Black dress to the 9s New Year's in a pent From the floor, to the roof Make the skyline spin [Hillary Scott:] Yeah, you're killing me, boy, in your black-faded jeans Ain't gotta work hard when you're smilin' at me [Charles Kelley (Hillary Scott):] They're like, ""Hey, who that there with the shades?"" Like oh, the way you move to the bass Hold up Whole room gets to spinnin' From the second that you walk in it Baby, you look good all day, all night You look good (so fresh, so fine) You look good Got everybody watching you Like cameras in Hollywood Baby, you look good Aw, baby, you look good [Hillary Scott:] I'm thinking everybody better stand in line 'Cause they need to know that your body's coming with me tonight [Charles Kelley (Hillary Scott):] They're like, ""Hey, who that there with the shades?"" Like oh, the way you move to the bass Hold up Whole room gets to spinnin' From the second that you walk in it And, baby, you look good all day, all night You look good (so fresh, so fine) You look good Got everybody watching you Like cameras in Hollywood Baby, you look good Aw, come on, baby, you look good (You look good) Baby, you look good","Hillary Lindsey, Ryan Hurd, busbee",busbee,264
Yours If You Want It,Rascal Flatts,NA,2017,"There's one more sip in this bottle of wine A lonely star hangin' in the sky with a wish left on it And it's yours if you want it And this wildflower from the neighbor's yard A real slow dance in the moonlight dark This hand in my pocket Oh baby, just call it Cause it's yours if you want it And every bit of love left in this beat up, banged up, scarred up heart That's been waitin' on a girl like you I know it ain't much But it comes alive with every touch Every kiss already feels like you own it Baby it's yours if you want it Half of this rickety front porch swing Every word of every song I sing My jacket when it's cold Oh baby, don't you know You've got a place to lay your head On the other side of my empty bed And it's just made for fallin' And it's yours if you want it It's yours if you want it And every bit of love left in this beat up, banged up, scarred up heart That's been waitin' on a girl like you I know it ain't much But it comes alive with every touch Every kiss already feels like you own it Baby it's yours if you want it It's yours if you want it Every dollar, every dime, every drop of rain, every single thing I could beg, steal, or borrow Every yesterday and tomorrow Well every grain of sand on the beach Every blade of grass under our feet Baby your name is written on it And it's yours if you want it And every bit of love left in this beat up, banged up, scarred up heart That's been waitin' on a girl like you And I know it ain't much But it comes alive with every touch Every kiss already feels like you own it Baby it's yours if you want it Every dollar, every dime, every drop of rain, every single thing That I could beg, steal, or borrow Baby your name is written on it Baby it's yours if you want it","Andrew Dorff, Jonathan Singleton",Rascal Flatts,265
Love Triangle,RaeLynn,NA,2017,"Sitting on the front step, little white suitcase Hearing that diesel, 'fore it hit the front gate His headlights burning down a Friday night Southern bell statue standing in the screen door Watching her whole world head for an old Ford With a man that can't look her in the eye Then I'll run to him, big hug, jump in And I cry for her out the window Some mamas and daddies are loving in a straight line Take forever to hearten and take a long sweet ride But some mamas and daddies Let their heartstrings tear and tangle And some of us get stuck in a love triangle Bowling alley burger, fries and a milkshake Headed to the same old two dollar matinee Baby, how's your school been and how's your mom? Patsy Cline echoes back off the dashboard Staring at my boots and the dusty old floorboard Baby two weeks ain't really all that long Then I'll run to her Wrap my arms around her skirt And I cry for him out the window Some mamas and daddies are lovin' in a straight line Take forever to hearten and take a long sweet ride But some mamas and daddies Let their heartstrings tear and tangle And some of us get stuck in a love triangle (Ooh-ooh-ooh-ooh) In a love triangle, yeah (Ooh-ooh-ooh-ooh) Some mamas and daddies are loving in a straight line Take forever to hearten and take a long sweet ride But some mamas and daddies Let their heartstrings tear and tangle And some mamas and daddies ran out of love in '94 And some mamas and daddies don't even talk no more And some mamas and daddies Let their heartstrings tear and tangle And some of us get stuck and some of us grow up In a love triangle (Ooh-ooh-ooh-ooh Ooh-ooh-ooh-ooh)","RaeLynn, Nicolle Galyon, Jimmy Robbins","Nicolle Galyon, Jimmy Robbins",266
Lipstick,Runaway June,NA,2017,"If you're gonna love somebody Yeah, you better love somebody Who ruins your lipstick, not your mascara You got a brand new, beat up broken heart Black tears rollin' down your face It's all crashin' down, you can't love again 'Cause nobody can take his place Well I've been there, we've all been there And I know how bad it feels Well it's a big ol' world and I can promise you, girl It's so good when its real If you're gonna love somebody Yeah you better love somebody Who would keep those pretty blue eyes as dry as the Sahara If you're gonna love somebody Yeah you better love somebody Who ruins your lipstick, not your mascara The perfect kiss can make a mess Of the brightest shade of red Yeah you won't mind a little reapplying Time and time again And you'll forget you ever felt like this When he falls right out of the blue Oh yeah I swear he's out there somewhere Looking for you too If you're gonna love somebody Yeah you better love somebody Who would keep those pretty blue eyes as dry as the Sahara If you're gonna love somebody Yeah you better love somebody Who ruins your lipstick, not your mascara Ooh... If you're gonna love somebody Yeah you better love somebody Who would keep those pretty blue eyes as dry as the Sahara If you're gonna love somebody Yeah you better love somebody Who ruins your lipstick, not your mascara Ooh... if you're gonna love somebody Yeah you better love somebody Who ruins your lipstick, not your mascara","Rebecca Lynn Howard, Caroline Hobby, Elisha Hoffman, Naomi Cooke, Hannah Mulholland, Jennifer Wayne",NA,267
How Not To,Dan + Shay,NA,2017,"I can honestly understand why it's over I can go through the motions of walking away I can give you the key and take my things back I can find plenty things to fill my days But I don't know how not to think about you When it's late at night and quiet And I know that I ought to be the one who is strong and just moves on But I probably turn down your road, knock knock on your door Fall back in your arms, wake up in the morning Hating myself for the way that I can't help the way I still want you I just don't know how not to, how not to, how not to [x2] You're like second nature baby, you're just like breathin' A melody that you hear and you can't forget The time goes by and I still need you Yeah, you were at the heartbreak of no regret But I don't know how not to think about you When it's late at night and quiet And I know that I ought to be the one who is strong and just moves on But I probably turn down your road, knock knock on your door Fall back in your arms, wake up in the morning Hating myself for the way that I can't help the way I still want you I just don't know how not to, how not to, how not to [x2] I don't know how not to think about you When it's late at night and quiet But I know that I ought to be the one who's strong and just moves on But I probably turn down your road, knock knock on your door Fall back in your arms, wake up in the morning Hating myself for the way that I can't help the way I still want you I just don't know how not to, how not to, how not to [x2]","Adam Hambrick, Paul DiGiovanni, Kevin Bard","Dan Smyers, Scott Hendricks",268
My Old Man,Zac Brown Band,NA,2017,"He was a giant And I was just a kid I was always trying To do everything he did I can still remember every lesson he taught me Growing up learning how to be like my old man He was a lion We were our father's pride But I was defiant When he made me walk the line He knew how to lift me up And when to let me fall Looking back, he always had a plan My old man My old man Feel the callous on his hands And dusty overalls My old man Now I finally understand I have a lot to learn From my old man Now I'm a giant Got a son of my own He's always trying To go everywhere I go Do the best I can to raise him up the right way Hoping that he someday wants to be Like his old man My old man I know one day we'll meet again As he's looking down My old man I hope he's proud of who I am I'm trying to fill the boots of my old man My old man","Zac Brown, Niko Moon, Ben Simonetti",Dave Cobb,269
Hurricane,Luke Combs,NA,2017,"Hadn't had a good time Since you know when Got talked into going out With hopes you were staying in I was feeling like myself for the first time In a long time 'Til I bumped into some of your friends Over there talkin' to mine Then you rolled in with your hair in the wind Baby, without warning I was doing alright But just your sight had my heart storming The moon went hiding, stars quit shining Rain was driving, thunder, lightning You wrecked my whole world when you came And hit me like a hurricane Hit me like a hurricane Knew it was gonna be a long night From the moment when We locked eyes over whiskey on ice Started talking bout us again If I woulda just layed my drink down And walked out I wouldn't be in my truck Driving us to your house But you rolled in with your hair in the wind Baby, without warning I was doing alright But just your sight had my heart storming The moon went hiding, stars quit shining Rain was driving, thunder, lightning You wrecked my whole world when you came And hit me like a hurricane You hit me like a hurricane You hit me category five With your smile Blew me away And girl, it ain't but midnight You done killed the lights Bent my heart back to your bedside Then you rolled in with your hair in the wind Baby, without warning I was doing alright But just your sight had my heart storming The moon went hiding, stars quit shining Rain was driving, thunder, lightning You wrecked my whole world when you came And hit me like a hurricane You hit me like a hurricane Hit me like a hurricane","Luke Combs, Thomas Archer, Taylor Phillips",Scott Moffatt,270
Body Like A Back Road,Sam Hunt,NA,2017,"Got a girl from the Southside, got braids in her hair First time I seen her walk by, man I 'bout fell up out my chair Had to get her number, it took me like six weeks Now me and her go way back like Cadillac seats Body like a back road, drivin' with my eyes closed I know every curve like the back of my hand Doin' fifteen in a thirty, I ain't in no hurry I'ma take it slow just as fast as I can The way she fit in them blue jeans, she don't need no belt But I can turn 'em inside out, I don't need no help Got a hips like honey, so thick and so sweet It ain't no curves like hers on them downtown streets Body like a back road, drivin' with my eyes closed I know every curve like the back of my hand Doin' fifteen in a thirty, I ain't in no hurry I'ma take it slow just as fast as I can We're out here in the boondocks with the breeze and the birds Tangled up in the tall grass with my lips on hers On a highway to heaven, headed south of her smile Get there when we get there, every inch is a mile Body like a back road, drivin' with my eyes closed I know every curve like the back of my hand Doin' fifteen in a thirty, I ain't in no hurry I'ma take it slow just as fast as I can I'ma take it slow Just as fast as I can (Body like a back road) (Drivin' with my eyes closed) Got braids in her hair (I know every curve like the back of my hand)","Sam Hunt, Zach Crowell, Shane McAnally, Josh Osborne",Zach Crowell,271
In Case You Didn't Know,Brett Young,NA,2017,"I can't count the times I almost said what's on my mind But I didn't Just the other day I wrote down all the things I'd say But I couldn't I just couldn't Baby I know that you've been wondering Mmm, so here goes nothing In case you didn't know Baby I'm crazy bout you And I would be lying if I said That I could live this life without you Even though I don't tell you all the time You had my heart a long long time ago In case you didn't know The way you look tonight That second glass of wine That did it, mmm There was something bout that kiss Girl it did me in Got me thinking I'm thinking All of the things that I've been feeling Mmm, it's time you hear em In case you didn't know Baby I'm crazy bout you And I would be lying if I said That I could live this life without you Even though I don't tell you all the time You had my heart a long long time ago In case you didn't know You've got all of me I belong to you Yeah, you're my everything In case you didn't know I'm crazy bout you I would be lying if I said That I could live this life without you Even though I don't tell you all the time You had my heart a long long time ago Yeah, you had my heart a long long time ago, mmm In case you didn't know, know, know In case you didn't know","Brett Young, Trent Tomlinson, Tyler Reeve, Kyle Schlienger",Dann Huff,272
The Fighter,Keith Urban,Carrie Underwood,2017,"I know he hurt you Made you scared of love, too scared to love He didn't deserve you Cause your precious heart is a precious heart He didn't know what he had and I thank God, oh, oh, oh And it's gonna take just a little time But you're gonna see that I was born to love you [Keith Urban & Carrie Underwood:] What if I fall? I won't let you fall What if I cry? I'll never make you cry And if I get scared? I'll hold you tighter When they're tryna get to you, baby, I'll be the fighter What if I fall? I won't let you fall What if I cry? I promise I'll never make you cry And if I get scared? I'll hold you tighter When they're tryna get to you, baby, I'll be the fighter [Keith Urban:] Look in the mirror You're beautiful, so beautiful I'm here to remind you You're my only one, let me be the one To heal all the pain that he put you through It's a love like you never knew Just let me show you [Keith Urban & Carrie Underwood:] What if I fall? I won't let you fall What if I cry? I'll never make you cry And if I get scared? I'll hold you tighter When they're tryna get to you, baby, I'll be the fighter What if I fall? I won't let you fall What if I cry? I promise, I'll never make you cry And if I get scared? I'll hold you tighter When they're tryna get to you, baby, I'll be the fighter I wanna believe that you got me, baby I swear I do from now until the next life I wanna love, wanna give you all my heart [Chorus - Keith Urban & Carrie Underwood:] What if I fall? I won't let you fall What if I cry? I'll never make you cry And if I get scared? I'll hold you tighter When they're tryna get to you, baby, I'll be the fighter What if I fall? I won't let you fall What if I cry? I promise I'll never make you cry And if I get scared? I'll hold you tighter When they're tryna get to you, baby, I'll be the fighter What if I fall? What if I cry? And if I get scared? I'll hold you tighter When they're tryna get to you, baby, I'll be the fighter","Keith Urban, busbee","Keith Urban, busbee",273
Every Time I Heart That Song,Blake Shelton,NA,2017,"There's something 'bout yesterday How fast it all flies away I don't know what it is about a goodbye kiss That makes you wanna stay We were crazy then we were over We were breaking up, making love, a runaway roller coaster Every time I hear that song I'm standing in the pouring rain On your front lawn and oh-oh-oh I still think about you oh-oh-oh Every time I hear that song It's like the first time it came on and oh-oh-oh I still think about you oh-oh-oh I still think about you There's something in the bittersweet The feeling of a memory Right there in the moment All I ever wanted was you and me We were crying, we were wasted We were dying when they played it Every time I hear that song I'm standing in the pouring rain On your front lawn and oh-oh-oh I still think about you oh-oh-oh Every time I hear that song It's like the first time it came on and oh-oh-oh I still think about you oh-oh-oh I still think about you Oh, I still think about you There's a soundtrack in my mind That takes me back in time When I hear that melody I think about you and me Every time I hear that song I'm standing in the pouring rain On your front lawn and oh-oh-oh I still think about you oh-oh-oh Every time I hear that song It's like the first time it came on and oh-oh-oh I still think about you oh-oh-oh I still think about you Oh, I still think about you I still think about you Yeah, I still think about you There's a soundtrack in my mind That takes me back in time When I hear that melody","Aimee Mayo, Chris Lindsey, Brad Warren, Brett Warren",Scott Hendricks,274
Somebody Else Will,Justin Moore,NA,2017,Been sittin' here tippin' back Crown Straight Workin' up the nerve and the words to say To turn those eyes and that smile my way No time to waste 'Cause you showed up and all eyes on you Shinin' like a diamond in a neon room Every guy here wants to make a move I better make a move Somebody else will if I don't Walk up and ask you your name right now Offer to buy you a drink Sit down and tell you your looks could kill Somebody else will if I don't Take a chance on your lips Lean in slowly stealin' your kiss like this Makin' your world stand still Somebody else will Somebody else will Maybe you're a little bit west coast Maybe you're a little bit down home Either way girl I just gotta know I just gotta know 'Cause somebody else will if I don't Walk up and ask you your name right now Offer to buy you a drink Sit down and tell you your looks could kill Somebody else will if I don't Take a chance on your lips Lean in slowly stealin' your kiss like this Makin' your world stand still Somebody else is gonna hold you Somebody gonna get to know you If I don't get there and sweep you off your feet Girl somebody else will Ohh somebody else will Somebody else will if I don't Walk up and ask you your name right now Offer to buy you a drink Sit down and tell you your looks could kill Somebody else will if I don't Take a chance on your lips Lean in slowly stealin' your kiss like this Makin' your world stand still Somebody else will baby Ohh somebody else will Yeah somebody else will Somebody else will,"Kelly Archer, Adam Hambrick, Tebey Ottoh","Julian Raymond, Jeremy Stover",275
Flatliner,Cole Swindell,Dierks Bentley,2017,"Dang, girl, look at you stoppin' me in my boots What's a country boy to do but say uh huh Smile beatin' my chest up, you're downright dangerous That shake in your giddy up got my eyes going what what [Chorus - Cole Swindell:] Sippin' on this 7-7, never been this close to heaven Got her pretty turned up to 11 Droppin' 'em dead on the dance floor Somebody better call a doctor She's a little heart stopper I'm talkin' breaker breaker one niner She's a flatliner Oh, she's a flatliner [Verse 2 - Dierks Bentley:] Dang, girl, I'm done, I ain't never seen no one Poppin' it like a cold one and drop it down like uh huh Oh my, see the light, I don't mean the neon kind One kiss from you tonight and send me on to the other side [Chorus - Cole Swindell:] Sippin' on this 7-7, never been this close to heaven Got her pretty turned up to 11 Droppin' 'em dead on the dance floor Somebody better call a doctor She's a little heart stopper I'm talkin' breaker breaker one niner She's a flatliner [Bridge - Cole Swindle & Dierks Bentley:] Dang, girl, look at you stoppin' me in my boots What's a country boy to do? What would Dierks do? Grab a guitar and go sing her a song And go play one of my songs? No, don't play one of yours, play one of mine, man! [Chorus - Dierks Bentley & Cole Swindell:] Yeah, sippin' on this 7-7, never been this close to heaven Got her pretty turned up to 11 Droppin' 'em dead on the dance floor Somebody better call a doctor She's a little heart stopper I'm talkin' breaker breaker one niner She's a flatliner Sippin' on this 7-7, never been this close to heaven Got her pretty turned up to 11 Droppin' 'em dead on the dance floor Somebody better call a doctor She's a little heart stopper I'm talkin' breaker breaker one niner She's a flatliner [Outro - Cole Swindell & Dierks Bentley:] She's a flatliner Yeah, man, she's gonna hurt somebody Dude, she's worth the whiskey, bro, go get her one Yeah, she's a flatliner","Cole Swindell, Jaron Boyer, Matt Bronleewe",Michael Carter,276
My Girl,Dylan Scott,NA,2017,"She looks so pretty with no makeup on You should hear her talking to her mama on the phone I love it when she raps to an Eminem song That's my girl Man, her eyes really drive me crazy You should see her smile when she holds a baby I can honestly say that she saved me My girl Yeah, that's my girl in the passenger seat Windows down, dancing around, causing a scene That's my girl, sipping Crown and Sprite In a ball cap turned back, ooh, she got me like Yeah, baby girl, you gone and done it again Making all the guys wishin' you were with them But I bet they don't see what I see when I see my girl Every night when she goes to bed She hits her knees and bows her head Thanks the Lord for another day I just thank Him for my girl Yeah, that's my girl in the passenger seat Windows down, dancing around, causing a scene That's my girl, sipping Crown and Sprite In a ball cap turned back, ooh, she got me like Yeah, baby girl, you gone and done it again Making all the guys wishin' you were with them But I bet they don't see what I see when I see my girl Oh, my girl Yeah, that's my girl In my truck, in the songs that I sing with the radio up My girl In my heart, in my soul and the air that I breathe every day That's my girl Yeah, everything My girl Yeah, that's my girl in the passenger seat Windows down, dancing around, causing a scene That's my girl, sipping Crown and Sprite In a ball cap turned back, ooh, she got me like Yeah, baby girl, you gone and done it again Making all the guys wishin' you were with them But I bet they don't see what I see when I see my girl Oh, my girl Yeah, that's my girl","Dylan Scott, Josh Kerr","Matt Alderman, Jim Ed Norman",277
"God, Your Mama, And Me",Florida Georgia Line,Backstreet Boys,2017,"That Sunday morning choir calling, church doors open wide That hallelujah shoot right through ya, make you feel alive That key under the mat, you know right where it's at It's waiting with the porch light on Don't bother calling, no need for knocking, just come on home Come on home, my love is Never gonna run dry, never gonna come up empty Now until the day I die, unconditionally You know I'm always gonna be here for ya No one's ever gonna love you more than God, your mama, and me God, your mama, and me Unconditionally God, your mama, and me Loud as shotgun, angels singing with the radio Praying with you every mile down any dead end road You can tell me every secret that you been keeping I'll hold it, lock and key Up with you all night, holding you all night, I never leave You better believe my love is Never gonna run dry, never gonna come up empty Now until the day I die, unconditionally You know I'm always gonna be here for ya No one's ever gonna love you more than God, your mama, and me God, your mama, and me Unconditionally God, your mama, and me You better believe it, you better believe it Every step you take, I'll be as sure as your shadow Every move you make, you know I'm part of you wherever you go Baby, you know my love is Never gonna run dry, never gonna come up empty Now until the day I die, unconditionally You know I'm always gonna be here for ya No one's ever gonna love you more than God, your mama, and me God, your mama, and me Unconditionally God, your mama, and me God, your mama, and me God, your mama, and me Unconditionally God, your mama, and me","Josh Kear, Hillary Lindsey, Gordie Sampson",Joey Moi,278
For Her,Chris Lane,NA,2017,"She got a smile that makes your worst day feel like it's your birthday She's got a laugh like confetti would change her name if she'd let me She's got a way of changing the game the way that you play is never the same (She's the kind that makes you wanna) Ride around, windows down, yell with the radio (She's the kind that makes you wanna) Drop your plans, drop a grand, hell where the money goes She make you wanna fight for her, she make you wanna die for her, yeah She make you wanna fall, make you want it all, make you wanna call She make you wanna die for her The way that she moves is like a soft glow, flicker of a candle She turns my cool into disaster, heart is pumping faster She's head to toe, body and soul, so beautiful, she don't even know (She's the kind that makes you wanna) Ride around, windows down, yell with the radio (She's the kind that makes you wanna) Drop your plans, drop a grand, hell where the money goes She make you wanna fight for her, she make you wanna die for her, yeah She make you wanna fall, make you want it all, make you wanna call She make you wanna die for her Yeah... She make you wanna die for her Yeah... For her I would walk a straight line Wear out the soles of my shoes for her I would run through the night just to kiss her one more time, if she wanted me to (She's the kind that makes you wanna) Ride around, windows down, yell with the radio (She's the kind that makes you wanna) Drop your plans, drop a grand, hell where the money goes She make you wanna fight for her, she make you wanna die for her, yeah She make you wanna fall, make you want it all, make you wanna call She make you wanna die for her Yeah... She make you wanna die for her Yeah...","Kelly Archer, Sarah Buxton, Matt Dragstrem",Joey Moi,279
Speak To A Girl,Tim McGraw,Faith Hill,2017,"She don't give a damn 'bout your Benjamin Franklin's, she wants Aretha She don't really care how you're spending your money, it's all how you treat her She just want a friend to be there when she opens her eyes in the morning She wants you to say what you mean and mean everything that you're saying 'Cause that's how you talk to a woman, that's how you speak to a girl That's how you get with the lady who's worth more than anything in your whole world You better respect your Mama, respect the hell out of her 'Cause that's how you talk to a woman and that's how you speak to a girl [Tim McGraw:] She don't give a damn 'bout your pride or the lies that you're hiding behind She just wanna feel that you're real, that she's near to the man that's inside She don't need to hear she's a queen on a throne, that she's more than amazing She just wants you to say what you mean and to mean everything that you're saying [Tim McGraw & Faith Hill:] 'Cause that's how you talk to a woman, that's how you speak to a girl That's how you get with a lady who's worth more than anything in your whole world You better respect your Mama, respect the hell out of her 'Cause that's how you talk to a woman, that's how you speak to a girl That's how you speak to, speak to her That's how you speak to, speak to her 'Cause that's how you talk to a woman, that's how you speak to a girl That's how you get with a lady who's worth more than anything in your whole world You better respect your Mama, respect the hell out of her 'Cause that's how you talk to a woman and that's how you speak to a girl That's how you talk to a woman, that's how you speak to a girl","Shy Carter, Dave Gibson, Joe Spargur","Byron Gallimore, Tim McGraw, Faith Hill",280
Drinkin' Problem,Midland,NA,2017,"One more night, one more down One more, one more round First one in, last one out Giving this town lots to talk about They don't know what they don't know People say I've got a drinkin' problem That ain't no reason to stop People saying that I've hit rock bottom Just cause I'm living on the rocks It's a broken hearted thinkin' problem So pull another bottle off the wall People say I got a drinkin' problem But I've got no problem drinkin' at all They keep on talking, drawing conclusions They call it a problem, I call it a solution Last call gets later and later I come in here so I don't have to hate her Same old folks, same old songs The same old same old blue neon The same old buzz, just because People say I've got a drinkin' problem That ain't no reason to stop People saying that I've hit rock bottom Just cause I'm living on the rocks It's a broken hearted thinkin' problem So pull another bottle off the wall People say I got a drinkin' problem But I've got no problem drinkin' at all They keep on talking, drawing conclusions They call it a problem, I call it a solution Just sitting here in all my grand illusions They call it a problem, I call it a solution Just a solution It's a broken hearted thinkin' problem So pull another bottle off the wall People say I got a drinkin' problem But I've got no problem drinkin' at all They keep on talking, drawing conclusions They call it a problem, I call it a solution Sitting here in all my grand illusions They call it a problem, I call it a solution","Mark Wystrach, Cameron Duddy, Jess Carson, Shane McAnally, Josh Osborne","Shane McAnally, Josh Osborne, Dann Huff",281
Craving You,Thomas Rhett,Maren Morris,2017,"Every time we have to say goodbye I'm counting down until we say hello Every touch is like the strongest drug I don't know how much longer I can go I never had something that I can't walk away from But, girl, my self-control's so paralyzed When it comes to you, no, I ain't got no patience There's something 'bout you girl I just can't fight [Thomas Rhett (Maren Morris):] You're like that cigarette That shot of 100 proof No matter how much I get I'm always craving That feeling when we kiss The way your body moves No matter how much I get I'm always craving you Craving you [Thomas Rhett:] All the in-between is killing me You know I come unglued from missing you Sunset eyes, no, I don't have to try Because you know exactly what to do [Thomas Rhett (Maren Morris):] I never had something that I can't walk away from (walk away from) But, girl, my self-control's so paralyzed When it comes to you, no, I ain't got no patience (I ain't got no patience) There's something 'bout you I just can't fight [Thomas Rhett & Maren Morris:] You're like that cigarette That shot of 100 proof No matter how much I get I'm always craving That feeling when we kiss The way your body moves No matter how much I get I'm always craving you Craving you [Thomas Rhett (Maren Morris):] (I'm always craving you) Craving you Craving you [Thomas Rhett & Maren Morris:] Every time we have to say goodbye I'm counting down until we say hello Every touch is like the strongest drug I don't know how much longer I can go [Thomas Rhett (Maren Morris):] (Yeah, yeah, yeah) You're like that cigarette That shot of 100 proof No matter how much I get I'm always craving That feeling when we kiss The way your body moves No matter how much I get I'm always craving you, yeah Craving you [Thomas Rhett (Maren Morris):] Craving you (I'm craving you baby) I'm craving you I'm craving you babe","Dave Barnes, Julian Bunetta","Dann Huff, Julian Bunetta, Joe London, Thomas Rhett",282
No Such Thing As A Broken Heart,Old Dominion,NA,2017,"I wonder if Jack and Diane ever made it After the drums and the guitars all faded Was the best they could do good enough? Or did the Heartland just swallow em up? How did my mom and my dad ever do it? If there was struggles then we never knew it I guess they had each other, that was enough You know you can't keep the ground from shaking, no matter how hard you try You can't keep the sunsets from fading, you gotta treat your life like You're jumping off a rope swing baby 'cause the whole thing's really just a shot in the dark You gotta love like there's no such thing as a broken heart You gotta love like there's no such thing as a broken heart What am I gonna tell my kids when they see All of this bullshit that goes down on TV When the whole world is down on its luck I gotta make sure they keep their chin up Cry when it hurts, laugh when it's funny Chase after the dream, don't chase after the money And know we got each other, that's what's up 'Cause you can't keep the ground from shaking, no matter how hard you try You can't keep the sunsets from fading, you gotta treat you life like You're jumping off a rope swing baby 'cause the whole thing's really just a shot in the dark You gotta love like there's no such thing as a broken heart You gotta love like there's no such thing as a broken heart You gotta love like there's no such thing as a broken heart 'Cause you can't keep the ground from shaking, no matter how hard you try You can't keep the sunsets from fading, you gotta treat you life like You're jumping off a rope swing baby 'cause the whole thing's really just a shot in the dark You gotta love like there's no such thing as a broken heart You gotta love love love love... like there's no such thing You gotta love love love love... as a broken heart You gotta love like there's no such thing as a broken heart","Matthew Ramsey, Trevor Rosen, Brad Tursi, Jesse Frasure",Shane McAnally,283
Do I Make You Wanna,Billy Currington,NA,2017,"Baby what's on your mind, When you see me pull up to your drive? Do you wanna go downtown, Maybe have a little high dollar wine? Do you wanna go out to the country, and maybe blow all our money on some sugar at the truckstop and some scratch-offs See if we can lucky? Oh, I gotta know what's goin' on In your beautiful mind? Baby don't be shy. And tell me now, Do I Make you wanna dance real slow? Go Flyin' down a two lane road? Find A limb to hang your clothes? Do I make you wanna let your hair down, Play a little truth or dare now, Act just like you don't care now, Girl when I come around tell me, Do I make you wanna? Stay up 'til the sun Howl at the moon Baby, tell me the truth Do I make you wanna Karaoke in the neon light, Go to Vegas, stay up all night, See if we can find a cheap flight, Little 7, come 11, baby, roll those dice? Do I make you feel pretty, Do I make you wanna lean back, lay back and kiss me? Do you wanna roll with me, To the mountains, to the beach, to a party in the city? Do you wanna take in a broadway show. Or maybe just stay low? I gotta know now. Do I Make you wanna dance real slow? Go Flyin' down a two lane road? Find A limb to hang your clothes? Do I make you wanna let your hair down, Play a little truth or dare now, Act just like you don't care now, Girl when I come around tell me, Do I make you wanna? Do I make you turn into somebody else? Do you feel like you can finally be yourself? Baby, tell me now. Do I Make you wanna dance real slow? Go Flyin' down a two lane road? Find A limb to hang your clothes? Out in the middle of nowhere now? We can take it back downtown, You know I don't care now. Just wanna take you there now. Do I Make you wanna dance real slow? Go Flyin' down a two lane road? Find A limb to hang your clothes? Do I make you wanna let your hair down, Play a little truth or dare now, Act just like you don't care now, Girl when I come around tell me, Do I make you wanna? Stay up 'til the sun? Howl at the moon? Broadway? Tell me do I make you wanna Stay up 'til the sun? Howl at the moon? Baby, tell me the truth. Do I make you wanna Let your hair down, Play a little truth or dare now, Act just like you don't care now, Baby, Go flyin' down a two lane road. Ah, babe, tell me, Do I make you wanna?","Ashley Gorley, Zach Crowell, Matt Jenkins, Jerry Flowers",Dann Huff,284
The Way I Talk,Morgan Wallen,NA,2017,"It's got a touch of the town where I grew up Something in it them California girls love Some people like to make a little fun of The way I talk It gets slower after three or four cold beers And gets louder when I'm cheerin' on the Volunteers Folks know I'm country, when they hear The way I talk It sounds a little bit like my daddy It don't cuss around my mama Got some words you've never heard of 'Less you come from down yonder The man upstairs gets it So I ain't tryna fix it No I can't hide it I don't fight it, I just roll with it Oh, kinda slow like the Mississippi rolls It's the only way I know Man it ain't my fault I just live the way I talk Yeah it's, ""Yessir, no ma'am, y'all come back, now"" Fighting words if you run my last name down I ain't ashamed, matter of fact I'm damn proud Of the way I talk, y'all It sounds a little bit like my daddy It don't cuss around my mama Got some words you've never heard of 'Less you come from down yonder The man upstairs gets it So I ain't tryna fix it No I can't hide it I don't fight it, I just roll with it Oh, kinda slow like the Mississippi rolls It's the only way I know Man it ain't my fault I just live the way I talk Slow, like a Sunday morning service back home And kinda sweet when I got a girl to love on If you know me, you know I sound a little bit like my daddy I don't cuss around my mama Got some words you've never heard of 'Less you come from down yonder The man upstairs gets it So I ain't tryna fix it No I can't hide it I don't fight it, I just roll with it Oh, kinda slow like the Mississippi rolls It's the only way I know Man it ain't my fault I just live the way I talk The way I talk","Jessi Alexander, Ben Hayslip, Chase McGill",Joey Moi,285
It Ain't My Fault,Brothers Osborne,NA,2017,Blame the whiskey on the beer Blame the beer on the whiskey Blame the mornin' on the night For whose lyin' here with me Blame the bar for the band Blame the band for the song Blame the song for the party that went all night long But it ain't my fault No it ain't my fault Mighta had a little fun Lotta wrong I'd done But it ain't my fault Blame the heart for the hurtin' Blame the hurtin' on the heart Blame the dark on the devil Blame the devil on the dark Blame the ex for the drinkin' Blame the drinkin' for the ex Blame the two for one tequila's for whatever happens next But it ain't my fault No it ain't my fault Mighta had a little fun Lotta wrong I'd done But it ain't my fault I got my hands up I need an alibi Find me a witness who can testify You made a mistake You got the wrong guy I'm only guilty of a damn good time No it ain't my fault Blame my raisin' on my name Blame my name on my raisin' Blame my lack of knowing better on public education Blame smoke on the fire Blame fire on the smoke Blame the fight on the bouncer that couldn't take a joke But it ain't my fault I got my hands up I need an alibi Find me a witness who can testify You made a mistake You got the wrong guy I'm only guilty of a damn good time No it ain't my fault No it ain't my fault No it ain't my fault,"John Osborne, T.J. Osborne, Lee Thomas Miller",Jay Joyce,286
More Girls Like You,Kip Moore,NA,2017,"Well, I've been living like a wild old mustang Out in Montana fields Might've earned me a bad reputation But never stopped these wheels From going and rolling too far Running and gunning a little too hard So unreigned, so untamed, yeah So God made girls like you make guys like me Wanna reach for the brightest star, set it on a ring Put it on your hand, grab a piece of land And raise a few More girls like you Your soul is pure golden Must've been true love you were grown in Sent the sun rays to a dark place On the same day, yeah, God made Girls like you make guys like me Wanna reach for the brightest star, set it on a ring Put it on your hand, grab a piece of land And raise a few More girls like you... It's been a while since I stopped and prayed But Lord have mercy look at her He sure didn't make no mistake when he put that angel on Earth Yeah, God made Girls like you make guys like me Wanna reach for the brightest star, set it on a ring Put it on your hand, grab a piece of land And raise a few Yeah More girls like you Yeah More girls like you Yeah More girls like you Yeah Yeah More girls like... Yeah More girls like you Yeah","Kip Moore, Steven Lee Olsen, Josh Miller, David Garcia",David Garcia,287
Somethin' I'm Good At,Brett Eldredge,NA,2017,"I'm a real bad liar, I'm a burnt toast kinda guy And if I try to build a fire I'll burn the woods I ain't a mover or a shaker, can't keep up with the pacer Never met a dancefloor that ever did me any good I can't change the world, no I can't change a flat If you give me your heart, girl, well, you may never get it back You said you'd never smile again, but oh no, here it comes Would you look at that? I finally found somethin' I'm good at I got a poor sense of direction, sometimes too strong of affection For a whiskey made in Lynchburg, Tennessee If there's a hole in my boat son, you bet that's all she wrote I'm a Titanic sinking down into that deep blue sea I can't change the world, no I can't change a flat If you give me your heart, girl, well, you may never get it back You said you'd never smile again, but oh no, here it comes Would you look at that? I finally found somethin' I'm good at Damn you're looker You're the cane and the sugar Jiffy Pop in the cooker You're the author of the book That I'm reading You're the moon, you're the sky You're the apple of my eye Make me laugh till I cry Till I think I'm gonna die Turn me upside down Spin me around Spend all money on you all over this town I can't change the world, no I can't change a flat If you give me your heart, girl, well, you may never get it back You said you'd never smile again, but oh no, here it comes Would you look at that? (Would you look at that?) I finally found somethin' I'm really good at You thought it was over Oh my mine I'm such a lucky guy You got me tongue tied Like Jekyll & Hyde I'm coming undone I'm born to run I got my shades on Here comes the sun All cotton pickin' My tick tocks tickin' I love I'm stricken' I'm flip flop flippin' I'm 'bout to cuss Son of a bus I can't stop singin' I'm havin' way too much fun I can't change the world, no I can't change a flat If you give me your heart, girl, well, you may never get it back You said you'd never smile again, but oh no, here it comes Would you look at that? I finally found somethin' I'm so good at Hahaha... Cut!","Brett Eldredge, Tom Douglas","Ross Copperman, Brett Eldredge",288
Outta Style,Aaron Watson,NA,2017,"If a melody is like a memory You're a long hot summer night symphony Blaring on the speakers of my Monte Carlo Down FM 109 on my FM Radio We could take it slow Put it on cruise control You know it's been a while We're never going outta style I was thinking... while the sun is sinking... low we could go all night Never going outta style in my Chevy, parking at the levy Getting hot and heavy after all this time The trends will come and go The winds of change will blow The way we love is never going outta style singing Rebel rebel at the top of our lungs Out of town windows down playing those dashboard drums Everybody said you'd never make it too far With some poor boy playing on some pawn shop guitar You know my crazy dreams, Were busting at the seams Just like these old boots and jeans",Aaron Watson,"Marshall Altman, Aaron Watson",289
Missing,William Michael Morgan,NA,2017,"I bet my friends are wonderin' Where I am or if I'm still alive They're worried over nothin' They should know I'm perfectly fine It's just a mood I get in, now and then When I need to get my head clear I turn off my phone, get lost, get gone And flat out disappear Well, there ain't no tellin' where I'm bound A big city or the country, a little beach town But you won't find me 'cause I can't be found I'm on a mission, to be missin' I'll be back someday I just don't know when Till then I'll be a feather floatin' in the wind So don't you go missin' me 'Cause sometimes missin', is my favorite place to be I bet the grass is three feet high And the mailbox is full of bills A hundred messages I need to check And when I get the chance I will But right now I'm busy takin' it easy Can't worry 'bout stuff like that My only concern is left or right turn Somewhere on a map Well, there ain't no tellin' where I'm bound A big city or the country, a little beach town But you won't find me 'cause I can't be found I'm on a mission, to be missin' I'll be back someday I just don't know when Till then I'll be a feather floatin' in the wind So don't you go missin' me 'Cause sometimes missin', is my favorite place to be I love those locations where nobody knows my name How long I'll be stayin' is always subject to change Well, there ain't no tellin' where I'm bound A big city or the country, a little beach town But you won't find me 'cause I can't be found I'm on a mission, to be missin' I'll be back someday, I just don't know when Till then I'll be a feather floatin' in the wind So don't you go missin' me 'Cause sometimes missin', is my favorite place to be","Mark Irwin, Andrew Dorff, Josh Kear","Jimmy Ritchey, Scott Hendricks",290
Either Way,Chris Stapleton,NA,2017,"We pass in the hall on our way to separate rooms The only time we ever talk is when the monthly bills are due We go to work, we go to church We fake the perfect life I'm past the point of give a damn All my tears are cried We can just go on like this Say the word, we'll call it quits Baby, you can go or you can stay But I won't love you either way It's been so long since I felt Anything inside these walls You can't hate, you can't hurt When you don't feel at all I used to cry and stay up nights And wonder what went wrong And it's been hard But hearts can only do that for so long We can just go on like this Say the word, we'll call it quits Baby, you can go or you can stay I won't love you either way We can just go on like this Say the word, we'll call it quits Baby, you can go or you can stay But I won't love you either way","Chris Stapleton, Tim James, Kendell Marvel","Dave Cobb, Chris Stapleton",291
I Could Use A Love Song,Maren Morris,NA,2017,"Usually a drink will do the trick Take the edge off quick, sitting in the dark With a shared cigarette Seeing eye to eye, and heart to heart But maybe I'm just getting old Used to work but now it don't A long gone drive You know the kind where you take a turn and you don't know why But it clears your mind, a surefire cure I need something stronger That'll last a little longer I could use a love song That takes me back, just like that When it comes on To a time when I wouldn't roll my eyes At a guy and a girl Who make it work in a world That for me so far just seems to go so wrong Yeah I could use, I could use a love song I wish I didn't know so much I peeked behind the curtain Now that magic rush Feels like a trick that isn't working But I haven't lost all hope yet Yeah it's hurting but it ain't dead I could use a love song That takes me back, just like that When it comes on To a time when I wouldn't roll my eyes At a guy and a girl Who make it work in a world That for me so far just seems to go so wrong Yeah I could use, I could use a love song Give me a sign or a rhyme or a reason Just something that I can believe in I could use a love song That takes me back, just like that When it comes on To a time when I wouldn't roll my eyes At a guy and a girl Who make it work in a world That for me so far just seems to go so wrong Yeah I could use Yeah I could use, I could use a love song","Maren Morris, Jimmy Robbins, Laura Veltz","busbee, Maren Morris",292
Small Town Boy,Dustin Lynch,NA,2017,"I'm a dirt road In the headlights I'm a mama's boy I'm a fist fight Kinda county line Kinda cold beer Little hat down Little John Deere I kinda give a damn I kinda don't care You see the girl standin' right there She loves a small town boy like me She's my ride or die baby She's my cool, she's my crazy She's my laid back in the front seat She's my with me to the end girl My turn it up to ten girl She could have anybody that she wants Or be anywhere she wants to be She loves a small town boy like me She likes my T-shirt She likes my old boots Likes to slow dance To some old school She'll take a full moon Over them city nights And I ain't scared to get all up in them bright lights Yeah I can smooth it out I can slick it up I guess that's why she can't get enough Of a small town boy like me She's my ride or die baby She's my cool, she's my crazy She's my laid back in the front seat She's my with me to the end girl My turn it up to ten girl She could have anybody that she wants Or be anywhere she wants to be She loves a small town boy like me She loves a small town boy like me Yeah Yeah I'm her sure thing I'm her go-to I'm her rock solid She ain't gon' ever lose A small town boy like me I'm her ride or die baby I'm her cool, I'm her crazy I'm her laid back in the front seat I'm so with ya to the end girl Let's turn it up to ten girl She could have anybody that she wants Or be anywhere she wants to be She loves a small town boy like me She's my ride or die baby She's my cool, she's my crazy She's my laid back in the front seat She's my with me to the end girl My turn it up to ten girl She could have anybody that she wants Or be anywhere she wants to be She loves a small town boy like me She loves a small town boy like me Yeah, she loves a small town boy like me","Rhett Akins, Ben Hayslip, Kyle Fishman",Zach Crowell,293
Makin' Me Look Good Again,Drake White,NA,2017,"Worn and haggard, weathered and torn Drug through the keyhole of that back door Blood shot red behind these shades I look like hell, yes, I've seen better days And then those loving arms—they pull me back in And there you go, baby, yeah, making me look good again I'm rust on a barbed wire, I'm dust on a chrome yeah Yes I'm the heart that bleeds in an old country song And then those loving arms—they pull me back in And there you go, baby, yeah, making me look good again Leather and lace, denim and pearls, Whiskey and wine, they go just fine, like you and me, girl When you smile at me and say, there ain't no better place Than you'd rather be than right here loving me Standing in that kitchen, it's been a long day at work And she slips her hands right under my shirt Oh, with those loving arms she pulls me back in And there you go, baby, yeah, making me look good again There you go, baby, making me look good again","Drake White, Monty Criswell, Shane Minor","Ross Copperman, Andrew Petroff, Adam Schwind, Jeremy Stover, Drake White",294
Heartache on the Dance Floor,Jon Pardi,NA,2017,"Yeah, I was just hanging out Some little west coast town Found a bar out by the sand, so I made my way in First thing that caught my eye, like nothing I'd ever seen Sunburned auburn hair, a California dream Yeah, she was shaking them hips To some old motown song I couldn't say anything so I sang along She was a heartache on the dance floor Yeah, she's moving through my mind I gotta know her name and I gotta see her again She's got me wondering, yeah I'm just wondering Where she at, where she at, where she at tonight? Where she at, where she at, where she at tonight? So I just hung around this little west coast town I drop by every night, I stay till closing time My little mystery, that girl is killing me So I put on that song just to sing along She was a heartache on the dance floor Yeah, she's moving through my mind I gotta know her name and I gotta see her again She's got me wondering, yeah I'm just wondering Where she at, where she at, where she at tonight? Where she at, where she at, where she at tonight? She's got me mesmerized, she's all I'm thinking about All I think about, think about, think about So I'm right here right now Humming this little song If I could say a thing I'd want you to know You were a heartache on the dance floor Yeah, you're moving through my mind I gotta know your name and I gotta see you again And if you're listening, listening, listening Where you at, where you at, where you at tonight? Where you at, where you at, where you at tonight? Girl, I'm hanging around this LA town Where you at, where you at, where you at tonight? Where you at, where you at, where you at tonight?","Jon Pardi, Bart Butler, Brice Long","Bart Butler, Jon Pardi",295
Every Little Thing,Carly Pearce,NA,2017,"The scent that you left on my pillow The sound of your heart beating with mine The look in your eyes like a window The taste of your kiss soaked in wine Every little thing I remember every little thing The high, the hurt, the shine, the sting Of every little thing Guess you forgot what you told me Because you left my heart on the floor Baby, your ghost still haunts me But I don't want to sleep with him no more Every little thing I remember every little thing The high, the hurt, the shine, the sting Of every little thing I remember every little thing The high, the hurt, the shine, the sting Of every little thing They say time is the only healer God, I hope that isn't right Cause right now I'd die to not remember Every little thing I remember every little thing The high, the hurt, the shine, the sting Every little thing I remember every little thing I'm haunted by the memories of Every little thing The high, the hurt, the shine, the sting Every little thing","Carly Pearce, busbee, Emily Shackelton",busbee,296
They Don't Know,Jason Aldean,NA,2017,"They call us a two lane just passing by slow down town Yeah they say what's there to do when you ain't got nothin' around Just a few street lights, speed limit signs that all say 25 But those folks ain't lived in our lives They ain't seen the blood sweat and tears it took to live their dreams When everything's on the line Ain't just another field, just another farm No, it's the ground we grew up on They think it's a middle of nowhere place where we take it slow Aw but they don't know All they see is tractors, barbwire and tall green grass They don't see the years spent working, busting their ass How they pray for rain They don't know a thing About what it takes Livin' this way They ain't seen the blood sweat and tears it took to live their dreams When everything's on the line Ain't just another field, just another farm No, it's the ground we grew up on They think it's a middle of nowhere place where we take it slow Aw but they don't know No, they don't know They call us a two lane just passing by slow down town Yeah they say what's there to do when you ain't got nothin' around They ain't seen the blood sweat and tears it took to live their dreams When everything's on the line Ain't just another field, just another farm No, it's the ground we grew up on They think it's a middle of nowhere place where we take it slow Aw but they don't know No, they don't know","Kurt Allison, Jaron Boyer, Josh Mirenda",Michael Knox,297
Ring on Every Finger,LoCash,NA,2017,"I've got a pounding in my chest, baby Feels like I'm 17 again Have something burning a hole in my pocket lately Done asked your daddy, done told your friends I ain't gettin' down on one knee Girl, I'm gettin' on two Might be over the top But I'm gonna tell you what I'm gonna do I'll put a ring on every finger Just to show you I'm legit Go on try my last name on girl Just to see if it fits If I could baby I would Marry you a million times Put a ring on every finger Just to show the whole world that you're mine Show the whole world that you're mine Oh senorita, can't nothing be sweeter Than you in that white wedding dress Leaving that church in the limousine Girl, why you crying, it ain't rocket science All you gotta do is say yes Spend the rest of your life with me girl Don't you know that I ain't gettin' down on one knee Girl, I'm gettin' on two Might be over the top But I'm gonna tell you what I'm gonna do I'll put a ring on every finger Just to show you I'm legit Go on try my last name on girl Just to see if it fits If I could baby I would Marry you a million times Put a ring on every finger Just to show the whole world that you're mine Show the whole world that you're mine Come on Let's spend this life together Dropping f-bombs like forever With the whole world as a witness Gonna flip that Ms. to Mrs. Gonna spend this life together Dropping f-bombs like forever With the whole world as a witness Gonna flip that Ms. to Mrs. I'll put a ring on every finger Just to show you I'm legit Go on try my last name on girl Just to see if it fits If I could baby I would Marry you a million times Put a ring on every finger Just to show the whole world that you're mine Put a ring on every finger Just to show you I'm legit Go on try my last name on girl Just to see if it fits If I could baby I would Marry you a million times Put a ring on every finger Just to show the whole world that you're mine Show the whole world that you're mine","Jesse Frasure, Josh Kear, Thomas Rhett",Lindsay Rimes,298
Ask Me How I Know,Garth Brooks,NA,2017,"You're stubborn as they come, you'll never settle down You'll always be the one who doesn't stick around You make all the rules, you're set in your ways You gotta have your freedom, you gotta have your space Cause one day you'll meet the girl you swore you'd never find Start feeling things you never felt and spending all your time Trying to figure out how she got this hold on you And when you start to fall, you'll hold onto your pride Start building up your walls and never let her get inside You'll push her away 'cause that's all you know how to do And then she'll leave and you won't beg her not to go Ask me how I know Go on and shake your head and tell me that I'm wrong Say, ""I'm just another fool and this is just another song"" But I know how you are 'cause I know how I am And I'd give anything to go back and try again Cause one day you'll meet the girl you swore you'd never find Start feeling things you never felt and spending all your time Trying to figure out how she got this hold on you And when you start to fall, you'll hold onto your pride Start building up your walls and never let her get inside You'll push her away 'cause that's all you know how to do And then she'll leave and you won't beg her not to go Ask me how I know And you best put this song on repeat Maybe then you won't end up like me Cause one day you'll meet the girl you swore you'd never find Start feeling things you never felt and spending all your time Trying to figure out how she got this hold on you And when you start to fall, you'll hold onto your pride Start building up your walls and never let her get inside You'll push her away 'cause that's all you know how to do And then she'll leave and you won't beg her not to go Ask me how I know Ask me how I know Cause man I know",Mitch Rossell,Mark Miller,299
All The Pretty Girls,Kenny Chesney,NA,2017,"All the pretty girls said pick me up at eight All the pretty girls said I'm going to L.A. All the pretty girls said I hate my hair Talking to the mirror in their underwear All the lost boys said I just got paid All the lost boys said I wanna get laid When the town goes blue and the lights blink red All the lost boys do what all the pretty girls said I'm home for the summer, shoot out the lights don't blow my cover, oh I'm free tonight I'm coming over, call all your friends Somebody hold me all the pretty girls said All of the whiskey went to my head Shut up and kiss me all the pretty girls said All the sheriffs said kid you better slow down All the preachers said it's the devils playground I wonder if they knew they were wasting their breath All I ever heard was all the pretty girls said I'm home for the summer, shoot out the lights don't blow my cover, oh I'm free tonight I'm coming over, call all your friends Somebody hold me all the pretty girls said All of the whiskey went to my head Shut up and kiss me all the pretty girls said All the seventeens said I'm getting outta dodge All the big dreams said I'm selling all I got All the high rollers busy placing their bets Me, I'm heading south cause all the pretty girls said I'm home for the summer, shoot out the lights don't blow my cover, oh I'm free tonight I'm coming over, call all your friends Somebody hold me all the pretty girls said All of the whiskey went to my head Shut up and kiss me all the pretty girls said All the pretty girls said","Nicolle Galyon, Tommy Lee Hames, Josh Osborne","Buddy Cannon, Kenny Chesney",300
What Ifs,Kane Brown,Lauren Alaina,2017,"You say what if I hurt you, what if I leave you What if I find somebody else and I don't need you What if this goes south, what if I mess you up You say what if I break your heart in two then what Well I hear you girl, I feel you girl but not so fast Before you make your mind up I gotta ask What if I was made for you and you were made for me What if this is it, what if it's meant to be What if I ain't one of them fools just playin' some game What if I just pulled you close, what if I leaned in And the stars line up and it's our last first kiss What if one of these days baby I'd go and change your name What if I loved all these what ifs away What if the sky falls (sky falls) or the sun stops burnin' We could worry about them what ifs 'til the world stops turnin' Or I could kiss you (you should kiss me), what if you liked it (bet I'd like it) Well we ain't never gonna know unless we try it What if I was made for you and you were made for me What if this is it, what if it's meant to be What if I ain't one of them fools just playin' some game What if I just pulled you close, what if I leaned in And the stars line up and it's our last first kiss What if one of these days baby I'd go and change your name What if I loved all these what ifs away Awe yeah C'mon You say what if I hurt you, what if I leave you What if I find somebody else and I don't need you Damn What if I was made for you and you were made for me What if this is it, what if it's meant to be What if I ain't one of them fools just playin' some game What if I just pulled you close, what if I leaned in And the stars line up and it's our last first kiss What if one of these days baby I'd go and change your name What if I loved all these what ifs away Away (away) What if?","Kane Brown, Matt McGinn, Jordan Schmidt",Dann Huff,301
Round Here Buzz,Eric Church,NA,2017,"Another Friday night There's a line of cars leaving Home team's got an out-of-towner Me, I'm sitting on the hood of mine drinking I'm just a parking lot down-and-outer Under that high school bleacher I drove that preacher's daughter crazy Her mama was my homeroom teacher And her dad was hell bent on saving me Yeah, I'm sure there's higher highs Where the high risers rise But me, I'm gonna sit right here tonight, and Catch me a 'round here buzz Cause you ain't 'round here none Keep putting 'em down here, 'nother round here 'Til my down goes up Lit up like that one stoplight Across from that welcome sign Ever since you caught that out there bug I catch me a 'round here buzz I never had big-city eyes Hell, I've never been east of Dallas Got no idea where you are now Or if you ever got that penthouse palace No, Scotty's ain't got no vibe Got no gas in his neon light But he's got two-for-one 'til 2:00 tonight Catch me a 'round here buzz Cause you ain't 'round here none Keep putting 'em down here, 'nother round here 'Til my down goes up Lit up like that one stoplight Across from that welcome sign Ever since you caught that out there bug I catch me a 'round here buzz Catch me a 'round here buzz Cause you ain't 'round here none Keep putting 'em down here, 'nother round here 'Til my down here Is lit up like that one stoplight Across from that welcome sign Ever since you caught that out there bug I catch me a 'round here buzz I catch me a 'round here buzz 'Round here buzz I catch me a 'round here buzz","Eric Church, Luke Dick, Jeff Hyde",Jay Joyce,302
A Girl Like You,Easton Corbin,NA,2017,"Got lots of bars around this town They got cold beer, yeah, and they got Crown Got neon light in the windowpane Got lots of guys thinkin' they got game Got loud guitars a little out of tune But they ain't got a girl like you Naw, they don't They play lots of songs on the radio 'Bout them good ole' country girls that we all know Long tan legs and cutoff jeans Yeah, just shakin' that sugar every country boy's dream I've heard them all at least a time or two Ain't none 'bout a girl like you, that's true You've got that beautiful born with it kind of thing It comes so natural, no baby don't ever change And I wonder when I see the smile on your face Baby, what did I do to ever get a girl like you A girl like you You can dress it on up or you can just hang out Kick it on Broadway or kick back on the couch You can dance on a bar, you can dance in the rain Shotgun a beer, just sip champagne Yeah, there's only one, ain't room for two There ain't another girl like you, another girl like you You've got that beautiful born with it kind of thing It comes so natural, no baby don't ever change And I wonder when I see the smile on your face Baby, what did I do to ever get a girl like you A girl like you Baby, what did I do to get a girl like you A girl like you don't come along but once in a lifetime, better hang on I can't find one thing wrong, I could just go on and on and on You've got that beautiful born with it kind of thing It comes so natural, no baby don't ever change And I wonder when I see the smile on your face Baby, what did I do to ever get a girl like you A girl like you I could sail the ocean blue, and never find, never find a girl like you","Ashley Gorley, Jesse Frasure, Rhett Akins","Ashley Gorley, Wade Kirby",303
Fix A Drink,Chris Janson,NA,2017,"Well it's hotter than hell outside right now It's 100 in the shade with the sun beating down Forecast calling for some more of the same Well I can't fix that but I can fix a drink I turn on Fox news and then CNN But it's the same dang thing all over again The world's in the toilet and the market's in the tank Well I can't fix that, no But I can fix a drink, pour it on ice Mix it on up and get'cha feeling right I can get'cha buzzed, I can get'cha smiling I can make you feel like you're sitting on an island I can make it fruity or I can make it strong All you gotta do is tell me what you want Put it to your lips, take a little sip Tell me what you think, yeah I can fix a drink Say you gotta broken phone and a broken heart The boss is on your back and your truck won't start None of your friends want to listen to Hank Well I can't fix that, no But I can fix a drink, pour it on ice Mix it on up and get'cha feeling right I can get'cha buzzed, I can get'cha smiling I can make you feel like you're sitting on an island I can make it fruity or I can make it strong All you gotta do is tell me what you want Put it to your lips, take a little sip Tell me what you think, yeah I can fix a drink I don't know what's going on with you But if you got some cheap whisky and some Mountain Dew Malibu, Cuervo, Coke in a cup Brother I can hook you up But I can fix a drink, pour it on ice Mix it on up and get'cha feeling right I can get'cha buzzed, I can get'cha smiling I can make you feel like you're sitting on an island I can make it fruity or I can make it strong All you gotta do is tell me what you want Put it to your lips, take a little sip Tell me what you think, yeah I can fix a drink Yeah, I can fix a drink","Chris Janson, Chris DuBois, Ashley Gorley","Chris DuBois, Brent Anderson",304
Last Time for Everything,Brad Paisley,NA,2017,"Using a fake ID at a college bar Getting caught with a girl in the backseat of a car Running out on the field for the senior game wearing number 17 There's a last time for everything Like a George Strait cassette in a Pontiac I tell 'em Super Cuts, let's leave it long in the back Wearing the tux at a high school gym And she's wearing your class ring There's a last time for everything Last call, last chance Last song, last dance Sometimes you just don't know when that's gonna be Hold me baby, give me a kiss Like tonight is all there is Cause there's a last time for everything Throwing the ball with the first dog you ever had Spending all day on the lake with your grandad Watching Glenn Frey sing ""Already Gone"" at the Forum in LA There's a last time for everything Last call, last chance Last song, last dance Sometimes you just don't know when that's gonna be Hold me baby, give me a kiss Like tonight is all there is Cause there's a last time for everything Kissing goodbye on her porch and driving away Introducing her as your fiancee Getting woke up at 5 am to see if Santa came There's a last time for everything Biscuits and gravy at momma's house (Last time for everything) Spring break on a fold out couch (Last time for everything) Little Jimmy on the Opry stage (Last time for everything) Hearing Prince sing ""Purple Rain"" (Last time for everything) (Last time for everything)","Brad Paisley, Smith Ahnquist, Brent Anderson, Chris DuBois, Mike Ryan","Brad Paisley, Luke Wooten",305
When It Rains It Pours,Luke Combs,NA,2017,"Sunday morning, man, she woke up fighting mad Bitching and moaning on and on 'bout the time I had And by Tuesday, you could say that girl was good as gone And then when Thursday came around, I was all alone So I went for a drive to clear my mind, ended up at a Shell on I-65 Then I won a hundred bucks on a scratch off ticket Bought two twelve packs and a tank of gas with it She swore they were a waste of time, oh, but she was wrong I was caller number 5 on the radio station Won a 4-day, 3-night beach vacation Deep sea, senorita, fishing down in Panama And I ain't gotta see my ex future mother-in-law anymore Oh, Lord, when it rains it pours Now she was sure real quick to up and apologize When she heard about my new found luck on that FM dial And it's crazy how lately now it just seems to come in waves What I thought was gonna be the death of me was my saving grace It's got me thinking that her leaving is the only logical reason That I got the last spot in the Hooter's parking lot And the waitress left her number on my check with a heart She picked up on the first ring when I gave her a call And I only spent five bucks at the Moose Club Raffle Won a used four-wheeler and three free passes For me and two of my buddies to play a round of golf And I ain't gotta see my ex future mother-in-law anymore Oh, Lord, when it rains it pours When it rains it pours I've been on one hell of a redneck roll for three weeks now And it all started on the day that she walked out Then I won a hundred bucks on a scratch off ticket Bought two twelve packs and a tank of gas with it She swore they were a waste of time, oh, but she was wrong And I was caller number 5 on the radio station Won a 4-day, 3-night beach vacation Deep sea, senorita, fishing down in Panama And I ain't gotta see my ex future mother-in-law anymore Oh, Lord, when it rains it pours When it rains it pours","Luke Combs, Ray Fulcher, Jordan Walker",Scott Moffatt,306
Greatest Love Story,LANCO,NA,2017,"They said I was nothing but a trouble maker never up to no good You were the perfect all American girl wouldn't touch me even if you could But you were sneaking out your window every night riding shotgun in my car We'd go to the river and find us a spot and we probably went a little too far Just a little too far Cause I was gonna be your forever and You were gonna be my wife We didn't know any better Didn't have a clue about life But I was what you wanted you were what I needed And we could meet in between We were gonna be the greatest love story this town had ever seen So you went off to college and I got a job I was working at a 9 to 5 Dreaming of the days when you were in my arms I'd never felt so alive I'd spend my days working, spend my nights drinking, howling at the moon Screaming for the days when you were coming back no couldn't come too soon Couldn't come too soon When I was gonna be your forever You were gonna be my wife But you went off to find better And I was learning all about life But I was what you wanted and you were what I needed And we could meet in between We were gonna be the greatest love story this town had ever seen So you came back after a long four years Your college boyfriend didn't work out So we went out for a couple of drinks to find out who we are now Sure we changed but way deep down you had the same old feelings for me I went to the store and bought you a ring and I got down on one knee Down on one knee And I said I'm gonna be your forever So baby will you be my wife Now that we know a little better We could have a real nice life Cause I'm what you wanted and you're what I need So let's meet in between We are gonna be the greatest love story this town has ever seen We are gonna be the greatest love story this world has ever seen So baby say yes to me",Brandon Lancaster,Jay Joyce,307
Losing Sleep,Chris Young,NA,2017,"Light a candle Turn all the lights down low Baby let's just lose control Lose control I can handle Every single curve, you know That I love you, let me show you Oh Fall into me Let me breathe the air you breathe I can take you anywhere you want to be When it comes to us Every single touch is something special When we're wrapped up in those sheets Yeah we're winning when we're losing When we're losing sleep Real life When it's this good don't you know We don't need to dream at all Baby so Fall into me Let me breathe the air you breathe I can take you anywhere you want to be When it comes to us Every single touch is something special When we're wrapped up in those sheets Yeah we're winning when we're losing When we're losing sleep When we're losing sleep, yeah Fall into me Let me breathe the air you breathe I can take you anywhere you want to be, yeah When it comes to us Every single touch is something special When we're wrapped up in those sheets Yeah we're winning when we're losing When we're losing sleep When we're losing sleep, yeah Yeah we're winning when we're losing Light a candle Turn all the lights down low","Chris Young, Chris DeStefano, Josh Hoge","Corey Crowder, Chris Young",308
Unforgettable,Thomas Rhett,NA,2017,"It was the 14th of October Had that t-shirt off your shoulder I was drunk, said I was sober And you said yeah right We were talkin' for a minute Then some guy tried to cut in You took my hand and we pretended Like I was your guy Oh, then I tried to guess your middle name For 30 minutes bet we played that game That mango-rita you were drinkin' And that Coldplay song that you were singin' And I bet right now you're probably thinkin' That it's crazy I remember every detail, but I do From your blue jeans to your shoes Girl, that night was just like you Unforgettable We were dancin', we were buzzin' Takin' shots like it was nothin' Did the runnin' man, you loved it Yeah, you laughed out loud You brushed away your blonde hair And you kissed me out of nowhere I can still show you the spot Where everything went down Oh, I told you I was gonna marry you You probably didn't think that it was true That mango-rita you were drinkin' And that Coldplay song that you were singin' And I bet right now you're probably thinkin' That it's crazy I remember every detail, but I do I can still smell your perfume Girl, that night was just like you Unforgettable Oh, that night was just like you, baby I can taste the mango-rita you were drinkin' And it feels just like it was last weekend That we jumped in Right off the deep end That mango-rita you were drinkin' And that Coldplay song that you were singin' And I bet right now you're probably thinkin' That it's crazy I remember every detail, but I do I can still smell your perfume Girl, that night was just like you Unforgettable From your blue jeans to your shoes Girl, that night was just like you Unforgettable","Thomas Rhett, Jesse Frasure, Ashley Gorley, Shane McAnally","Dann Huff, Jesse Frasure, Thomas Rhett",309
California,Big & Rich,NA,2017,"It's a 3 day drive if she drives all night Says she's leavin' at the crack of dawn Well she might still be lyin' here with me But in her heart she's already gone Already packed up, the altimas gassed up She's done put the map up there on the dash I'm all tore up just tryin' to man up Dammin' these tears up but can't hold 'em back Cuz she's in love with California And that west coast sunshine dream These ain't no Hollywoods And these hills ain't Beverly Ain't no beaches on these backroads No sunset on the boulevard She's in love with California And breakin' my heart Got a waitress job waitin' in an ihop Throw a rock and hit universal city Got a glamour shot in her hip pocket Hopin' somebody'll think she's pretty By this time tomorrow she'll hit Colorado I'll be drownin' my sorrow in a bottle of Beam Before she hits flagstaff maybe she'll backtrack But I wouldn't bet that if I was me Cuz she's in love with California And that west coast sunshine dream These ain't no Hollywoods And these hills ain't Beverly Ain't no beaches on these backroads No sunset on the boulevard She's in love with California And breakin' my heart Well she was all mine Now it's go time She's in love with California And that west coast sunshine dream These ain't no Hollywoods And these hills ain't Beverly There ain't no beaches on these backroads No sunset on the boulevard She's in love with California And breakin' my heart She's in love with California And breakin' my heart Oh she's breakin' my heart","John Rich, Rodney Clawson, Vicky McGehee","Big Kenny, John Rich",310
Yours,Russell Dickerson,NA,2017,I was a boat stuck in a bottle That never got the chance to touch the sea Just forgot on the shelf No wind in the sails Going nowhere with no one but me I was one in a hundred billion A burned out star in a galaxy Just lost in the sky wondering why Everyone else shines out but me But... I came to life when I first kissed you The best me has his arms around you You make me better than I was before Thank God I'm yours I was a worn out set of shoes Wandering the city street Another face in the crowd Head looking down Lost in the sound of a lonely melody Empty pockets at a roulette Always landing on a lost bet Just live for the spin and hope for the win Go all in just to lose again But... I came to life when I first kissed you The best me has his arms around you You make me better than I was before Thank God I'm yours The worst me is just a long gone memory You put a new heartbeat inside of me You make me better than I was before Thank God I'm yours I was a boat stuck in a bottle That never got the chance to touch the sea I came to life when I first kissed you The best me has his arms around you You make me better than I was before Thank God I'm yours The worst me is just a long gone memory You put a new heartbeat inside of me You make me better than I was before Thank God I'm yours Thank God I'm yours Thank God I'm yours Thank God I'm yours,"Russell Dickerson, Parker Welling, Casey Brown",Casey Brown,311
You Broke Up With Me,Walker Hayes,NA,2017,"Well, I got some Coke in my bourbon Surfin' the room like Swazye No, I ain't drunk, I'm amazing Yeah, I got that laid way, way back, back in my swagger X-Factor, feeling no pain, I'm at the top of my game Darlin', you can't crash my party with your sorry's and what are we's Don't start raining on my Mardi Gras parade for a minute I ain't even fixin' to listen to your guilt trippin' You're forgettin', girl, you made your bed and didn't want me in it (Hey!) Whoa, girl, simmer on down a notch Ain't nobody makin' you watch me get my forget you on No, girl, can't touch my good as gold I know it's difficult to see me on a roll But hey, you broke up with me Yeah, what can I say, babe, you broke up with me Guess you don't know what you want 'Til you see 'em movin' on Making lonely look like freedom Baby, don't even act like I'm doing something wrong If my song comes on and I get lost on that dance floor In somebody's arms that ain't yours You can't crash my party with your sorry's and what are we's Don't start raining on my Mardi Gras parade for a minute I ain't even fixin' to listen to your guilt trippin' You're forgettin', girl, you made your bed and didn't want me in it (Hey!) Whoa, girl, simmer on down a notch Ain't nobody makin' you watch me get my forget you on No, girl, can't touch my good as gold I know it's difficult to see me on a roll But hey, you broke up with me Yeah, what can I say, babe, you broke up with me For real, babe, ain't tryin' to rub it your face I'm just breakin' off a little cold hard truth It is what it is, girl, you did what you did, girl I'm just doin' what a bachelor do Darlin', you can't crash my party with your sorry's and what are we's Don't be raining on my Mardi Gras parade for a minute I ain't even fixin' to listen to your guilt trippin' You're forgettin', girl, you made your bed and didn't want me in it (Hey!) Whoa, girl, simmer on down a notch Ain't nobody makin' you watch me get my forget you on No, girl, can't touch my good as gold I know it's difficult to see me on a roll But hey, you broke up with me Yeah, what can I say, babe, you broke up with me You broke up with me Yeah, what can I say, babe? You broke up with me","Walker Hayes, Kylie Sackley, Thomas Archer",Shane McAnally,312
Smooth,Florida Georgia Line,NA,2017,"Smooth Like a Tennessee Walker Just a walking on the water You're smooth Like a Sunday morning Elvis Singing Gospel it's a hell of a groove Like the lines on her Mercury Girl you're put together perfectly Good lord almighty Girl, you go down good You ain't even trying Cause you wrote the book There ain't nobody A do me like you The way you move that body Girl, you're so smooth Like cat daddy driving A Caddy from Cali baby You're smooth Like young love buzzing Off an Old Camp bottle by the Moon Blackberry jam, finger-licking Off your hand flying out the window Good lord almighty Girl, you go down good You ain't even trying Cause you wrote the book There ain't nobody (There ain't nobody) A do me like you (Do me like you) The way you move that body (The way you move that body) Girl, you're so smooth (So smooth) Smooth, smooth You're a stroke on the canvas A brick road to Kansas My little summer time jam Good lord almighty Girl, you go down good You ain't even trying Cause you wrote the book There ain't nobody (There ain't nobody) A do me like you (Do me like you) The way you move that body (The way you move that body) Girl, you're so smooth (So smooth) Smooth, smooth (You so smooth) Smooth","Tyler Hubbard, Brian Kelley, Nicolle Galyon, Jordan Schmidt",Joey Moi,313
Light It Up,Luke Bryan,NA,2017,"I open my eyes, reach for the phone Not a word from you baby It don't leave my sight since we had that fight Can't remember but maybe I blew you up In the middle of the night again You were drinking with your friends You ignored it but you got it I get so neurotic about it baby 'Cause I know you're reading your phone I can't help from going crazy Thinking you might not be all alone I wake up, I check it, I shower and I check it I feel the buzz in my truck And I almost wreck it I always got it on me Just in case you want me So, if you're looking for my love Then light it up Every time I unlock my screen I hope I see one of them red lipstick 'I miss you' pictures I'm on your clock, you're in control You want me now baby go figure My worlds at the tips of your fingers I get so neurotic about it baby 'Cause I know you're reading your phone I can't help from going crazy Thinking you might not be all alone I wake up, I check it, I shower and I check it I feel the buzz in my truck And I almost wreck it I always got it on me Just in case you want me So, if you're looking for my love Then light it up Yeah baby, then light it up I go to sleep, I check it In the middle of the night, I check it I feel the buzz in my bed And I don't get no rest I always got it on me Just in case you want me So, if you're looking for my love Then light it up Yeah baby, light it up","Luke Bryan, Brad Tursi","Jeff Stevens, Jody Stevens",314
All On Me,Devin Dawson,NA,2017,"Yeah, I know that the woes and the weight of the world can get in side our minds And be too much sometimes, I know But baby don't let the no's and the ups and the downs from the roller coaster ride Beat you up inside, baby don't But if you ever feel that way, don't you ever hesitate, cause You got my number you can call on me If you're in trouble put the fall on me When you're mad you can take it out on me When it don't add up you can count on me When you're low come get high on me Make it slow take your time on me Settle in, let it out Come and lay on me When it gets heavy put the weight on me Baby put it all on me Put it all on me Wanna take you out on the town on my dime anytime, tell me when you're free We can do anything and everything you want, yeah Oh I wanna hear all your fears and your troubles Strip it down, really get to know one another When it's nobody but you and me just us Girl you know I'm here for you You can lean on me anytime you need to You got my number, you can call on me If you're in trouble put the fall on me When you're mad you can take it out on me When it don't add up you can count on me When you're low come get high on me Make it slow take your time on me Settle in, let it out Come and lay on me When it gets heavy put the weight on me Baby put it all on me Girl put it all on me C'mon relax your mind on me When you need a shoulder you can cry on me Baby you can bet your life on me Put it all on me You got my number, you can call on me If you're in trouble put the fall on me When you're mad you can take it out on me When it don't add up you can count on me When you're low come get high on me Make it slow take your time on me Settle in, let it out Come and lay on me When it gets heavy put the weight on me Baby put it all on me Yeah baby put it all on me, yeah Put it all on me, yeah Girl put it all on me Put it all on me","Devin Dawson, Jacob Durrett, Austin Smith",Jay Joyce,315
Like I Loved You,Brett Young,NA,2017,"Would've thought you wrote down every word Goodbye spelled out like it had been rehearsed There ain't no point in trying to change your mind Seems like You've got it all figured out You're alright With the way this is going down Don't tell me we can still be friends Hanging on the weekend You're gonna be okay if I start seeing somebody new You hope that I do It won't be long Till I forget to call every time that I'm drinking And you ain't the love song I can't keep from singing I gotta be honest You really believe that's the truth You never loved me like I loved you By the way you're talking you would think You never had any real feelings for me And if you think I can look across the bar And see you In someone else's arms And I need you Oh who do you think you are Trying to tell me we can still be friends Hanging on the weekend You're gonna be okay if I start seeing somebody new You hope that I do It won't be long Till I forget to call every time that I'm drinking And you ain't the love song I can't keep from singing I gotta be honest You really believe that's the truth You never loved me like I loved you You always told me You'd never leave me You said I was your one and only So what makes you think I wanna hear you say We can still be friends No I don't wanna be friends Stop telling me, stop telling me, woah That we can still be friends Hanging on the weekend You're gonna be okay if I start seeing somebody new You hope that I do It won't be long Till I forget to call every time that I'm drinking And you ain't the love song I can't keep from singing I gotta be honest You really believe that's the truth You never loved me like I loved you You never loved me like I loved you You never loved me like I loved you","Brett Young, Jesse Lee",Dann Huff,316
I'll Name The Dogs,Blake Shelton,NA,2017,"Girl, it's high time, I tell ya No more messin' around Time to lay these cards on the table And just throw it on out I'm talkin' you and me with the same street name Same last name, same everything It's a real thing, a how I feel thing So I'mma go on and take a swing You find the spot and I'll find the money You be the pretty and I'll be the funny You plant the flowers, I'll plant the kisses Baby, let's get right down to business I'll hang the pictures, you hang the stars You pick the paint, I'll pick a guitar Sing you a song out there with the crickets and the frogs You name the babies and I'll name the dogs, yeah You can park your car in the driveway I'll park my truck in the grass I'll put a little swing on the front porch If you put a little tea in my glass Watch the sun set from a gravel road Kiss me in the kitchen on your tippy toes Still lovin' on you when the rooster crows Watching way more than the garden grow You find the spot and I'll find the money You be the pretty and I'll be the funny You plant the flowers, I'll plant the kisses Baby, let's get right down to business I'll hang the pictures, you hang the stars You pick the paint, I'll pick a guitar Sing you a song out there with the crickets and the frogs You name the babies and I'll name the dogs Yeah, laying next to you every night Sounds like a damn good life You find the spot and I'll find the money You be the pretty and I'll be the funny You plant the flowers, I'll plant the kisses Baby, let's get right down to business I'll hang the pictures, you hang the stars You pick the paint, I'll pick a guitar Sing you a song out there with the crickets and the frogs You name the babies and I'll name the dogs Yeah, I'll name the dogs You name the babies and I'll name the dogs Yeah, I'll name the dogs","Matt Dragstrem, Ben Hayslip, Josh Thompson",Scott Hendricks,317
Tin Man,Miranda Lambert,NA,2017,"Hey there, Mr. Tin Man You don't know how lucky you are You shouldn't spend your whole life wishin' For something bound to fall apart Everytime you're feeling empty Better thank your lucky stars If you ever felt one breakin' You'd never want a heart Ohh, ohh, oh Hey there, Mr. Tin Man You don't know how lucky you are I've been on the road that you're on It didn't get me very far You ain't missin' nothin' 'Cause love is so damn hard Take it from me darlin', you don't want a heart Ohh, ohh, oh Ohh, ohh, oh Hey there, Mr. Tin Man Glad we talked this out You can take mine if you want it It's in pieces now By the way there, Mr. Tin Man If you don't mind the scars You give me your armor And you can have my heart Ohh, ohh, oh Ohh, ohh, oh Ohh, ohh, oh Ohh, ohh, oh","Miranda Lambert, Jack Ingram, Jon Randall","Frank Liddell, Eric Masse, Glenn Worf",318
Legends,Kelsea Ballerini,NA,2017,"We were golden, we were fire, we were magic Yeah, and they all knew our names all over town We had it made in the middle of the madness We were neon in a grey crowd Yeah, we wrote our own story Full of blood, sweat, and heartbeats We didn't do it for the fame or the glory But we went down in history Yeah, we were legends Loving you baby, it was heaven What everyone wondered, we never questioned Closed our eyes and took on the world together Do you remember? We were crazy, tragic and epic, and so amazing I'll always wear the crown that you gave me We will always stay lost in forever, and they'll remember We were legends Like we were written down in permanent marker Not even the brightest sun could ever fade Come whichever, hell or high water It was always me and you either way Hey, we wrote our own story Full of blood, sweat, and heartbeats We didn't do it for the fame or the glory We just did it for you and me And that's why we were legends Loving you baby, it was heaven What everyone wondered, we never questioned Closed our eyes and took on the world together Do you remember? We were crazy, tragic and epic, and so amazing I'll always wear the crown that you gave me We will always stay lost in forever, and they'll remember We were legends We were legends Loving you baby, it was heaven What everyone wondered, we never questioned Closed our eyes and took on the world together Do you remember? We were crazy, tragic and epic, and so amazing I'll always wear the crown that you gave me We will always stay lost in forever, and they'll remember We were legends Yeah, we were legends And we wrote our own story","Kelsea Ballerini, Hillary Lindsey, Forest Glen Whitehead","Forest Glen Whitehead, Jason Massey",319
She's With Me,High Valley,NA,2017,"When the devil's knocking at my door When I'm broken and I'm battle worn Down in the valley, on my knees Yea she's, yea she's with me Ain't she amazing, amazing, out of my league? And ain't it crazy, crazy, she happened to me? She calls me baby, baby, hard to believe That she's, yea she's with me When my dreams are running out of road And the world around me's turning cold Anyone else would up and leave But she's, yea she's with me Ain't she amazing, amazing, out of my league? And ain't it crazy, crazy, she happened to me? She calls me baby, baby, hard to believe That she's, yea she's with me Top of the mountain and all the way down When I'm lost and when I'm found In the day, in the light, in the dark of the night When it all goes wrong, when it all goes right Whoa oh, I don't know what I'd do without her Whoa oh, she's gotta know I'm all about her She's amazing, amazing Ain't she amazing, amazing? Ain't she amazing, amazing, out of my league? And ain't it crazy, crazy, she happened to me? She calls me baby, baby, hard to believe That she's, yea she's with me Ain't she amazing, amazing? (That girl, she's out of my league) And ain't it crazy, crazy, she happened to me? She calls me baby, baby, hard to believe That she's, yea she's with me That she's, yea she's with me Top of the mountain and all the way down When I'm lost and when I'm found In the day, in the light, in the dark of the night When it all goes wrong, when it all goes right","Seth Mosley, Brad Rempel, Ben Stennis",Seth Mosley,320
Dear Hate,Maren Morris,Vince Gill,2017,"Dear Hate I saw you on the news today Like a shock that takes my breath away You fall like rain, cover us in drops of pain I'm afraid that we just might drown Dear Hate Well, you sure are colorblind Your kiss is the cruelest kind You could poison any mind Just look at mine Don't know how this world keeps spinning 'round and 'round You were there in the garden, like a snake in the grass I see you in the morning staring through the looking glass You whisper down through history and echo through these halls But I hate to tell you, love's gonna conquer all Dear Hate You were smiling from that Selma bridge In Dallas, when that bullet hit and Jackie cried You pulled those towers from the sky But even on our darkest nights The world keeps spinning 'round You were there in the garden, like a snake in the grass I see you in the morning staring through the looking glass You whisper down through history and echo through these halls But I hate to tell you, love's gonna conquer all Ooh ooh ooh Ooh ooh ooh Ooh ooh ooh Dear Love Just when I think you've given up You were there in the garden when I ran from your voice I hear you every morning through the chaos and the noise You still whisper down through history and echo through these halls And tell me love's gonna conquer all Gonna conquer all","Maren Morris, Tom Douglas, David Hodges",NA,321
Make A Little,Midland,NA,2017,"It's a hard living, tail kicking Trip that we're all on, but I'm betting We can find a little sunshine in the night It's a back breaking, soul taking Road we walk, so what are we waiting for Baby let's turn off the lights Cause girl, there's just not enough love in the world So we should make a little Generate a little Maybe even make the world a better place a little We could turtle dove, Dixie land delight You know it can't be wrong when it feels so right It all comes down to you and me girl There's just not enough love in the world So we should make a little Then make a little more tonight It's a clock punching, cash crunching And it all adds up to nothing If you're in this thing long So don't tease me, it's so easy To just turn off the TV, and make some headlines of our own Yeah girl, there's just not enough love in the world So we should make a little Conjugate a little Maybe even make the world a better place a little We could turtle dove, Dixie land delight You know it can't be wrong when it feels so right It all comes down to you and me girl There's just not enough love in the world So we should make a little Then make a little more tonight That's right Yeah girl there's just not enough love in the world So we should make a little Consummate a little Maybe even make the world a better place a little We could turtle dove, Dixie land delight You know you can't be wrong when it feels so right It all comes down to you and me girl There's just not enough love in the world So we should make a little Then make a little more We should make a little Then make a little more We should make a little Then make a little more tonight Talk about loving all night Yeah","Jess Carson, Cameron Duddy, Mark Wystrach, Shane McAnally","Shane McAnally, Dann Huff, Josh Osborne",322
Written in the Sand,Old Dominion,NA,2017,"Turn me on turn me off then you turn me back on by the weekend And you won't say the words that I want but you flirt when you're drinkin' I see those bubbles pop up like you're texting then they disappear Let's cut through the shit then let's get to what we're doing here Are we just a backseat, tryna get it while we can Are we names in a tattoo, or just a number on a hand Are we last call kissing or will we be reminiscing with each other for the next forty years Are we written in the stars, baby, or are we written in the sand Yeah, I want you to want me to take you back home to my mama Put my name on your lips, call me yours and forget all this drama (forget it all) Your makeup is next to my toothbrush but you never put it away on the shelf I'm asking you, baby, cause I'm tired of asking myself Are we just a backseat, tryna get it while we can Are we names in a tattoo, or just a number on a hand Are we last call kissing, are we dancing in the kitchen, baby tell me what it is or what it isn't Are we written in the stars, baby, or are we written in the sand Are we just a backseat, tryna get it while we can Are we names in a tattoo, or just a number I should wash right off my hand Are we last call kissing or will we be reminiscing with each other for the next forty years Are we written in the stars baby, or are we written in the sand Are we written in the stars baby, or are we written in the sand","Matthew Ramsey, Trevor Rosen, Brad Tursi, Shane McAnally",Shane McAnally,323
The Long Way,Brett Eldredge,NA,2017,"Don't think I've ever seen your kind of pretty Wandering around this midnight mad house city You got a look that says you got it all together So if you don't mind I'd like to know you better Take me the long way around your town Were you the queen with the silver crown? I want the secrets you keep, the shine underneath Of the diamond I think I just found Take me the long way around I'd love to see just where your daddy met your momma Your hand-me-down '99 Impala Show me the field you danced in clover The harvest in October When the leaves fall from the sky just like a Sunday drive Take me the long way around your town Were you the queen with the silver crown? I want the secrets you keep, the shine underneath Of the diamond I think I just found Take me the long way around Didn't think tonight when I walked in I'd be falling for somewhere I've never been Take me the long way around your town Were you the queen with the silver crown? I want your red blushing stories Your faults and your glories That made you who you are right now Take me the long way around Take me the long way around","Brett Eldredge, Matt Rogers","Ross Copperman, Brett Eldredge",324
Happens Like That,Granger Smith,NA,2017,"You order a drink, it goes down smooth Before you can blink, it turns into two It was just gonna be another night with the boys Shooting some pool, pickin' a stool and making some noise Then she walks in and I never dance Turns into tippin' the band, and taking her hand... ah man It happens like that Outta the blue sky, lost in her blue eyes Yeah, when it happens like that Nothing to lose turns right into you Doing all you can do just to keep her around Till the moon goes down and you're back at your house One thing leads to another, you're loving each other One look and you never look back It happens like that It happens like that I guess that's what you get, it's true what they say As soon as you stop looking, it's right in front of your face Cause there you were and there I was and here we are, I tell you what True love, it happens like that Outta the blue sky, lost in her blue eyes Yeah, when it happens like that Nothing to lose turns right into you Doing all you can do just to keep her around Till the moon goes down and you're back at your house One thing leads to another, you're loving each other One look and you never look back It happens like that Yeah Ever wonder how just one drink Turns into one knee down with a diamond ring It happens like that Outta the blue sky, lost in her blue eyes Yeah, when it happens like that Nothing to lose turns right into you Doing all you can do just to keep her around Till the moon goes down and you're back at your house One thing leads to another, you're loving each other One look and you never look back It happens like that You order a drink, it goes down smooth Before you can blink, it turns into two","Granger Smith, Justin Wilson, Andy Albert, Tyler Hubbard","Granger Smith, Derek Wells, Frank Rogers",325
Five More Minutes,Scotty McCreery,NA,2017,"Eight years old a couple cane poles sitting down by the creek Our lines in the water watching those bobbers seeing that red sun sink Mama's on the porch yelling supper's hot, y'all come and get it We yelled five more minutes. At sixteen it was twelve o three standing at her front door Katie's dad said midnight, but we needed just a little more Yellow light flipping on and off, interrupting that goodnight kissing, We wanted five more minutes Time rolls by the clock don't stop I wish I had a few more drops Of the good stuff, the good times Oh but they just keep on flying Right on by like it ain't nothing Wish I had me a pause button Moments like those Lord knows I'd hit it And give myself five more minutes At eighteen turned my helmet in and walked to the fifty yard line Just the coach and me after we lost state ten to nine And I cried man next time to get in here I'll have to buy a ticket Can't you give me five more minutes Time rolls by the clock don't stop I wish I had a few more drops Of the good stuff, the good times Oh but they just keep on flying Right on by like it ain't nothing Wish I had me a pause button Moments like those Lord knows I'd hit it And give myself five more minutes At eighty-six my grandpa said there's angels in the room All the family gathered 'round knew the time was coming soon With so much left to say I prayed Lord I ain't finished Just give us five more minutes Time rolls by the clock don't stop I wish I had a few more drops Of the good stuff, the good times Oh but they just keep on flying Right on by like it ain't nothing Wish I had me a pause button Moments like those Lord knows I'd hit it Yeah sometimes this old life will leave you wishing That you had five more minutes","Scotty McCreery, Frank Rogers, Monty Criswell",Frank Rogers,326
Broken Halos,Chris Stapleton,NA,2017,"Seen my share of broken halos Folded wings that used to fly They've all gone wherever they go Broken halos that used to shine Angels come down from the heavens Just to help us on our way Come to teach us, then they leave us And they find some other soul to save Seen my share of broken halos Folded wings that used to fly They've all gone wherever they go Broken halos that used to shine Broken halos that used to shine Don't go looking for the reasons Don't go asking Jesus why We're not meant to know the answers They belong to the by and by They belong to the by and by Seen my share of broken halos Folded wings that used to fly They've all gone wherever they go Broken halos that used to shine Broken halos that used to shine Broken halos that used to shine Broken halos that used to shine","Chris Stapleton, Mike Henderson","Dave Cobb, Chris Stapleton",327
Female,Keith Urban,NA,2017,"When you hear somebody say somebody hits like a girl How does that hit you? Is that such a bad thing? When you hear a song that they play saying you run the world Do you believe it? Will you live to see it? Sister, shoulder, daughter, lover Healer, broken halo, mother Nature, fire, suit of armor Soul survivor, holy water Secret keeper, fortune teller Virgin Mary, scarlet letter Technicolor, river wild Baby girl, woman child Female When somebody laughs and implies that she asked for it Just 'cause she was wearin' a skirt Oh, is that how that works? When somebody talks about how it was Adam first Does that make Eve second best Or did He save the best for last? Sister, shoulder, daughter, lover Healer, broken halo, mother Nature, fire, suit of armor Soul survivor, holy water Secret keeper, fortune teller Virgin Mary, scarlet letter Technicolor, river wild Baby girl, woman child Female Yeah, female She's the heart of life She's the dreamer's dream She's the hands of time She's the queen of kings Sister, shoulder, daughter, lover Healer, broken halo, mother Nature, fire, suit of armor Soul survivor, holy water Secret keeper, fortune teller Virgin Mary, scarlet letter Technicolor, river wild Baby girl, woman child Female Mhm, female","Shane McAnally, Ross Copperman, Nicolle Galyon","Keith Urban, Ross Copperman, Dann Huff",328
Singles You Up,Jordan Davis,NA,2017,"I ain't heard you laugh like that in a long time I wonder if you stopped his world like you did mine just now I see you sippin' white wine instead of whiskey And does he want you to be just a little more city? Well, I'm sorry if I'm overstepping boundaries I don't mean to be, but I've just got to tell you how I feel If he ever singles you up, if he's ever stupid enough I'ma be the first one calling you baby (baby) If he ain't holding you tight, if he ain't treating you right I'ma be the first one calling him crazy (crazy) 'Cause girl, it's just a matter of time until you find That the right guy's staring you back into your eyes, right now No rush, but if he ever singles you up He hasn't even looked your way since you walked in But I can't help it that I can't take my eyes off of you Your favorite song just came on and me and you were singing along And he don't even know a single word If he ever singles you up, if he's ever stupid enough I'ma be the first one calling you baby (baby) If he ain't holding you tight, if he ain't treating you right I'ma be the first one calling him crazy (crazy) 'Cause girl, it's just a matter of time until you find That the right guy's staring you back into your eyes, right now No rush, but if he ever singles you up If he ever singles you up I'ma be the first to call baby Sorry if I'm overstepping boundaries I don't mean to be, but I've just got to tell you how I feel If he ever singles you up, if he's ever stupid enough I'ma be the first one calling you baby (baby) If he ain't holding you tight, if he ain't treating you right I'ma be the first one calling him crazy (crazy) 'Cause girl, it's just a matter of time until you find That the right guy's staring you back into your eyes, right now No rush, but if he ever singles you up Oh, if he ever singles you up If he ever singles you up","Jordan Davis, Steven Dale Jones, Justin Ebach",Paul DiGiovanni,329
Boy,Lee Brice,NA,2017,"Boy, you're gonna know it all You'll think you're ten feet tall And run like you're bulletproof And total a car or two Boy, you're gonna hate this town Wish you could burn it down That fire in your eyes is twenty counties wide But boy, you're gonna love seventeen And boy, you'll do some stupid things You're gonna drive and kiss And throw a punch And grow up way too fast You're gonna drop the ball Hit the wall And break some hearts like glass I know you will, 'cause you're a part of me And a part of you will always be a boy You're gonna be so stubborn You get that from your mother I already see it now, you weren't built for backing down And boy, there'll be a small town night And you'll fall for her sky-blue eyes And when she's in your hands You'll think you're a man and not a boy She'll make you lose your mind, boy She'll be every reason why You're gonna drive and kiss And throw a punch And grow up way too fast You're gonna drop the ball Hit the wall And break some hearts like glass I know you will, 'cause you're a part of me And a part of you will always be...my boy It's 3 AM and I'd do anything to get you back to sleep And that face will be the same one in the rearview The day I watch you leave But boy, you're gonna come back home You're gonna settle down But you won't feel the way I'm feelin' now Til you have a boy He's gonna know it all He'll think he's ten feet tall And run like he's bulletproof And total a car or two","Nicolle Galyon, Jon Nite","Lee Brice, Kyle Jacobs, Jon Stone, Dan Frizsell",330
Everything's Gonna Be Alright,David Lee Murphy,Kenny Chesney,2017,"She rattled the ice in my plastic cup I said ""Yes mam"", fill her up Tell me something good that I don't know 'Cause this world's been kicking my behind Life ain't been a friend of mine Lately I've been feeling kinda low And she looked back over her shoulder Pointing at the sign hanging up on the wall That said Everything's gonna be alright Everything's gonna be alright And nobody's gotta worry 'bout nothing Don't go hitting that panic button It ain't worth spilling your drink Everything's gonna be alright Alright, alright So I nodded my head and said ""That's for sure"" Dropped a few bucks in the mason jar Felt those good old neon vibes on me And whatever monkey that was on my back He jumped off just like that Right into the deep blue sea And I looked back over her shoulder Thinking 'bout the sign hanging up on the wall That said Everything's gonna be alright Everything's gonna be alright Nobody's gotta worry 'bout nothing Don't go hitting that panic button It ain't near as bad as you think Everything's gonna be alright Alright, alright There ain't no doubt it's gonna work out Come on, sing it with me There ain't no doubt it's gonna work out Come on and sing it with me Everything's gonna be alright Everything's gonna be alright And nobody's gotta worry 'bout nothing Don't go hitting that panic button It ain't near as bad as you think (Everything's gonna be alright, is gonna be alright) Alright (Is gonna be alright), alright Everything's gonna be alright (Everything's gonna be alright, is gonna be alright) Alright (Is gonna be alright), alright Everything's gonna be alright Is gonna be alright, is gonna be alright Everything's gonna be alright Is gonna be alright, is gonna be alright","David Lee Murphy, Jimmy Yeary, Chris Stevens","Buddy Cannon, Kenny Chesney, David Lee Murphy",331
For The First Time,Darius Rucker,NA,2017,"You say you never danced to a dashboard singin' R.E.M. under summer stars Never leaned back on a jet black Chevy, blowing smoke rings in the dark You don't want to be a rumor, girl, and I feel just the same Yeah, I know that you don't know me well but we can make that change When was the last time you did something for the first time? Yeah, let yourself go, follow that feeling Maybe something new is what you're needing Like a real life, let your hair down, feel alive When was the last time you did something for the first time? Say you never drank from the bottle of some two dollar wine, run barefoot through the mud Never had the right kiss stolen from your lips, while you watched the sun come up Well, I know your friends are watching and they probably disapprove But give me just half a chance, girl, I'm daring you When was the last time you did something for the first time? Yeah, let yourself go, follow that feeling Maybe something new is what you're needing Like a real life, let your hair down, feel alive When was the last time you did something for the first time? Now the way you're looking says you're living I hope I ain't reading wrong Cause the way you're shining I think you're thinking It's been way too long When was the last time you did something for the first time? Yeah yeah, let yourself go, come on follow that feeling Maybe something new is what you're needing Like a real life, let your hair down, feel alive, alive When was the last time oh you did something for the first time, girl? Come on, baby When was the last time yeah you did something for the first time?","Darius Rucker, Derek George, Scooter Carusoe",Ross Copperman,332
Marry Me,Thomas Rhett,NA,2017,"She wants to get married, she wants it perfect She wants her granddaddy preaching the service Yeah, she wants magnolias out in the country Not too many people, save her daddy some money Ooh, she got it all planned out Yeah, I can see it all right now I'll wear my black suit, black tie, hide out in the back I'll do a strong shot of whiskey straight out the flask I'll try to make it through without crying so nobody sees Yes, she wanna get married But she don't wanna marry me I remember the night when I almost kissed her Yeah, I kinda freaked out, we'd been friends for forever And I always wondered if she felt the same way When I got the invite, I knew it was too late And I know, her daddy's been dreading this day Oh, but he don't know he ain't the only one giving her away I'll wear my black suit, black tie, hide out in the back I'll do a strong shot of whiskey straight out the flask I'll try to make it through without crying so nobody sees Yes, she wanna get married But she don't wanna marry me But she got on her dress now, welcoming the guests now I could try to find her, get it off of my chest now But I ain't gonna mess it up, so I wish her the best now So I'm in my black suit, black tie, hiding out in the back Doing a strong shot of whiskey straight out the flask I'll try to make it through without crying so nobody sees Yes, she wanna get married Yes, she gonna get married But she ain't gonna marry me Whoa, but she ain't gonna marry me, no","Thomas Rhett, Shane McAnally, Ashley Gorley, Jesse Frasure","Dann Huff, Jesse Frasure, Thomas Rhett",333
Get To You,Michael Ray,NA,2017,"Somebody had to hurt you bad For you to give up like that Somebody had to break your heart in two But that ain't me and you So tell me why, tell me why, tell me why You can't look me in the eye What am I supposed to do? When you say we're through Why do you? Run away, run away from love What the hell are you so scared of? You walk away when you've had enough Of trying, of trying Girl there's always gonna be some pain A little sunshine, a little rain It doesn't mean it ain't worth it babe I'm trying, I'm trying to get to you To you One day you're gonna love again Mess up and let somebody in To every part of your whole world You think it's unthinkable girl But somebody's gonna break those walls Somebody's gonna watch you fall Gonna give it your all and I hope that I'm around When you finally find out why you Run away, run away from love What the hell are you so scared of? You walk away when you've had enough Of trying, of trying Girl there's always gonna be some pain A little sunshine, a little rain It doesn't mean it ain't worth it babe I'm trying, I'm trying to get to you To you So tell me why, tell me why, tell me why You can't look me in the eye What am I supposed to do? When you say we're through Why do you? Run away, run away from love What the hell are you so scared of? You walk away when you've had enough Of trying, of trying Girl there's always gonna be some pain A little sunshine, a little rain It doesn't mean it ain't worth it babe I'm trying, I'm trying to get to you To you Somebody had to hurt you bad For you to give up like that Somebody had to break your heart in two But that ain't me and you","Pavel Dovgalyuk, Abe Stoklasa",Scott Hendricks,334
Stay Downtown,Cole Swindell,NA,2017,"When I feel my phone buzzing, ain't even gotta look down I know it's you that's calling, a couple drinks in by now So I say, ""Hello,"" you say, ""Hey, babe"" Say you're 'bout to catch a cab over to my place ""See you in five,"" but, baby, this time Stay downtown Keep moving your heels on the floor Let the bartender pour you up another round Tip the cover band, find another hand To dance and call him your rebound Another late night love, another last call crush With the neon shining down Girl, this time around, stay downtown Ain't gonna lie, if you knock on my door I'm gonna let you walk in Let you leave drunk lipstick marks like tattoos on my skin But you know in the morning We're gonna regret everything we did So why even start, what ain't good for our hearts Stay downtown Keep moving your heels on the floor Let the bartender pour you up another round Tip the cover band, find another hand To dance and call him your rebound Another late night love, another last call crush With the neon shining down Girl, this time around, stay downtown Keep sipping your drink, keep spinning the room Keep chasing the night like you always do Keep letting the good times play Don't let me get in your way Stay downtown Keep moving your heels on the floor Let the bartender pour you up another round Tip the cover band, find another hand To dance and call him your rebound Another late night love, another last call crush With the neon shining down Girl, this time around, stay downtown Stay downtown Yeah, this time around, baby, stay downtown","Matt Dragstrem, Cole Taylor",Michael Carter,335
The Rest of Our Life,Tim McGraw,Faith Hill,2017,"Sitting with you in a dark room Warmed by a fireplace You know there's just something about you You brighten my day I got something to run past you I just hope I say it right So I take your hand and ask you Have you made plans for the rest of your life? [Tim McGraw & Faith Hill:] There's one thing I should be killing off and giving up now And that's worryin' about life Oh, I'll be fine If one gray hair shows, I'll be fine If my waistline grows, I'll be fine Even if time takes its toll We'll stay young for the rest of our lives [Faith Hill:] I've been making plans for children Since I've been looking in your eyes I even have names picked out for them Daughter'd be Rose Son; it'd be Ryan [Tim McGraw & Faith Hill:] There's one thing I should be killing off and giving up now And that's worrying about life Oh, I'll be fine If one gray hair shows, I'll be fine If my waistline grows, I'll be fine Even if time takes its toll We'll stay young for the rest of our lives I don't really care about those storm clouds brewing Oh, as long as you're here by my side Oh, we'll be young, oh we'll be young Oh, we'll be young, when we're old Oh, I'll be fine If my gray hair shows, I'll be fine If my waistline grows, I'll be fine Even when time takes its toll I'll stay young for the rest of my life With you, I'll stay young for the rest of my life With you We'll stay young for the rest of our life","Steve Mac, Johnny McDaid, Ed Sheeran, Amy Wadge","Byron Gallimore, Tim McGraw, Faith Hill",336
Still the Same,Sugarland,NA,2018,"Where do we start? How 'bout right here where we are? You've been carrying this weight around Walk in the door and lay it down Life goes fast It's been a while, I have to ask Where have you been? How did that feel? Where are we now? 'Cause that's what's real, yeah All the space and the time between us Man, you should have seen us This ain't no mystery Our future is our history I feel alive And can we try To leave it better than how it came Don't be afraid to change Our love is still the same, still the same, still the same And here we are We've come so far Let's leave it better than how it came Don't be afraid to change Our love is still the same, still the same, still the same What comes next We don't know, we're not there yet But I bet it's gonna shine better than all we left behind In a room in a blink and now it's Like we never went a day without it Pick it back up where we left off This is liftoff I feel alive And can we try To leave it better than how it came Don't be afraid to change Our love is still the same, still the same, still the same And here we are We've come so far Let's leave it better than how it came Don't be afraid to change Our love is still the same, still the same, still the same Ooh ooh, watch it spin And ooh ooh, jump right in And ooh ooh, let's begin And we can see don't have to be A big step, just imagine Take a breath, let it happen When I hear you laugh It sets me free, it sets me free I feel alive And can we try To leave it better than how it came Don't be afraid to change Our love is still the same, still the same, still the same And here we are We've come so far Let's leave it better than how it came Don't be afraid to change Our love is still the same, still the same, still the same I feel alive And can we try To leave it better than how it came Don't be afraid to change Our love is still the same, still the same, still the same","Jennifer Nettles, Kristian Bush","Jennifer Nettles, Kristian Bush, Julian Raymond",337
Meant to Be,Bebe Rexha,Florida Georgia Line,2018,"Baby, lay on back and relax Kick your pretty feet up on my dash No need to go nowhere fast, let's enjoy right here where we at Who knows where this road is supposed to lead? We got nothing but time As long as you're right here next to me, everything's gonna be alright If it's meant to be, it'll be, it'll be Baby, just let it be If it's meant to be, it'll be, it'll be Baby, just let it be So won't you ride with me, ride with me? See where this thing goes If it's meant to be, it'll be, it'll be Baby, if it's meant to be [Bebe Rexha:] I don't mean to be so uptight But my heart's been hurt a couple times by a couple guys that didn't treat me right I ain't gon' lie, ain't gon' lie Cause I'm tired of the fake love, show me what you're made of Boy, make me believe [Florida Georgia Line:] Oh, hold up girl, don't you know you're beautiful? And it's easy to see [Bebe Rexha & Florida Georgia Line:] If it's meant to be, it'll be, it'll be Baby, just let it be If it's meant to be, it'll be, it'll be Baby just let it be So won't you ride with me, ride with me? See where this thing goes If it's meant to be, it'll be, it'll be Baby, if it's meant to be So c'mon ride with me, ride with me See where this thing goes So c'mon ride with me, ride with me Baby, if it's meant to be [Bebe Rexha (Florida Georgia Line) {Both}:] (Maybe we do) Maybe we don't (Maybe we will) {Maybe we won't} [Bebe Rexha & Florida Georgia Line:] But if it's meant to be, it'll be, it'll be Baby, just let it be If it's meant to be, it'll be, it'll be (c'mon) Baby, just let it be (let's go) So won't you ride with me, ride with me? See where this thing goes If it's meant to be, it'll be, it'll be Baby, if it's meant to be [Bebe Rexha (Florida Georgia Line) {Both}:] (If it's meant to be, it'll be, it'll be) {Baby, if it's meant to be} (If it's meant to be, it'll be, it'll be) {Baby, if it's meant to be}","Bleta Rexha, Tyler Hubbard, Josh Miller, David Garcia","David Garcia, Wilshire",338
Ones That Like Me,Brantley Gilbert,NA,2018,"Oh yeah Ain't gonna lie, I can count on both hands My down to ride 'til the day I die friends To get them, I'd like to think That I'm few and far between Guys like me, you want in an alley with ya Up a creek, ain't a doubt I'm gonna paddle with ya Go to bat, go to church, go to battle with ya They can say what they want about me, but The ones that need me got me The ones that doubt me can't stop me Even the ones that said forget him You can bet they ain't forgot me Either wanna hit me or hold me Those that hate me don't know me And the ones that don't trust anybody trust me Yeah, the ones that like me love me Speak my mind, don't mind who's listenin' I'll ask forgiveness, 'fore I ask permission Least with me you know what you're gettin' You may not get a thing about me, but The ones that need me got me The ones that doubt me can't stop me Even the ones that said forget him You can bet they ain't forgot me Either wanna hit me or hold me Those that hate me don't know me And the ones that don't trust anybody trust me Yeah, the ones that like me love me Yeah, they love me And I ain't perfect, I'm a simple man I got a sinner's mind, but I can fold my hands I ain't afraid to pray and I do know who I am, yeah And the ones that need me got me Ones that doubt me can't stop me Even the ones that said forget him Bet your ass they ain't forgot me Either wanna hit me or hold me Those that hate me don't know me And the ones that don't trust anybody trust me Yeah, the ones that like me love me The ones that like me love me And if you don't Probably a pretty good chance I don't like you either","Brantley Gilbert, Bobby Pinson, Blake Chaffin",Dann Huff,339
Take Back Home Girl,Chris Lane,Tori Kelly,2018,"Duffle bag, backseat My dash, your feet Those other side of the highway headlights making you shine My hand, your leg Playlist playing Even though I haven't made it yet I'm dragging it, dropping it in my mind You're a drive real slow, down a no lane road To a house on a hill where the wild things grow You're wake up in pajamas, not a trace of makeup on ya You're a help her fix it, having breakfast with my momma You're a take back home, home, home girl Home, home, home girl Take back home, home, home girl Home, home, home girl You're the kind I wanna take a ride with Sit by on a Friday night In the stadium lights, side by side All the ladies like, ""Yeah, she's doing just fine"" Everybody in the bleachers, they all gon' want to meet ya From my teachers to my preacher My little crowd pleaser Parading with you feeling homecoming cool, yeah I wanna drive real slow, down a no lane road To a house on a hill where the wild things grow You're wake up in pajamas, not a trace of makeup on ya You're a help her fix it, having breakfast with my momma You're a take back home, home, home girl Home, home, home girl Take back home, home, home girl Home, home, home girl You're a take back, you're a take back You're a take back home girl You're a take back home You're a take back home girl You got that down home, homegrown, found on good ground soul That down home, home grown, found on good ground soul You're a drive real slow, down a no lane road To a house on a hill where the wild things grow You're wake up in pajamas, not a trace of makeup on ya You're a help her fix it, having breakfast with my momma You're a take back home, home, home girl Home, home, home girl Take back home, home, home girl Home, home, home girl You're a take back, you're a take back You're a take back home girl You're a take back home, yeah You're a take back home girl You're a take back home","Hillary Lindsey, David Garcia, Josh Miller",Joey Moi,340
Up Down,Morgan Wallen,Florida Georgia Line,2018,"Was Friday after five, I got here just in time Went ahead and wet a line 'fore I went and lost my mind I ain't been here long, but the bobbers in the pond Going up down, up, down, up, down Tonight, we're gonna raise a whole lot more than Cain 'Cause there's money in the bank and tomorrow's Saturday So if they pass that fifth of Jack this way I turn it up, down, up, down, up, down We just holding it down here in BFE Still rolling around with a burnt CD Free Bird, five minutes deep Head bobbing up, down, up, down, up, down We got what we got, we don't need the rest Can turn this parking lot into a party With an ice chest, dancing, cold beer Man, we live it up, down, up, down We live it up down...here Yeah, the girls, they hit the spot, get hotter when it's hot If you can't buy her a yacht, but still proud of what you got 'Cause when the day's done, red neck is from the sun Going up, down, up, down, up, down We just holding it down here in BFE Still rolling around with a burnt CD Free Bird, five minutes deep Head bobbing up, down, up, down, up, down We got what we got, we don't need the rest Can turn this parking lot into a party With an ice chest, dancing, cold beer Man, we live it up, down, up, down We live it up, down here Somebody pass that fifth of Camp this way I'll turn it up, down, up, down, up, down We just holding it down here in BFE Still rolling around with a burnt CD Free Bird, five minutes deep Head bobbing up, down, up, down, up, down We got what we got, we don't need the rest Can turn this parking lot into a party With an ice chest, dancing, cold beer Man, we live it up, down, up, down We live it up, down here","Hardy, Brad Clawson, CJ Solar",Joey Moi,341
She Ain't In It,Jon Pardi,NA,2018,"Appreciate your call, means a lot and all Yeah, I got a minute You and me can talk about anything you want As long as she ain't in it Say, it's been at least a month since I've had any fun Buddy, I'll admit it Yeah, I might be going out Think I'm ready for a crowd As long as she ain't in it Don't wanna hear her name Don't wanna see her face I swear, I know its gonna hurt If I run into her somewhere We could hit that place down by the interstate Out past the city limits Hangout all night long Hear a country song As long as she ain't in it Don't wanna hear her name Don't wanna see her face I swear, I know its gonna hurt If I run into her somewhere I can drink and I can dance I can party and I can laugh No matter how you spin it Everything has changed My life won't be the same As long as she ain't in it As long as she ain't in it","Clint Daniels, Wynn Varble","Jon Pardi, Bart Butler",342
Criminal,Lindsay Ell,NA,2018,"I don't wanna close my eyes Why pretend I'm going to sleep When I know damn well I'm gonna keep lying here wide awake? Waiting for the breath you take, to come back I can't relax, I'm a tiger pacing in my cage Cocked like a twelve guage Feeling like a teenage crush You're a rush You're the habit that I can never get enough of Boy, what you do to me is criminal Baby when I look in those eyes I feel like going through stop lights Looking at the cops like, I got nothing to lose Yeah boy, you got me burning like a match stick Take me to the edge and one step past it It ain't right, it ain't typical Oh, what you do to me is criminal I, have the right to remain silent But there ain't no way that I can 'Cause I'm wired like a ticking time bomb It's so wrong, but it feels right Tonight you repeating like an echo Baby I can't let go, got me going klepto like a thief Yeah I'd steal, just to keep on feeling what I feel Boy, what you do to me is criminal Baby when I look in those eyes I feel like going through stop lights Looking at the cops like, I got nothing to lose Yeah boy, you got me burning like a match stick Take me to the edge and one step past it It ain't right, it ain't typical Oh, what you do to me is criminal Oh, don't try to save me Oh, you never gonna save me Boy, what you do to me is criminal Baby when I look in those eyes I feel like going through stop lights Looking at the cops like, I got nothing to lose Yeah boy, you got me burning like a match stick Take me to the edge and one step past it It ain't right, it ain't typical Oh, what you do to me is criminal Yeah, what you do to me is criminal Yeah, what you do to me is criminal What you do me is criminal, criminal","Lindsay Ell, Fred Wilhelm, Chris Stevens",Kristian Bush,343
Most People Are Good,Luke Bryan,NA,2018,"I believe kids oughta stay kids as long as they can Turn off the screen, go climb a tree, get dirt on their hands I believe we gotta forgive and make amends Cause nobody gets a second chance to make new old friends I believe in working hard for what you've got Even if it don't add up to a hell of a lot I believe most people are good And most Mama's oughta qualify for sainthood I believe most Friday nights look better under neon or stadium lights I believe you love who you love Ain't nothing you should ever be ashamed of I believe this world ain't half as bad as it looks I believe most people are good I believe them streets of gold are worth the work But I'd still wanna go even if they were paved in dirt I believe that youth is spent well on the young 'Cause wisdom in your teens would be a lot less fun I believe if you just go by the nightly news Your faith in all mankind would be the first thing you lose I believe most people are good And most Mama's oughta qualify for sainthood I believe most Friday nights look better under neon or stadium lights I believe you love who you love Ain't nothing you should ever be ashamed of I believe this world ain't half as bad as it looks I believe most people are good I believe that days go slow and years go fast And every breath's a gift, the first one to the last I believe most people are good And most Mama's oughta qualify for sainthood I believe most Friday nights look better under neon or stadium lights I believe you love who you love Ain't nothing you should ever be ashamed of I believe this world ain't half as bad as it looks I believe most people are good I believe most people are good I believe most people are good","David Frasier, Ed Hill, Josh Kear","Jeff Stevens, Jody Stevens",344
Woman Amen,Dierks Bentley,NA,2018,"I'd lose my way and I'd lose my mind If I faced one day on my own I know I was saved, the night that she gave This drifter's heart a home Every night I should be on my knees Lord knows how lucky I am I'll never say near enough Thank God, for this woman, Amen This world has a way of shaking your faith I've been broken again and again But I need all the cracks in my shattered heart 'Cause that's where her love gets in Every night I should be on my knees Lord knows how lucky I am I'll never say near enough Thank God, for this woman, Amen She gives me faith, she gives me grace She gives me hope, she gives me strength She gives me love, love without end Thank God, for this woman, Amen Thanks for the moon and the stars up above Forgiveness of sin in your undying love Every twist, every turn for the way you made sure All my roads led to her So tonight I will fall down on my knees 'Cause Lord knows how lucky I am I'm gonna shout at the top of my lungs Thank God, for this woman, amen And thank God, for this woman, Amen She gives me faith, she gives me grace She gives me hope, she gives me strength She gives me love, love without end Thank God, for this woman, Amen","Dierks Bentley, Josh Kear, Ross Copperman","Ross Copperman, Jon Randall",345
Heaven,Kane Brown,NA,2018,"This is perfect Come kiss me one more time I couldn't dream this up Even if I tried You and me in this moment Feels like magic, don't it? I'm right where I wanna be Everybody's talking 'bout heaven Like they just can't wait to go Saying how it's gonna be so good, so beautiful Lying next to you, In this bed with you, I ain't convinced 'Cause I don't know how, I don't know how heaven, heaven Could be better than this I swear that you're an angel Sent to this world What did I do right to deserve you, girl? I could stay here forever I'd be fine if we never Had to even leave this room Everybody's talking 'bout heaven Like they just can't wait to go Saying how it's gonna be so good, so beautiful Lying next to you, In this bed with you, I ain't convinced 'Cause I don't know how, I don't know how heaven, heaven Could be better than this Could be better than this Everybody's talking 'bout heaven Like they just can't wait to go Saying how it's gonna be so good, so beautiful Lying next to you, (right next to you) In this bed with you, I ain't convinced (so beautiful) I don't know how, I don't know how heaven, heaven Could be better than this (heaven) Could be better than this (heaven, heaven) I swear this is perfect Come kiss me one more time","Blake Anthony Carter, Matt McGinn, Lindsay Rimes",Dann Huff,346
You Make It Easy,Jason Aldean,NA,2018,"Like a rainy Sunday morning makes me want to stay in bed Twisted up all day long You're my inspiration, girl you take me places Put the words right into these songs Stealing kisses under cover, babe See forever when I see your face And I swear God made you for me You make it easy Lovin' up on you Make it easy With every little thing you do You're my sunshine in the darkest days My better half, my saving grace You make me who I wanna be You make it easy You took all my rough around the edges Never let it ruffle up your feathers, angel Yeah I'm down for life, you got me wrapped around your finger And I like it just in case you can't tell You make it easy Lovin' up on you Make it easy With every little thing you do You're my sunshine in the darkest days My better half, my saving grace You make me who I wanna be You make it easy Stealing kisses under cover, babe See forever when I see your face And I swear God made you for me You make it easy Lovin' up on you Make it easy With every little thing you do You're my sunshine in the darkest days My better half, my saving grace You make me who I wanna be You make it easy You make it easy","Tyler Hubbard, Brian Kelley, Morgan Wallen, Jordan Schmidt",Michael Knox,347
I Lived It,Blake Shelton,NA,2018,"Daddy drove the wheels off a flatbed Ford Flies found a hole in the old screen door Granny said the dress that my sister wore To church wasn't long enough Momma poured grease in a Crisco can Put a hundred thousand miles on a Sears box fan Uncle Joe put tobacco on my hand Where them yellow jacket's torn me up And I ain't making this up Oh, you think I'm talking crazy In a different language you might not understand Oh, that's alright That's just the kind of life that made me who I am Just taking my mind on a visit Back in time 'cause I miss it You wouldn't know how to love it like I love it Unless you lived it And man, I lived it Granddaddy smoked Salems with the windows up Drove me around in the back of that truck We drank from the hose and spit in the cup We all survived somehow Them old Duke boys were flattenin' the hills Hollywood was fake, wrestling was real Wouldn't dream of spending that two dollar bill From pushing a lawnmower ‘round I go back there right now Oh, you think I'm talking crazy In a different language you might not understand Oh, that's alright That's just the kind of life that made me who I am Just taking my mind on a visit Back in time 'cause I miss it You wouldn't know how to love it like I love it Unless you lived it And man, I lived it Oh man, I lived it Oh, you think I'm talking crazy In a different language you might not understand Oh, that's alright That's just the kind of life that made me who I am Just taking my mind on a visit Back in time 'cause I miss it You wouldn't know how to love it like I love it Unless you lived it And man, I lived it Oh man, I lived it","Rhett Akins, Ashley Gorley, Ben Hayslip, Ross Copperman",Scott Hendricks,348
Kiss Somebody,Morgan Evans,NA,2018,"Sometimes you gotta drink about somebody But that ain't goin' bring 'em back Sometimes you gotta cry and miss somebody With you, I felt like that If it's something that you gotta get over but you just can't get over Sometimes you gotta kiss somebody In the back of a cab or on a subway train Sometimes you gotta kiss somebody On a midnight street in the summer rain If you're wishing you were with somebody 'Cause you don't wanna go home when it's closin' time If you wanna kiss somebody Baby, I got somebody in mind You can kiss like your heart ain't ever been broke The kind of lips that your lips get your eyes to close I know just what you're goin' through 'Cause I wanna kiss somebody too Kiss somebody like you, I wanna kiss somebody like you Sometimes you try to fix somebody Just to find out they'll never change So you go out and meet somebody That makes you feel the way you thought you'd never feel again Sometimes you gotta kiss somebody In the back of a cab or on a subway train Sometimes you gotta kiss somebody On a midnight street in the summer rain If you're wishin' you were with somebody 'Cause you don't wanna go home when it's closin' time If you wanna kiss somebody Baby, I got somebody in mind You can kiss like your heart ain't ever been broke The kind of lips that your lips get your eyes to close I know just what you're goin' through 'Cause I wanna kiss somebody too Kiss somebody like you, I wanna kiss somebody like you Yeah (yeah) Oh, girl, this is for the best friend But this girl meets boy, girl don't make it harder than it has to be Come and lay one on me Hmm hmm You can kiss like your heart ain't ever been broke The kind of lips that your lips get your eyes to close Yeah I know what you're goin' through, I do So come on and kiss somebody In the back of the cab or on the subway train Come on and kiss somebody On the midnight street in the summer rain If you're wishin' you were with somebody 'Cause you don't wanna go home when it's closing time If you wanna kiss somebody Baby, I got somebody in mind You can kiss like your heart ain't ever been broke The kind of lips that get your eyes to close I know just what you're goin' through 'Cause I wanna kiss somebody too Kiss somebody like you, I wanna kiss somebody like you I wanna kiss somebody","Morgan Evans, Chris DeStefano, Josh Osborne",Chris DeStefano,349
One Number Away,Luke Combs,NA,2018,"Are you sitting at home all alone trying to fall asleep? Are you staring a hole through your phone praying that it rings? Are you watching a movie that you've seen a thousand times? Maybe playing some Mayer getting lost in your favorite lines? Well, if you're anything like me You just might be doing whatever it takes to drown out the noise But I just wanna hear your voice I'm one number away from calling to you I said I was through, but I'm dying, inside Got my head in a mess, girl I confess I lied when I said, ""I'm leaving and not coming back"" Might be the whiskey or the midnight rain But everywhere I go I see your face In my brain, dialing up, everything I want to say But I'm still one number away Are you stuck at a red light with a Marlboro Light on your lips? Does the smoke in your mirror get clearer without my kiss? Are you changing the station replacing our favorite song? Maybe it's a mistake, hit the brakes, on the moving on Well, if you're anything like me You just might be doing whatever it takes to outrun the storm But I'm almost out that door And I'm one number away from calling you I said I was through, but I'm dying, inside Got my head in a mess, girl, I confess I lied when I said, ""I'm leaving and not coming back"" Might be the whiskey or the midnight rain But everywhere I go I see your face In my brain, dialing up, everything I want to say But I'm still one number away Will you pick up when I call? Or just forget we loved at all? We don't have to talk, I just wanna hear your voice And I'm one number away from calling you I said I was through, but I'm dying, inside Got my head in a mess, girl, I confess I lied when I said, ""I'm leaving and not coming back"" Might be the whiskey or the midnight rain But everywhere I go I see your face In my brain, dialing up, every thing I want to say But I'm still one number away Away Away Yeah, I'm still one number away","Luke Combs, Sammy Mitchell, Steven Battey, Robert Williford","Steven Battey, Sammy Mitchell, Scott Moffatt",350
Break Up In The End,Cole Swindell,NA,2018,"I still walk in that bar a little drunk I still ask you what you're drinking, what's your name I still kiss you by the shuffleboard, last call at 2am Even though we break up in the end I'll introduce you to my mom and dad Say ""I think I love her"" when you leave that room I'd still not take their advice when I say you're moving in Even though we break up in the end Even if I knew you'd be the one that got away I'd still go back and get you Even if I knew you'd be my best and worst mistake Oh, I'd still make it with you Over and over, again and again Even though we break up in the end I'd still play my favorite song in your car Let you love me to it, 'til it felt like ours Now all I hear is you in it, but I'd still let you ruin it Even though we break up in the end Even if I knew you'd be the one that got away I'd still go back and get you Even if I knew you'd be my best and worst mistake Girl, I'd still make it with you Over and over, again and again Even though we break up in the end You've just had one too many tonight You're just calling 'cause you're lonely, that's okay But you know if you come over, I can't not let you in Even though we'll break up in the end I'd do it over and over, again and again Even though we break up in the end","Jon Nite, Chase McGill, Jessie Jo Dillon",Michael Carter,351
Heart Break,Lady Antebellum,NA,2018,"I paint my lips red, I turn my own head Don't need nobody's help, zipping up my own dress Pay my own tab, with my own cash, unattached Sometimes the world alone, sounds like a sad song Why's it gotta be, cause what I really need is a reset And a deep breath, yeah I think it's time to take a heart break, out late Solo on a saturday night Going out without a plus one, I'm done Falling over pickup lines I'm single for the summer, I won't rebound One lover to another, or be tied down I'm sleeping like a queen in a california king I made (I made, I made) I think it's time to take a heart break I think it's time to take a heart break It's just a little phase, give me a little space You might see through it, but I'm putting on a poker face Give a love a rest, between my ex, and my next I think it's time to take a heart break, out late Solo on a saturday night Going out without a plus one, I'm done Falling over pickup lines I'm single for the summer, I won't rebound One lover to another, or be tied down 'Til I'm sleeping like a queen in a California king I made (I made, I made) I think it's time to take a heart break I think it's time to take a heart break Love, I'm over you (love, I'm over you) It's long overdue I think it's time to take a heart break (I'm single for the summer, I won't rebound) I think it's time to take a heart break I think it's time to take a heart break, out late Solo on a saturday night Going out without a plus one, I'm done Falling over pickup lines I'm single for the summer, I won't rebound One lover to another, or be tied down 'Til I'm sleeping like a queen in a california king I made (I made, I made) I think it's time to take a heart break I think it's time to take a heart break","Dave Haywood, Charles Kelley, Hillary Scott, Jesse Frasure, Nicolle Galyon",busbee,352
Three Chords and the Truth,Chase Rice,NA,2018,Their's a Tennessee two lane sky Shakes the Broadway bars at night Makes you wanna get a little too close To her galley girl watch your windshield satellites It's a soundtrack to our lives It's the only reason why A kid from Carolina would drive to Nashville to chase a dream Without a dime It's why we drink too much on Friday nights Raise our hand in the neon lights Sweet Home Alabama and Ring of Fire I could sing along til the day I die Why we break and fall back in love Why we roll around in a bed of a truck Why we all stop when we hear that one and she whispers turn it up For a second we're bulletproof We get lost in a song or two The world don't move all I need is you Three chords and the truth I see you blinking through your blue eyes How a song can turn back time You can almost feel the sand on your feet From the passenger seat Singing anything about Don't you know we were raised on the radio It's why we drink too much on Friday nights Raise our hand in the neon lights Copperhead Road and Mamma tried I could sing along til the day I die Why we break and fall back in love Why we roll around in a bed of a truck Why we all stop when we hear that one and she whispers turn it up For a second we're bulletproof We get lost in a song or two The world don't move all I need is you Three chords and the truth It's muscle shows to rock n' roll It's a steel guitar that steals your soul It's a country song that takes you home again It's why we drink too much on Friday nights Raise our hand and church pew aisles Amazing Grace and In Sweet By and By I could sing along til the day I die Why we break and fall back in love Why we roll around in a bed of a truck Why we all stop when we hear that one and she whispers turn it up For a second we're bulletproof Get lost in a song or two The world don't move all I need is you Three chords and the truth,"Jon Nite, Ross Copperman, Chase Rice",Ross Copperman,353
I Was Jack (You Were Diane),Jake Owen,NA,2018,"It was yesterday, it was years ago We were singing every word on the radio Kinda like them songs could save our souls Somehow, someway We was falling fast, we was jumping in Blue jean halo hanging off a limb Two American kids just like them Every time it'd play It blew us away Do you turn it up, do you sing along Every time you hear that song Like we did then, like we did when Do you close your eyes, does it make you laugh Do the memories take you back To 6 packs and a Chevy Cheyenne Way back when I was Jack and you were Diane Yeah, and the music played Yeah we were never growing up or growing old Breaking up or letting go Girl just like rock 'n' roll, where's it gone But I hope like hell every now and again I blow across your mind like that summer wind And you're holding on to sixteen long as you can Every time that it comes on Do you turn it up, do you sing along Every time you hear that song Like we did then, like we did when Do you close your eyes, does it make you laugh Do the memories take you back To 6 packs and a Chevy Cheyenne Way back when I was Jack and you were Diane Oh yeah Do you turn it up, do you sing along Every time you hear that song Does it still move ya, baby hallelujah Do you close your eyes, does it make you laugh Do the memories take you back To 6 packs and a Chevy Cheyenne Way back when I was Jack and you were Diane Yeah way back Way on back When I was Jack and you were Diane Yeah do you close your eyes Does it make you laugh When I was Jack and you were Diane Yeah do the memories take you back Take you back, take you back","Tommy Cecil, David Ray, Jody Stevens, Craig Wiseman, John Mellencamp",Joey Moi,354
Kinda Don't Care,Justin Moore,NA,2018,"I've been watchin' my weight I've been tryin' to do right I've been tryin' to get a little more sleep at night I've been workin' like a dog I've been goin' to church Yeah, I've been bein' so damn good, it hurts I kinda wanna light up a couple smokes Kinda want some Crown mixed in my Coke Kinda wanna hole up in some corner booth somewhere I kinda wanna find a pretty little thing That's kinda like me, don't want no strings Knowin' in the morinin' that it ain't goin' nowhere But tonight, I kinda don't care No, I don't wanna think 'Bout nothin' at all I don't wanna sit around here all night, wishin' you'd call I kinda wanna drown your memory Kinda wanna raise my finger to all them used to be's I kinda wanna light up a couple smokes Kinda want some Crown mixed in my Coke Kinda wanna hole up in some corner booth somewhere I kinda wanna find a pretty little thing That's kinda like me, don't want no strings Knowin' in the morinin' that it ain't goin' nowhere But tonight, I kinda don't care Yeah, tonight I kinda wanna light up a couple smokes Kinda want some Crown mixed in my Coke Kinda wanna hole up in some corner booth somewhere I kinda wanna find a pretty little thing That's kinda like me, don't want no strings Knowin' in the morinin' that it ain't goin' nowhere But tonight, I kinda don't care Kinda don't care Hell, if you don't care Then I kinda don't care Aww hell, I don't care","Rhett Akins, Ben Hayslip, Ross Copperman",Jeremy Stover,355
Hooked,Dylan Scott,NA,2018,"It was a Friday night No cover but that cover band was sounding right And there you were, just flirty dancing by the neon sign To fishing in the dark you were reeling in my heart And now look where we are I'm hooked on Kissing you, getting, getting you turned on Buzzing and loving on you all night long Like a hit song on the radio You already know the way it goes All it took was a look and I was hooked on The way that you taking, taking my shirt off And running my fingers through your long blonde Hair falling in your eyes Like the first time they caught mine All it took was a look and I was Hooked It's Saturday You still asleep and I can leave but no way This ain't a one night fling kinda thing Wanna wake you up, wanna press my luck And my lips on your cheek like I can't enough 'cause I'm hooked on Kissing you, getting, getting you turned on Buzzing and loving on you all night long Like a hit song on the radio You already know the way it goes All it took was a look and I was hooked on The way that you taking, taking my shirt off And running my fingers through your long blonde Hair falling in your eyes Like the first time they caught mine All it took was a look and I was Hooked You've got me hooked on Kissing you, getting, getting you turned on Buzzing and loving on you all night long Like a hit song on the radio You already know the way it goes All it took was a look and I was hooked on The way that you taking, taking my shirt off And running my fingers through your long blonde Hair falling in your eyes Like the first time they caught mine All it took was a look and I was Hooked","Lindsay Rimes, Seth Ennis, Morgan Evans","Matt Alderman, Curt Gibbs, Jim Ed Norman",356
Doin' Fine,Lauren Alaina,NA,2018,"Daddy got sober, Momma got his best friend I've cut down crying to every other weekend Thanks for asking how I've been I've gotten too good at hiding it with an ""I'm okay, things are great"", but the truth is Yeah, the truth is I'm doin' fine enough to know that everyone's a little broken Fine enough to learn that hearts are best when they're wide open I've still got fear inside of me I'm not okay, but I'm gonna be alright For the first time in a long time I'm doin' fine I'm doin' fine Daddy signed the papers the day I turned 19 And Momma drove north to find her new beginning I blamed God, I blamed myself Then I found my knees and prayed like hell It's funny how a touch of grace gives you healing Yeah, I'm healing I'm doin' fine enough to know that everyone's a little broken Fine enough to learn that hearts are best when they're wide open I've still got fear inside of me I'm not okay, but I'm gonna be alright For the first time in a long time I'm doin' fine I'm doin' fine Oh, these growing pains Well, I wish they'd go away But I guess you can't be free without a fight I'm doin' fine enough to know everyone's a little broken Fine enough to learn hearts are best when they're wide open I've still got fear inside of me I'm not okay, but I'm gonna be alright Oh, for the first time in a long, long time I'm doin' fine, yeah I'm doin' fine, yeah yeah Daddy got sober, Momma got his best friend But I'm doin' fine, yeah yeah","Lauren Alaina, Emily Shackelton, busbee",busbee,357
Coming Home,Keith Urban,Julia Michaels,2018,"I wake up feeling In my soul I'm Living someone else's life I'm turnin' into concrete Harder than these city streets Where no one even cares if I'm alive I gotta get it right, mhm Get it right, mhm There's a place that I know where they all know me I gotta get back now to the ones who love me Wrap myself around you, never let you go There's nothin' in the world that feels like The place that I know where they all know me I gotta get back now to the ones who love me Wrap myself around you, never let you go There's nothin' in the world that feels like Coming home Home, home Coming home My mind's heavy and I can't sleep Not even a memory is good enough To get me through the night I'm longin' for the real thing People who know the real me And all the ways to love me back to life Mhm, I gotta get it right, ooh yeah Get it right, ooh yeah There's a place that I know where they all know me I gotta get back now to the ones who love me Wrap myself around you, never let you go There's nothin' in the world that feels like The place that I know where they all know me I gotta get back now to the ones who love me Wrap myself around you, never let you go There's nothin' in the world that feels like Coming home Home, home Coming home Home, home Coming home Yeah I know it's only one call away But it's not the same Yeah I know it's only one call away But it's not the same (Just not the same) Yeah I know it's only one call away But it's not the same (It's not the same) Yeah I know it's only one call away But it's not the same There's a place that I know where they all know me I gotta get back now to the ones who love me Wrap myself around you, never let you go There's nothin' in the world that feels like The place that I know where they all know me I gotta get back now to the ones who love me Wrap myself around you, never let you go There's nothin' in the world that feels like Coming home I'm feeling lost in all the madness I need somewhere to ease my mind Coming home The sidewalks filled with different faces So many place but there's none like mine Coming home","Keith Urban, J.R. Rotem, Julia Michaels, Nicolle Galyon, Merle Haggard","Keith Urban, J.R. Rotem",358
Tequila,Dan + Shay,NA,2018,"I can still shut down a party I can hang with anybody I can drink whiskey and red wine Champagne all night Little scotch on the rocks and I'm fine, I'm fine But when I taste tequila, baby I still see ya Cutting up the floor in a sorority T-Shirt The same one you wore when we were Sky high in Colorado, your lips pressed against the bottle Swearing on a Bible, baby, I'd never leave ya I remember how bad I need ya, when I taste tequila When I taste tequila I can kiss somebody brand new and not even think about you I can show up to the same bar Hear the same songs in my car Baby, your memory it only hits me this hard When I taste tequila, baby I still see ya Cutting up the floor in a sorority t-shirt The same one you wore when we were Sky high in Colorado, your lips pressed against the bottle Swearing on a Bible, baby, I'd never leave ya I remember how bad I need ya, when I taste tequila When I taste tequila I ain't even drunk, I ain't even drunk And I'm thinking How I need your love, how I need your love Yeah, it sinks in When I taste tequila, baby I still see ya Sorority t-shirt, the same one you wore when we were Sky high in Colorado, your lips pressed against the bottle Swearing on a Bible, baby, I'd never leave ya I remember how bad I need ya, when I taste tequila When I taste tequila When I taste tequila When I taste tequila","Dan Smyers, Nicolle Galyon, Jordan Reynolds","Dan Smyers, Scott Hendricks",359
Get Along,Kenny Chesney,NA,2018,"Met a man wearin' a t-shirt, says ""Virginia is for lovers"" Had a Bible in his left hand and a bottle in the other He says ""All you're really given is the sunshine and your name"" We both started laughin' when the sky started to rain Get along, on down the road We've got a long long way to go Scared to live, scared to die We ain't perfect but we try Get along while we can Always give love the upper hand Paint a wall, learn to dance Call your mom, buy a boat Drink a beer, sing a song Make a friend, can't we all get along Saw a model on a billboard, 1-800 get to know me Wondered was she photoshopped, or were her eyes really that lonely? Did she leave her hometown thinkin' she'd end up in L.A.? Did she break down in the desert and get stuck beside the highway? Get along, on down the road We've got a long long way to go Scared to live, scared to die We ain't perfect but we try Get along while we can Always give love the upper hand Paint a wall, learn to dance Call your mom, buy a boat Drink a beer, sing a song Make a friend, can't we all get along We find out when you die the keys to heaven can't be bought We still don't know what love is but we sure know what it's not Sometimes you got to Get along, on down the road We've got a long long way to go Scared to live, scared to die We ain't perfect but we try Get along while we can Always give love the upper hand Paint a wall, learn to dance Call your mom, buy a boat Drink a beer, sing a song Make a friend, can't we all get along","Shane McAnally, Ross Copperman, Josh Osborne","Kenny Chesney, Buddy Cannon",360
Cry Pretty,Carrie Underwood,NA,2018,"I'm sorry But I'm just a girl not usually the kind to show my heart to the world I'm pretty good at keeping it together I hold my composure for worse or for better So I apologize If you don't like what you see But sometimes my emotions get the best of me And falling apart is as human as it gets You can't hide it, you can't fight what the truth is You can pretty lie And say it's okay You can pretty smile And just walk away Pretty much fake your way through anything But you can't cry pretty Oh no, you can't dress it up in lace or rhinestones Don't matter if you're in a crowd or home all alone Yeah, it's all the same when you're looking in the mirror A picture of pain So let it flow like a river You can pretty lie And say it's okay You can pretty smile And just walk away Pretty much fake your way through anything But you can't cry pretty You can't turn off the flood when the dam breaks When all your mascara is going to waste When things get ugly you just gotta face That you can't cry pretty Oh, no, you can't... You can't turn off the flood when the dam breaks When all your mascara is going to waste When things get ugly you just gotta face That you can't cry pretty... yeah yeah yeah yeah No, you can't cry No, you can't cry Yeah yeah yeah yeah yeah... No no no... You can't cry You can't cry pretty, baby, oh yeah No, you can't cry pretty...","Carrie Underwood, Hillary Lindsey, Liz Rose, Lori McKenna","Carrie Underwood, David Garcia",361
Mercy,Brett Young,NA,2018,"Mercy Why you gotta show up lookin so good just to hurt me Why you wanna stop this whole damn world from turning Mercy Why you hanging on so tight if this ain't working Why you wanna stop this flame if it's still burning Cause it's still burning So if you're gonna break my heart, just break it And if you're gonna take your shot, then take it Take it If you made up your mind, then make it Make this fast If you ever loved me Have mercy If you go out tonight and get drunk and lonely Wind up home alone Please don't call me And say you miss me No If you're gonna break my heart, just break it And if you're gonna take your shot, then take it Take it If you made up your mind, then make it Make this fast If you ever loved me Have mercy Woah Oh have mercy If you're gonna break my heart, just break it If you're gonna take your shot, take it Take it Oh if you're gonna break my heart, just break it And if you're gonna take your shot, then take it Take it If you made up your mind, then make it Make this fast If you ever loved me Mmmh if you ever loved me Have mercy Oh have mercy Oh have mercy Have mercy","Bretty Young, Sean McConnell",Dann Huff,362
Babe,Sugarland,Taylor Swift,2018,"What a shame Didn't wanna be the one that got away, yeah Big mistake, broke the sweetest promise That you never should have made I'm here on the kitchen floor You call, but I won't hear it You said no one else, how could you do this, babe? You really blew this, babe We ain't getting through this one, babe This is the last time I'll ever call you, babe This is the last time, this is the last time This is the last time, I'll ever call you babe What a waste Taking down the pictures and the plans we made, yeah And it's strange how your face doesn't look so innocent Your secret has it's consequence and that's on you, babe I break down every time you call We're a wreck, you're the wrecking ball We said no one else, how could you do this, babe? You really blew this, babe We ain't getting through this one, babe This is the last time I'll ever call you, babe This is the last time, this is the last time This is the last time Since you admitted it, I keep picturing Her lips on your neck, I can't unsee it I hate that because of you, I can't love you Babe What a shame, didn't want to be the one that got away How could you do this, babe? You really blew this, babe We ain't getting through this one, babe How could you do this, babe This is the last time, this is the last time This is the last time, I'll ever call you babe How could you do this, babe? I'm here on the kitchen floor, you call but I won't hear it You said I'm no one else, we ain't getting through this one, babe I break down every time you call, this is the last time We're a wreck, you're the wrecking ball This is the last time, this is the last time You said I'm no one else, this is the last time I'll ever call you babe","Taylor Swift, Patrick Monahan","Kristian Bush, Jennifer Nettles, Julian Raymond",363
Life Changes,Thomas Rhett,NA,2018,"Waking up in my college dorm Yeah, my life, it was pretty normal Looking for a date to the spring formal Wasn't worried 'bout nothing else, nah Majoring in undecided Notebook full of bad songs I was writing Never dreamed anybody else would like them Now they're sitting on a Walmart shelf Ain't it funny how life changes You wake up, ain't nothing the same and life changes You can't stop it, just hop on the train and You never know what's gonna happen You make your plans and you hear God laughing Life changes, and I wouldn't change it for the world, the world, oh no And I wouldn't change it for the world, the world, oh no I bought a ring and she said ""I do"" But everybody else said, ""man, you're twenty-two ""Whatcha trying to prove?"" ""Hey why don't you wait?"" 'Cause I've been waiting on her since the second grade yeah And now she got her own set of fans She got a blue check mark by her Instagram And I wrote a little song about holding her hand and now everybody wanna die happy, man Ain't it funny how life changes You wake up ain't nothing the same and life changes You can't stop it just hop on the train and You never know what's gonna happen You make your plans and you hear God laughing Life changes and I wouldn't change it for the world, the world, oh no And I wouldn't change it for the world, the world, oh no I remember the day I told my Daddy and Mama you're gonna have a grand-kid, yep From Uganda, that's right, we're adopting And she is the cutest little girl that you've ever seen While I was wrapping my head around being a dad A bigger wrench got thrown in the plans we thought we had Now Lauren's showing, got one on the way Yeah that's two under two, hey, what can I say? Ain't it funny how life changes You wake up ain't nothing the same and life changes You can't stop it just hop on the train You never know what's gonna happen You make your plans and you hear God laughing Life changes and I wouldn't change it for the world, the world, oh no And I wouldn't change it for the world, the world, oh no, the world, the world, the world, the world","Thomas Rhett, Rhett Akins, Ashley Gorley, Jesse Frasure","Dann Huff, Jesse Frasure, Thomas Rhett",364
Drunk Girl,Chris Janson,NA,2018,"Couple of cover charge stamps got her hand looking like a rainbow In and out of every bar on a whim just like the wind blows She's either a bachelorette or coming off a breakup Take a drunk girl home She's bouncing like a pinball Singing every word she never knew Dancing with her eyes closed like she's the only one in the room Her hair's a perfect mess, falling out of that dress Take a drunk girl home Take a drunk girl home Let her sleep all alone Leave her keys on the counter your number by her phone Pick up her life she threw on the floor Leave the hall lights on walk out and lock the door That's how she knows the difference between a boy and a man Take a drunk girl home You leave her drive for a dive You get something bad to eat They're singing closing time at that little bar across the street Then two by two strangers and lovers headed for the covers hooking up That TV in your two-bedroom sounds turned off Through the paper thin walls you can hear the neighbor's cigarette cough There's a million things you could be doing, but there's one thing you're damn sure glad you did Take a drunk girl home Let her sleep all alone Leave her keys on the counter your number by the phone Pick up her life she threw on the floor Leave the hall lights on walk out and lock the door That's how you know the difference in a boy and a man You take a drunk girl home You took a drunk girl home In the sober light of dawn She left you a message she thanked you on the phone 'Cause you picked up her life she threw on the floor And left the hall lights on walked out and locked the door That's how she knows the difference between a boy and a man Take a drunk girl home You take a drunk girl home Take a drunk girl home","Chris Janson, Tom Douglas, Scooter Carusoe",Scott Hendricks,365
A Little Dive Bar in Dahlonega,Ashley McBryde,NA,2018,"To the bag packed, first love leaver The heart cracked, double down dreamer The homesick for grass that's greener And a slice of Mama's peach pie To the flat broke, couch cushion gas money The worker bee that ain't gettin' no honey Missin' someone all the while runnin' Gunnin' for the brighter lights Here's to the break ups that didn't break us The break down, wrong turn that takes ya To a little dive bar in Dahlonega Hear a song from a band that saves ya, man It's hittin' rock bottom smoke 'em if you got 'em Nothing's going right Makin' the best of the worst day kinda night We've all got a number that we don't wanna drunk dial And a good friend we ain't seen in a while And a slow dance left in these boots And a chance at putting down new roots Here's to the break ups that didn't break us The break down, wrong turn that takes ya To a little dive bar in Dahlonega Hear a song from a band that saves ya, man It's hittin' rock bottom smoke 'em if you got 'em Nothing's going right Makin' the best of the worst day kinda night Here's to the break ups that didn't break us The break down, wrong turn that takes ya To a little dive bar in Dahlonega Meet a girl outside Atlanta, man It's hittin' rock bottom smoke 'em if you got 'em Nothing's going right You're just singing along with your drink raised A pretty little blonde thing's looking your way Makin' the best of the worst day kinda night Yeah, it's making the best of the worst day kind of night Oh... Here's to the breakups It's that kinda night","Ashley McBryde, Nicolette Hayford, Jesse Rice",Jay Joyce,366
Hotel Key,Old Dominion,NA,2018,"Well it was down some street we couldn't even pronounce We were smoking a little from a half an ounce The tequila was cheap but the flow we were feeling was real Neither one of us looking for three little words Unless those three words were do not disturb Checkout was supposed to be noon but we slept in 'til three She kept the hotel key Slipped it in her purse I guess it makes her think of me And that night we left our hearts on our sleeves and the clothes all over the floor We both know we can't open the door no more She kept the hotel key Well I could still see her on the bed sitting Indian style With my t-shirt on and a half drunk smile We talked about Austin and how she'd get back there someday We had the curtains wide open and a song on my phone We danced by the TV we never turned on And wondered would anyone miss us if we ran away But this isn't one of those stories that ends up that way, no She kept the hotel key Slipped it in her purse I guess it makes her think of me And that night we left our hearts on our sleeves and the clothes all over the floor We both know we can't open the door no more She kept the hotel key Yeah We left the lights We left the crowd We left the world and locked it out She left a picture in my head She left the night I can't forget, but She kept the hotel key Slipped it in her purse I guess it makes her think of me And that night we left our hearts on our sleeves and the clothes all over the floor We both know we can't open the door no more She kept the hotel key Yeah She kept it She kept the hotel key Slipped it in her purse I guess it makes her think of me And that night we left our hearts on our sleeves and the clothes all over the floor We both know we can't open the door no more She kept the hotel key Yeah she kept it She kept the hotel key Ooh She kept the hotel key","Matthew Ramsey, Trevor Rosen, Josh Osborne",Shane McAnally,367
Shoot Me Straight,Brothers Osborne,NA,2018,"Don't give me that look, that let me down easy smile Don't act like I couldn't see you coming for a hundred miles Don't try to find the perfect words Can't take the pain out of the hurt Hit me hard, baby I can take it It's your move, go on and make it Make it burn the whole way down Lay my 6 foot 4 inch ass out on the ground Yeah, tomorrow I'll have me a hard hangover And one hell of a heartache So pour it on like a shot of whiskey And shoot me straight I've got some friends who'd love to go raise some hell A couple old flames to help me bid you farewell There's plenty of time and alcohol From happy hour, to last call So do what'cha gotta do So I can get to getting over you Make it burn the whole way down Lay my 6 foot 4 inch ass out on the ground Yeah, tomorrow I'll have me a hard hangover And one hell of a heartache So pour it on like a shot of whiskey And shoot me straight Don't give me that salt shaker and lime Don't give me that come back chaser this time Don't muddle it up, don't water it down Give me everything you got right here, right now Make it burn Make it burn the whole way down Lay my 6 foot 4 inch ass out on the ground Yeah, tomorrow I'll have me a hard hangover And one hell of a heartache Pour it on like a shot of whiskey And shoot me straight Shoot me straight Come on...","John Osborne, TJ Osborne, Lee Thomas Miller",Jay Joyce,368
Downtown's Dead,Sam Hunt,NA,2018,"The city's so in style, all you see for miles are people spilling in and out of cars Man I love these bars are making a killin' Everywhere I go looks like the place to be I see people that I know and I feel like there's no one here but me Downtown's dead without you Girls walk by and friends say hi Then Friday night it might as well be just another Tuesday night without you As long as you're still in my head There ain't a way that I can paint a ghost town red Downtown's dead, downtown's dead Dancing in the strobes out here in the throws of loud house music Everything's a blur I don't hear the words but lips are moving Try to get involved, but I've about had enough of people wall to the wall And I'm just holdin' it up 'cause Downtown's dead without you Girls walk by and friends say hi Then Friday night it might as well be just another Tuesday night without you As long as you're still in my head There ain't a way that I can paint a ghost town red Downtown's dead, downtown's dead Free drinks, bright lights, what am I doing with my life? Okay, I quit, I've had enough of this 'Cause people are losing their minds, can't get you out of my head I'm calling it a night, I'm crawling back to your bed Downtown's dead without you Girls walk by and friends say hi Then Friday night it might as well be just another Tuesday night without you As long as you're still in my head There ain't a way that I can paint a ghost town red Downtown's dead, downtown's dead","Sam Hunt, Zach Crowell, Shane McAnally, Josh Osborne, Charlie Handsome","Zach Crowell, Charlie Handsome",369
Drowns the Whiskey,Jason Aldean,Miranda Lambert,2018,"All the folks down in Lynchburg, Tennessee Been working hard for good ol' boys like me I don't wanna be the one to tell 'em That stuff that they been selling Ain't working like it should But I damn sure wish it would [Jason Aldean & Miranda Lambert:] Whiskey's supposed to drown a memory I've gone from one to one too many And the thing that really gets me Is how your memory drowns the whiskey Maybe it's the bar or the stool I'm on Maybe it's the band and this sad ol' song That keeps me buying rounds That keeps me turning down Any girl that wants to dance And you ain't giving them a chance Whiskey's supposed to drown a memory I've gone from one to one too many And the thing that really gets me Is how your memory drowns the whiskey Girl I'm livin' proof That 80 proof Ain't got a shot At touching you But whiskey's supposed to drown a memory I've gone from one to one too many And the thing that really gets me Is whiskey's supposed to drown a memory I've gone from one to one too many And the thing that really gets me Is how your memory drowns the whiskey Yeah the thing that really gets me Is how your memory drowns the whiskey All the folks down in Lynchburg, Tennessee Been working hard for good ol' boys like me","Brandon Kinney, Jeff Middleton, Josh Thompson",Michael Knox,370
"Sunrise, Sunburn, Sunset",Luke Bryan,NA,2018,"Your daddy had a lake house He had me paint it that summer sophomore year Said I could stay for free A couple buddies, a couple weeks You rode in in a little red Honda And headed straight for the pier Tank top and cut-off jeans A little PacSun underneath Who knew it was 'bout to be Sunrise, sunburn, sunset, repeat Moonlight, all night, crashing into me Nothing will ever be easy as you and me Tangled up and nowhere to be Just sunrise, sunburn, sunset, repeat Sunrise, sunburn, sunset, repeat, ayy I turned those shutters the color of your eyes 'Til the day turned into night And took turns with a jar Turn that boat dock into a bar And then we passed the guitar around the fire to each other And watched all of our friends pair off with one another But we felt like the stars we were under And everybody knew that that was our summer Sunrise, sunburn, sunset, repeat Moonlight, all night, crashing into me Nothing will ever be easy as you and me Tangled up and nowhere to be Just sunrise, sunburn, sunset, repeat Yeah Whoa We set July on fire Whoa Yeah, girl, you and I were Sunrise, sunburn, sunset, repeat Sunrise, sunburn, sunset, repeat Moonlight, all night, crashing into me Nothing will ever be easy as you and me Tangled up and nowhere to be Just sunrise, sunburn, sunset, repeat Sunrise, sunburn, sunset, repeat Yeah Whoa We set July on fire Whoa Yeah, girl, you and I were Sunrise, sunburn, sunset, repeat Sunrise, sunburn, sunset, repeat","Zach Crowell, Ryan Hurd, Chase McGill","Jeff Stevens, Jody Stevens",371
Simple,Florida Georgia Line,NA,2018,"The way your fingers fit in mine It's five plus five, not rocket science This day in time, that's hard to find It's true the road we're on ain't a traffic jam It's a Sunday drive on a piece of land It's paradise as long as I'm with you It's like one, two three Just as easy as can be Just the way you look at me You make me smile Ain't no need to complicate it, we both know that's overrated We've been there, it's safe to say it ain't our style It's just that simple, S-I-M-P-L-E Simple as can be It's just that simple, S-I-M-P-L-E Simple as can be We used to live on Instagram Worry 'bout who all gives a damn 'Bout where we've been and where we ended up Then I met you and you met me And all the rest is history; an epiphany That all we need is us It's like one, two three Just as easy as can be Just the way you look at me You make me smile Ain't no need to complicate it, we both know that's overrated We've been there, it's safe to say it ain't our style We're just simple like a six string The way this world was meant to be Like laughin' love, make a lot out of a little Its just that simple, S-I-M-P-L-E Simple as can be Its just that simple, S-I-M-P-L-E Simple as can be Ain't no need to complicate it, we both know thats overrated We've been there, its safe to say it ain't our style, yeah It's like one, two three Just as easy as can be Just the way you look at me You make me smile Ain't no need to complicate it, we both know that's overrated We've been there, its safe to say it ain't our style We're just simple like a six string The way this world was meant to be Like laughin' love, make a lot out of a little Its just that simple, S-I-M-P-L-E Simple as can be Its just that simple, S-I-M-P-L-E Simple as can be Its just that simple, S-I-M-P-L-E Simple as can be Its just that simple, S-I-M-P-L-E Simple as can be","Tyler Hubbard, Brian Kelley, Hardy, Mark Holman",Joey Moi,372
Hide the Wine,Carly Pearce,NA,2018,"I heard you were back in town It's been a hot minute since me and you were hanging out Yeah we had that crazy kind of chemistry Where you get burned, don't learn, don't care, just reach for another match and gasoline Well knock knock, here you come a knockin' on my door But you're gonna have to wait on the porch Better hide the wine And get it gone Oh I better hide every one of them records that turn me on (lock 'um up, lock 'um up) Turn up the lights And kill the mood Oh 'cause baby I just don't trust myself with you I better hide the wine Well I know me and I know you I better get rid of all the Two Buck Chuck and the high-dollar good stuff too 'Cause baby if I don't, you know what we'll do Oh oh with one sip, one tip, we'll be sitting on the couch, you'll be kicking off your shoes Better hide the wine And get it gone Oh I better hide every one of them records that turn me on (lock 'um up, lock 'um up) Turn up the lights And kill the mood Oh 'cause baby I just don't trust myself with you I better hide the wine Oh I better hide the wine, yeah Oh knock knock here you come a knockin' on my door But you're gonna have to wait another minute on the porch Oh no, no, it's a dangerous thing pouring alcohol on an old flame Hide the wine And get it gone Oh I better hide every one of them records that turn me on (lock 'um up, lock 'um up) Turn up the lights And kill the mood Oh 'cause baby I just don't trust myself with you I better hide the wine Oh I better hide the wine, yeah Oh I better hide the wine","Ashley Gorley, Luke Laird, Hillary Lindsey",busbee,373
Summer Fever,Little Big Town,NA,2018,"Feel that salt in the air, almost there Got that wind in my hair, Ray-Ban glare Hear that song we love on the radio Stir it up baby, we both know We're 'bout to float that Malibu With that flip-flop attitude With that old school mixtape playing Over and over again on a blown out speaker Dance in the sand while the sun sets deeper Got that top back on that Jeep Got that soundtrack on repeat Got that one hand on my knee and I want it Over and over again, catching summer fever Summer fever, summer fever Close our eyes and let it take us Lost in the waves and the palm trees swaying All alone and out of reach Just the stars and the moonlight, you and me We're 'bout to float that Malibu With that barefoot attitude With that slow jam mixtape playing Over and over again on a blown out speaker Dance in the sand while the sun sets deeper Got that top back on that Jeep Got that soundtrack on repeat Got that one hand on my knee and I want it Over and over again, catching summer fever Summer fever, summer fever Endless sun kissed smile on our face Chase that love like it's running away And I want it Yeah I want it Ohh Over and over again on a blown out speaker Dance in the sand while the sun sets deeper Got that top back on that Jeep Got that soundtrack on repeat Got that one hand on my knee and I want it Over and over again catching summer fever, summer fever, summer fever Over and over again, catching summer fever Summer fever, summer fever","Cary Barlowe, Karen Fairchild, Jesse Frasure, Samuel Roman","Jesse Frasure, Shane McAnally",374
All Day Long,Garth Brooks,NA,2018,Somebody's gotta start the weekend Somebody's got to unwind Somebody's gotta find that honky-tonk Out on the county line With pretty things and a band that swings That gets 'em all out on the floor And if we're gonna get the party started Somebody's gotta swing those doors Somebody's gotta feed that jukebox Somebody's gotta drink that beer Somebody's gotta get all rowdy And raise some hell in here Somebody's gotta dance with the women Spin 'em to a country song I can do this night life all day long Somebody's gonna need a shoulder When that sad song plays Somebody's gonna need to hold her Tell her it's okay Just let her know to let it go And then she's gonna have some fun If she needs some help gettin' over him Somebody's gotta get it done Somebody's gotta shoot that whiskey Somebody gotta bust that rack Somebody's gotta play that country that ain't ever comin' back If home is where the heart is then I'm right where I belong I can do this night life all day long Somebody's gotta go the distance Somebody's gotta call last round Somebody's gotta turn the lights on And shut this ol' bar down When mornin' comes you'll find someone With a headache and a grin You know Saturday night is comin' Somebody's gotta go again Somebody's gotta feed that jukebox Somebody's gotta hold my beer Somebody's gotta get a little crazy And raise some hell in here Somebody's gotta spend that paycheck 'Til the money's gone I can do this night life all day long I can do this night (let me hear you say) All day long (Yeah!),"Bryan Kennedy, Garth Brooks, Mitch Rossell",Mark Miller,375
Blue Tacoma,Russell Dickerson,NA,2018,"Blue Tacoma, California Rays of gold are shining on ya Wheels rolling on an old Toyota Twist top on a Sunkist soda Your brown hair in the west coast wind If heaven is anywhere Nineties hits at the top of our lungs Shuffle landed on ""Still the One"" Missing turns cause that's our song If heaven is anywhere It's in a blue Tacoma, California White magnolia in your hair Rays of gold are shining on ya Oooh, if heaven is anywhere It's never running out of golden road Always having your hand to hold In a blue Tacoma, California Oooh, if heaven is anywhere It's right here Blue Tacoma, California Rays of gold are shining on ya Red sun melting to the black top Dollar shades from a nowhere truck stop Your kiss and that coast line If heaven is anywhere Pull it over to the shoulder To take it in mmmh and pull you closer Loving you longer than I ever did Going places we never been Cause heaven's in A blue Tacoma, California White magnolia in your hair Rays of gold are shining on ya Oooh, if heaven is anywhere It's never running out of golden road Always having your hand to hold In a blue Tacoma, California Oooh, if heaven is anywhere It's right here Blue Tacoma, California Rays of gold are shining on ya If heaven is anywhere It's in a blue Tacoma, California White magnolia in your hair Rays of gold are shining on ya Oooh, if heaven is anywhere It's never running out of golden road Always having your hand to hold In a blue Tacoma, California Oooh, if heaven is anywhere It's right here Blue Tacoma, California Oooh, if heaven is anywhere Rays of gold are shining on ya It's always right here, always right here, oh oh Blue Tacoma, California Rays of gold are shining on ya Oooh, if heaven is anywhere","Russell Dickerson, Parker Welling, Casey Brown",Casey Brown,376
Born to Love You,LANCO,NA,2018,"I was born in a town full of red pine trees County sign says ""follow your dreams"" Westbound train makes the whole town shake Friday night lights decide your fate Born again in a church where the steeple's white Preacher preach Book of John and my momma cried Meaning of life was in verse 2 Didn't make sense 'til I found you I could search the world from south to north But I've already found what I'm looking for Wherever I go and whatever I do I was born to love you, I was born to love you Looking in your eyes, yeah it's all so clear Every time you smile, I know why I'm here Wherever I go and whatever I do I was born to love you, I was born to love you I was a wild child between lost and found Then you spoke my name, it was a sweet sound Rescue kiss and you pulled me in All my life baby, where you been 'Cause I could search the world from south to north But I've already found what I'm looking for Wherever I go and whatever I do I was born to love you, I was born to love you Looking in your eyes, yeah it's all so clear Every time you smile, I know why I'm here Wherever I go and whatever I do I was born to love you, I was born to love you 'Cause I could search the world from south to north But I've already found what I'm looking for Wherever I go and whatever I do I was born to love you, I was born to love you Looking in your eyes, yeah it's all so clear Every time you smile, I know why I'm here Wherever I go and whatever I do I was born to love you, I was born to love you","Brandon Lancaster, Ross Copperman, Ashley Gorley, Josh Osborne",Jay Joyce,377
Rich,Maren Morris,NA,2018,"La-a-a-a-a-di-da La-a-a-a-a-di-da If I had a dollar every time that I swore you off And a twenty every time that I picked up when you called And a crisp new Benjamin for when you're here then gone again And a dollar every time I was right about you after all Boy I'd be rich, head to toe Prada Benz in the driveway, yacht in the water Vegas at the Mandarin, high roller gambling Me and Diddy drippin' diamonds like Marilyn No I wouldn't be drowning in all your IOU's Every promise you made me would have some real value Cause all the little lies rolling off your lips Is money falling from the sky...(ka-ching, ka-ching) shit I'd be rich La-a-a-a-a-di-da I'd be rich La-a-a-a-a-di-da If I had a dime every time that you crossed my mind Well I'd basically be sitting on a big ass pile of dimes And all the times that you make my heart feel cheap I might as well have won the lottery All of this pain and me cursing your name Would just turn into dollar signs Cause I'd be rich, head to toe Prada Benz in the driveway, yacht in the water Vegas at the Mandarin, high roller gambling Me and Diddy drippin' diamonds like Marilyn No I wouldn't be drowning in all your IOU's Every promise you made me would have some real value Cause all the little lies rolling off your lips Is money falling from the sky...(ka-ching, ka-ching) shit I'd be rich La-a-a-a-a-di-da I'd be rich La-a-a-a-a-di-da Told myself I wouldn't do this again But how much you wanna bet I'mma do this again? Rich, head to toe Prada Benz in the driveway, yacht in the water Vegas at the Mandarin, high roller gambling Me and Diddy drippin' diamonds like Marilyn No I wouldn't be drowning in all your IOU's Every promise you made me would have some real value Cause all the little lies rolling off your lips Is money falling from the sky...(ka-ching, ka-ching) shit I'd be rich La-a-a-a-a-di-da I'd be rich La-a-a-a-a-di-da","Maren Morris, Jessie Jo DIllon, Laura Veltz","busbee, Maren Morris",378
Hangin' On,Chris Young,NA,2018,"I'm a few drinks in, but that ain't the reason I'm all tongue tied and my breath's leaving this fast I can't get past Those blue eyes shining They keep drawing me in to you Got me fallin' off track You get me like that Yeah, I'm hangin' on, hangin' on To every word you say Every move you make I'm hangin' on, hangin' on Wondering what's up next Girl, I can't wait Ain't nothing like spinning you around the room Where everyone can see You hangin' on, hangin' on to me It ain't the song, and it ain't the playlist It's every smile coming off of your sweet lips, yeah That makes me wanna stay here No, this ain't a one night, one time thing You always light me up like a flame and it's clear Every time you're near Yeah, I'm hangin' on, hangin' on To every word you say Every move you make I'm hangin' on, hangin' on Wondering what's up next Girl, I can't wait Ain't nothing like spinning you around the room Where everyone can see You hangin' on, hangin' on to me Yeah, you hangin' on to me So let me pull you a little closer Even when the music's over I'll be hangin' on, hangin' on To every word you say Every move you make I'm hangin' on, hangin' on Wondering what's up next Girl, I can't wait Ain't nothing like spinning you around the room Where everyone can see You hangin' on, hangin' on to me Yeah, you hangin' on to me","Chris Young, Josh Hoge, Corey Crowder","Chris Young, Corey Crowder",379
Desperate Man,Eric Church,NA,2018,"I've seen the Joshua Tree Got down on my knees Threw the Virgin Mother a prayer I've walked glass barefooted Strolled 'cross the devil's hot coal I've tried everything, I swear Oh but hey (hey), what can I say? I'm a desperate man I said hey (hey), what can I say? I'm just a desperate man Boo boo Boo boo boo boo, boo boo boo Boo boo boo boo, boo boo boo Boo boo boo boo boo Fortuneteller told me ""No more last chances You got no future at all"" Oh but I ain't listenin' To black-hearted gypsy Then a crucifix to a bedroom wall But hey (hey), what can I say? I'm a desperate man I said hey (hey), what can I say? I'm just a desperate man Boo boo Boo boo boo boo, boo boo boo Boo boo boo boo, boo boo boo Boo boo boo boo boo Boo boo Boo boo boo boo, boo boo boo Boo boo boo boo, boo boo boo Boo boo boo boo boo I'm a half-cock, full-tilt, scarred-hands-to-the-hilt, don't-push-me grown-ass man Yeah flashin' light, caution, careful where ya cross son, 'til she comes back again But now hey (hey), what can I say? I'm a desperate man Oh hey (hey), what can I say? I'm just a desperate man Oh hey (hey), I said hey (hey) Woah what can I say, I'm a desperate man Oh hey (hey), I said hey (hey) I'm just a desperate man Boo boo Boo boo boo boo, boo boo boo Boo boo boo boo, boo boo boo Boo boo boo boo boo","Eric Church, Ray Wylie Hubbard",Jay Joyce,380
Lose It,Kane Brown,NA,2018,"That lit up, ringin', buzzin', good for nothing phone in your hand The directions to the party that's just started with that cover band That old school radio station, that's just driving till it's faded, girl Let's lose it, tonight Cause when you do that thing right there Flippin' your hair, baby, I swear I don't think you know what you're doin' to me, you got My heart skip-skippin' a beat, you're not Close enough So that space between You and me, let's lose it The way you're dancin', swayin' to the music Girl, that body and how you move it Every time you cross my mind Girl, I lose it Yeah, I lose it Yeah, I lose it Let's start with them Luchese's, baby, kick 'em to the floor board Them bobby pins holdin' your hair up, girl, you don't need 'em no more That dress hangin' off your shoulder as you move a little closer Yeah, let's lose it (lose it), tonight Yeah, girl I don't think you know what you're doin' to me, you got My heart skip-skippin' a beat, you're now Close enough So that space between You and me, let's lose it The way you're dancin', swayin' to the music Girl, that body and how you move it Every time you cross my mind Girl, I lose it Yeah, I lose it Yeah, I lose it Cause when you do that thing right there Flippin' your hair, baby, I swear I don't think you know what you're doin' to me, you got My heart skip-skippin' a beat, you're not Close enough So that space between You and me, let's lose it The way you're dancin', swayin' to the music Girl, that body and how you move it Every time you cross my mind Girl, I lose it Yeah, I lose it Yeah, I lose it Yeah, I lose it (I lose it) Yeah, I lose it Girl, I lose it Yeah, I lose it","Kane Brown, Chase McGill, Will Weatherly",Dann Huff,381
Drunk Me,Mitchell Tenpenny,NA,2018,"Some people don't know when to quit and that's why they quit Some need to hit the bottom to see they got a problem, they can't handle it But that ain't why I started cleaning up my life Wish it was but, ooh, that would be a lie I've been sober 'cause there ain't no hangover like you girl, no, no, no Baby can you come over, I always find those words at the bottom of a hundred proof, yeah Girl, every time you do I just end up, head all messed up like the sheets where we made love I've been sober since you broke my heart in two 'Cause drunk me can't get over you (there ain't no hangover like you) Can't get over, can't get over (there ain't no hangover like you) Oh, no, no, no All those bottles sitting up on the shelf are just salt on the wound One sip and I'm picking up the phone trying not to go home without you And that ain't nothing but a whole lotta pain And that kind of hurt, ooh hurts, it ain't worth another drink I've been sober 'cause there ain't no hangover like you girl, no, no, no Baby, can you come over, I always find those words at the bottom of a hundred proof, yeah-yeah Girl, every time you do I just end up, head all messed up like the sheets where we made love I've been sober since you broke my heart in two 'Cause drunk me can't get over you... no Can't get over you, oh, no, no, no I've been sober 'cause there ain't no hangover like you, no, no, no Can you come over I always find those words at the bottom of a hundred proof, yeah-yeah Girl, every time you do I just end up, head all messed up like the sheets where we made love I've been sober since you broke my heart in two 'Cause drunk me, yeah drunk me, yeah drunk me Can't get over you (there ain't no hangover like you) Can't get over, can't get over (there ain't no hangover like you), oh, no, no, no","Mitchell Tenpenny, Jordan Schmidt, Justin Wilson",Mitchell Tenpenny,382
Best Shot,Jimmie Allen,NA,2018,"I'm just flesh and bone, heart and soul And I've earned a couple scars I've let once in a lifetime kind of things slide right out of my arms I've struck out, I've been knocked down more times than I can count But that don't matter now 'Cause when you smile I see the sun sink down on a coast out in California And there's no doubt Because of you, I'm not the man I was before you I'm not saying that I'm perfect Oh 'cause girl you know I'm not But I'll love you with everything I've got Girl I'll give you my best shot You saw a spark inside of me that no one else could find Your good morning eyes, they get me high Girl you're always on my mind 'Cause when you smile I see the sun sink down on a coast out in California And there's no doubt Because of you, I'm not the man I was before you I'm not saying that I'm perfect Oh 'cause girl you know I'm not But I'll love you with everything I've got Girl I'll give you my best shot When I saw you for the first time I knew I'd found amazing grace It's like angels singing every time I hear your name When you smile I see the sun sink down on a coast out in California And there's no doubt Because of you, I'm not the man I was before you When you smile I see the sun sink down on a coast out in California And there's no doubt Because of you, I'm better than I was before you I'm not saying that I'm perfect Oh, God knows I'm not But I'll love you with everything I've got Girl I'll give you my best shot I'm gonna give you, I'll give you my best shot I'm gonna give you, I'm gonna give you, yeah Whoa whoa yeah Whoa yeah","Jimmie Allen, Josh London, J.P. Williams","Ash Bowers, Eric Torres",383
I Hate Love Songs,Kelsea Ballerini,NA,2018,"I hate Shakespeare and Gosling and cakes with white frosting Two names in a heart-shaped tattoo I think cupid is stupid and violets are purple not blue I hate catching bouquets, the honeymoon phase And letterman jackets don't fit Your eyes can't hold stars and you'd die if your heart really skipped I hate love songs Yeah, I really do I hate love songs But I love you I hate pink hearts with glitter and Valentine's dinner And roses just die in a week We were drunk when we met so we don't know our anniversary And I'm far too vain to kiss in the rain The clouds, they aren't numbered to nine And you make me feel something but it sure as hell ain't butterflies I hate love songs Yeah, I really do I hate love songs But I love you Yeah And I'll always love you but I don't have to sing it ""For worse or for better"" don't rhyme They say I got the right one so now I should write one But I'd rather just show you tonight I hate love songs Yeah, I really do I hate love songs But I love you I hate love songs The old and the new I hate love songs But I love you","Kelsea Ballerini, Shane McAnally, Trevor Rosen","Forest Glen Whitehead, Jason Massey",384
Last Shot,Kip Moore,NA,2018,"Well, baby love's just one of those words that gets thrown around Like Jack and Coke, sitting on the bar when it gets watered down So I ain't gonna say it, oh but I ain't gonna lie If you wanna know the truth how I feel about you tonight If you were my last breath, I'd just wanna hold ya If you were my last night of hell on wheels, I'd wanna drive you like I stole ya If you were my last shot, last shot of whiskey I'd press you to my lips, take a little sip Swirl you around and around and around Then I'd shoot you down So baby let me look at you and see just what I got If you were my cherry stem I'd tie you in a knot And if I couldn't hail you, oh baby I'd be gone I'd be floating round high as the Colorado sky blowing smoke rings all night long If you were my last breath, I'd just wanna hold ya If you were my last night of hell on wheels, I'd wanna drive you like I stole ya If you were my last shot, of whiskey I'd press you to my lips, take a little sip Swirl you around and around and around Then I'd shoot you down Last call, last chance, last dance I was ever gonna get to take If you were my last breath, I'd just wanna hold ya My last night of hell on wheels, wanna drive you like I stole ya If you were my last shot, of whiskey I'd press you to my lips, take a little sip Swirl you around and around and around Then I'd shoot you down Then I'd shoot you down Well, if you were my last breath Well, I'd just wanna hold ya","Kip Moore, Dan Couch, David Lee Murphy",Kip Moore,385
She Got The Best of Me,Luke Combs,NA,2018,"Seventeen, you don't think that much about life You just live it Like Kerosene dancing around a fire But you're in it So you jump right in Ain't afraid to fall And you give it all She got the best of me She broke my heart Now all that's left of me Is beating in this guitar Every night, a different town She follows me around So you get what's left of me Yeah, you get what's left of me Cause she got the best of me I picked myself up off the floor And found something new worth living for In an old dusty hand-me-down six string And a couple chords I'm getting over her A little more with every song So y'all sing a-long She got the best of me She broke my heart Now all that's left of me Is beating in this guitar Every night, a different town She follows me around So you get what's left of me Yeah, you get what's left of me Cause she got the best of me Woah She got the best of me She broke my heart Now all that's left of me Is beating in this guitar Every night, a different town She follows me around So you get what's left of me Yeah, you get what's left of me Cause she got the best of me Cause she got the best of me She got the best of me","Luke Combs, Rob Snyder, Channing Wilson",Scott Moffatt,386
Burn Out,Midland,NA,2018,"Watchin' cigarettes burn out 'Til all the neon gets turned out I was so on fire for you it hurts how Fast that a cigarette can burn out Just watchin' rivers run Down the side of my bottle Almost like it's cryin' my tears I had the world on a string And then I lost everything And that's how I wound up here Watchin' cigarettes burn out 'Til all the neon gets turned out There's nothing left but empty glasses now It's all flashes now Smokin' memory that ain't nothin' but ashes In the low lights These done-me-wrong songs hit me so right I was so on fire for you it hurts how Fast that a cigarette can burn out If you put your hands on the flame You've got no right to complain 'Cause you know it's gonna leave a mark When the glow comes to an end Like scattered embers in the wind Leaves you lookin' for a brand new spark Watchin' cigarettes burn out No, with every hit I'm gonna quit But who am I kiddin' I just can't put you down So I keep hangin' around Watchin' cigarettes burn out 'Til all the neon gets turned out There's nothing left but empty glasses now It's all flashes now Smokin' memory that ain't nothin' but ashes In the low lights These done-me-wrong songs hit me so right I was so on fire for you it hurts how Fast that a cigarette can burn out I was so on fire for you it hurts how Fast that a cigarette can burn out","Jess Carson, Cameron Duddy, Mark Wystrach, Shane McAnally, Josh Osborne","Josh Osborne, Shane McAnally, Dann Huff",387
Burning Man,Dierks Bentley,Brothers Osborne,2018,"Half your life you struggle Half your life you fly Half your life makin' trouble Half your life makin' it right One day I'm the exception Most days I'm just like most Some days I'm headed in the right direction And some days I ain't even close I'm a little bit steady but still little bit rollin' stone I'm a little bit heaven but still a little bit flesh and bone Little found, little don't know where I am I'm a little bit holy water but still a little bit burning man Burning man yeah I always loved the highway I just don't run it as fast I still go wherever the wind blows me But I always find my way back I still don't get it right sometimes I just don't get it as wrong I still go a little bit crazy sometimes Yeah, but now I don't stay near as long I'm a little bit steady but still little bit rollin' stone I'm a little bit heaven but still a little bit flesh and bone Little found, little don't know where I am I'm a little bit holy water but still a little bit burning man Burning man Still just a burn, burn, burning man Just a burning man, uh Maybe I'll go to the desert Find myself in the Joshua Trees If we pass in the night then just hand me a lighter Tell me you burned just like me I'm a little bit steady but still little bit rollin' stone I'm a little bit heaven but still a little bit flesh and bone Little found, little don't know where I am I'm a little bit holy water but still a little bit burning man Burning man Still just a burn, burn, burning man Just a burning man","Bobby Pinson, Luke Dick","Ross Copperman, Jon Randall",388
Turnin' Me On,Blake Shelton,NA,2018,"Her kisses taste like whiskey Burnin' through my veins She don't know how to miss me She hits right where she aims Baby's got my number and she's calling me up Knows what she's doing with a single touch She's turning me on, turning me on Pushing my buttons like it ain't no thing If I'm what she wants, she gets what she wants The neon's buzzing when she pulls that string Turning me on like it's her job Sometimes I think she must get off on Turning me on, turning me on Knows how to set me on fire She's always holding the match And when my body's beside hers There ain't no turning back She's Revlon red in the blackest night Lighting up the room in the world just like She's turning me on, turning me on Pushing my buttons like it ain't no thing If I'm what she wants, she gets what she wants The neon's buzzing when she pulls that string Turning me on like it's her job Sometimes I think she must get off on Turning me on, turning me on Once she gets it started Man, it's all night long She's the needle on the vinyl Of a midnight song She's turning me on, turning me on She's turning me on, turning me on Pushing my buttons like it ain't no thing If I'm what she wants, she gets what she wants The neon's buzzing when she pulls that string Turning me on like it's her job Sometimes I think she must get off on Turning me on, turning me on, yeah Turning me on, turning me on Turning me on, turning me on Turning me on, turning me on (Turning me, turning me, turning me, turning me, turning me on Oooh, oooh, oooh Turning me, turning me, turning me, turning me, turning me on Oooh, oooh, oooh Turning me, turning me, turning me, turning me, turning me on Oooh, oooh, oooh)","Blake Shelton, Josh Osborne, Jessi Alexander",Scott Hendricks,389
There Was This Girl,Riley Green,NA,2018,"Never knew my old man's truck could even run like that Should've known better than to take that curve so fast Daddy pulled up, I was down in a ditch He asked me why I did what I did There was this girl, drink in her hand Shootin' me a ""let's get into trouble"" grin I ain't never seen somethin' so fine And I was doin' anything to make her mine I was out of my mind, she was out of this world There was this girl Some folks ask me why I still pick this guitar They say livin' that life on the road won't get you very far I say man you should've been down in Tupelo Seen what was in the front row There was this girl, beer in her hand Shootin' me a ""play a little Skynyrd"" grin She's turnin' it up, she's turnin' me on And I'd play her anything she'd sing along I was out of my mind, she was out of this world There was this girl Yeah there was this girl Didn't know a diamond ring could cost so much (damn) Took six months on a farm 'fore I saved up All my drinkin' buddies still out on the town Wonderin' why I ever settled down But there was this girl, holdin' my hand Shootin' me a ""start a life together"" grin She's pullin' me in, she's straightenin' me out And now I know what love is all about I'm still out of my mind, she's still out of this world There was this girl Yeah, there was this girl Yeah, there was this girl There was this girl","Riley Green, Erik Dylan",Dann Huff,390
Good Girl,Dustin Lynch,NA,2018,"I got it good girl 'cause I got myself a good girl Yeah you up and took my whole world and made it so good girl You're an angel, you're a keeper, the kinda thing that you gotta lock down I'm lovin' just livin' every minute since you came around I was lost in the neon lights 'til the day that you called me yours Yeah they say when you know you know, and I know one thing's for sure I got it good girl 'cause I got myself a good girl Still can't believe I found you, can't imagine life without you I could take you home to Mama, take you to the church right down the street Yeah you up and took my whole world and made it so good girl Aw so good baby, yeah You know sometimes I dream 'bout 55 years from now Gonna still be me you and me watchin' that sun goin' down I'll still be stealin' your kisses, I'll still be holdin' your hand I still look at you and I pinch myself, good Lord I'm a lucky man I got it good girl 'cause I got myself a good girl Still can't believe I found you, can't imagine life without you I could take you home to Mama, take you to the church right down the street Yeah you up and took my whole world and made it so good girl Aw so good baby I was lost in the neon lights 'til the day that you called me yours And they say when you know you know, and I know one thing's for sure I got it good girl 'cause I got myself a good girl Still can't believe I found you, can't imagine life without you I could take you home to Mama, take you to the church right down the street Yeah you up and took my whole world and made it so good girl Aw so good baby ('Cause I got myself a) good girl (Still can't believe I) I found you Good Lord I'm a lucky man I could take you home to Mama, take you to the church right down the street Yeah you up and took my whole world and made it so good girl Aw so good baby","Dustin Lynch, Justin Ebach, Andy Albert",Zach Crowell,391
Take It From Me,Jordan Davis,NA,2018,"I think me and you should blow this off So much for the after-party, let's tell everybody we got lost I think me and you should do our own thing Our own way, at my place, why wait Take it from me if you want a t-shirt to sleep in It's my favorite but you can keep it Looks good baby you should leave it Hanging off your shoulder Now give me them bare feet dancing down the hallway And smiling at me running your finger down the wall You know what I want, I got what you need Take it from me Maybe you should stop right now, right here Right where we wanna be I'll spin you around and let's just see Where this thing goes, all I know is that I'm all yours, all night I've got nothing but time So take it from me if you want a t-shirt to sleep in It's my favorite but you can keep it Looks good baby you should leave it Hanging off your shoulder Now give me them bare feet dancing down the hallway And smiling at me running your finger down the wall You know what I want, I got what you need Take it from me Take it from me, yeah You can steal a kiss, I won't call you a thief But take it from me What I got to give you can have for free Just take it from me Take it from me if you want a t-shirt to sleep in It's my favorite but you can keep it Looks good baby you should leave it Hanging off your shoulder Now give me them bare feet dancing down the hallway And smiling at me running your finger down the wall You know what I want, I got what you need Take it from me Just take it from me Take my word, take my heart Take my kiss and maybe take it too far But baby take it from me Oh, just take it from me You can steal a kiss, I won't call you a thief But take it from me What I got to give you can have for free Just take it from me Oh, just take it from me","Jordan Davis, Jacob Davis, Jason Gantt",Paul DiGiovanni,392
Millionaire,Chris Stapleton,NA,2018,"They say love is more precious than gold It can't be bought, and it can't be sold I've got love enough to spare That makes me a millionaire I got a woman with eyes that shine Down deep as a diamond mine She's my treasure, so very rare She's made me a millionaire When we ride around, ride around this old town In my beat up car, with the windows down People look at her, then they look at me They say that boy, he's sure living in luxury, sweet luxury Because love is more precious than gold It can't be bought, no, never could be sold I've got love, enough to share That makes me a millionaire When her kisses fall from everywhere Like riches on a millionaire When my pockets are empty and my cupboard is bare I still feel like a millionaire Because love is more precious than gold It can't be bought, no, and it can't be sold I've got love, enough to spare That makes me a millionaire",Kevin Welch,"Dave Cobb, Chris Stapleton",393
Speechless,Dan + Shay,NA,2018,"You say you'll be down in five The smell of your perfume Is floating down the stairs You're fixing up your hair Like you do I know that I'll be a mess The second that I see you You won't be surprised It happens every time It's nothing new It's always on a night like tonight I thank God, you can read my mind 'Cause when you look at me with those eyes I'm speechless Staring at you standing there in that dress What it's doing to me ain't a secret 'Cause watching you is all that I can do And I'm speechless You already know that you're my weakness After all this time I'm just as nervous Every time you walk into the room I'm speechless It started when you said, ""Hello"" Just did something to me And I've been in a daze Ever since the day that we met You take the breath out of my lungs Can't even fight it And all of the words, out of my mouth Without even trying And I'm speechless Staring at you standing there in that dress What it's doing to me ain't a secret 'Cause watching you is all that I can do And I'm speechless You already know that you're my weakness After all this time I'm just as nervous Every time you walk into the room I'm speechless Yeah, baby, mmm It's always on a night like tonight I thank God, you can read my mind 'Cause when you look at me with those eyes I'm speechless You're standing there in that dress And, girl, it ain't a secret 'Cause watching you is all that I can do Oh, I'm speechless (speechless) You already know that you're my weakness (my weakness) After all this time I'm just as nervous Every time you walk into the room I'm speechless Oh, you know it, baby","Dan Smyers, Shay Mooney, Jordan Reynolds, Laura Veltz","Scott Hendricks, Dan Smyers",394
One That Got Away,Michael Ray,NA,2018,"Yeah, yeah, yeah Yeah, yeah, yeah She's like a picture from an airplane window It's always sunny up above the clouds She's got a mouth full of innuendo But she makes it sound innocent somehow Those hungry eyes can't be denied Take me to church, show me the light Straight masterpiece, way outta my league Yeah but I'm gonna hold her like a trophy tonight She's decorating my car Soon she'll be breaking my heart She's too wild horses to be all mine I'll be your beast to burden on borrowed time She's gonna rip off any kinda label She's into leaving those strings untied Keeping it tax free under the table She might only be mine tonight But that's alright, that's okay She's gonna be one hell of a one that got away That's alright, might hurt but hey She's gonna be one hell of a one that got away Yeah, yeah, yeah Yeah, yeah, yeah I ain't gonna sit here and overthink it I got a tiger by the tail I'll just smile when she sinks her teeth in She'll leave a scar and a story to tell She's decorating my car Soon she'll be breaking my heart She's too wild horses to be all mine I'll be your beast to burden on borrowed time She's gonna rip off any kinda label She's into leaving those strings untied Keeping it tax free under the table She might only be mine tonight But that's alright, that's okay She's gonna be one hell of a one that got away That's alright, might hurt but hey She's gonna be one hell of a one that got away Hey, hey Bees gonna sting me but damn it I want it Hey, hey Honey so sweet in that moment She's decorating my car Soon she'll be breaking my heart She's too wild horses to be all mine I'll be your beast to burden on borrowed time She's gonna rip off any kinda label She's into leaving those strings untied Keeping it tax free under the table She might only be mine tonight But that's alright, that's okay She's gonna be one hell of a one that got away That's alright, might hurt but hey She's gonna be one hell of a one that got away Yeah Yeah, yeah, yeah Yeah, yeah, yeah (She's gonna be one hell of a one that got away) Hey (yeah) hey (yeah, yeah) Hey (yeah) hey (yeah, yeah)","Jesse Frasure, Josh Osborne, Matthew Ramsey, Trevor Rosen",Scott Hendricks,395
This Is It,Scotty McCreery,NA,2018,"Way up in the mountains, four thousand feet high There's a trail through the trees to a cliff where Carolina meets the sky Oh, and there's a view I just can't describe No, I'm not there yet, just a few more steps, baby wait Okay, you can open your eyes This is it, this is now, this is what I've been talking about Looking out, can't you see forever? Take my hand, just take it in This is a moment we won't forget On top of the world, here, together If there ever was a time for a perfect kiss, this is it Girl I know that you've been waiting and talking to your friends Wondering if and wondering where and wondering when Well I've been waiting too, holding on to this ring For the right words to say, for the right time and place, for me to get on one knee This is it, this is now, this is what I've been talking about Looking out, can't you see forever? Take my hand, just take it in This is a moment we won't forget On top of the world here together If there ever was a time for a perfect kiss, well this is it This is it Now you're walking down the aisle And I can't help but smile This is it, this is now, it's what I've been talking about Looking out, I can see forever So take my hand, just take it in This is a moment we won't forget On top of the world, here, together Surrounded by our family and our friends If there ever was a time for a perfect kiss This is it","Scotty McCreery, Frank Rogers, Aaron Eshuis","Frank Rogers, Aaron Eshuis, Derek Wells",396
Bring It On Over,Billy Currington,NA,2018,"Oh yeah Baby I can't stop thinking 'bout last night Still taste your kiss, still taste the wine Tryna turn this ten minute drive to five Oh, I've been Daydreaming 'bout you all day long Radio's been playing all our songs Just read your message on my phone It's turning me on When you say you need me And you just got to see me And all you want is me right now Oh baby just wait a minute If you're in the bed stay in it I'm about to dive on in it Got to got to get you closer I'm about to bring it on over Twist you up in them satin sheets I bet you don't get no sleep (I'm gettin' closer) Make a little love to a Motown beat Catching your groove with me I'm about to bring it on over I know that key's under the mat So girl just stay right where you're at Be right beside you just like that I want you so bad Girl let's pick up where we left off A little more love, a lot less talk 'Bout to hear my footsteps down your hall Hang on When you say you need me And you just got to see me And all you want is me right now Oh baby just wait a minute If you're in the bed stay in it I'm about to dive on in it Got to got to get you closer I'm about to bring it on over Twist you up in them satin sheets I bet you don't get no sleep (I'm gettin' closer) Make a little love to a Motown beat Catching your groove with me Wanna see our shadows on the wall Wanna see your beautiful body Ain't nobody gonna stop me I'm about to bring it on over Bring it on over Yeah bring it on over Bring it on over When you say you need me And you just got to see me And all you want is me right now Oh baby just wait a minute If you're in the bed stay in it I'm about to dive on in it Got to got to get you closer I'm about to bring it on over Twist you up in them satin sheets I bet you don't get no sleep Make a little love to a Motown beat Catching your groove with me Twist you up in them satin sheets I bet you don't get no sleep (Bring it on over) Make a little love to a Motown beat (Bring it on over) Catching your groove with me Twist you up in them satin sheets I bet you don't get no sleep Make a little love to a Motown beat Catching your groove with me baby","Dallas Davidson, Ben Hayslip, Jesse Frasure, Rhett Akins","Jesse Frasure, Dann Huff",397
Girl Like You,Jason Aldean,NA,2018,"Love how you close your eyes when I pull you in closer Tonight's moving fast but we ain't taking it slower You hit me harder than a drink does You're gonna take me all the way up Something about you baby, got me going crazy I don't know what to do I've never met a girl like you That's ever done it quite like you do Your kiss is double-barrel bourbon on rocks Your lips are just the cherry on top I've never been high like this Turn out the lights and let me breathe you in Your eyes are so diamond, body so gold And I don't want to let you go I've never met a girl like you Love how you say my name and make it sound so sexy Love how you do that thing, yeah you know what gets me I'm talking slow motion all night long Baby, love you with the lights on I've never met a girl like you That's ever done it quite like you do Your kiss is double-barrel bourbon on rocks Your lips are just the cherry on top I've never been high like this Turn out the lights and let me breathe you in Your eyes are so diamond, body so gold And I don't want to let you go I've never met a girl like you I've never met a girl like you That's ever done it quite like you do Your kiss is double-barrel bourbon on rocks Your lips are just the cherry on top I've never been high like this Turn out the lights and let me breathe you in Your eyes are so diamond, body so gold And I don't want to let you go I've never met a girl like you I've never met a girl like you","Jaron Boyer, Josh Mirenda, Michael Tyler",Michael Knox,398
Back To Life,Rascal Flatts,NA,2018,"She got that 'hey y'all' little southern drawl that she got from her mama Likes coffee with her sugar in the morning She likes to leave little red lipstick love notes on the mirror Loves the rain on a tin roof when it's pouring Doesn't matter what we're listening to Spinning her around the living room And I fall apart every time She puts that beat in my chest Pounds like a drum, shakes me like thunder Taking my hand, pulling me up when I'm going under My dreams come alive when I wake up and look in her eyes She brings me back to life Yes, she does She's got her feet on the dash Hair blowing back, hand out the window Making up half the words that she's singing And she takes an hour to pick a movie out Five minutes in and she's passing out And I wouldn't dare wake her up when she's sleeping I'd stay there forever if I could Doing nothing never felt so good And I wish that I could stop time She puts that beat in my chest Pounds like a drum, shakes me like thunder Taking my hand, pulling me up when I'm going under My dreams come alive when I wake up and look in her eyes She brings me back to life, oh yes she does And I don't wanna think about where I would be without her, oh She puts that beat in my chest Pounds like a drum, shakes me like thunder Taking my hand, pulling me up when I'm going under My dreams come alive when I wake up and look in her eyes, woah Yeah, my dreams come alive when I wake up and look in her eyes She brings me back to life Oh she does Back to life","Shay Mooney, Niko Moon, Fred Wilhelm, Cary Barlowe",Rascall Flatts,399
Down to the Honkytonk,Jake Owen,NA,2018,"I got a house down a back road I got a flag on the front porch I got a dog named Waylon I got a driveway that needs paving I got a boat with a two stroke A couple guaranteed to make you laugh jokes I got friends in low places Yeah, life is what you make it I might not end up in the hall of fame With a star on the sidewalk with my name Or a statue in my hometown when I'm gone Nobody gonna name their babies after me I might not go down in history But I'll go down to the honky-tonk I got a girl named Sheila She goes batshit on tequila I got a job that gets the job done I got a loan at the bank, it's a big one The only place you might see my name Is on the wall for a good time call I'm a local legend on a Friday night In a Pabst Blue Ribbon neon light I might not end up in the hall of fame With a star on the sidewalk with my name Or a statue in my hometown when I'm gone Nobody gonna name their babies after me I might not go down in history But I'll go down to the honky-tonk I go down to the honky-tonk I go down to the honky-tonk I go down, I go down to the honky-tonk I go down to the honky-tonk I go down to the honky-tonk I go down, I go down to the honky-tonk I might not end up in the hall of fame With a star on the sidewalk with my name Or a statue in my hometown when I'm gone Nobody gonna name their babies after me I might not go down in history But I'll go down to the honky-tonk I go down to the honky-tonk I go down to the honky-tonk I go down, I go down to the honky-tonk I go down to the honky-tonk I go down to the honky-tonk I go down, I go down to the honky-tonk","Rodney Clawson, Luke Laird, Shane McAnally",Joey Moi,400
Neon Church,Tim McGraw,NA,2018,"I need Jesus or I need whiskey Whatever works best to get me through Gettin' over you A little Friday night Hallelujah A congregation of backsliders just like me Yeah, what I need Is a neon church with a jukebox choir Full of honky tonk angels with their wings on fire Straight pourin' out that Johnnie Walker healin' I got a feelin' I need a neon church Baptize me in that barroom smoke Bartender, preach to me 'til my heart ain't broke no more Ain't that what this place is for? I tried bended knee, hands-up prayin' But damn did that hurt, don't just keep hangin' around What I need right now Is a neon church with a jukebox choir Full of honky tonk angels with their wings on fire Straight pourin' out that Johnnie Walker healin' I got a feelin' I need a neon church Get to sippin' that unholy water Save that hurt-like-hell for tomorrow I'll stay here all night In a neon church with the party crowd Where the good times roll and the music's loud Instead of home starin' holes in the ceiling I got a feeling Is a neon church with a jukebox choir Full of honky tonk angels with their wings on fire Straight pourin' out that Johnnie Walker healin' I got a feelin' I need a neon church","Ben Goldsmith, Ben Stennis, Ross Ellis Lipsey","Byron Gallimore, Tim McGraw",401
Sixteen,Thomas Rhett,NA,2018,"Take a left here boy, take it slow Don't get distracted by that radio I just rolled my eyes and I said, Daddy, I know I'm fifteen, I ain't green like some ol' ten year old What I wouldn't give to be sixteen, wild and free Cruisin' up and down main in my F-150 Roll the windows down, bass too loud from this burnt CD I'll be right where I wanna be when I'm sixteen Sixteen, yeah Now that I can drive, finally feel alive, but I got this curfew Sneakin' in late, smelling like my girlfriend's perfume People talk about college and knowledge and that's alright But all I'm thinkin' 'bout is an unsupervised Saturday night What I wouldn't give to be eighteen, wild and free Buzzin' off a can of the grizzly wintergreen Lookin' old enough to pull off this fake ID I'll be right where I wanna be When I'm eighteen Eighteen, yeah I'm old enough to smoke I'm old enough to vote But they turn me away when I go to the Cotton Eyed Joe They say the grass is always greener And I believe that's right But my friends are off to Vegas, they're leavin' me behind What I wouldn't give to be twenty one, wild and free Open up a cold one and drink it legally Chase a bunch of girls, go see the world Let my wild streak run I'll be right where I wanna be When I'm twenty one, twenty one Woah, when I'm twenty one Yeah, when I'm twenty one, it'll be alright Yeah, it'll be alright, when I'm twenty one Now I'm twenty five and I'm drinking wine with my wife at home Got a couple of dogs and a couple of songs on the radio And we sit around and we laugh about how we used to be When all we cared about was turning sixteen","Thomas Rhett, Sean Douglas, Joe Spargur","Dann Huff, Jesse Frasure, Thomas Rhett",402
Better Boat,Kenny Chesney,Mindy Smith,2018,"I ain't lonely, but I spend a lot of time alone More than I'd like to, but I'm okay with staying home My how the last few months have changed I'm smilin' more despite the pain I breathe in, I breathe out Got friends to call who let me talk about What ain't working, what's still hurtin' All the things I feel like cussing out Now and then I let it go I ride the waves I can't control I'm learning how to build a better boat I hate waiting, ain't no patience in these hands I'm not complaining, sometimes it's hard to change a man I think I'm stronger than I was I'll let God do what He does I breathe in, I breathe out Got friends to call who let me talk about What ain't working, what's still hurtin' All the things I feel like cussing out Now and then I let it go I ride the waves I can't control I'm learning how to build a better boat I breathe in, I breathe out Got friends to call who let me talk about What ain't working, what's still hurtin' All the things I feel like cussing out Now and then I let it go I ride the waves I can't control If it's working I don't know When I get done, the thing may not float But I'm learning how to build a better boat","Travis Meadows, Liz Rose","Kenny Chesney, Buddy Cannon",403
On My Way To You,Cody Johnson,NA,2018,"All the boats I've missed All the hell I've caused All the lips I've kissed All the love I've lost I got kicked around I've been black and blue On my way to you All the stars I've seen All the songs I've sung All the beers I've drank All the damage done I was just passing time Kinda just passing thru On my way to you Every curve, every ditch Every turn, every bridge I left behind me up in smoke Every fork in the road It was all worth the while When I finally saw your smile Every highway, every heartbreak Every mountain, every mile I got the radio up Sun is going down I'll take a left at the bank And I'll head straight thru town So baby put on that dress A little sweet perfume Cause I'm on my way to you Every curve, every ditch Every turn, every bridge I left behind me up in smoke Every fork in the road It was all worth the while When I finally saw your smile Every highway, every heartbreak Every mountain, every mile All the boats I've missed All the hell I've caused All the lips I've kissed All the love I've lost I thank God for that I guess he always knew I was on my way to you... On my way to you... On my way to you...","Brett James, Tony Lane",Trent Willmon,404
Never Comin Down,Keith Urban,NA,2018,"I can feel it coming on now As the music plays Taking shots with the night owls As the world just fades away Got a big check in my pocket 'Bout to get it all good Light it up like a rocket We're going all night long Everybody sing ooh, mm I love it when you ooh When the sun goes down, stars come out It's a, can you feel it? Wanna take you by the hand, dancing with my pals Sit around, round, round It was so high, we can paint the sky Tear the top right off the ceiling And I swear we're never, ever, ever coming down Never coming down Oh, oh, ooh yeah It's coming down, can you feel it? Oh, oh Never, ever, ever, never coming down Well the band's on fire And the beer is ice cold We're going down to the wire Then we'll all go rolling home And maybe we'll keep it going 'Til we see that sun Coming up right here, right now I wanna see you move and hear you sing it out loud Ooh When the sun goes down, stars come out It's a, can you feel it? Wanna take you by the hand, dancing with my pals Sit around, round, round It was so high, we can paint the sky Tear the top right off the ceiling And I swear we're never, ever, ever coming down Never coming down Oh, oh, ooh yeah It's coming down, can you feel it? Oh, oh Never, ever, ever, never coming down Oh, oh, ooh yeah It's coming down, can you feel it? Oh, oh Never coming down Dance, baby, dance, baby Don't stop now Dance, baby, dance, baby Don't stop now I said oh now, oh now, oh now, oh now, oh now Dance, baby, dance, baby I said oh now, oh now, oh now, oh now, oh now Wait a minute, baby, tell me one more time She said oh now, oh now, oh now, oh now, oh now When the sun goes down, stars come out It's a, can you feel it? Wanna take you by the hand, dancing with my pals Sit around, round, round It was so high, we can paint the sky With the love right now we're feeling And I swear we're never, ever, ever coming down Never coming down, never coming down Oh, oh, ooh yeah It's coming down, can you feel it? Oh, oh Never, ever, ever, never coming down Oh, oh, ooh yeah It's coming down, can you feel it? Oh, oh Never coming down","Josh Kerr, James Abrahart, Shy Carter","Keith Urban, Josh Kerr",405
Love Wins,Carrie Underwood,NA,2018,"A stray bullet and a momma cries Her baby won't be coming home tonight Sirens screaming down the avenue Just another story on the evening news, oh woah Politics and prejudice How the hell it'd ever come to this When everybody's gotta pick a side It don't matter if you're wrong or right, no, and so it goes But I hold onto hope and I won't let go cause I, I believe you and me are sisters and brothers And I, I believe we're made to be here for each other And we'll never fall if we walk hand in hand Put a world that seems broken together again Yeah I, I believe in the end love wins Sometimes it takes a lot of faith To keep believing there will come a day When the tears and the sadness, the pain and the hate The struggle, this madness, will all fade away, yeah I, I believe you and me are sisters and brothers And I, I believe we're made to be here for each other And we'll never fall if we walk hand in hand Put a world that seems broken together again Yeah I, I believe in the end love wins Love is power, love is a smile Love reaches out, love is the remedy Love is the answer, love's an open door Love is the only thing worth fighting for, yeah I, I believe you and me are sisters and brothers And I, I believe we're made to be here for each other And we'll never fall if we walk hand in hand Put a world that seems broken together again Yeah I, I believe in the end love wins Oh yeah, love wins Love will, love can, love still, love wins Love will, love can, love still, love wins","Carrie Underwood, Brett James, David Garcia","Carrie Underwood, David Garcia",406
Night Shift,Jon Pardi,NA,2018,"It's been a wreck me week Sixty plus from dawn to dusk In the red dirt heat Busting it up for a couple of bucks But it ain't no thing Just another day till I'm on my way To them cool, cool sheets and you and me Working on the night shift, baby Dying for your touch like crazy Racking up the overtime hours Loving how we're working on the night shift, baby Gonna rock it right No need to talk, I know what you want And what you like Cause I do too, yeah I love how you leave on the lights Not a thing between you and me And it feels so nice when you and I are Working on the night shift, baby Dying for your touch like crazy Racking up the overtime hours Loving how we're working on the night shift, baby Yeah, yeah It's been a wreck me week Oh, but who needs sleep? Working on the night shift, baby Dying for your touch like crazy Racking up the overtime hours Loving how we're working on the night shift, baby Loving how we're working on the night shift Loving how we're working on the night shift Working on the night shift, baby","Tofer Brown, Phillip LaRue, Billy Montana","Jon Pardi, Bart Butler",407
Make It Sweet,Old Dominion,NA,2018,"I know it's a drag, I know it's a grind I know that a dollar ain't worth a dime Just trying to keep up with the Joneses at the end of the block I know you get tired, I know you get down I know you get sick of this soul sucking town But let's make a little lemonade if lemons is all we got 'Cause I'm stuck on you, you're stuck on me I never gotta wonder where my honey be I ain't savin' all my sugar for a Saturday night Seven days a week I got an appetite The sunsets like a tangerine, let's find a road we've never seen Don't waste another mile or a minute not kissin' me Life is short, make it sweet Open sky, glimpse of heaven Take the top off the CJ-7 Let that surf-side San Anne wind mess up your hair And let that windshield frame the ocean Radio keep coast-to-coastin' If we don't get where we're going baby I don't care I'm already there 'Cause I'm stuck on you, you're stuck on me I never gotta wonder where my honey be I ain't savin' all my sugar for a Saturday night Seven days a week I got an appetite The sunsets like a tangerine, let's find a road we've never seen Don't waste another mile or a minute not kissin' me Life is short, make it sweet Days will be long but the years will fly right by We'll never be as young as we are tonight Baby, ain't that right, yeah 'Cause I'm stuck on you, you're stuck on me I never gotta wonder where my honey be I ain't savin' all my sugar for a Saturday night Seven days a week I got an appetite The sunsets like a tangerine, let's find a road we've never seen Don't waste another mile or a minute not kissin' me Life is short, make it sweet Life is short, make it sweet Oh, yeah, yeah, yeah, yeah","Matthew Ramsey, Trevor Rosen, Whit Sellers, Geoff Sprung, Brad Tursi, Shane McAnally",Shane McAnally,408
Bucked Off,Brad Paisley,NA,2018,"It's been a great ride but here we sit tonight The look in her eyes says something's wrong This ain't a wild bull, it's just a bar stool But it's all I can do to just hang on And George Strait's on the jukebox in the corner Singing about cowboys riding away, but This ain't my first rodeo Someone's gonna get hurt Whenever someone says we need to talk It feels like there's a number Pinned on to the back of my shirt 'Cause this is where the cowboy gets bucked off Yeah, this is where the cowboy gets bucked off You can go to Houston, Vegas or San Antone And watch a bull rider hit the dirt Or head down to this bar for a little cover charge You can watch me get thrown by her George Strait's on the jukebox again Says if I leave now I can still make Cheyenne, but This ain't my first rodeo Someone's gonna get hurt So hey bartender, give me one more jug It feels like there's a number Pinned on to the back of my shirt 'Cause this is where the cowboy gets bucked off Yeah, this is where the cowboy gets bucked off I think about those nights in Marina Del Rey As this beautiful cowgirl slips away But the pain only lasts so long And when you get bucked off you get back on It feels like there's a number Pinned on to the back of my shirt 'Cause this is where the cowboy gets bucked off Yeah, this is where the cowboy gets bucked off","Brad Paisley, Kelley Lovelace, Chris DuBois","Brad Paisley, Dann Huff",409
Love Ain't,Eli Young Band,NA,2018,"Hotels are made for two-night stays Checkin' in and out Meetin' strangers in the lobby Wakin' up and leavin' town the next day But love ain't And whiskey's poured for when you're bored And alone on Friday night When you wanna lose yourself And need a place to hide from all the pain But love ain't Love ain't you on a sidewalk in your new dress all alone Love ain't you callin' me 'cause he ain't pickin' up his phone The way you're talkin', sounds like he's somebody you should hate I may not know what love is, girl But I know what love ain't Come over, let me show you what he can't 'Cause he can only show you what love ain't Sad movies are for cryin' On the couch there in the dark That sad song, it was written Just to try and get your heart to break But love ain't Love ain't you on a sidewalk in your new dress all alone Love ain't you callin' me 'cause he ain't pickin' up his phone The way you're talkin', sounds like he's somebody you should hate I may not know what love is, girl But I know what love ain't Come over, let me show you what he can't 'Cause he can only show you what love ain't Love ain't Wonderin' what he's doin' Love ain't Feelin' like a fool and You can't Keep lettin' him do it to you 'Cause love ain't you on a sidewalk in your new dress all alone Love ain't you callin' me 'cause he ain't pickin' up his phone The way you're talkin', sounds like he's somebody you should hate I may not know what love is, girl But I know what love ain't Come over, let me show you what he can't 'Cause he can only show you what love ain't Love ain't Love ain't","Ross Copperman, Ashley Gorley, Shane McAnally",Dann Huff,410
Here Tonight,Brett Young,NA,2018,"If ever I get lost in your eyes tonight Please just let me stay right there a little bit longer Underneath the stars, we are on fire And I don't wanna go if you don't wanna go We can just stay here in this minute Lose all track of time Let the world spin on without us for a while I'm telling you, we're just one kiss away from heaven So baby, hold on tight 'Cause I want to get wrapped up in your love So baby, let's just stay here tonight I just wanna linger like this on your lips And taste the salt air on your skin Hold you in my hands Anything and everything, you know that I'm all in We can just stay here in this minute Lose all track of time Let the world spin on without us for a while I'm telling you, we're just one kiss away from heaven So baby, hold on tight 'Cause I want to get wrapped up in your love So baby, let's just stay here tonight, tonight Baby, let's just stay here tonight, tonight, tonight, tonight, yeah Let's just stay right here tonight 'Cause I don't wanna go if you don't wanna go We can just stay here in this minute Lose all track of time Let the world spin on without us for a while I'm telling you, we're just one kiss away from heaven So baby, hold on tight 'Cause I want to get wrapped up in your love So baby, let's just stay here tonight, tonight Baby, let's just stay here tonight, tonight, tonight, tonight, yeah Let's just stay right here tonight","Brett Young, Ben Caver, Justin Ebach, Charles Kelley",Dann Huff,411
The Difference,Tyler Rich,NA,2018,"I'm tired of sleeping on us I'm over dodging this crush I'm sick of waiting 10 minutes just to text you back So you don't get to thinkin' that I'm too attached I'm more than benefit friends I'm more than just a weekend binge I want you to be my hottie riding shottie, I don't want nobody's body but your body, babe All I'm tryna say is There's a difference between ""miss ya"" and ""I miss your face"" And there's a difference in ""What's going on?"" and ""Baby, how was your day?"" Yeah, there's a hell of a difference in saying three words or kinda just meaning two And there's a difference in ""Love ya"" and ""I love you"" And I wanna be the difference, yeah I do I wanna be the difference between ""Hey, what's up?' and ""What are we gonna do tonight?"" Between ""Yeah, she's cool, we hang out sometimes"" and ""That girl right there, she's mine"" Between leading ya on and holdin' your hand Sittin' it out and ""Girl, let's dance"" Between playing it safe and taking the chance Yeah, pumpin' the brakes and hittin' the gas There's a difference between ""miss ya"" and ""I miss your face"" And there's a difference in ""What's going on?"" and ""Baby, how was your day?"" Yeah, there's a hell of a difference in saying three words or kinda just meaning two And there's a difference in ""Love ya"" and ""I love you"" And I wanna be the difference, close the distance And be that puzzle piece you didn't even know you was missing baby Ohh, I wanna be the difference, yeah I do There's a difference between ""miss ya"" and ""I miss your face"" And there's a difference in ""What's going on?"" and ""Baby, how was your day?"" Yeah, there's a hell of a difference in saying three words or kinda just meaning two And there's a difference in ""Love ya"" and ""I love you"" And I wanna be the difference, oh yeah I wanna be the difference I wanna be the difference","Benhamin Burgess, Jacob Durrett, Devin Dawson, Rhett Akins","Scott Borchetta, Julian Raymond, Lindsay Rimes",412
Beautiful Crazy,Luke Combs,NA,2018,"Her day starts with a coffee And ends with a wine. Takes forever getting ready. So, she's never on time For anything. When she gets that come-get-me Look in her eyes, Well, it kinda scares me The way that she drives Me wild. But she drives me wild. Beautiful, crazy. She can't help but amaze me. The way that she dances, Ain't afraid to take chances. And wears her heart on her sleeve. Yeah, she's crazy, But her crazy is beautiful to me. She makes plans for the weekend, Can't wait to go out 'Til she changes her mind. Says, ""Let's stay on the couch And watch TV."" And she falls asleep. Beautiful, crazy. She can't help but amaze me. The way that she dances, Ain't afraid to take chances. And wears her heart on her sleeve. Yeah, she's crazy, But her crazy is beautiful to me. She's unpredictable, unforgettable. It's unusual, unbelievable. How I'm such a fool! Yeah, I'm such a fool for her. Beautiful, crazy. She can't help but amaze me. The way that she dances, Ain't afraid to take chances. And wears her heart on her sleeve. Yeah, she's crazy. She's crazy. She's crazy, But her crazy is beautiful to me. Her crazy is beautiful to me.","Luke Combs, Wyatt Durrette, Robert Williford",Scott Moffatt,413
Love Someone,Brett Eldredge,NA,2018,"Oh baby, would you look right there The way the sun is hitting your hair The way the world just stopped right here In mid-air, I don't ever wanna move You put the cool in the breeze You put the weak here in my knees You put me right where I'm supposed to be In your blue-eyed sea And I wanna sail away 'Cause when I wake up in the middle of the night You're holding me so tight Take whole of me, my oh my Sure feels good to love someone When you laugh at the way I dance When you smile when you hold my hand I look at you and I understand Sure feels good to love someone You knock me out kiss by kiss I need you baby, sip by sip Sit back and let me drink you in I'm falling to you Over and over and over again When I wake up in the middle of the night You're holding me so tight Take whole of me, my oh my Sure feels good to love someone When you laugh at the way I dance When you smile when you hold my hand I look at you and I understand Sure feels good to love someone Everywhere I want to go and Everywhere I want to be at Everywhere I've ever been Everything I'll ever need Is sitting right here next to me When I wake up in the middle of the night You're holding me so tight Take whole of me, my oh my Sure feels good to love someone When you laugh at the way I dance When you smile when you hold my hand I look at you and I understand Sure feels good to love someone Sure feels good","Brett Eldredge, Ross Copperman, Heather Morgan","Ross Copperman, Brett Eldredge",414
Miss Me More,Kelsea Ballerini,NA,2018,"I retired my red lipstick 'cause you said you didn't like it I didn't wear my high heel shoes 'Cause I couldn't be taller than you I didn't wanna lose my friends, but now it's hard to even find them It's what you wanted, ain't it? It's what you wanted I thought I'd miss you (when it ended) I thought it hurt me (but it didn't) I thought I'd miss you I thought I'd miss you But I miss me more I miss my own beat, to my own snare drum I miss me more Miss my own sheets in the bed I made up I forgot I had dreams, I forgot I had wings Forgot who I was before I ever kissed you Yeah, I thought I'd miss you But I miss me more (I miss me more) I put on my old records that I hid in the back of the closet And I turn them up to ten And then I played them all again I found my independence Can't believe I ever lost it What you wanted, ain't it? It's what you wanted I thought I'd miss you (when it ended) I thought it hurt me (but it didn't) I thought I'd miss you Yeah, I thought I'd miss you But I miss me more I miss my own beat, to my own snare drum (I miss me more) Miss my own sheets in the bed I made up I forgot I had dreams, I forgot I had wings Forgot who I was before I ever kissed you Yeah, I thought I'd miss you But I miss me more (I miss me more) I thought I'd miss you I thought it hurt me And I'd wanna kiss you I thought I'd miss you But I miss me more I miss my own beat, to my own snare drum (I miss me more) Miss my own sheets in the bed I made up I forgot I had dreams, I forgot I had wings Forgot who I was before I ever kissed you And I thought I'd miss you But I miss me more (I miss me more) (I miss me more) (I miss me more)","Kelsea Ballerini, David Hodges, Brett McLaughlin","Jason Massey, Forest Glen Whitehead",415
Eyes On You,Chase Rice,NA,2018,"We've been to both Carolina's Seen a big Montana sky Driven up and down the coast a few times London, Paris, paradise But I ain't got much memory of the scenes come to think I miss them all every damn time It's all your fault No matter where we go No matter what we do If you're there girl, I've got my eyes on you Don't matter where we've been No there ain't no better view Than you in my arms with my eyes on you With my eyes on you With my eyes on you Speaking of the coast, remember Pfeiffer beach? You and me, that sunset, cliffs by the sea And the night rolled in And you still talk about that moon that I can't recall But God I saw All I needed too Might as well have stayed in the room No matter where we go No matter what we do If you're there girl, I've got my eyes on you Don't matter where we've been No there ain't no better view Than you in my arms with my eyes on you With my eyes on you With my eyes on you Don't you remember Times Square? And people counting down everywhere 2000-whatever, no I didn't care Cause baby you were there And once again Couldn't help but stare No matter where we go No matter what we do If you're there girl, I've got my eyes on you Don't matter where we've been No there ain't no better view Than you in my arms with my eyes on you Halfway around the world Or the local corner booth Yeah you guessed it girl You know I got my eyes on you We could be on any street Any party, any room I'll be there all night with my eyes on you Don't matter where we've been No there ain't no better view Than you in my arms with my eyes on you","Chris DeStefano, Ashley Gorley, Chase Rice","Chris DeStefano, Jacquire King",416
Caught Up in the Country,Rodney Atkins,Fisk Jubilee Singers,2019,"Square bails, flatbeds Clothesline, sunsets Sky blue, barn red Wind chimes, front porch Good dogs, wood floors Work boots, open doors And miles and miles of John Deere green Freedom far as I can see A road to run and room to breathe That's who I am and I'll always be... Caught up in the country The only way I wanna be Somewhere where the road ends Out there where the creek bends That's where you can find me With them fields of gold Them cotton rows That never endin' sky That take it slow and easy roll, man that's life Caught up in the country Just look at them stars Must be a billion of 'em Just doing they thing Right where God put 'em If this ain't heaven it's halfway there You can feel it in the air Caught up in the country The only way I wanna be Somewhere where the road ends Out there where the creek bends That's where you can find me (Find me) With them fields of gold, them cotton rows That never endin' sky That take it slow and easy roll, man that's life Caught up in the country (I was brought up in it) Caught up in the country (Oh and good Lord willin') (If I have it my way, I'll stay) (Caught up in it, caught up in it) Caught up in the country Somewhere where the road ends Out there where the creek bends That's where you can find me (I was brought up in it) With them fields of gold Them cotton rows That never endin' sky That take it slow and easy roll, man that's life Miles and miles of John Deere green (Caught up in the country) Freedom far as I can see (Caught up in the country) Road to run and room to breathe That's who I am and I'll always be... Caught up in the country Caught up in the country Caught up in the country (Man that's life) Caught up in the country","Connie Harrington, Jordan Schmidt, Mike Walker","Ted Hewitt, Rodney Atkins, Blake Bollinger",417
Rumor,Lee Brice,NA,2019,"Girl you know I've known you forever How many nights have we hung out together Same little crowd, little bar, little town Round this old dance floor My boys are laughing and tap me on the shoulder Making a motion like ""'Could y'all get any closer?"" They wanna know what's up when I'm still holding ya Even when the song is over There's a rumor going round about me and you Stirring up our little town the last week or two So tell me why we even trying to deny this feeling I feel it, don't you feel it too? There's a rumor going round, and round, and round What you say we make it true? We make it true Well I can shut 'em down, tell them all they're crazy I can do whatever you want me to do, baby Or you could lay one on me right now We could really give them something to talk about There's a rumor going round about me and you Stirring up our little town the last week or two So tell me why we even trying to deny this feeling I feel it, don't you feel it too? There's a rumor going round, and round, and round What you say we make it true, baby? Oh be honest girl now Do you want to do this or not? Should we keep 'em talking, girl Or should we just make them stop? There's a rumor going round about me and you Stirring up our little town the last week or two Tell me why we even trying to deny this feeling I feel it, and you feel it too There's a rumor going round, and round, and round What you say we make it... Make it true? What you say we make it true? Yeah","Lee Brice, Kyle Jacobs, Ashley Gorley","Lee Brice, Dan Frizsell, Kyle Jacobs, Jon Stone",418
Girl,Maren Morris,NA,2019,"Man, this shit's unflatterin', all up in my head again I don't feel myself right now, maybe I should just lay down If vanity's my vitamin, well, I don't feel the difference I don't like myself right now, gotta find a way out What you feel is natural But I don't wanna feel this anymore Pick yourself up off the kitchen floor What you waitin' for? Girl, won't you stop your cryin'? I know that you're tryin' Everything's gonna be okay Baby girl, don't you hang your head low Don't you lose your halo Everyone's gonna be okay Baby girl Draw your comparisons, tryin' to find who's lesser than I don't wanna wear your crown, there's enough to go around What you feel is natural (Natural) You don't gotta put up with this anymore (Anymore) Pick yourself up off the kitchen floor (Oh) Tell me what you waitin' for? Girl, won't you stop your cryin'? I know that you're tryin' Everything's gonna be okay Baby girl, don't you hang your head low Don't you lose your halo Everyone's gonna be okay Baby girl Girl, don't hang your head low Don't lose your halo, don't lose your halo Girl, don't hang your head low Don't lose your halo, oh Girl, won't you stop your cryin'? I know that you're tryin' Everything's gonna be okay Baby girl, don't you hang your head low Don't you lose your halo Everyone's gonna be okay Baby girl, won't you stop your cryin'? (Won't you stop your cryin'?) I know that you're tryin' Everything's gonna be okay (Everything's gonna be okay) Baby girl, don't you hang your head low Don't you lose your halo Everyone's gonna be okay (Everyone's gonna be okay) Baby girl Everyone's gonna okay, baby Mm mm mm, mm mm mm Hoo hoo hoo, hoo","Maren Morris, Greg Kurstin, Sarah Aarons",Greg Kurstin,419
Whiskey Glasses,Morgan Wallen,NA,2019,"Pour me, pour me another drink Cause I don't wanna feel a thing No more, hell nah I just wanna sip it til the pain wears off Pour me, pour me another round Line'em up and knock'em down Two more, let's go Cause I ain't ever hurt like this before Don't wanna think about her, or wear a ring without her Don't wanna hit the karaoke bar, can't sing without her So make them drinks strong, cause brother she's gone And if I'm ever gonna move on I'ma need some whiskey glasses Cause I don't wanna see the truth She's probly makin' out on the couch right now with someone new Yea I'ma need some whiskey glasses If I'm gonna make it through If I'ma be single I'ma need a double shot of that heartbreak proof And see the world through whiskey glasses See the world through whiskey glasses Last call, I swear this'll be my last call Now I ain't drunk dialin' no more at 3am Mr. Bartender hit me again Don't wanna think about her, or wear a ring without her Don't wanna hit the karaoke bar, can't sing without her So make them drinks strong, cause brother she's gone And if I'm ever gonna move on I'ma need some whiskey glasses Cause I don't wanna see the truth She's probly makin' out on the couch right now with someone new Yea I'ma need some whiskey glasses If I'm gonna make it through If I'ma be single I'ma need a double shot of that heartbreak proof And see the world through whiskey glasses Oh see the world through whiskey glasses, yeah Line'em up, line'em up, line'em up, line'em up Knock 'em back, knock 'em back, knock'em back, knock'em back Fill'em up, fill'em up, fill'em up, fill'em up, Cause if she ain't ever comin' back Line'em up, line'em up, line'em up, line'em up Knock'em back, knock'em back, knock'em back, knock'em back Fill'em up, fill'em up, fill'em up, fill'em up, Cause if she ain't ever comin' back I'ma need some whiskey glasses Cause I don't wanna see the truth She's probly makin' out on the couch right now with someone new Yea I'ma need some whiskey glasses If I'm gonna make it through If I'ma be single I'ma need a double shot of that heartbreak proof And see the world through whiskey glasses Ohh see the world through whiskey glasses, yeah See the world through whiskey glasses, yeah","Ben Burgess, Kevin Kadish",Joey Moi,420
Good As You,Kane Brown,NA,2019,"See the way you're taking care of your Mama The way you're taking care of me The way you light up any room, girl You're what this world should be Tomorrow, tonight, the rest of my life I wanna be the man you want me to be So startin' right now, girl, tell me everything you need I just wanna wake up everyday here in this bed Never leave 'I love you' left unsaid It might take a hundred lifetimes to do But baby, I just wanna be good as you Girl, you're more than just the surface Yeah, you got that heart of gold (heart of gold) So when it comes to loving you, baby No, it will never get old Tomorrow, tonight, the rest of my life I wanna be the man you want me to be So startin' right now, girl, tell me everything you need I just wanna wake up everyday here in this bed Never leave 'I love you' left unsaid It might take a hundred lifetimes to do (lifetimes to do) But baby, I just wanna be good as you Good as you, baby I just wanna wake up everyday here in this bed Never leave I love you left unsaid It might take a hundred lifetimes to do But baby, I just wanna be good as you I just wanna wake up everyday here in this bed (here with you, baby) Never leave I love you left unsaid (never leave it unsaid) It might take a hundred lifetimes to do (a hundred lifetimes to do) But baby, I just wanna be good as you Baby, I just wanna be good as you","Kane Brown, Robert Brock Berryhill, Shy Carter, Taylor Phillips, William Bradfore Weatherly",Dann Huff,421
Feels Like A Party,LOCASH,NA,2019,"It feels like a party It feels like a party Everybody's showing up, ooh yeah It's gotta be the whole town Got a parking lot full of trucks, oh So I know I'm in a party crowd It's only 8 and the speakers are banging Yeah this place is already lit Good thing I decided to roll up tonight This one that I don't wanna miss It feels like a party It feels like a damn good time to me A bunch of country girls and back road boys All here to drink and sing So go on pour me something cold 'Cause we ain't bout to leave Feels like a party It feels like party to me Make you wanna get your hands up, side to side Get your hands up, side to side Make you wanna get your hands up, side to side Get your hands up, side to side Every time a beat drops Something gon' be going down Already know we ain't about to stop We'll rock till the sun come back around Yeah, right now there's nowhere else I'd rather be Than with y'all if you ask me It feels like a party It feels like a damn good time to me A bunch of country girls and back road boys All here to drink and sing So go on pour me something cold 'Cause we ain't about to leave Feels like a party It feels like party to me If it looks like a party Sounds like a party It's gon' be a party to me If it tastes like a party Shakes like a party It's gon' be a party to me Yeah, it feels like a party It feels like a damn good time to me A bunch of country girls and back road boys All here to drink and sing So go on pour me something cold 'Cause we ain't about to leave Feels like a party It feels like party to me Make you wanna get your hands up, side to side Get your hands up, side to side Make you wanna get your hands up, side to side Get your hands up, side to side","Chris Lucas, Corey Crowder, Preston Brust, Tyler Hubbard","Corey Crowder, Tyler Hubbard, Lindsay Rimes, Jordan Schmidtz",422
Talk You Out Of It,Florida Georgia Line,NA,2019,"Girl I know you had a long day You ain't feelin' them downtown lights But I got a bottle at your favorite place Just waitin' for us in a bucket on ice Damn, I didn't think it'd be that easy 'Cause now you're gettin' ready I'm just sittin' there watchin' TV Here you come lookin' like a grown man's dream Damn, I can't believe, I can't believe I talked you into slippin' down the hall, baby, turn it on Your playlist you play when you're in the shower Talked you into taking up my time, making up your mind Switching back and forth for an hour And now you're lookin' like a line from a Vandross song I'm looking at the fine little dress you got on Don't get me wrong, girl, I love it Now I just wanna talk you out of it Yeah, as cool at it would be Watchin' people wonder who you are Oh, we should just say we did, we can start with a kiss And pretend we just got back from the bar I talked you into slippin' down the hall, baby, turn it on Your playlist you play when you're in the shower Talked you into taking up my time, making up your mind Switching back and forth for an hour And now you're lookin' like a line from a Vandross song I'm looking at the fine little dress you got on Don't get me wrong, girl, I love it Now I just wanna talk you out of it Yeah, it's a little cold outside The music's probably way too loud To hear you laugh And there's a look in your eyes Looks like we ain't leavin' now Girl, I'm so glad, I'm so glad I talked you into slippin' down thae hall, baby, turn it on Your playlist you play when you're in the shower Talked you into taking up my time, making up your mind Switching back and forth for an hour And now you're lookin' like a line from a Vandross song I'm looking at the fine little dress you got on Don't get me wrong, girl, I love it Now I just wanna talk you out of it","Alysa Vanderheym, Hunter Phelps, Jameson Rodgers, Michael Hardy",Joey Moi,423
Raised on Country,Chris Young,NA,2019,"Got a little southern drawl in my talk Little pickup truck on my highway Got a little boot stomp in my walk Little neon light in my Friday Got some Tennessee in my whiskey Raise a cup up if you with me I was raised on Merle, raised on Willie Got my Honky Tonk attitude from Joe Diffie Daddy did too, it's family tradition If someone cranks it up, you can't help but listen My upbringing sounds like George Strait singing And I gotta give props to the radio 'Cause if you know me, I was raised on country It's the only reason that I survived Every breakup and every party It's the soundtrack to my life It onky Tonk attitude from Joe Diffie Daddy did too, it's family tradition If someone cranks it up, you can't help but listen My upbringing sounds like George Strait singing And I gotta give props to the radio 'Cause if you know me, I was raised on country I was raised on country Learned a lot about living and a little 'bout love (Raised on country music) And you know that's something I'm so proud of I was raised on Merle, raised on Willie Got my Honky Tonk attitude from Joe Diffie Daddy did too, it's family tradition If someone cranks it up, you can't help but listen My upbringing sounds like George Strait singing And I gotta give props to the radio 'Cause if you know me, I was raised on country Yeah, I was raised on country (Raised on country music) I was raised on country (Raised on country music)","Cary Ryan Barlowe, Christopher Alan Young, Corey Justin Crowder","Corey Crowder, Chris Young",424
Buy My Own Dranks,Runaway June,NA,2019,"Mmm yeah Mmm hmm Well since we been done I’ve been trying to un-fall apart And I’ve been thinking that some neon lights Would be a real good start Well I called a couple friends But they all say they’re staying in So I guess I’m going out on my own I might be heart broke But that don’t mean that I gotta stay home, yeah I can buy my own drinks And I can pay my own tab And at the end of the night when they cut on all the lights I can call my own cab I can drop my own change in the jukebox I can dance all by myself ‘Til I can stop thinkin’ ‘bout drinkin’ ‘bout him I don’t need nobody else Yeah, I can buy my own drinks (Tonight, tonight, tonight) Yeah, I can buy my own drinks (Tonight, tonight, tonight) I found myself a dive The type that he would never walk in And then a guy at the bar sees an empty drink in my hand Yeah, I said, ""It's sweet of you to ask If you could fill my glass But I’m gonna have to pass this time"" Me and myself, well, yeah we’re doing just fine I can buy my own drinks And I can pay my own tab And at the end of the night when they cut on all the lights I can call my own cab I can drop my own change in the jukebox I can dance all by myself ‘Til I can stop thinkin’ ‘bout drinkin’ ‘bout him I don’t need nobody else Yeah, I can buy my own drinks (Tonight, tonight, tonight) Yeah, I can buy my own drinks (Tonight, tonight, tonight) I can walk my own self to the front door I can take my own self to bed I can medicate my own headache Yeah, I can be my own boyfriend And I can buy my own drinks I can pay my own tab And at the end of the night when they cut on all the lights I can call my own cab I can drop my own change in the jukebox I can dance all by myself (No time to stop) ‘Til I can stop thinkin’ ‘bout drinkin’ ‘bout him I don’t need nobody else Yeah, I can buy my own drinks (Tonight, tonight, tonight) Yeah, I can buy my own drinks (Tonight, tonight, tonight) I can drop my own change in the jukebox (Tonight, tonight, tonight) (Thinkin’ ‘bout drinkin’ ‘bout him) I can dance all by myself (Tonight, tonight, tonight)","Naomi Cooke, Josh Kear, Hillary Lindsey, Hannah Mullholand, Jennifer Wayne",Dann Huff,425
Every Little Honky Tonk Bar,George Strait,NA,2019,"Whiskey is the gasoline that lights the fire that burns the bridge Ice creates the water that's no longer runnin' under it Stool holds the fool that pours the whiskey on his broken heart The cigarettes create the smoke that hides the lonesome in his eye The jukebox plays Hank, ""I'm So Lonesome I Could Cry"" The dance floor holds the folks trying to forget who they are And that's what happens in every little honky tonk bar Friday night, it's a given I'll be L-I-V-N, livin' We'll dance on the bar 'til we're sleeping it off in the car Monday morning, it's a given I'll be D-R-A-G-N, draggin' And that's what happens in every little honky tonk bar Neon lights flashin' bright 'til you're almost hypnotized Waitress, short skirt, gets hit on by every guy Comin' and goin', always rollin' with the flow Bartender pourin' drinks, Código do a shot You think you're tall and bulletproof until somebody says you're not You step outside thinkin' you're gonna show 'em you are And that's what happens in every little honky tonk bar Friday night, it's a given We'll be L-I-V-N, livin' We'll dance on the bar 'til we're sleeping it off in the car Monday morning, it's a given We'll be D-R-A-G-N, draggin' And that's what happens in every little honky tonk bar Yeah that's what happens in every little honky tonk bar Whiskey is the gasoline that lights the fire that burns the bridge","George Strait, Bubba Strait, Dean Dillon","Chuck Ainlay, George Strait",426
Look What God Gave Her,Thomas Rhett,NA,2019,"Don't even want the attention But yeah, that's all that she's getting Her song is on and she's spinning around, yeah She got me drunk like Corona Heart racing like it's Daytona Ooh, I'm in Heaven I swear right now And those eyes can hypnotize Was designed to blow my mind Look what God gave her, how perfect He made her She walks in the room, it's like He answered my prayers The way that she moves, how could anybody blame her? I know she's got haters, but it ain't her fault, nah Look what God gave her It's like I heard angels singing Like she came down from the ceiling When she walked in here this evening, I thought, yeah That girl, one in seven billion Got everyone in here feeling Like there's a fire in this building, so hot Got a smile on her angel face I know I'll never lose my faith Look what God gave her, how perfect He made her She walks in the room, it's like He answered my prayers The way that she moves, how could anybody blame her? I know she's got haters, but it ain't her fault, nah Look what God gave her Got that look in her eyes Swear she fell right out the sky Yeah, I think I've seen the light Every kiss, I could die It's like the Heavens opened wide Man, I swear I've seen the light, oh Look what God gave her, how perfect He made her She walks in the room, it's like He answered my prayers The way that she moves, how could anybody blame her? I know she's got haters, but it ain't her fault, nah Look what God gave her Ooh, look what God Look what God gave her Oh, look what God gave her","Thomas Rhett, Rhett Akins, Julian Bunetta, Josh Ryan, Jacob Kashar, Ammar Malik","Dan Huff, Julian Bunetta, Thomas Rhett",427
Some of It,Eric Church,NA,2019,"Beer don't keep Love's not cheap And trucks don't wreck themselves Mama ain't a shrink Daddy ain't a bank And God ain't a wishin' well Money ain't rich Everybody sins And nobody wins in a fight And sometimes wrong gets right Some of it you learn the hard way Some of it you read on a page Some of it comes from heartbreak Most of it comes with age And none of it ever comes easy A bunch of it you maybe can't use I know I don't probably know what I think I do But there's somethin' to Some of it Girls like to laugh Tears don't last And scared's what praying's for If it's close, swing the bat Everybody's gotta past And love's worth living for When you dance, hold her close 'Til it breaks, go for broke Be the first to reach for her hand No you don't get to do some things again Some of it you learn the hard way Some of it you read on a page Some of it comes from heartbreak Most of it comes with age And none of it ever comes easy A bunch of it you maybe can't use I know I don't probably know what I think I do But there's somethin' to Some of it When you can't take it slow 'Cause time sure won't What really makes you a man Is being true to her 'til your glass runs out of sand Some of it you learn the hard Some of it you read on a page Some of it comes from heartbreak Most of it comes with age And none of it ever comes easy A bunch of it you maybe can't use I know I don't probably know what I think I do But there's somethin' to Some of it Some of it","Eric Church, Jeff Hyde, Clint Daniels, Bobby Pinson",Jay Joyce,428
What Happens in a Small Town,Brantley Gilbert,Lindsay Ell,2019,"I can't go for a ride to clear my head 'Cause everything I pass puts you back in it Yeah, we're done, moving on But you can't be too far gone 'Cause what happens in a small town stays in a small town Every back road we've ever gone down Friday night bleachers, Sunday pews Ain't a county line mile without a memory of you Every whisper, every room I walk in Every time the bartender fills it up again Everybody knows why I'm here And you ain't around 'Cause what happens in a small town stays in a small town Oh, we said this goodbye was the last I guess I could leave, I could run from the past And from us, and from you But this is where I belong, this is my home too What happens in a small town stays in a small town Every back road we've ever gone down Friday night bleachers, Sunday pews Ain't a county line mile without a memory of you Every whisper, every room I walk in Every time the bartender fills it up again Everybody knows why I'm here And you ain't around 'Cause what happens in a small town stays in a small town And I'm still here And every time I see that little white Jeep Yeah, that hand-me-down Ford pulling down your street I wonder if somebody's in my seat If you're moving on, or you're stuck like me? 'Cause what happens in a small town stays in a small town Oh yeah What happens in a small town stays in a small town Every back road we've ever gone down Friday night bleachers, Sunday pews Ain't a county line mile without a memory of you Every whisper, every room I walk in Every time the bartender fills it up again Everybody knows why I'm here And you ain't around (you ain't around) 'Cause what happens in a small town stays in a small town Stays in a small town Stays in a small town Now I'm still here (What happens in a small town) I'm still here (Stays in a small town) I'm still here Yeah I'm still here I'm still here","Brantley Gilbert, Rhett Akins, Brock Berryhill, Josh Dunne",Dann Huff,429
Somebody's Daughter,Tenille Townes,NA,2019,"I drive home the same way Two left turns off the interstate And she's always standing At the stoplight on 18th Street She could be a Sarah She could be an Emily An Olivia, maybe Cassidy With the shaky hands On the cardboard sign And she's lookin' at me Bet she was somebody's best friend laughing Back when she was somebody's sister Countin' change at the lemonade stand Probably somebody's high school first kiss Dancin' in a gym where the kids all talk about someday plans Now this light'll turn green and I'll hand her a couple dollars And I'll wonder if she got lost or they forgot her She's somebody's daughter Somebody's daughter Somebody's daughter Did she give up wondering where the cars all go? And can she even tell that I don't know what to say? So I just nod my head and wave Well, no one's gonna ask what she wants to be Or why we're both stuck here And whether it shines or rains Bet she was somebody's best friend laughing Back when she was somebody's sister Countin' change at the lemonade stand Probably somebody's high school first kiss Dancin' in a gym where the kids all talk about someday plans Now this light'll turn green and I'll hand her a couple dollars Oh, and I'll wonder how she felt when no one caught her She's somebody's daughter Somebody's daughter Somebody's daughter Somebody's daughter Oh, I don't know the reasons why I'm the one who's driving by And she's the one on the corner of 18th Street Bet she was somebody's best friend Back when she was somebody's sister Bet she was somebody's first kiss Oh, Dancing in a gym where the kids all talk about someday, someday Now this light'll turn green and I'll hand her a couple dollars Oh, and I'll wonder if she got lost or they forgot her She's somebody's daughter She's somebody's daughter","Tenille Townes, Barry Dean, Luke Laird",Jay Joyce,430
All To Myself,Dan + Shay,NA,2019,"I'm jealous of the blue jeans that you're wearing And the way they're holding you so tight I'm jealous of the moon that keeps on staring So lock the door and turn out the night I want you all to myself We don't need anyone else Let our bodies do the talking Let our shadows paint the wall I want you here in my arms We'll hide away in the dark Slip your hand in my back pocket Go and let your long hair fall I want you all to myself, to myself I'm jealous of the song that you've been singing And the way it's rolling off your lips It might be selfish but I'm thinking I don't need nothing between you Leaning for another kiss, yeah I want you all to myself We don't need anyone else Let our bodies do the talking Let our shadows paint the wall I want you here in my arms We'll hide away in the dark Slip your hand in my back pocket Go and let your long hair fall I want you all, all, all to myself, to myself, yeah Girl, I want you in the worst way Yeah, I want you in the worst way I want you all to myself We don't need anyone else Let our bodies do the talking Let our shadows paint the wall I want you here in my arms We'll hide away in the dark Slip your hand in my back pocket Go and let your long hair fall I want you all, all, all to myself, to myself I want you all, all, all to myself, to myself, yeah","Dan Smyers, Shay Mooney, Jordan Reynolds, Nicolle Galyon","Dan Smyers, Scott Hendricks",431
God's Country,Blake Shelton,NA,2019,"Right outside of this one church town There's a gold dirt road to a whole lot of nothin' Got a deed to the land, but it ain't my ground This is God's country We pray for rain, and thank Him when it's fallen 'Cause it brings a grain and a little bit of money We put it back in the plate I guess that's why they call it God's country I saw the light in the sunrise Sittin' back in the 40 on the muddy riverside Gettin' baptized in holy water and shine With the dogs runnin' Saved by the sound of the been found Dixie whistled in the wind, that'll get you Heaven bound The Devil went down to Georgia, but he didn't stick around This is God's country We turned the dirt and worked until the week's done We take a break and break bread on Sunday And then do it all again 'Cause we're proud to be from God's country (Yeah, yeah) I saw the light in the sunrise Sittin' back in the 40 on the muddy riverside Gettin' baptized in holy water and shine With the dogs runnin' Saved by the sound of the been found Dixie whistled in the wind, that'll get you Heaven bound The Devil went down to Georgia but he didn't stick around This is God's country (Yeah) God's country I don't care what my headstone reads Or what kind of pine wood box I end up in When it's my time, lay me six feet deep In God's country (Yeah, yeah) I saw the light in the sunrise Sittin' back in the 40 on the muddy riverside Gettin' baptized in holy water and shine With the dogs runnin' Saved by the sound of the been found Dixie whistled in the wind, that'll get you Heaven bound The devil went down to Georgia but he didn't stick around This is God's country (God's country) Yeah, I saw the light in the sunrise Sittin' back in the 40 on the muddy riverside Gettin' baptized in holy water and shine With the dogs runnin' Saved by the sound of the been found Dixie whistled in the wind, that'll get you Heaven bound The Devil went down to Georgia but he didn't stick around This is God's country","Devin Dawson, Jordan Schmidt, Hardy",Scott Hendricks,432
The Ones That Didn't Make It Back Home,Justin Moore,NA,2019,"Tour was up, middle of June She was planning a welcome home barbeque Green bean casserole, Grandma's recipe There was a knock on the door 'round two o'clock Two uniforms and her heart stopped Yellow ribbon 'round an oak tree Blowin' in the breeze Here's to the ones that didn't make it back home The ones we ain't seen in so long The hold up a beer ones, the wish they were here ones The not forgotten but gone They're in a better place up there But they sure left a hole down here We just go on livin' and go on missin' the ones The ones that didn't make it back home The whole town shut down, the whole town showed up Sang Amazing Grace, watched a slideshow of His 22 years There was laughs and there was tears And that preacher talked about sacrifice And traffic stopped for them Cadillac lights Johnny sold beer half price that night And everybody raised 'em high, singin' Here's to the ones that didn't make it back home The ones we ain't seen in so long The hold up a beer ones, the wish they were here ones The not forgotten but gone They're in a better place up there But they sure left a hole down here We just go on livin' and go on missin' the ones The ones that didn't make it back home Back to that front porch Back through that front door To the life they were fightin' for Here's to the ones that didn't make it back home The ones we ain't seen in so long The hold up a beer ones, the wish they were here ones The not forgotten but gone They're in a better place up there But they sure left a hole down here We just go on livin' and go on missin' the ones The ones that didn't make it back home The ones that didn't make it back home","Justin Moore, Paul DiGiovanni, Chase McGill, Jeremy Stover","Jeremy Stover, Scott Borchetta",433
Rearview Town,Jason Aldean,NA,2019,"Wipe the footprints off my dash Tore up those sun-faded photographs Threw 'em in the wind, ya'll can have it back I'm outta here I stuck my middle finger up in the sky Flipped off that ""ya'll come back"" sign Looked in the mirror one last time And watched it disappear It ain't nothin' but a rearview town Broken hearts and rusted plows Roots ripped right up out of the ground Never thought I'd ever leave it It ain't nothin' what it used to be Population minus me On the other side of that dust cloud Ain't nothin' but a rearview town I could tough it out, but what's the use? A place that small, it's hard to do Too much of her to run into And so much road to somewhere new It ain't nothin' but a rearview town Broken hearts and rusted plows Roots ripped right up out of the ground Never thought I'd ever leave it It ain't nothin' what it used to be Population minus me On the other side of that dust cloud Ain't nothin' but a rearview town It ain't nothin' but yesterday One less truck rollin' down Main Ain't nothin' left to say It ain't nothin' what it used to be Population minus me On the other side of that dust cloud Ain't nothin' but a rearview town Ain't nothin' but a rearview town","Kelley Lovelace, Bobby Pinson, Neil Thrasher",Michael Knox,434
Knockin' Boots,Luke Bryan,NA,2019,"This truck needs a half tank These wheels need a two lane This radio needs three songs to play To get me 'cross town to you That dress needs a slip-off That hair needs to come down Friday nights need to do What Friday nights need to do That's the truth Yeah birds need bees and ice needs whiskey Boys like me need girls like you to kiss me Fishin' in the dark needs nitty gritty Under that pale moon Sweet tea needs that sugar stirrin' Small town nights need both ends burnin' Shades need drawin', hearts need fallin' Boots need knockin', knockin' boots Knockin' boots, me and you, oh Long weeks need a weekend Cheap drinks need a slingin' That dance floor needs some me on you And you on me tonight Sing-alongs need to be sung Tip bells need to be rung Last calls need to call that cab And back seats need ""I want you so bad"" Yeah birds need bees and ice needs whiskey Boys like me need girls like you to kiss me Fishin' in the dark needs nitty gritty Under that pale moon Sweet tea needs that sugar stirrin' Small town nights need both ends burnin' Shades need drawin', hearts need fallin' Boots need knockin', knockin' boots Knockin boots, girl, me and you Doors need shuttin' Lights need cuttin' Lips need lockin' Boots need knockin' And birds need bees and ice needs whiskey Boys like me need girls like you to kiss me Fishin' in the dark needs nitty gritty Under that pale moon Sweet tea needs that sugar stirrin' Small town nights need both ends burnin' Shades need drawin', hearts need fallin' Boots need knockin', knockin' boots Knockin' boots, me and you Oh, knockin' boots","Jon Nite, Hillary Lindsey, Gordie Sampson","Jeff Stevens, Jody Stevens",435
Closer To You,Carly Pearce,NA,2019,"I got a fast car, gassed up, sitting in the drive way Got a road that I know like the back of my hand We could head out right now, baby, we could fly away Disappear outta here fast as we can Ooo, I miss you, baby Ooo, I'm going crazy There's a diamond sky that's waiting us just outside of town With the moon hanging for me and you, baby We can cut the headlights out when there ain't no one else around Kill the space in between, slide across that leather bum seat Heart to heart, face to face, you know all I wanna do Is get closer, closer, closer to you Closer to you Wanna taste that grey wide open freedom Wanna make the distance razor thin Wanna feel you feel me feel you breathing Till we can't tell where you end and where I begin There's a diamond sky that's waiting us just outside of town With the moon hanging for me and you, baby We can cut the headlights out when there ain't no one else around Kill the space in between, slide across that leather seat Heart to heart, face to face, you know all I wanna do Is get closer, closer, closer to you Closer to you Ooo, I miss you, baby Ooo, I'm going crazy There's a diamond sky that's waiting us just outside of town With the moon hanging for me and you, baby We can cut the headlights out when there ain't no one else around Kill the space in between, slide across that leather seat Heart to heart, face to face, you know all I wanna do Is get closer, closer, closer to you Closer to you Closer, closer, closer to you Closer to you","Hillary Lindsey, Gordie Sampson, Troy Verges",busbee,436
Love You Too Late,Cole Swindell,NA,2019,"I wish this whisky Would make her miss me Like I wish she did, I wish she did Pouring up another one Won't change what I should've done Before she left, now all that's left is Mile by mile and city by city she's Getting over me and man it ain't pretty, no She's out there rolling down some old interstate Wide open, wide open, couldn't make her stay Probably cranking up some new freedom song Wide open, wide open, won't pick up the phone While I'm dying here tonight Staring goodbye in the face Saying I love you too late Too late I can't take back what I never said but If I could, man I would Try and make her see That me and Tennessee want her back I wish it worked like that, yeah If I had half a clue where she was heading now I'd do what I had to do to make her turn that car around She's out there rolling down some old interstate Wide open, wide open, couldn't make her stay Probably cranking up some new freedom song Wide open, wide open, won't pick up the phone While I'm dying here tonight Staring goodbye in the face Saying I love you too late Too late Yeah I shoulda held her close I shoulda let her know How I felt about her Bout a couple county lines ago She's out there rolling down some old interstate Wide open, wide open, I couldn't make her stay Probably cranking up some new freedom song Wide open, wide open, won't pick up her phone While I'm dying here tonight Staring goodbye in the face Saying I love you too late Too late, yeah I love you too late I can't take back what I never said but If I could, damn I would","Cole Swindell, Michael Carter, Brandon Kinney",Michael Carter,437
Thought About You,Tim McGraw,NA,2019,"Saw a young momma laughin' and talkin' on the phone With a little girl workin' on an ice cream cone Drippin' on her shoes And I thought about you Saw a spring break Honda hell-bent for Daytona The boys in the back hiding their Corona Like kids do And I thought about you I thought about me I thought about God Everything love is And everything it's not I thought about songs that make us feel better I thought about fate that ties it all together I thought about now, and I thought about forever I thought about fire and how we walk through it The times I got it right, the times I blew it I thought about real, I thought about good, and I thought about true And I thought about you I saw ""hungry"" misspelled on a cardboard sign And a dirty t-shirt that said ""Roll Tide"" So I gave him a few And I thought about you Ran into a buddy, he said ""How long's it been?"" I said ""A couple of years,"" he said ""Boy, it's been ten"" That's what time'll do And I thought about you I thought about songs that make us feel better I thought about fate that ties it all together I thought about now, and I thought about forever I thought about fire and how we walk through it The times I got it right, the times I blew it I thought about real, I thought about good, and I thought about true And I thought about you I thought about you I thought about me I thought about God Everything love is And everything it's not I saw a red balloon somebody just let fly I watched it gettin' smaller up in the sky For a minute or two And I thought about you","Brad Warren, Brett Warren, Lee Thomas Miller",Byron Gallimore,438
Beer Never Broke My Heart,Luke Combs,NA,2019,"I've had a largemouth bass bust my line A couple beautiful girls tell me goodbye Trucks break down, dogs run off Politicians lie, been fired by the boss It takes one hand to count the things I can count on No, there ain't much, man, that ain't never let me down Long neck ice cold beer never broke my heart Like diamond rings and football teams have torn this boy apart Like a neon dream, it just dawned on me, that bars and this guitar And long neck ice cold beer never broke my heart She was a Carolina blue jean baby Fire in her eyes that drove me crazy It was red taillights when she left town If I didn't know then, I sure know now But long neck ice cold beer never broke my heart Like diamond rings and football teams have torn this boy apart Like a neon dream, it just dawned on me, that bars and this guitar And long neck ice cold beer never broke my heart It takes one hand to count the things I can count on But I got one hand that's gripping down on a cold one 'Cause long neck ice cold beer never broke my heart Like diamond rings and football teams have torn this boy apart Like a neon dream, it just dawned on me, that bars and this guitar And long neck ice cold beer never broke my heart, no It never broke my heart","Luke Combs, Randy Montana, Jonathan Singleton",Scott Moffatt,439
What If I Never Get Over You,Lady Antebellum,NA,2019,"It's supposed to hurt, it's a broken heart But to movin' on is the hardest part It comes in waves, the letting go But the memory fades, everybody knows Everybody knows What if I'm tryin', but then I close my eyes And then I'm right back, lost in that last goodbye? And what if time doesn't do what it's supposed to do? What if I never get over you? Maybe months go by, maybe years from now And I meet someone and it's workin' out Every now and then, he can see right through 'Cause when I look at him Yeah, all I see is you What if I'm tryin', but then I close my eyes And then I'm right back, lost in that last goodbye? And what if time doesn't do what it's supposed to do? What if I never get over you? Ooh yeah What if I never get over? What if I never get closure?…","Ryan Hurd, Sam Ellis, Laura Veltz, Jon Green",Dann Huff,440
We Were,Keith Urban,NA,2019,"We were just a couple years short of the age By my name on a fake ID And still 'bout a hundred away from the day Your daddy said you could run with me We were a couple of line steppers Who just couldn't wait to step over the line Never thinkin' we wouldn't last I was your first and you were mine And we were leather jackets hangin' onto a Harley Two heartbeats in the moonlight (We were) both feet hangin' out over the edge Of a water tower skyline At least there's a little bit of sweet in the bitter Though a part of me is always gonna miss her I am who I am, I just miss who I was when we were Mm-mm We were gonna make it, weren't we, baby? Had it all laid out in our mind By the time we knew time was runnin' out We done run out of time And we were downtown Saturday night Last-call cover band 'Til the last song played, never thought we'd fade Like the stamp on the back of her hand We were her on my shoulders, lighter in the air ""Pour Some Sugar On Me"" We were top down at Johnson's field When she whispered that she wants me At least there's a little bit of sweet in the bitter Though a part of me is always gonna miss her I am who I am, I just miss who I was when we were Mm-mm And we were leather jackets hangin' onto a Harley Two heartbeats in the moonlight (We were) both feet hangin' out over the edge Of a water tower skyline At least there's a little bit of sweet in the bitter Though a part of me is always gonna miss her I am who I am, I just miss who I was when we were Mm, yes I do Friends say, ""Oh well, let that ship sail"" ""You gotta let go of her"" ""Just wasn't meant to be"" But somewhere down deep I still believe That we were","Eric Church, Harold Ryan Tyndell, Jeff Hyde","Dann Huff, Keith Urban",441
Every Little Thing,Russell Dickerson,NA,2019,"My baby, she's Alabama A dixie land delight, kissin' me like molasses Slow and sweet, mhm just right She's an endless August summer Sunshine 365 When she forgets the punch line, it still gets me every time Cause I love every little, every little, every little thing about her love Just a little, just little, just a little ain't enough Gotta get a, gotta get a, get a little more of all she does Cause I love every little, every little, every little thing about her love Yeah, she's Seattle and Sonoma Runs on coffee and red wine She's easy like Sunday morning and wild like Saturday night She's 24 carat goodness, an angel's all I see She dressed up for everything, but she only dress down for me And I love every little, every little, every little thing about her love Just a little, just little, just a little ain't enough Gotta get a, gotta get a, get a little more of all she does Cause I love every little, every little, every little thing about her love My baby, she's Alabama My dixie land delight She's everybody's dream girl but she's all mine And I love every little, every little, every little thing about her love Just a little, just little, just a little ain't enough Gotta get a, gotta get a, get a little more of all she does Cause I love every little, every little, every little thing about her love About her love Hey hey yeah About her love","Russell Dickerson, Casey Brown, Parker Welling",Casey Brown,442
Southbound,Carrie Underwood,NA,2019,"We got a pontoon boat with a Yamaha People dressed like they're in Panama Small town spring break every weekend around this place And there's a bunch of boys trying to catch the eyes Of all the pretty girls that are walking by And those red neck margaritas are 2 for 1 at that old marina Tan lines and gas station cheap sunglasses They're coming here from all around To get a little southbound, un-wound Tennessee honey kind of buzz Them south sounds up loud Summer dripping off of us From the river bank to the Party Cove 'Long as it floats we'll rock the boat And it's all looking up when we get down And get a little southbound, southbound Get a little southbound, southbound Bo got a ticket in a no-wake zone But Katie's the one that should take it slow 'Cause she's dancing on the dock and it's only 2 o'clock Yeah the fish ain't biting 'cause the party's on The old men are thinking 'bout going home But those redneck margaritas are 2 for 1 at that old marina They're gonna get a little southbound, un-wound Tennessee honey kind of buzz Them south sounds up loud Summer dripping off of us From the river bank to the Party Cove 'Long as it floats we'll rock the boat It's all looking up when we get down And get a little southbound, southbound Get a little southbound, southbound Got the rope swing swinging like a chandelier Little bit of heaven on the water right here Don't need much just a couple of beers and you and me Gotta love this time of year Gettin' southbound, southbound So let's get a little southbound, un-wound Tennessee honey kind of buzz Them south sounds up loud Summer dripping off of us From the river bank to the Party Cove 'Long as it floats we'll rock the boat It's all looking up when we get down Yeah, and get a little southbound, southbound Get a little southbound, southbound Let's get a little southbound, southbound Get a little southbound, southbound","Carrie Underwood, David Garcia, Josh Miller","Carrie Underwood, David Garcia",443
Day Drunk,Morgan Evans,NA,2019,"We bought that champagne for new years We got one bottle left Let's pop it open baby what you say Stay in that tshirt you don't need to get dressed 'Cause we got plans to make no plans today I'm thinking happy hour on the hour In the kitchen in the shower Dancing tipsy, come and kiss me baby Let's get a little day drunk Party with our shades on Play a bunch of old songs Sing along, get the words wrong (Who cares!) When you're day drunk Get down while the sun's up Make a little good love like it's date night In the daylight and it feels right when you're... Day drunk, day drunk, yeah when you're... Day drunk, day drunk Remember that bottle of whiskey that we bought for your dad Yeah we got time to buy another one before his birthday, right? Let's make the day the best that we've ever had 'Cause I'm high on smile and when you look at me that way No you don't need no make up, leave your hair up Ain't no guest list, girl it's just us Before the sun sets baby let's get crazy And get a little day drunk Party with our shades on Play a bunch of old songs Sing along, get the words wrong (Who cares!) When you're day drunk Get down while the sun's up Make a little good love like it's date night In the daylight and it feels right when you're... Day drunk, day drunk, yeah when you're... Day drunk, day drunk, yeah-yeah (Whoa, whoa, whoa, whoa) I'm thinking happy hour on the hour Get a good buzz on an hour Dancing tipsy, sing it with me baby And get a little day drunk Party with our shades on Play a bunch of old songs Sing along, get the words wrong (Who cares!) When you're day drunk Get down while the sun's up Make a little good love like it's date night In the daylight and it feels right when you're... Day drunk, day drunk (Who cares!) yeah when you're... Day drunk, day drunk (Who cares!) yeah when you're... Day drunk, day drunk (It's all I wanna) (Is get a little bit drunk with you) Day drunk, day drunk","Morgan Evans, Chris DeStefano, Lindy Robbins",Chris DeStefano,444
I Don't Know About You,Chris Lane,NA,2019,"I don't know about you But I never come into this spot On a Thursday before ten o' clock But I thought what the hell, why not? I don't know about you But I never walk up and talk to A stranger but when I saw you I had to, I just had to Girl I know your favorite beer 'Cause you told me and I bought it You can leave me sitting right here But if you feel like talking What's your name, what's your sign, what's your birthday What's your wrist tattoo Bible verse say Tell me this, do you kiss on the first date Don't hold anything back (don't hold anything back) What's your dream job girl, where's your home town Yeah what makes your world spin around and around And are you down to get out of here too Tell me everything till there's nothing I don't know about you I don't know about you We could dip, we could slip out the back Flee the scene, put your feet on my dash Find a spot past the railroad tracks and never look back But before that What's your name, what's your sign, what's your birthday What's your wrist tattoo Bible verse say Tell me this, do you kiss on the first date Don't hold anything back (don't hold anything back) What's your dream job girl, where's your home town Yeah what makes your world spin around and around And are you down to get out of here too Tell me everything till there's nothing I don't know about you I know you like Bud Light, I know you got blue eyes I know you got my heart beating in this bar And now we can jump in, fall into something And the perfect place to start is What's your name, what's your sign, what's your birthday What's your wrist tattoo Bible verse say Tell me this, do you kiss on the first date Don't hold anything back What's your dream job girl, where's your home town Yeah what makes your world spin around and around And are you down to get out of here too Tell me everything till there's nothing I don't know about you Tell me everything, tell me everything Tell me everything till there's nothing I don't know about Tell me everything, tell me everything Tell me everything till there's nothing I don't know about you","Ashley Gorley, Hardy, Hunter Phelps, Jameson Rodgers",Joey Moi,445
Every Girl in This Town,Trisha Yearwood,NA,2019,"Every girl in this town's felt the wind in her hair From the ferris wheel spinnin' at the county fair Looked out from the top and wondered What's out there for me Every girl in this town's had a Friday night That ended in tears in the yellow porch light Thinkin' it was love but it was just seventeen And we dance and we laugh till we all fall down We keep kissin' boys tryin' to figure it out Stretchin' for stars on our tip toe hearts Tryin' to get our big dreams off the ground Like every girl in this town Every girl in this town is somebody's daughter An angel, a devil, no matter what they call her If they try to hold you down under that water Just come up baptized baby, let it make you stronger Every girl in this town Every girl in this town Yeah, dust yourself off Put your lipstick on You got this baby So what if you don't And we dance and we laugh till we all fall down We keep kissin' boys tryin' to figure it out Stretchin' for stars on our tip toe hearts Tryin' to get our big dreams off the ground Like every girl in this town Like every girl in this town (Every girl in this town) Every girl in this town (Every girl in this town, every girl) Every girl, every girl in this town","Erik Dylan, Connie Harrington, Caitlyn Smith",Garth Fundis,446
Living,Dierks Bentley,NA,2019,"This mornin' I got up at 6:01 I walked out and saw the rising sun And I drank it in like whiskey I saw a tree I've seen a thousand times A bird on a branch and I watched it fly away in the wind And it hit me It's a beautiful world sometimes I don't see so clear Some days you just breathe in Just try to break even Sometimes your heart's poundin' out of your chest Sometimes it's just beatin' Some days you just forget What all you've been given Some days you just get by And some days you're just alive Some days you're livin' Some days you're livin' I went back in and fired the coffee up She walked in the kitchen like she always does In my t-shirt and it killed me And I kissed her like it was the first time She laughed and looked at me like I'd lost my mind I said ""Baby, I love you, can't live without you, I know I don't say it enough"" Some days you just breathe in Just try to break even Sometimes your heart's poundin' out of your chest Sometimes it's just beatin' Some days you just forget What all you've been given Some days you just get by And some days you're just alive Some days you're livin' Like you never die Blue's a little bluer up in the sky You're high's a little high You feel that fire you've been missing Some days you're living It's a beautiful world sometimes I don't see so clear Some days you start singin' And you don't need a reason Sometimes the world's just right Your clear eyes ain't even blinkin' Got a heart full of grateful For all you've been given Some days you just get by Yeah some days you're just alive Some days you're livin' Some days you're livin' Livin' like you'll never die Blue's a little bluer up in the sky You're high's a little high You feel that fire you've been missin' Some days you're living Some days you're living","Dierks Bentley, Ross Copperman, Ashley Gorley, Jon Nite","Jon Randall, Ross Copperman",447
Prayed For You,Matt Stell,NA,2019,"I've never been one to ask for help If I need a mountain moved, I move it myself I ain't the church pew regular, twice on Sunday Quote you the scripture kind I'm far from a preacher But I'm a believer 'Cause every single day, before I knew your name I couldn't see your face, but I prayed for you Every heartbreak trail when all hope failed On the highway to hell, I prayed for you I kept my faith like that old King James Said I'm supposed to It's hard to imagine, bigger than I could fathom I didn't know you from Adam, but I prayed for you For someone to love me like you do Graceful eyes to see me through A smile that steals me, a heart that heals me A touch that kills me too And baby, you're perfect, I guess the good Lord heard it 'Cause every single day, before I knew your name I couldn't see your face, but I prayed for you Every heartbreak trail when all hope failed On the highway to hell, I prayed for you I kept my faith like that old King James Said I'm supposed to It's hard to imagine, bigger than I could fathom I didn't know you from Adam, but I prayed for you Every single day, before I knew your name I couldn't see your face, but I prayed for you Every tail light fade in the goodbye rain Girl, even today, I prayed for you I kept my faith like that old King James Said I'm supposed to It's hard to imagine, bigger than I could fathom I didn't know you from Adam, but I prayed for you I prayed for you I prayed for you","Matt Stell, Allison Veltz, Ash Bowers","Matt Stell, Ash Bowers",448
Dive Bar,Garth Brooks,Blake Shelton,2019,"Well turn that bottle up and drank it Crank that jukebox up and Hank it Bartender, pour another round Here's to our best bad decisions Situation no conditions Oh and memories we all need to drown So fill your cup and raise it up Jump in and join the club And float this Whisky River reservoir Well come and spend the weekend In the deep end Of a Dive Bar 'Cuz up in here you're not the only lovin' Left girl lost and lonely One who's ever swam against the tide Thinkin' this is your oasis It's the safest of the places That a broken heart can find to hide So here's a toast coast-to-coast With a big ol' adios To wishes wasted on them fallin' stars We're gonna spend the weekend In the deep end Of a Dive Bar Yeah it's just chapter after chapter Of happy never after Though that's just the way the story goes For some bar stool believers Wear our heart out on our sleevers Just goin' where the neon glows Yeah it's just chapter after chapter Of happy never after Though that's just the way the story goes Yeah we're just never quite belongers Hanger-oners way too longers Just buzzin' where the neon glows Problems we all got 'em Let 'em sink down to the bottom Doesn't matter who or where you are Gonna spend the weekend In the deep end The water's fine, y'all so just come on in In the deep end Of a Dive Bar Of this Dive Bar We're talkin' about a Dive Bar","Garth Brooks, Bryan Kennedy, Mitch Rossell",Mark Miller,449
Good Vibes,Chris Janson,NA,2019,"I ain't watchin' TV today Bad news, it can just stay away If you ain't got anything good to say Then shut your mouth I got my windows down and my blinders on Radio set to my favorite song All green lights on the road I'm on Man, there ain't no doubt I'm gettin' them good vibes I'm livin' this good life I'm breathin' on God's time And I ain't gonna waste one breath I'm soakin' it all up I got me a full cup And there ain't nothin' gonna spill it Nothin' gonna kill it Wavin' them worries goodbye I'm feelin' them good vibes I ain't tryna hear the negative I'm just tryna change the narrative It's simply imperative That we all have a damn good time I'm gettin' them good vibes I'm livin' this good life I'm breathin' in' them worries goodbye I'm feelin' them good vibes Oh, I'm feelin' them good vibes I got a good girl She got a good smile I kiss her good morning I kiss her good night We keep it on the up That's how we get down So don't be coming around Unless you got them good vibes I'm livin' this good life I'm breathin' on God's time And I ain't gonna waste one breath I'm soakin' it all up I got me a full cup And there ain't nothin' gonna spill it Nothin' gonna kill it Wavin' them worries goodbye I'm feelin' them good vibes I'm breathin' on God's time And I ain't gonna waste one breath I'm soakin' it all up I got me a full cup And there ain't nothin' gonna spill it Nothin' gonna kill it Wavin' them worries goodbye I'm feelin' them good vibes Oh, I'm feelin' them good vibes Yeah","Chris Janson, Zach Crowell, Ashley Gorley","Zach Crowell, Chris Janson",450
Rednecker,HARDY,NA,2019,"Well so you think you've got some county line cred' 'Cause you rode a dirt road or two You got a Mossy Oak hat on top of your head And a southern pride tattoo Yeah, you might'a drank a little grain alcohol Or hauled a little hay But if you think your boots got more dirt than mine I got one thing to say My town's smaller than your town And I got a bigger buck and bass on my wall I got a little more kick in my drawl, y'all I got a little more spit in my chaw And my truck's louder than your truck And my collar's a little more blue You might think that you're redneck But I'm rednecker than you, yes I am I got a car parked in my front yard With a floorboard full of Slim Jims I piss where I want to And I fish where I swim Yeah, I bet you ain't got it on a tailgate Or killed a copperhead a time or two Man, if you're thinking you're a better beer drinker Buddy, I've got news for you My town's smaller than your town And I got a bigger buck and bass on my wall I got a little more kick in my drawl, y'all I got a little more spit in my chaw And my truck's louder than your truck And my tick hound's a little more blue You might think that you're redneck But I'm rednecker than you, I'm rednecker than you (Woo!) Yeah, I'm down with the sound of a dixie whistle Raising hell, praising dale twelve in at Bristol More sweat on my brow at the end of the day So needless to say My town's smaller than your town I got a bigger buck and bass on my wall And I ain't tryin' to talk no smack It's just the facts y'all 'Cause my truck's louder than your truck And my red white's a little more blue (Damn right!) You might think that you're redneck But I'm rednecker than you, I'm rednecker than you","HARDY, Jordan Schmidt, Andy Albert","Joey Moi, Dave Cohen",451
Make Me Want To,Jimmie Allen,NA,2019,"Long legs, cut off jeans Pullin' me in like a magnet Your eyes locked on me I knew I better had to have you Right here in the middle of the floor With this hole in the wall on a backstreet I knew I had to get close to you Girl what's your name, what you drinkin'? Yeah what's your favorite song? If you're thinkin' what I'm thinkin' We ain't gonna be in this bar too long We'll be sneakin' on out to your car Stealin' kisses out there in the dark Yeah it might be too soon to say I love you But you're gonna make me want to Soft hands touchin' on me Lightin' me up like a bonfire Your lips are makin' me think This is gonna be an all-nighter Right here in the middle of the crowd You're the center of the world on a bar stool Oh yeah I had to get close to you, girl... What's your name, what you drinkin'? Yeah what's your favorite song? If you're thinkin' what I'm thinkin' We ain't gonna be in this bar too long We'll be sneakin' on out to your car Stealin' kisses out there in the dark Yeah it might be too soon to say I love you But you're gonna make me want to We'll be sneakin' on out to your car, car, car Stealin' kisses out there in the dark, dark, dark Girl, what's your name, what you drinkin'? Yeah what's your favorite song? If you're thinkin' what I'm thinkin' We ain't gonna be in this bar too long We'll be sneakin' on out to your car Stealin' kisses out there in the dark Yeah it might be too soon to say I love you But you're gonna make me want to You're gonna make me want to You're gonna make me want to, girl, hah You're gonna make me want to, want to, I want you","Jimmie Allen, Jennifer Denmark, Paul Sikes","Ash Bowers, Eric Torres",452
Tip of My Tongue,Kenny Chesney,NA,2019,"I love the dimples in the small of your back The way they're speaking to me just like that Red wine made my imagination run Oh I can taste it on the tip of my tongue Let it run, let it roll Baby I am under your control Love me fast, kiss me slow Hang onto anything you can hold It's a long way down To where I wanna go It's a long way down To the center of your soul It's a long way down And I'm a loaded gun But I love your salt and sugar On the tip of my tongue Girl, believe me when I say it's true Nobody makes me feel the way you do Well I love you from the morning till the setting sun, yeah I can taste the ocean on the tip of my tongue Let it run, let it roll Baby I am under your control Love me fast, kiss me slow Hang onto anything you can hold It's a long way down To where I wanna go It's a long way down To the center of your soul It's a long way down And I'm a loaded gun But I love your salt and sugar On the tip of my tongue Yeah I love your salt and sugar On the tip of my tongue It's a long way down It's a long way down It's a long way down And I'm a loaded gun But I love your salt and sugar On the tip of my tongue Yeah I love your salt and sugar On the tip of my tongue I wanna love you till my days are done I wanna tell you that I think that you're the one Oh, girl, you know when it's all said and done Everything about you's on the tip of my tongue","Kenny Chesney, Ross Copperman, Ed Sheeran","Kenny Chesney, Buddy Cannon",453
It All Comes Out in the Wash,Miranda Lambert,NA,2019,"If you wear a white shirt to a crawfish boil Stonewashed jeans while you're changing the oil When you find yourself dating the bridesmaid's ex You accidentally bring him to the wedding, whoops If you pour yourself a Merlot to go You dip your fries in your ketchup on a bumpy road You spill the beans to your mama, sister got knocked up In a truck at the 7-Eleven, don't sweat it 'Cause it'll all come out, all come out in the wash It'll all come out, all come out in the wash Every little stain, every little heartbreak, no matter how messy it got You take the sin and the men and you throw 'em all in And you put that sucker on spin You got frisky with your boss at the copy machine You drunk-dialed your ex-husband, don't remember a thing Had a fancy dinner at your mother-in-law's Spilled A1 Sauce on her table cloth, don't sweat it Tide stick will get it It'll all come out, all come out in the wash (all come out in the wash) It'll all come out, all come out in the wash (all come out in the wash) Every little stain, every little heartbreak, no matter how messy it got You take the sin and the men and you throw 'em all in And you put that sucker on spin Put that sucker on spin You gotta put that sucker on spin And the laundry list goes like this Every teardrop, every white lie Every dirty cotton sheet, let it line-dry All the mistakes, all the wild streaks That's why the good Lord made bleach Oh-oh! It'll all come out, all come out in the wash (all come out in the wash) It'll all come out, all come out in the wash (all come out in the wash) Every little stain, every little heartbreak, no matter how messy it got You take the sin and the men and you throw 'em all in And you put that sucker on spin Put that sucker on spin Yeah, put that sucker on spin Yeah, you put that sucker on spin And around and around and around and around we go 'Round and around and around and around we go","Miranda Lambert, Hillary Lindsey, Lori McKenna, Liz Rose",Jay Joyce,454
Remember You Young,Thomas Rhett,NA,2019,"Hey buddies that I grew up with All straight laced and married up now You ain't foolin' me Wasn't long ago we tore the roof off that one red light town And hey darlin', sippin' that red wine All classy kicked back on the couch You smile and I see ya shootin' tequila Or shuttin' them college bars down And no matter how much time goes by And no matter how much we grow up For worse or for better, from now 'til forever I'll always remember you young Hey babies crawlin' on the carpet No, you won't be that little for long One day you'll move away But you're still gonna stay this innocent after you're gone 'Cause no matter how much time goes by And no matter how much you grow up For worse or for better, from now 'til forever I'll always remember you young Woah, oh, oh Woah, oh, oh Woah, oh, oh, oh, oh Yeah, I hope when we get to heaven He looks at us all like we're kids Shameless and painless and perfect and ageless Forgives all the wrong that we did And no matter how much time goes by I hope we never have to grow up And he'll say 'For worse or for better, from now 'til forever I'll always remember you young"" Woah, oh, I'll always remember you young","Thomas Rhett, Ashley Gorley, Jesse Frasure","Dann Huff, Jesse Frasure, Thomas Rhett",455
One Man Band,Old Dominion,NA,2019,"Been flying solo for so long Nobody's singing a harmony Up there just me and my shadow No bass, no guitar, no tambourine And I found you like a melody You were singing in the same key as me We had 'em dancing in the streets I don't wanna be a one man band I don't wanna be a rolling stone alone Putting miles on a run-down van Baby, we can take our own show on the road I'll lay down the beat, you'll carry the tune We'll get tattoos, and we'll trash hotel rooms Baby, take my hand I don't wanna be a one man band No I wanna run down your wild dreams And I wanna chase every high with you Count every rip in these old jeans We'll never learn how to sing the blues If I'm gonna be famous Girl, I wanna be famous with you We got our own little groove I don't wanna be a one man band I don't wanna be a rolling stone alone Putting miles on a run-down van Baby, we can take our own show on the road I'll lay down the beat, you'll carry the tune We'll get tattoos, and we'll trash hotel rooms Baby, take my hand 'Cause I don't wanna be a one man band When the spotlight goes cold, the curtains come down The chairs are all stacked, and there's no one around And nobody's payin', we'll still be playin' I don't wanna be a one man band I don't wanna be a rolling stone alone Putting miles on a run-down van Baby, we can take our own show on the road I'll lay down the beat, you'll carry the tune We'll get tattoos, and we'll trash hotel rooms Baby, take my hand 'Cause I don't wanna be a one man band I don't wanna be a one man band","Matthew Ramsey, Trevor Rosen, Brad Tursi, Josh Osborne",Shane McAnally,456
Mr. Lonely,Midland,NA,2019,"We got debutantes and socialites And mommas from the PTA We got bachelorettes dressed up in white And little black dress divorcees Long live the blues They're keeping me in business Some wanna dance, some wanna party Whatever they need they call me Mr. Lonely, Mr. Goodtime Mr. One you gonna want on a Saturday night When you're lonely, lyin' in the dark I'm the number that you know by broken heart No I ain't Mr. Right, I'm Mr. Right Now The one all the girls are talking about The one and only, Mr. Lonely Yeah some are in from out of town Just looking for some fun For a couple of hours or more Yeah I can be the one Long live the blues I'm booked up through November You can find me in the book or on a bathroom wall When they all wanna rendezvous they call Mr. Lonely, Mr. Goodtime Mr. One you gonna want on a Saturday night When you're lonely, lyin' in the dark I'm the number that you know by broken heart No I ain't Mr. Right, I'm Mr. Right Now The one all the girls are talking about The one and only, Mr. Lonely So if you got a girl you better treat her right You better never tell a lie, you better never start a fight 'Cause when she hangs up on you, guess who's on the other line? It's never hard to find Mr. Lonely, Mr. Goodtime Mr. One you gonna want on a Saturday night When you're lonely, lyin' in the dark I'm the number that you know by broken heart No I ain't Mr. Right, I'm Mr. Right Now The one all the girls are talking about The one and only, Mr. Lonely The one and only, Mr. Lonely Long live the blues","Mark Wystrach, Jess Carson, Cameron Duddy, Josh Osborne, Shane McAnally","Josh Osborne, Shane McAnally, Dann Huff",457
Hell Right,Blake Shelton,Trace Adkins,2019,"Hey Yeah? Tell 'em that story you were tellin' me Couple boys clock out about 5:35 Tryna put a little hammer in their head Standin' in the liquor store, starin' at a fifth But they picked up a handle instead Hell right (hell right?) Hell right (okay) Couple girls with their boots on got their Bluetooth on T-shirts sayin' ""Go Sooners"" Then the girl from the small town took off the ""Old Town"" Put on a little Hank Jr. (Thank God) Hell right She got all her rowdy friends comin' over tonight Hell right (hell right), hell right (hell right) Everybody's throwin' down on a Friday night Somewhere in America There's a bottle to burn and a fire to light And you ain't done nothin' if you did it half way If you gonna raise hell, then you better damn raise Hell right (hell right) Hell right (hell right) Hell right There's a guitar on the ground that was makin' some sound 'Til somebody pulled a hillbilly slip Now there's fog on the window, she never woulda kissed him If he didn't play a lick like this Hell right Hell right Hell right (hell right), hell right (hell right) Everybody's throwin' down on a Friday night Somewhere in America There's a bottle to burn and a fire to light And you ain't done nothin' if you did it half way If you gonna raise hell, then you better damn raise Hell right (hell right) Hell right (hell right) Hell right Now it's 7 a.m Damn if there ain't an empty handle on a square hay bale Everybody's passed out drunk, but when they wake up They're all gonna hurt like hell right Yeah, boy Hell right (hell right), hell right (hell right) Everybody's throwin' down on a Friday night Somewhere in America There's a bottle to burn and a fire to light And you ain't done nothin' if you did it half way If you gonna raise hell, then you better damn raise Hell right, hell right, hell right","David Garcia, Brett Tyler, Hardy",Scott Hendricks,458
Ridin' Roads,Dustin Lynch,NA,2019,"(Ridin' roads) (Ridin' roads) Uh, yeah This town ain't got no nightclub We don't need the neon lights Girl, I got that '87 gassed up 30 early out there in your drive Got you a bullet and koozie, keep it ice cold You take a sip 'fore we get gone Lookin' at you with your hand out the window I'm turnin' right while you're turnin' me on, yeah Ridin' roads that don't nobody go down A little trip through the country side These 38s makin' the world go 'round I hit a curb just to make you slide Only light is the flashing yellow Only thing that I want is your kiss I'm lovin' nothin' to do with you, baby Just ridin' roads on a night like this (Ridin' roads) Out there where the moon hits the water Out there where your lips hit mine I don't know where we are 'Cause somebody stole the street signs I'ma take my sweet time, yeah 'Cause I could go on forever With you there ridin' shotgun, yeah All our friends are probably makin' plans, baby Yeah, but we already got one We'll be ridin' roads that don't nobody go down A little trip through the country side These 38s makin' the world go 'round I hit a curb just to make you slide Only light is the flashing yellow Only thing that I want is your kiss I'm lovin' nothin' to do with you, baby Just ridin' roads on a night like this Just ridin' roads on a night like this (Ridin' roads) I got one hand on the wheel And I got the other tryna cross the line, line, line Yeah, the way you make feel I wanna keep it rollin' 'til the sun rise, rise, rise Ridin' roads that don't nobody go down A little trip through the country side These 38s makin' the world go 'round I hit a curb just to make you slide Only light is the flashing yellow Only thing that I want is your kiss I'm lovin' nothin' to do with you, baby Just ridin' roads on a night like this Just ridin' roads on a night like this (Ridin' roads)","Dustin Lynch, Ashley Gorley, Zach Crowell","Dustin Lynch, Zach Crowell",459
Heartache Medication,Jon Pardi,NA,2019,"Same old dive, same old end of the work week drink Bartender knows my name, but I don't mind She kicks 'em up strong, serves me up right And here I go again I'm drinkin' one, I'm drinkin' two I got my heartache medication, a strong dedication To gettin' over you, turnin' me loose On that hardwood jukebox lost in neon time My heartache medication, well it suits me fine And I'm drinkin' enough to take you off my mind I got my heartache medication Another girl, another dance to a country song Turnin' me on, here's to a good time And halfway to feelin' all right And here I go again I'm drinkin' one, I'm drinkin' two I got my heartache medication, a strong dedication To gettin' over you, turnin' me loose On that hardwood jukebox lost in neon time My heartache medication, well it suits me fine And I'm drinkin' enough to take you off my mind I got my heartache medication Single drinkin' doubles Teardrops turnin' into bubbles Yeah, a little later on I'll probably find me some trouble And here I go again I'm drinkin' one, I'm drinkin' two I got my heartache medication, a strong dedication To gettin' over you, turnin' me loose On that hardwood jukebox lost in neon time My heartache medication, well it suits me fine And I'm drinkin' enough to take you off my mind I got my heartache medication Heartache medication Takin' me away, oh whoa","Jon Pardi, Barry Dean, Natalie Hemby","Jon Pardi, Bart Butler, Ryan Gore",460
Someone I Used To Know,Zac Brown Band,NA,2019,"Hometown hero at the bar Burned out high life super star You know Kept a buzz to fill the hole Loved the lights and stole the show Someone I used to know Would stay another round Someone I used to know Ran himself in the ground It’s been a long time comin’ Couldn’t keep on runnin’ Had to hit rock bottom to know When you keep on losin’ With the path you’re choosin’ And it’s time to let go Of someone that I used to know Know, know Know, know Someone that I used to know Rides the high that tears him down Hates himself and loves the crowd The king of fools, a heavy crown He didn’t know he almost drowned Someone I used to know Would stay another round Someone I used to know Ran himself in the ground It’s been a long time comin’ Couldn’t keep on runnin’ Had to hit rock bottom to know When you keep on losin’ With the path you’re choosin’ And it’s time to let go Of someone that I used to know Know, know Know, know It’s been a long time comin’ Couldn’t keep on runnin’ Had to hit rock bottom to know When you keep on losin’ With the path you’re choosin’ And it’s time to let go Of someone that I used to Someone that I used to know Know Know, ooh Know, know Know, know Know","Zac Brown, Shawn Mendes, Niko Moon, Andrew Watt, Ben Simonetti","Andrew Watt, Happy Perez",461
More Hearts Than Mine,Ingrid Andress,NA,2019,"I can't wait to show you where I grew up Walk you 'round the foothills of my town Probably feel like you've been there before After hearing all the stories I've been telling you For 6 months now We'll probably have to sleep in separate bedrooms Pack a shirt for church because we'll go I'm not trying to scare you off but I just thought that we should talk a few things out Before we hit the road If I bring you home to mama I guess I'd better warn ya She falls in love a little faster than I do And my dad will check your tires Pour you whiskey over ice and Take you fishing but pretend that he don't like you Oh, if we break up, I'll be fine But you'll be breaking more hearts than mine My sister's gonna ask a million questions Say anything she can to turn you red And when you meet my high school friends They'll buy you drinks and fill you in On all the crazy nights I can't outlive So if I bring you home to mama I guess I'd better warn ya She falls in love a little faster than I do And my dad will check your tires Pour you whiskey over ice and Buy you dinner but pretend that he don't like you Oh, if we break up, I'll be fine But you'll be breaking more hearts than mine If I bring you home to mama I guess I'd better warn ya She feels every heartache I go through And if my dad sees me crying He'll pour some whiskey over ice and Tell a lie and say he never really liked you Oh, if we break up, I'll be fine But you'll be breaking more hearts than mine You'll be breaking more hearts than mine","Ingrid Andress, Sam Ellis, Derrick Southerland","Ingrid Andress, Sam Ellis",462
Homecoming Queen,Kelsea Ballerini,NA,2019,"Hey homecoming Queen Why do you lie? When somebody's mean Where do you hide? Do people assume You're always alright? Been so good at smiling Most of your life Look damn good in the dress Zipping up the mess Dancing with your best foot forward Does it get hard To have to play the part? Nobody's feeling sorry for ya But what if I told you the world wouldn't end If you started showing what's under your skin What if you let 'em all in on the lie? Even the homecoming Queen cries Hey homecoming Queen How's things at home? Still walking on eggshells When that curtains closed Did your Daddy teach you How to act tough? Or more like your Mama? Sweep it under the rug Look damn good in the dress Zipping up the mess Dancing with your best foot forward Did you want the crown? Or does it weigh you down Nobody's feeling sorry for ya What if I told you the world wouldn't end If you started showing what's under your skin? What if you let 'em all in on the lie? Even the homecoming Queen cries Yeah, what if I told you the sky wouldn't fall? If you lost your composure, said to hell with it all Not everything pretty sparkles and shines And even the homecoming Queen cries (Ooh-ooh-ooh-ooh) Oh yeah Even the homecoming Queen cries (Ooh-ooh-ooh-ooh) (Ooh-ooh-ooh-ooh) Hey homecoming Queen Why do you lie? When somebody's mean Where do you hide?","Kelsea Ballerini, Nicolle Galyon, Jimmy Robbins","Jason Massey, Forest Glen Whitehead",463
Homesick,Kane Brown,NA,2019,"Dancin' in the kitchen, you singing my favorite songs Swinging on the front porch, just laughing at the dogs How you swear you love me more When you're whisperin' goodnight All those little moments are every reason why I'm homesick This feelin' that I'm feeling' No, it don't quit It's like half of me is missin' Heaven knows it that all I wanna do Is be alone with your brown eyes all tangled up Just holdin' onto you tonight Until the mornin' Baby that's the damn truth If home is where the heart is Then I'm homesick for you Well it says Kane Brown On a sign with a line out the door It sold out some little town I've never been before Yeah, they're screamin' my name This is what we dreamed about But out here singin' about you, baby, all I think about Is how I'm homesick This feelin' that I'm feelin' No, it don't quit It's like half of me is missin' Heaven knows it that all I wanna do Is be alone with your brown eyes all tangled up Just holdin' onto you tonight Until the morning Baby that's the damn truth If home is where the heart is I'm homesick for you Homesick for you Yeah, yeah I'm homesick This feelin' that I'm feelin' No, it don't quit It's like half of me is missin' Heaven knows it that all I wanna do Is be alone with your brown eyes, just tangled up Just holdin' onto you tonight Until the mornin' Baby, that's the damn truth If home is where the heart is I'm homesick for you I'm homesick for you Yeah, yeah","Kane Brown, Brock Berryhill, Matt McGinn, Taylor Phillips",Dann Huff,464
We Back,Jason Aldean,NA,2019,"Where's the guy in the steel toes, covered in dirt Just a Rock N Roll T-shirt, headed to work With a pack of Red Man in his pocket He's kinda red, man, but he's rockin' Wears a beat up Tele' and Marshall stack Little Marshall Tucker and a six pack Where's the good ole boys and the good ole days Straight up getting sideways We back, we back, we back in the speakers Back in black, getting blasted in the bleachers It's probably true what my momma said I do it just like my daddy did We back, we back, we back in the saddle Back on stage making the whole place rattle Back with the A-team, train on the track Thought we were gone but you're wrong Now it's on, we back Where's the chick wearing blue jeans a little too tight? Got a grip on koozie if it what she likes Getting picked up in a pick-up And kicking it with guys like us We back, we back, we back in the speakers Back in black, getting blasted in the bleachers It's probably true what my momma said I do it just like my daddy did We back, we back, we back in the saddle Back on stage making the whole place rattle Back with the A-team, train on the track Thought we were gone but you're wrong Now it's on, we back Sun comes up and sun goes down Yeah, everything good comes back around We back! We back! We back, we back, we back in the speakers Back in black, getting blasted in the bleachers It's probably true what my momma said I do it just like my daddy did We back, we back, we back in the saddle Back on stage making the whole place rattle Back with the A-team, train on the track Thought we were gone but you're wrong Now it's on, we back (We back, we back!) Thought we were gone but you're wrong (In your speakers) Now it's on, we back (We back, we back!) (It's probably true what my momma said) We back, we back, we back in the saddle Back on stage making the whole place rattle Back with the A-team, train on the track Thought we were gone but you're wrong Now it's on, we back","Brad Warren, Brett Warren, Jordan Schmidt, Tyler Hubbard",Michael Knox,465
Even Though I'm Leaving,Luke Combs,NA,2019,"Daddy I'm afraid, won't you stay a little while? Keep me safe 'cause there's monsters right outside Daddy please don't go, I don't wanna be alone 'Cause the second that you're gone they're gonna know Before he went to bed he grabbed my hand and said Just 'cause I'm leavin' It don't mean that I won't be right by your side When you need me And you can't see me In the middle of the night Just close your eyes and say a prayer It's okay, I know you're scared When I'm not here But I'll always be right there Even though I'm leavin' I ain't goin' nowhere Dad, we'll be late, and Uncle Sam don't like to wait He's got a big old plane that's gonna take me far away I know I act tough but there's a churnin' in my gut 'Cause I just can't call you up when things get rough Before I left he hugged my neck and said Just 'cause you're leavin' It don't mean that I won't be right by your side When you need me And you can't see me In the middle of the night Just close your eyes and say a prayer It's okay, I know you're scared I might be here But I'll always be right there Even though you're leavin' I ain't goin' nowhere Daddy I'm afraid, won't you stay a little while? I never thought I'd see the day I had to say goodbye Daddy please don't go, I can't do this on my own There's no way that I can walk this road alone Daddy grabbed my hand and said Just 'cause I'm leavin' It don't mean that I won't be right by your side When you need me And you can't see me In the middle of the night Just close your eyes and say a prayer It's okay boy, I ain't scared I won't be here But I'll always be right there Even though I'm leavin' I ain't goin' nowhere I ain't goin' nowhere","Luke Combs, Wyatt Durrette, Ray Fulcher",Scott Moffatt,466
To A T,Ryan Hurd,NA,2019,"Take off your make-up Nobody's around It's you and me, girl Just let your guard down I see right through you I know what it means I know I got you The moment when you close your eyes I know I'm doing something right I got you down to a T-shirt White sheets and red wine Baby, you don't wanna leave You want a record with some reverb, back beat and low light You know, I know what you need tonight Girl, I'll take my time-ime Dot every, I I, baby, I, I I got you down to a T Mm Stay here 'til sunrise I wanna know you Like it's the last time I'll ever hold you Girl, every detail Leave it up to me Lay back and let go You don't even have to say-ay-ay anything Oh, by the way-ay-ay You should see how you look in that T-shirt White sheets and red wine Baby, you don't wanna leave You want a record with some reverb, back beat and low light You know, I know what you need tonight Girl, I'll take my time-ime Dot every I I, baby, I, I I got you down to a T Whoa, yeah, yeah Got you down, got you down Got you down, got you down Don't worry, baby 'Cause driving you crazy Is all I ever wanted Now that I got you down to a T-shirt White sheets and red wine Mm You want a record with some reverb, back beat and low light You know, I know what you need tonight Girl, I'll take my time-ime Dot every I I, baby, I, I I got you down to a T Whoa I got you down to a T Got you down, got you down Got you down, got you down I got you down to a T","Ryan Hurd, Nathan Spicer, Laura Veltz","Dann Huff, Aaron Eshuis",467
Slow Dance in a Parking Lot,Jordan Davis,NA,2019,"Lights go down, wheels go around I'm taking you home Hoping for a slow song to come on the radio now I'm not ready to shut it down The way the dashboard glow Is hitting your eyes making me lose everything on my mind And the only thing I wanna do is find a spot Stop this car and throw it in park and get just Slow dance with you Spinning you around by the Walmart sign And moving our feet over the painted white lines Getting close to you Making the most of whatever we got Even if it's just a slow dance in a parking lot (Slow dance in a parking lot) Half song gone, one door open, across the lot A rent-a-cop's rolling a security car And its yellow lights spinning and flashing in time To the radio singing A little Garth Brooks You start humming the very last verse to ""She's Every Woman"" And I don't care what song comes next I'm falling right here, don't wanna safety net in a Slow dance with you Spinning you around by the Walmart sign And moving our feet over the painted white lines Getting close to you Making the most of whatever we got Even if it's just a slow dance in a parking lot And get close to you Making the most of whatever we got, even if its just A slow dance with you Spinning you around by the Walmart sign And moving our feet over the painted white lines Getting close to you Making the most of whatever we got Even if it's just a slow dance in a parking lot","Jordan Davis, Lonnie Fowler",Paul DiGiovanni,468
"10,000 Hours",Dan + Shay,Justin Bieber,2019,"Do you love the rain? Does it make you dance When you're drunk with your friends at a party? What's your favorite song? Does it make you smile? Do you think of me? When you close your eyes Tell me what are you dreaming? Everything, I wanna know it all I'd spend 10,000 hours and 10,000 more Oh, if that's what it takes to learn that sweet heart of yours And I might never get there but I'm gonna try If it's 10,000 hours or the rest of my life I'm gonna love you (Ooh) Do you miss the road that you grew up on? Did you get your middle name from your grandma? When you think about your forever now Do you think of me? When you close your eyes Tell me what are you dreaming? Everything, I wanna know it all I'd spend 10,000 hours and 10,000 more Oh, if that's what it takes to learn that sweet heart of yours And I might never get there but I'm gonna try If it's 10,000 hours or the rest of my life I'm gonna love you (Ooh) I'm gonna love you Ooh, want the good and the bad Everything in between Ooh, gotta cure my curiosity Ooh yeah, I'd spend 10,000 hours and 10,000 more Oh, if that's what it takes to learn that sweet heart of yours (Yeah, sweet heart of yours) And I might never get there but I'm gonna try (Yeah) If it's 10,000 hours or the rest of my life I'm gonna love you (Ooh) I'm gonna love you, yeah (Ooh) And I'm (Do you love the rain? Does it make you dance) Gonna love you (I'm gonna love) I'm Gonna love you","Dan Smyers, Shay Mooney, Justin Bieber, Jessie Jo Dillon, Jason Boyd, Jordan Reynolds",Dan Smyers,469
Kinfolks,Sam Hunt,NA,2019,"I saw you goin' by, I had to say, ""Hello"" And I don't mean to pry but Girl, I gotta know, what is your name? How come I ain't seen you around before? You know I ain't never had a type Having a type takes two But I know what I like And you're the only one of you You're something else And I know we just met but I wanna introduce you to my kinfolks To my old friends To the house in the pines where the road ends Take you to my hometown Where I grew up Where I thought I knew it all before I knew what love was Gave up on it But honey you got my hopes up And I'm thinkin' that I wanna introduce you to my kinfolks I wanna take you home Not just take you home tonight Get Joanie on the phone She'll leave us on a light I wanna see the way you look up under all those stars You're gonna be the talk Word's gonna get around They'll tell you how they thought I'd Never settle down Out on the porch Ain't it funny the way things change I wanna introduce you to my kinfolks To my old friends To the house in the pines where the road ends Take you to my hometown Where I grew up Where I thought I knew it all before I knew what love was Gave up on it But honey you got my hopes up And I'm thinkin' that I wanna introduce you to my kinfolks I don't wanna wait around for the right time I wanna introduce you to my kinfolks To my old friends To the house in the pines where the road ends Take you to my hometown Where I grew up Where I thought I knew it all before I knew what love was Gave up on it But honey you got my hopes up And I'm thinkin' that I wanna introduce you to my kinfolks And I'm thinkin' that I wanna introduce you to my kinfolks","Sam Hunt, Zach Crowell, Jerry Flowers, Josh Osborne",Zach Crowell,470
Hold On,Hootie & the Blowfish,NA,2019,"Only heartbreak on the 6 o'clock news They ought to call it the 6 o'clock blues Seems like this whole world is going wrong There ain't no kind of love song We gotta hold on, we gotta hold on There ain't nothing that a little love can't get us through We gotta hold on, when it feels like hope is gone There is a remedy for you and me We gotta hold on to each other, yeah People say, let it go That's just the way it is, don't you know But I don't see how it can do any harm To keep reaching out with open arms, yeah We gotta hold on, we gotta hold on There ain't nothing that a little love can't get us through We gotta hold on, when it feels like hope is gone There is a remedy for you and me We gotta hold on to each other, yeah Oh to each other now, now Everybody (everybody), understands (hold on) Everybody needs a helping hand Oh, everybody, yeah (everybody) They understand now everybody needs, everybody needs a helping hand, y'all We gotta hold on, we gotta hold on There ain't nothing that a little love can't get us through We gotta hold on, when it feels like hope is gone There is a remedy for you and me We gotta hold on to each other (hold on), yeah (hold on) Oh to each other, yeah Hold on (hold on), hold on (hold on) Oh to each other, yeah","Chris Stapleton, Jim Beavers",Frank Rogers,471
Catch,Brett Young,NA,2019,"I wasn't trying to feel like this I wasn't trying to feel nothing at all I just came to meet my friends And trying to drink the long week off I didn't wanna stay too late I wasn't trying to close it down I was doing my own thing Yeah up until you sat down I thought that I catch a buzz, catch a game Catch up with the boys the same old thing Catch a cab back to my place But then I saw your face Now you got me trying to Catch your eye, catch your name Catch a spark and start a flame The way you smile and I can't help myself Girl you got me trying to catch my breath You got me trying to catch my breath You got me doing double takes You went and messed up all my plans I only meant to hold this drink Now I'm trying to hold your hand I thought that I catch a buzz, catch a game Catch up with the boys the same old thing Catch a cab back to my place But then I saw your face Now you got me trying to Catch your eye, catch your name Catch a spark and start a flame The way you smile and I can't help myself Girl you got me trying to catch my breath You got me trying to catch my breath You got me catching feelings I wasn't even trying to feel this I don't know how you started stealing my heart Like you are in this bar but I'm glad that you are Cause I just thought that I Catch a buzz, catch a game Catch up with the boys the same old thing Catch a cab back to my place But then I saw your face Now you got me trying to Catch your eye, catch your name Catch a spark and start a flame The way you smile and I can't help myself Girl you got me trying to catch my breath You got me trying to catch my breath You got me trying to catch my breath You got me trying to catch my breath","Brett Young, Ross Copperman, Ashley Gorley",Dann Huff,472
What She Wants Tonight,Luke Bryan,NA,2019,"She walks up, velvet rope unhooks She snaps her fingers and a drink comes She locks you down with just one look She's got this whole club undone If she's on the rebound, you ain't gonna know it Coming off a heartbreak, she ain't gonna show it She's eyes caught, red dot, locked on me, yeah She wants my hands on her body She wants to burn like she's made of fire Said, she ain't going home till we Drink every drop of Kentucky dry Don't even know what she'll do when she does it Palm of her hand, I'm hers in the blink of an eye She don't take no and I love She gets what she wants And I get to be what she wants tonight And I get to be what she wants tonight I get to catch all her secrets Sequins bouncing off flashing lights If she wants it then we're leaving Get me home, park the truck, cut the tires I get to be where she goes when she's lonely The last door of the night she's closing Oh, I know she could have anything but She wants my hands on her body She wants to burn like she's made of fire Said she ain't going home till we Drink every drop of Kentucky dry Don't even know what she'll do when she does it Palm of her hand, I'm hers in the blink of an eye She don't take no and I love She gets what she wants And I get to be what she wants tonight And I get to be what she wants tonight And I don't know how I got to be the only thing she needs right now She wants my hands on her body She wants to burn like she's made of fire Said she ain't going home till we Drink every drop of Kentucky dry Don't even know what she'll do when she does it Palm of her hand, I'm hers in the blink of an eye She don't take no and I love She gets what she wants And I get to be what she wants tonight And I get to be what she wants tonight And I get to be what she wants tonight, tonight","Luke Bryan, Hillary Lindsey, Ross Copperman, Jon Nite","Jeff Stevens, Jody Stevens",473
Homemade,Jake Owen,NA,2019,"Where I grew up, gettin' dressed up means Buttoned down shirt and a good pair of jeans Wasn't Sunday supper without collard greens Dad was boss, Christ is king Friday night was livin' for them lights to come on Then I turned to Miller Lites when I turned 21 There's some things about me that I can't change I'll always be the man that home made Home made me love a dirt road Home made me crave some ice cold homemade Sweet tea only mama knows how to make Yeah, homemade Home made me love a small town Home made me wanna settle down in a home made For the two of us Everything I love is homemade My pickup lines didn't seem to work Guess my pickup truck must've got to her Windows down, singin' every word Of that George Strait mixtape that was homemade Home made me love a dirt road Home made me crave some ice cold homemade Sweet tea only mama knows how to make Yeah, homemade Home made me love a small town Home made me wanna settle down in a home made For the two of us Everything I love is homemade Hey, what we got you can't get from a store Hey, the good stuff comes from the good Lord Homemade Home made me love a dirt road Home made me crave some ice cold homemade Sweet tea only mama knows how to make Homemade Home made me love a small town Home made me wanna settle down in a home made For the two of us Everything I love is homemade Homemade (Homemade, homemade) Yeah, it's homemade (Homemade, homemade) Homemade","Ben Goldsmith, Bobby Pinson, Drew Parker, Jared Mullins",Joey Moi,474
The Bones,Maren Morris,NA,2019,"We're in the homestretch of the hard times We took a hard left, but we're alright Yeah, life sure can try to put love through it, but We built this right, so nothing's ever gonna move it When the bones are good, the rest don't matter Yeah, the paint could peel, the glass could shatter Let it rain 'cause you and I remain the same When there ain't a crack in the foundation Baby, I know any storm we're facing Will blow right over while we stay put The house don't fall when the bones are good Call it dumb luck, but baby, you and I Can't even mess it up, although we both try No, it don't always go the way we planned it But the wolves came and went and we're still standing When the bones are good, the rest don't matter Yeah, the paint could peel, the glass could shatter Let it rain 'cause you and I remain the same When there ain't a crack in the foundation Baby, I know any storm we're facing Will blow right over while we stay put The house don't fall when the bones are good When the bones are good Bones are good, the rest, the rest don't matter (Baby, it don't really matter) Paint could peel, the glass could shatter (Oh, the glass, oh, the glass could shatter) Bones are good, the rest, the rest don't matter (Ooh) Paint could peel, the glass, the glass could shatter (Yeah) When the bones are good, the rest don't matter Yeah, the paint could peel, the glass could shatter Let it rain (Let it rain, let it rain) 'Cause you and I remain the same (Woo) When there ain't a crack in the foundation (Woo) Baby, I know any storm we're facing Will blow right over while we stay put The house don't fall when the bones are good Yeah, ooh","Jimmy Robbins, Laura Veltz, Maren Morris",Greg Kurstin,475
I Wish Grandpas Never Died,Riley Green,NA,2019,"I wish girls you love never gave back diamond rings I wish every porch had a swing Wish kids still learn to say ""sir"" and ""ma'am"", how to shake a hand I wish every state had a Birmingham I wish everybody knew all the words to Mama Tried I wish Monday mornings felt just like Friday nights And I wish even cars had truck beds And every road was named Copperhead And coolers never ran out of cold Bud Light And I wish high school home teams never lost And back road drinking kids never got caught I wish the price of gas was low and cotton was high I wish honkytonks didn't have no closing time And I wish grandpas never died I wish Sundays on a creek bank would never end Wish I could learn to drive again I wish the first time, seventeen, she was my everything Kiss in a Chevrolet, could happen every day I wish everybody overseas was gonna make it home I wish Country music still got played on Country radio And I wish even cars had truck beds And every road was named Copperhead And coolers never run out of cold Bud Light And I wish high school home teams never lost And back road drinking kids never got caught I wish the price of gas was low and cotton was high I wish honkytonks didn't have no closing time And I wish grandpas never died Never died And I wish good dogs never got grey and old I wish farms never got sold And I wish even cars had truck beds And every road was named Copperhead And coolers never run out of cold Bud Light I wish high school home teams never lost And back road drinking kids never got caught I wish the price of gas was low and cotton was high I wish honkytonks didn't have no closing time And I wish grandpas never died I wish grandpas never died","Riley Green, Buford Green, Lendon Bonds","Dann Huff, Jimmy Harnen",476
In Between,Scotty McCreery,NA,2019,"I'm a little bit a ball cap Little bit a pearl snap button down shirt Little bit a big city concrete But a lot more small town dirt I can see your pretty eyes Reading me like a map Wondering who I am And where I'm at I'm in between Friday night wild And quiet Sunday morning Between Done after one And keep on pouring Ain't too high Ain't too low Just holding down the middle I'm steady as I go I ain't all holy water And I ain't all Jim Beam I'm somewhere in between I can be a steel toe work boot 40 hour blue collar, mud on my jeans Then on weekend pack a bag Disappear kick back on a white sand beach I'm a far cry from being A one night stand But I ain't ready For a ring on my hand I'm in between Friday night wild And quiet Sunday morning Between Done after one And keep on pouring Ain't too high Ain't too low Just holding down the middle I'm steady as I go I ain't all holy water And I ain't all Jim Beam I'm somewhere in between I can see your pretty eyes Reading me like a map Wondering who I am And where I'm at I'm in between Friday night wild And quiet Sunday morning Between Done after one And keep on pouring Ain't too high Ain't too low Just holding down the middle I'm steady as I go I ain't all holy water And I ain't all Jim Beam I'm somewhere in between Yeah I'm somewhere in between","Frank Rogers, Jessi Alexander, Jonathan Singleton, Scotty McCreery",Frank Rogers,477
After A Few,Travis Denning,NA,2019,"I probably shouldn't have said hello When I saw you out with your friends I know I should've left it alone When I caught you looking A little smile, a little how you been A little touch, a little reminisce It always starts off innocent But after a few drinks It's always the same thing We find ourselves lost in conversation at the bar Then after a few songs The kind that you hold on We find ourselves leaning up against my car Shoulda stopped at one Said goodbye, given up at two If we didn't wanna wind up falling into my bed like we always do After a few Oh, after a few We always take it way too far Where it's too much to resist We always make it way too hard To walk away after that third kiss We pretend that we'll be fine Through the sting of the morning light 'Cause it happens every time After a few drinks It's always the same thing We find ourselves lost in conversation at the bar Then after a few songs The kind that you hold on We find ourselves leaning up against my car Shoulda stopped at one Said goodbye, given up at two If we didn't wanna wind up falling into my bed like we always do After a few Oh yeah, after a few Little smile, little how you been Little touch, little reminisce We both know how it ends After a few drinks It's always the same thing We find ourselves lost in conversation at the bar Then after a few songs The kind that you hold on We find ourselves leaning up against my car Shoulda stopped at one Said goodbye, given up at two If we didn't wanna wind up falling into my bed like we always do After a few Oh, after a few","Justin Weaver, Kelly Archer, Travis Denning",Jeremy Stover,478
I Hope,Gabby Barrett,NA,2019,"I, I hope she makes you smile The way you made me smile on the other end of a phone In the middle of a highway driving alone Oh baby I, I hope you hear a song That makes you sing along and gets you thinking about her Then the last several miles turn into a blur, yeah I hope you both feel the sparks by the end of the drive I hope you know she's the one by the end of the night I hope you never ever felt more free Tell your friends that you're so happy I hope she comes along and wrecks every one of your plans I hope you spend your last dime to put a rock on her hand I hope she's wilder than your wildest dreams She's everything you're ever gonna need And then I hope she cheats, like you did on me And then I hope she cheats, like you did on me Yeah then I hope she shows up in a 2 am pic from her friend Hanging on to a guy and you just ain't him I hope you stay up all night all alone waiting by the phone And then she calls And baby I, I hope you work it out Forgive and just about forget and take her on a first date again And when you lean in for a kiss I hope you both feel the sparks by the end of the drive I hope you know she's the one by the end of the night I hope you never ever felt more free Tell your friends that you're so happy I hope she comes along and wrecks every one of your plans I hope you spend your last dime to put a rock on her hand I hope she's wilder than your wildest dreams She's everything you're ever gonna need And then I hope she cheats, like you did on me And then I hope she cheats, like you did on me I hope what goes comes all the way around I hope she makes you feel the same way About her that I feel about you right now I hope you both feel the sparks by the end of the drive I hope you know she's the one by the end of the night I hope you never ever felt more free Tell your friends that you're so happy I hope she comes along and wrecks every one of your plans I hope you spend your last dime to put a rock on her hand I hope she's wilder than your wildest dreams She's everything you're ever gonna need And then I hope she cheats, like you did on me And then I hope she cheats, like you did on me Like you did on me","Gabby Barrett, Zachary Kale, Jon Nite",Ross Copperman,479
Her World or Mine,Michael Ray,NA,2019,"One of us still has our picture Taped up on the dash One of us took that one from Mexico Threw it in the trash One of us don't even notice When the radio plays that song One of us breaks down and has to pull over Whenever it comes on No there ain't no in between When it comes to her and me One of us moved on One of us got stuck One of us is drinking just for fun One of us is drinking to get drunk One of us sleeps good And one of us hates to face the night Just depends if you're talking about her world or mine There's a number on a phone That one of us erased There's a late night ""Can we try again call?"" One of us wants to make 'Cause one of us can't even think about Being in another's arms And there's a car in the drive that stayed all night Where one of us used to park One of us moved on One of us got stuck One of us is drinking just for fun One of us is drinking to get drunk One of us sleeps good And one of us hates to face the night Just depends if you're talking about her world or mine For a while we had forever in our hands That's why one of us can't understand How one of us moved on One of us got stuck One of us is drinking just for fun One of us is drinking to get drunk One of us sleeps good And one of us hates to face the night Just depends if you're talking about her world or mine Yeah that's the difference between her world and mine","Brett Beavers, Jamie Paulin, Travis Denning",Scott Hendricks,480
One Big Country Song,LOCASH,NA,2019,"Yeah, life is like a jukebox, just push play Not everybody's first word sounds the same But we all get born and we all get raised Whether it's some boondocks or Marina Del Rey Everybody turns wild when you're 16 Slow roll, big timin' on Main Street Everybody's got holes in their blue jeans If you bought 'em that way or not Turn it up and sing along We all work 'til the daylight's gone We all knock off the edge around five Fall in love from a kiss on Friday night And we've all had a broken heart We've all closed down a few good bars Take a look around, y'all, tell me I'm wrong Ain't the whole wide world just one big country song? Just one big country song Yeah, well who gon' try to find some water when it's hot? (When it's hot) Whether it's a pontoon, tube or a yacht (Yeah) Who ain't got a dog that they love like a brother? (I do) And who ain't ever tasted better cookin' than their mother? Who ain't got a story to tell? And who ain't made it through some hell? Who don't love somebody, don't miss somebody? If you're down, sing it with somebody Turn it up and sing along We all work 'til the daylight's gone We all knock off the edge around five Fall in love from a kiss on Friday night And we've all had a broken heart We've all closed down a few good bars Take a look around, y'all, tell me I'm wrong Ain't the whole wide world just one big country song? Yeah, it's just one big country song Not everybody knows the words to ""Mama Tried"" A city boy, country boy, yeah, we all just tryna survive So raise 'em high Turn it up and sing along We all work 'til the daylight's gone We all knock off the edge around five Fall in love from a kiss on Friday night And we've all had a broken heart We've all closed down a few good bars Take a look around, y'all, tell me I'm wrong Ain't the whole wide world just one big country song? It's just one big country song Yeah, we all live in one big country song Yeah, it's just one big country song","Ashley Gorley, Jesse Frasure, Michael Hardy","Corey Crowder, Tyler Hubbard, Lindsay Rimes, Jordan Schmidt",481
I Hope You're Happy Now,Lee Brice,Carly Pearce,2019,"It's all on me, it's my mistake I said ""I don't love you"" a little too late But I guess there ain't ever a right time And I don't know why it's called a goodbye Go run my name into the ground Tell everyone you know just how How I slammed the door on our forever But I promise you it's for the better I hope you find what you were looking for I hope your heart ain't hurting anymore And you get moving on, all figured out And you don't hate me somehow 'Cause I hope you're happy now Who knew this heart could break this hard Or a love like ours could fall apart Without so much as a warning I thought that I was what you wanted Well I guess you found what you were looking for I guess my heart ain't worth it anymore I'm a wreck, I'm a mess And I ain't got nothing left And so I hope you're happy now I hope you find what you were looking for I guess my heart ain't worth it anymore Hope you get moving on, all figured out And you don't hate me somehow I'm a wreck, I'm a mess And I ain't got nothing left So I hope you're happy now Happy now Oh, I hope you're happy now","Carly Pearce, Luke Combs, Randy Montana, Jonathan Singleton",busbee,482
Chasin' You,Morgan Wallen,NA,2019,"We used to chase that Chattanooga freight Couple of kids in a Chevrolet Catch a little air when we cross the tracks Sipping on something from a paper sack You hang your shirt on that maple limb Slipping through the moon to the river bend Wasn't very long til I was jumping in, jumping in I guess I'm still doing now what I was doing then Chasing you like a shot of whiskey Burning going down, burning going down Chasing you like those goodbye taillights Heading west to anywhere out of this no where town Chasing that freedom, chasing that feeling that got gone too soon Chasing that you and me, I only see in my rear view Yeah I'm laying here tonight holding someone new Still chasing you, still chasing you You always used to talk about LA I heard you got as far as Santa Fe Oh wait, you know I tried to track you down I only got as far as Guitar Town Singing about a girl I used to know, used to know Well you should know that I haven't given up I'm just on your radio Chasing you like a shot of whiskey Burning going down, burning going down Chasing you like those goodbye taillights Heading west to anywhere out of this no where town Chasing that freedom, chasing that feeling that got gone too soon Chasing that you and me, I only see in my rear view Yeah I'm laying here tonight holding someone new Still chasing you, still chasing you Chasing you like a shot of whiskey Burning going down, burning going down Chasing you like those good bye taillights Heading west to anywhere out of this no where town Chasing that freedom, chasing that feeling that got gone too soon Chasing that you and me, I only see in my rear view Yeah I'm laying here tonight holding someone new Still chasing you, still chasing you Still chasing you, still chasing you","Craig Michael Wiseman, Jamie Moore, Morgan Wallen",Joey Moi,483
Monsters,Eric Church,NA,2019,"I killed my first monster when I was seven years old He melted like butter in my bathroom's sixty-watt bulb Kept a three-cell MagLite from Daddy's workshop drawer Under my pillow and I'd pull it like a sword Anymore when a restless feelin' keeps me up at night Fallin' on my knees is my new turnin' on the light I keep my faith intact, make sure my prayers are said 'Cause I've learned that the monsters ain't the ones beneath the bed The wolf hunts a hungry man and the devil a lonely heart A minefield of bad decisions lay hidin' in the dark Greed stalks, sickness steals, and pride lays a wicked trap You can't avoid 'em all, no, you gotta trust me on that Anymore when a restless feelin' keeps me up at night Fallin' on my knees is my new turnin' on the light I keep my faith intact, make sure my prayers are said 'Cause I've learned that the monsters ain't the ones beneath the bed Daddy, check my closet, leave on the bathroom light I smile and say ""All clear"" when I tuck him in for the night But Daddy, I'm still scared, can I sleep with you instead? I kneel down beside my little man and I bow my head Anymore when a restless feelin' keeps me up at night Fallin' on my knees is my new turnin' on the light I keep my faith intact, make sure my prayers are said 'Cause I've learned that the monsters ain't the ones beneath the bed I've learned that the monsters ain't underneath the bed I've learned that the monsters ain't underneath the bed","Eric Church, Jeff Hyde",Jay Joyce,484
